image_id,method,dataset,iou,dice,precision,recall,f1,protocol
crackforest_0000,text,crackforest,0.4116761962082456,0.5832445107652953,0.4150485436893203,0.9806451612903224,0.5832445107652952,automatic_text_prompt
crackforest_0001,text,crackforest,0.4291808873720136,0.6005970149253731,0.4370112945264987,0.9599236641221374,0.6005970149253731,automatic_text_prompt
crackforest_0002,text,crackforest,0.5943698016634676,0.7455858747993579,0.6203672787979967,0.9341377576671694,0.7455858747993579,automatic_text_prompt
crackforest_0003,text,crackforest,0.3735195870027331,0.5438868007959319,0.3831775700934579,0.9367859862909368,0.5438868007959319,automatic_text_prompt
crackforest_0004,text,crackforest,0.5346710995013061,0.69678916827853,0.5681302043906131,0.9007801560312062,0.69678916827853,automatic_text_prompt
crackforest_0005,text,crackforest,0.4243343444556791,0.5958353052531945,0.4480427046263345,0.8891242937853108,0.5958353052531945,automatic_text_prompt
crackforest_0006,text,crackforest,0.645691699604743,0.784705543279854,0.6741498844503137,0.9386347965984831,0.7847055432798539,automatic_text_prompt
crackforest_0007,text,crackforest,0.4786018373291508,0.6473708137596605,0.5122302158273381,0.8793742280773981,0.6473708137596605,automatic_text_prompt
crackforest_0008,text,crackforest,0.4417194819509507,0.6127675840978594,0.4614941701453865,0.9115723628092124,0.6127675840978594,automatic_text_prompt
crackforest_0009,text,crackforest,0.4153024911032028,0.5868745285390998,0.4288864388092613,0.929140127388535,0.5868745285390998,automatic_text_prompt
crackforest_0010,text,crackforest,0.5256138223704153,0.6890522551162329,0.5415365396627108,0.9470234844347352,0.6890522551162328,automatic_text_prompt
crackforest_0011,text,crackforest,0.497077922077922,0.6640641943179354,0.5061157024793388,0.9653215636822194,0.6640641943179353,automatic_text_prompt
crackforest_0012,text,crackforest,0.4076254180602007,0.5791674586580497,0.4195813825392454,0.9346625766871166,0.5791674586580497,automatic_text_prompt
crackforest_0013,text,crackforest,0.362610797743755,0.5322294500295683,0.3821115199547127,0.8766233766233766,0.5322294500295682,automatic_text_prompt
crackforest_0014,text,crackforest,0.5549420209828824,0.7137784090909091,0.5882352941176471,0.90744920993228,0.7137784090909092,automatic_text_prompt
crackforest_0015,text,crackforest,0.451003086419753,0.6216431800053177,0.4698553054662379,0.9183032207384132,0.6216431800053177,automatic_text_prompt
crackforest_0016,text,crackforest,0.2451178451178451,0.3937263385613845,0.2492960961875047,0.936,0.3937263385613845,automatic_text_prompt
crackforest_0017,text,crackforest,0.3203809523809524,0.4852856318522793,0.3234615384615384,0.9711316397228638,0.4852856318522793,automatic_text_prompt
crackforest_0018,text,crackforest,0.5744031093836758,0.729677305589843,0.5879511224779767,0.9614312267657992,0.729677305589843,automatic_text_prompt
crackforest_0019,text,crackforest,0.3636756756756756,0.5333756143967021,0.3752788933511825,0.9216438356164384,0.5333756143967021,automatic_text_prompt
crackforest_0020,text,crackforest,0.3365707881957415,0.5036333147009503,0.3480108149864813,0.911021233569262,0.5036333147009503,automatic_text_prompt
crackforest_0021,text,crackforest,0.4334423845874227,0.6047573160217071,0.4737762237762238,0.8358334501612225,0.6047573160217072,automatic_text_prompt
crackforest_0022,text,crackforest,0.2521088957055215,0.4026948399938753,0.2635270541082164,0.8533419857235561,0.4026948399938754,automatic_text_prompt
crackforest_0023,text,crackforest,0.3781512605042016,0.5487804878048781,0.382761553728381,0.9691313711414212,0.5487804878048781,automatic_text_prompt
crackforest_0000,box,crackforest,0.4160470879801735,0.5876175891489828,0.4228589420654912,0.9627240143369176,0.5876175891489828,oracle_gt_prompt
crackforest_0001,box,crackforest,0.4404936820452542,0.6115871073031416,0.4501501501501501,0.9535623409669212,0.6115871073031416,oracle_gt_prompt
crackforest_0002,box,crackforest,0.6196938065414057,0.7651987110633727,0.6680420105026257,0.8954248366013072,0.7651987110633728,oracle_gt_prompt
crackforest_0003,box,crackforest,0.4179157744468237,0.5894789831361691,0.4402255639097744,0.8918507235338918,0.5894789831361692,oracle_gt_prompt
crackforest_0004,box,crackforest,0.0109064437713676,0.0215775531723375,0.0115299517638489,0.1678335667133426,0.0215775531723375,oracle_gt_prompt
crackforest_0005,box,crackforest,0.4173148461278322,0.5888809353376282,0.4446846846846847,0.8714689265536724,0.5888809353376282,oracle_gt_prompt
crackforest_0006,box,crackforest,0.0400312744331508,0.0769809051270485,0.0411847037436252,0.5883704895426338,0.0769809051270485,oracle_gt_prompt
crackforest_0007,box,crackforest,0.0171542833087771,0.0337299534402483,0.0174119720660693,0.53684643886373,0.0337299534402483,oracle_gt_prompt
crackforest_0008,box,crackforest,0.3598351001177856,0.5292334343871806,0.3805430991529646,0.8686380437873188,0.5292334343871806,oracle_gt_prompt
crackforest_0009,box,crackforest,0.4206921413121846,0.5922354732301446,0.4346368715083799,0.929140127388535,0.5922354732301447,oracle_gt_prompt
crackforest_0010,box,crackforest,0.5266217870257038,0.6899178192022449,0.5449651678277391,0.9399235390496996,0.6899178192022449,oracle_gt_prompt
crackforest_0011,box,crackforest,0.5095798319327731,0.6751280338454687,0.5218588640275387,0.9558638083228248,0.6751280338454687,oracle_gt_prompt
crackforest_0012,box,crackforest,0.2442624426244262,0.3926220614828209,0.2568859441552295,0.8325153374233129,0.3926220614828209,oracle_gt_prompt
crackforest_0013,box,crackforest,0.3713325183374083,0.541564519723646,0.4122836783169324,0.788961038961039,0.5415645197236462,oracle_gt_prompt
crackforest_0014,box,crackforest,0.5513499205929063,0.7108002047432179,0.5713110257816786,0.9404063205417608,0.7108002047432179,oracle_gt_prompt
crackforest_0015,box,crackforest,0.457421875,0.6277137496649692,0.4764035801464605,0.91987431264729,0.6277137496649693,oracle_gt_prompt
crackforest_0016,box,crackforest,0.0038261632770608,0.0076231591027077,0.0040029843037102,0.0797142857142857,0.0076231591027077,oracle_gt_prompt
crackforest_0017,box,crackforest,0.3216995447647951,0.4867967853042479,0.3239113827349121,0.979214780600462,0.486796785304248,oracle_gt_prompt
crackforest_0018,box,crackforest,0.6555842479018722,0.7919672450770131,0.6822304333221364,0.9437732342007435,0.7919672450770131,oracle_gt_prompt
crackforest_0019,box,crackforest,0.3681602757432141,0.5381829633128641,0.3775961113566062,0.9364383561643836,0.5381829633128641,oracle_gt_prompt
crackforest_0020,box,crackforest,0.3286307053941908,0.4946908182386009,0.3578852236782648,0.8008088978766431,0.4946908182386009,oracle_gt_prompt
crackforest_0021,box,crackforest,0.0468126301271765,0.0894384129115623,0.0468353002832673,0.989765876910136,0.0894384129115623,oracle_gt_prompt
crackforest_0022,box,crackforest,0.3209777061509535,0.4859699064660431,0.3538643766656796,0.7754704737183648,0.4859699064660431,oracle_gt_prompt
crackforest_0023,box,crackforest,0.3865979381443299,0.5576208178438662,0.391417802261525,0.9691313711414212,0.5576208178438661,oracle_gt_prompt
crackforest_0000,point,crackforest,0.358880460371436,0.5282001924927815,0.3610526315789473,0.9835125448028674,0.5282001924927815,oracle_gt_prompt
crackforest_0001,point,crackforest,0.3887629125724364,0.5598693759071117,0.3916243654822335,0.9815521628498728,0.5598693759071118,oracle_gt_prompt
crackforest_0002,point,crackforest,0.5692930551230146,0.7255407819011709,0.599344262295082,0.9190548014077424,0.7255407819011709,oracle_gt_prompt
crackforest_0003,point,crackforest,0.3556124080588423,0.5246520405756074,0.380041011619959,0.8469154607768469,0.5246520405756074,oracle_gt_prompt
crackforest_0004,point,crackforest,0.0965568125922282,0.1761090925402592,0.1135075748814617,0.3926785357071414,0.1761090925402592,oracle_gt_prompt
crackforest_0005,point,crackforest,0.3894552869210603,0.5605870020964361,0.3986285032796661,0.9442090395480226,0.5605870020964362,oracle_gt_prompt
crackforest_0006,point,crackforest,0.0,0.0,0.0,0.0,0.0,oracle_gt_prompt
crackforest_0007,point,crackforest,0.3393375944218477,0.5067245119305857,0.5355341586428244,0.4808563194730341,0.5067245119305855,oracle_gt_prompt
crackforest_0008,point,crackforest,0.0229027025970726,0.0447798261534052,0.0229028517828528,0.9997156667614444,0.0447798261534053,oracle_gt_prompt
crackforest_0009,point,crackforest,0.3589595375722543,0.528285835814547,0.3604178757980267,0.9888535031847132,0.528285835814547,oracle_gt_prompt
crackforest_0010,point,crackforest,0.4472386587771203,0.6180579216354344,0.4491210695716761,0.9907154560349536,0.6180579216354344,oracle_gt_prompt
crackforest_0011,point,crackforest,0.4568195354377605,0.6271463614063778,0.4640048396854204,0.9672131147540984,0.6271463614063778,oracle_gt_prompt
crackforest_0012,point,crackforest,0.3345467152019414,0.5013638134822704,0.4347826086956521,0.5920245398773006,0.5013638134822704,oracle_gt_prompt
crackforest_0013,point,crackforest,0.0100773469093954,0.0199536143251402,0.0100773469093954,1.0,0.0199536143251402,oracle_gt_prompt
crackforest_0014,point,crackforest,0.5669708566382102,0.7236520758970505,0.6196911196911197,0.8695259593679459,0.7236520758970505,oracle_gt_prompt
crackforest_0015,point,crackforest,0.3797739077299114,0.5504871567759079,0.3832870798643231,0.97643362136685,0.5504871567759079,oracle_gt_prompt
crackforest_0016,point,crackforest,0.2135258358662614,0.3519098309329994,0.6529821843532145,0.2408571428571428,0.3519098309329993,oracle_gt_prompt
crackforest_0017,point,crackforest,0.3387197016780609,0.5060352831940576,0.3456659619450317,0.9439953810623556,0.5060352831940576,oracle_gt_prompt
crackforest_0018,point,crackforest,0.4504409911801764,0.62110901983495,0.4511041009463722,0.9967472118959108,0.6211090198349501,oracle_gt_prompt
crackforest_0019,point,crackforest,0.4209770114942529,0.5925176946410515,0.4278413239230956,0.9632876712328768,0.5925176946410516,oracle_gt_prompt
crackforest_0020,point,crackforest,0.3200712589073634,0.4849302744039586,0.4367909238249595,0.544994944388271,0.4849302744039586,oracle_gt_prompt
crackforest_0021,point,crackforest,0.0573964674483461,0.1085618672187402,0.0680460750853242,0.2683302958082153,0.1085618672187402,oracle_gt_prompt
crackforest_0022,point,crackforest,0.0101207258006217,0.0200386459600658,0.0101207923134553,0.99935107073329,0.0200386459600658,oracle_gt_prompt
crackforest_0023,point,crackforest,0.3469334719334719,0.5151456685317384,0.3522427440633245,0.9583632447954056,0.5151456685317384,oracle_gt_prompt
crackforest_0000,ampf,crackforest,0.4173450219160927,0.5889109785730064,0.4256066411238825,0.9555555555555556,0.5889109785730064,oracle_gt_prompt_gt_alignment
crackforest_0001,ampf,crackforest,0.4357122219011846,0.6069631716643188,0.4439211068589932,0.9592875318066156,0.6069631716643187,oracle_gt_prompt_gt_alignment
crackforest_0002,ampf,crackforest,0.6123481781376519,0.7595731324544884,0.6505376344086021,0.9125188536953244,0.7595731324544883,oracle_gt_prompt_gt_alignment
crackforest_0003,ampf,crackforest,0.3980679546968687,0.569454372170598,0.4143550624133148,0.91012947448591,0.569454372170598,oracle_gt_prompt_gt_alignment
crackforest_0004,ampf,crackforest,0.1745283018867924,0.2971887550200803,0.5794663573085846,0.1998399679935987,0.2971887550200803,oracle_gt_prompt_gt_alignment
crackforest_0005,ampf,crackforest,0.4206827309236948,0.592226148409894,0.4443266171792153,0.8877118644067796,0.5922261484098941,oracle_gt_prompt_gt_alignment
crackforest_0006,ampf,crackforest,0.4576432514753474,0.6279221627269166,0.7271627344222625,0.5525166628361297,0.6279221627269166,oracle_gt_prompt_gt_alignment
crackforest_0007,ampf,crackforest,0.3304322599361763,0.4967291757522896,0.5280482151135837,0.468917249897077,0.4967291757522895,oracle_gt_prompt_gt_alignment
crackforest_0008,ampf,crackforest,0.6221579164944192,0.7670744138634047,0.6949896097898869,0.8558430480523174,0.7670744138634048,oracle_gt_prompt_gt_alignment
crackforest_0009,ampf,crackforest,0.4212996389891696,0.5928371856743714,0.4352853412905632,0.929140127388535,0.5928371856743714,oracle_gt_prompt_gt_alignment
crackforest_0010,ampf,crackforest,0.5513928914505284,0.7108359133126935,0.5713337757133378,0.9404696886947024,0.7108359133126936,oracle_gt_prompt_gt_alignment
crackforest_0011,ampf,crackforest,0.5122606650990931,0.6774766770324301,0.5229766803840878,0.9615384615384616,0.6774766770324302,oracle_gt_prompt_gt_alignment
crackforest_0012,ampf,crackforest,0.3510466988727858,0.5196662693682956,0.4572360755068748,0.601840490797546,0.5196662693682956,oracle_gt_prompt_gt_alignment
crackforest_0013,ampf,crackforest,0.3756168359941945,0.5461067735809243,0.4045014066895905,0.8402597402597403,0.5461067735809243,oracle_gt_prompt_gt_alignment
crackforest_0014,ampf,crackforest,0.5653021442495126,0.7222914072229141,0.5960070463887258,0.9164785553047404,0.7222914072229142,oracle_gt_prompt_gt_alignment
crackforest_0015,ampf,crackforest,0.4505579068872643,0.6212201591511937,0.4689627553063676,0.91987431264729,0.6212201591511938,oracle_gt_prompt_gt_alignment
crackforest_0016,ampf,crackforest,0.2098452169500126,0.3468959731543624,0.6522082018927445,0.2362857142857143,0.3468959731543624,oracle_gt_prompt_gt_alignment
crackforest_0017,ampf,crackforest,0.3310506750146742,0.4974276054681758,0.3336619996056004,0.976905311778291,0.4974276054681758,oracle_gt_prompt_gt_alignment
crackforest_0018,ampf,crackforest,0.6213942307692307,0.7664936990363233,0.6374845869297164,0.9609665427509294,0.7664936990363233,oracle_gt_prompt_gt_alignment
crackforest_0019,ampf,crackforest,0.4864324478720365,0.6544965411222137,0.5039952648712637,0.9331506849315068,0.6544965411222137,oracle_gt_prompt_gt_alignment
crackforest_0020,ampf,crackforest,0.3712801133679735,0.5415087840165346,0.4106583072100313,0.7947421638018201,0.5415087840165346,oracle_gt_prompt_gt_alignment
crackforest_0021,ampf,crackforest,0.1294073044357386,0.2291596732684346,0.5676274944567627,0.143558110192065,0.2291596732684345,oracle_gt_prompt_gt_alignment
crackforest_0022,ampf,crackforest,0.3178861788617886,0.4824182603331277,0.3531005418422637,0.7611940298507462,0.4824182603331277,oracle_gt_prompt_gt_alignment
crackforest_0023,ampf,crackforest,0.3834522111269615,0.5543411012579913,0.3888888888888889,0.964824120603015,0.5543411012579913,oracle_gt_prompt_gt_alignment
crackforest_0000,ablation_no_detection,crackforest,0.420253164556962,0.5918003565062389,0.4293566117038474,0.9519713261648746,0.5918003565062389,oracle_gt_prompt_gt_alignment
crackforest_0001,ablation_no_detection,crackforest,0.4403642773207991,0.6114623699775648,0.4500150105073551,0.9535623409669212,0.6114623699775648,oracle_gt_prompt_gt_alignment
crackforest_0002,ablation_no_detection,crackforest,0.6193458594293667,0.7649333906317146,0.6679174484052532,0.8949220713926597,0.7649333906317146,oracle_gt_prompt_gt_alignment
crackforest_0003,ablation_no_detection,crackforest,0.35584,0.5248996931791362,0.3803009575923393,0.8469154607768469,0.5248996931791362,oracle_gt_prompt_gt_alignment
crackforest_0004,ablation_no_detection,crackforest,0.1745283018867924,0.2971887550200803,0.5794663573085846,0.1998399679935987,0.2971887550200803,oracle_gt_prompt_gt_alignment
crackforest_0005,ablation_no_detection,crackforest,0.389163996504515,0.5602851750891172,0.398449150014912,0.943502824858757,0.5602851750891172,oracle_gt_prompt_gt_alignment
crackforest_0006,ablation_no_detection,crackforest,0.4576432514753474,0.6279221627269166,0.7271627344222625,0.5525166628361297,0.6279221627269166,oracle_gt_prompt_gt_alignment
crackforest_0007,ablation_no_detection,crackforest,0.4831942789034565,0.6515589842494375,0.5344054837859215,0.8344997941539728,0.6515589842494375,oracle_gt_prompt_gt_alignment
crackforest_0008,ablation_no_detection,crackforest,0.6221579164944192,0.7670744138634047,0.6949896097898869,0.8558430480523174,0.7670744138634048,oracle_gt_prompt_gt_alignment
crackforest_0009,ablation_no_detection,crackforest,0.3596872284969591,0.529073482428115,0.3611514975283512,0.9888535031847132,0.5290734824281149,oracle_gt_prompt_gt_alignment
crackforest_0010,ablation_no_detection,crackforest,0.5531361715957102,0.7122829043732999,0.5773405698778833,0.9295466957946478,0.7122829043732999,oracle_gt_prompt_gt_alignment
crackforest_0011,ablation_no_detection,crackforest,0.508736559139785,0.6743875278396436,0.5213498622589532,0.9546027742749056,0.6743875278396437,oracle_gt_prompt_gt_alignment
crackforest_0012,ablation_no_detection,crackforest,0.3510466988727858,0.5196662693682956,0.4572360755068748,0.601840490797546,0.5196662693682956,oracle_gt_prompt_gt_alignment
crackforest_0013,ablation_no_detection,crackforest,0.2994350282485876,0.4608695652173913,0.4416666666666666,0.4818181818181818,0.4608695652173913,oracle_gt_prompt_gt_alignment
crackforest_0014,ablation_no_detection,crackforest,0.5633264766382604,0.7206766917293234,0.6173913043478261,0.8654627539503386,0.7206766917293232,oracle_gt_prompt_gt_alignment
crackforest_0015,ablation_no_detection,crackforest,0.3791946308724832,0.5498783454987834,0.3826970443349753,0.97643362136685,0.5498783454987834,oracle_gt_prompt_gt_alignment
crackforest_0016,ablation_no_detection,crackforest,0.2098452169500126,0.3468959731543624,0.6522082018927445,0.2362857142857143,0.3468959731543624,oracle_gt_prompt_gt_alignment
crackforest_0017,ablation_no_detection,crackforest,0.3125915080527086,0.4762967094255438,0.3139705882352941,0.9861431870669746,0.4762967094255437,oracle_gt_prompt_gt_alignment
crackforest_0018,ablation_no_detection,crackforest,0.6545161290322581,0.7911873659582764,0.6815586160564326,0.9428438661710036,0.7911873659582765,oracle_gt_prompt_gt_alignment
crackforest_0019,ablation_no_detection,crackforest,0.4903873744619799,0.6580670003850597,0.5072721875927575,0.9364383561643836,0.6580670003850597,oracle_gt_prompt_gt_alignment
crackforest_0020,ablation_no_detection,crackforest,0.3712801133679735,0.5415087840165346,0.4106583072100313,0.7947421638018201,0.5415087840165346,oracle_gt_prompt_gt_alignment
crackforest_0021,ablation_no_detection,crackforest,0.1294073044357386,0.2291596732684346,0.5676274944567627,0.143558110192065,0.2291596732684345,oracle_gt_prompt_gt_alignment
crackforest_0022,ablation_no_detection,crackforest,0.3178861788617886,0.4824182603331277,0.3531005418422637,0.7611940298507462,0.4824182603331277,oracle_gt_prompt_gt_alignment
crackforest_0023,ablation_no_detection,crackforest,0.3465629053177691,0.5147370448853785,0.3517640863612427,0.95908111988514,0.5147370448853785,oracle_gt_prompt_gt_alignment
crackforest_0000,ablation_no_stability,crackforest,0.4173450219160927,0.5889109785730064,0.4256066411238825,0.9555555555555556,0.5889109785730064,oracle_gt_prompt_gt_alignment
crackforest_0001,ablation_no_stability,crackforest,0.4357122219011846,0.6069631716643188,0.4439211068589932,0.9592875318066156,0.6069631716643187,oracle_gt_prompt_gt_alignment
crackforest_0002,ablation_no_stability,crackforest,0.6123481781376519,0.7595731324544884,0.6505376344086021,0.9125188536953244,0.7595731324544883,oracle_gt_prompt_gt_alignment
crackforest_0003,ablation_no_stability,crackforest,0.3980679546968687,0.569454372170598,0.4143550624133148,0.91012947448591,0.569454372170598,oracle_gt_prompt_gt_alignment
crackforest_0004,ablation_no_stability,crackforest,0.1483625836801158,0.2583897904521821,0.6083086053412463,0.1640328065613122,0.2583897904521821,oracle_gt_prompt_gt_alignment
crackforest_0005,ablation_no_stability,crackforest,0.4206827309236948,0.592226148409894,0.4443266171792153,0.8877118644067796,0.5922261484098941,oracle_gt_prompt_gt_alignment
crackforest_0006,ablation_no_stability,crackforest,0.7007603186097031,0.8240553485896753,0.7674464710547185,0.8896805332107561,0.8240553485896753,oracle_gt_prompt_gt_alignment
crackforest_0007,ablation_no_stability,crackforest,0.3338433292533659,0.5005735260380821,0.5652849740932643,0.4491560312885961,0.500573526038082,oracle_gt_prompt_gt_alignment
crackforest_0008,ablation_no_stability,crackforest,0.6221579164944192,0.7670744138634047,0.6949896097898869,0.8558430480523174,0.7670744138634048,oracle_gt_prompt_gt_alignment
crackforest_0009,ablation_no_stability,crackforest,0.4212996389891696,0.5928371856743714,0.4352853412905632,0.929140127388535,0.5928371856743714,oracle_gt_prompt_gt_alignment
crackforest_0010,ablation_no_stability,crackforest,0.5513928914505284,0.7108359133126935,0.5713337757133378,0.9404696886947024,0.7108359133126936,oracle_gt_prompt_gt_alignment
crackforest_0011,ablation_no_stability,crackforest,0.5122606650990931,0.6774766770324301,0.5229766803840878,0.9615384615384616,0.6774766770324302,oracle_gt_prompt_gt_alignment
crackforest_0012,ablation_no_stability,crackforest,0.4372605363984674,0.6084638453848717,0.4769284346160543,0.8401840490797546,0.6084638453848717,oracle_gt_prompt_gt_alignment
crackforest_0013,ablation_no_stability,crackforest,0.3905434448879337,0.561713402517112,0.425560388089662,0.825974025974026,0.561713402517112,oracle_gt_prompt_gt_alignment
crackforest_0014,ablation_no_stability,crackforest,0.5653021442495126,0.7222914072229141,0.5960070463887258,0.9164785553047404,0.7222914072229142,oracle_gt_prompt_gt_alignment
crackforest_0015,ablation_no_stability,crackforest,0.4505579068872643,0.6212201591511937,0.4689627553063676,0.91987431264729,0.6212201591511938,oracle_gt_prompt_gt_alignment
crackforest_0016,ablation_no_stability,crackforest,0.2098452169500126,0.3468959731543624,0.6522082018927445,0.2362857142857143,0.3468959731543624,oracle_gt_prompt_gt_alignment
crackforest_0017,ablation_no_stability,crackforest,0.3328729281767956,0.499481865284974,0.3358550666932112,0.9740184757505772,0.499481865284974,oracle_gt_prompt_gt_alignment
crackforest_0018,ablation_no_stability,crackforest,0.6213942307692307,0.7664936990363233,0.6374845869297164,0.9609665427509294,0.7664936990363233,oracle_gt_prompt_gt_alignment
crackforest_0019,ablation_no_stability,crackforest,0.4864324478720365,0.6544965411222137,0.5039952648712637,0.9331506849315068,0.6544965411222137,oracle_gt_prompt_gt_alignment
crackforest_0020,ablation_no_stability,crackforest,0.3712801133679735,0.5415087840165346,0.4106583072100313,0.7947421638018201,0.5415087840165346,oracle_gt_prompt_gt_alignment
crackforest_0021,ablation_no_stability,crackforest,0.1294073044357386,0.2291596732684346,0.5676274944567627,0.143558110192065,0.2291596732684345,oracle_gt_prompt_gt_alignment
crackforest_0022,ablation_no_stability,crackforest,0.316017316017316,0.4802631578947368,0.3514896178152272,0.7579493835171967,0.4802631578947368,oracle_gt_prompt_gt_alignment
crackforest_0023,ablation_no_stability,crackforest,0.3834522111269615,0.5543411012579913,0.3888888888888889,0.964824120603015,0.5543411012579913,oracle_gt_prompt_gt_alignment
crackforest_0000,ablation_no_boundary,crackforest,0.4173450219160927,0.5889109785730064,0.4256066411238825,0.9555555555555556,0.5889109785730064,oracle_gt_prompt_gt_alignment
crackforest_0001,ablation_no_boundary,crackforest,0.4357122219011846,0.6069631716643188,0.4439211068589932,0.9592875318066156,0.6069631716643187,oracle_gt_prompt_gt_alignment
crackforest_0002,ablation_no_boundary,crackforest,0.6123481781376519,0.7595731324544884,0.6505376344086021,0.9125188536953244,0.7595731324544883,oracle_gt_prompt_gt_alignment
crackforest_0003,ablation_no_boundary,crackforest,0.3980679546968687,0.569454372170598,0.4143550624133148,0.91012947448591,0.569454372170598,oracle_gt_prompt_gt_alignment
crackforest_0004,ablation_no_boundary,crackforest,0.1745283018867924,0.2971887550200803,0.5794663573085846,0.1998399679935987,0.2971887550200803,oracle_gt_prompt_gt_alignment
crackforest_0005,ablation_no_boundary,crackforest,0.4206827309236948,0.592226148409894,0.4443266171792153,0.8877118644067796,0.5922261484098941,oracle_gt_prompt_gt_alignment
crackforest_0006,ablation_no_boundary,crackforest,0.4576432514753474,0.6279221627269166,0.7271627344222625,0.5525166628361297,0.6279221627269166,oracle_gt_prompt_gt_alignment
crackforest_0007,ablation_no_boundary,crackforest,0.3304322599361763,0.4967291757522896,0.5280482151135837,0.468917249897077,0.4967291757522895,oracle_gt_prompt_gt_alignment
crackforest_0008,ablation_no_boundary,crackforest,0.6221579164944192,0.7670744138634047,0.6949896097898869,0.8558430480523174,0.7670744138634048,oracle_gt_prompt_gt_alignment
crackforest_0009,ablation_no_boundary,crackforest,0.4212996389891696,0.5928371856743714,0.4352853412905632,0.929140127388535,0.5928371856743714,oracle_gt_prompt_gt_alignment
crackforest_0010,ablation_no_boundary,crackforest,0.4972988342337219,0.6642612988985948,0.509170305676856,0.955215729109776,0.6642612988985948,oracle_gt_prompt_gt_alignment
crackforest_0011,ablation_no_boundary,crackforest,0.5122606650990931,0.6774766770324301,0.5229766803840878,0.9615384615384616,0.6774766770324302,oracle_gt_prompt_gt_alignment
crackforest_0012,ablation_no_boundary,crackforest,0.3510466988727858,0.5196662693682956,0.4572360755068748,0.601840490797546,0.5196662693682956,oracle_gt_prompt_gt_alignment
crackforest_0013,ablation_no_boundary,crackforest,0.3756168359941945,0.5461067735809243,0.4045014066895905,0.8402597402597403,0.5461067735809243,oracle_gt_prompt_gt_alignment
crackforest_0014,ablation_no_boundary,crackforest,0.5653021442495126,0.7222914072229141,0.5960070463887258,0.9164785553047404,0.7222914072229142,oracle_gt_prompt_gt_alignment
crackforest_0015,ablation_no_boundary,crackforest,0.4505579068872643,0.6212201591511937,0.4689627553063676,0.91987431264729,0.6212201591511938,oracle_gt_prompt_gt_alignment
crackforest_0016,ablation_no_boundary,crackforest,0.2098452169500126,0.3468959731543624,0.6522082018927445,0.2362857142857143,0.3468959731543624,oracle_gt_prompt_gt_alignment
crackforest_0017,ablation_no_boundary,crackforest,0.3310506750146742,0.4974276054681758,0.3336619996056004,0.976905311778291,0.4974276054681758,oracle_gt_prompt_gt_alignment
crackforest_0018,ablation_no_boundary,crackforest,0.6213942307692307,0.7664936990363233,0.6374845869297164,0.9609665427509294,0.7664936990363233,oracle_gt_prompt_gt_alignment
crackforest_0019,ablation_no_boundary,crackforest,0.4864324478720365,0.6544965411222137,0.5039952648712637,0.9331506849315068,0.6544965411222137,oracle_gt_prompt_gt_alignment
crackforest_0020,ablation_no_boundary,crackforest,0.3712801133679735,0.5415087840165346,0.4106583072100313,0.7947421638018201,0.5415087840165346,oracle_gt_prompt_gt_alignment
crackforest_0021,ablation_no_boundary,crackforest,0.1294073044357386,0.2291596732684346,0.5676274944567627,0.143558110192065,0.2291596732684345,oracle_gt_prompt_gt_alignment
crackforest_0022,ablation_no_boundary,crackforest,0.3178861788617886,0.4824182603331277,0.3531005418422637,0.7611940298507462,0.4824182603331277,oracle_gt_prompt_gt_alignment
crackforest_0023,ablation_no_boundary,crackforest,0.3834522111269615,0.5543411012579913,0.3888888888888889,0.964824120603015,0.5543411012579913,oracle_gt_prompt_gt_alignment
crackforest_0000,ablation_no_alignment,crackforest,0.4381282495667244,0.6093034466136419,0.4589687726942629,0.9060931899641576,0.6093034466136419,oracle_gt_prompt_gt_alignment
crackforest_0001,ablation_no_alignment,crackforest,0.4193020719738277,0.5908567038033039,0.4232250963126032,0.9783715012722646,0.5908567038033038,oracle_gt_prompt_gt_alignment
crackforest_0002,ablation_no_alignment,crackforest,0.6123481781376519,0.7595731324544884,0.6505376344086021,0.9125188536953244,0.7595731324544883,oracle_gt_prompt_gt_alignment
crackforest_0003,ablation_no_alignment,crackforest,0.3980679546968687,0.569454372170598,0.4143550624133148,0.91012947448591,0.569454372170598,oracle_gt_prompt_gt_alignment
crackforest_0004,ablation_no_alignment,crackforest,0.0,0.0,0.0,0.0,0.0,oracle_gt_prompt_gt_alignment
crackforest_0005,ablation_no_alignment,crackforest,0.4206827309236948,0.592226148409894,0.4443266171792153,0.8877118644067796,0.5922261484098941,oracle_gt_prompt_gt_alignment
crackforest_0006,ablation_no_alignment,crackforest,0.1087245349867139,0.1961254244058318,0.7484756097560976,0.1128476212364973,0.1961254244058318,oracle_gt_prompt_gt_alignment
crackforest_0007,ablation_no_alignment,crackforest,0.0840759395583107,0.1551107934238741,0.5880758807588076,0.0893371757925072,0.1551107934238741,oracle_gt_prompt_gt_alignment
crackforest_0008,ablation_no_alignment,crackforest,0.3955610869114291,0.566884661117717,0.5938959825599501,0.5422234859255047,0.5668846611177171,oracle_gt_prompt_gt_alignment
crackforest_0009,ablation_no_alignment,crackforest,0.4249271137026239,0.5964194373401535,0.4393368500376789,0.928343949044586,0.5964194373401535,oracle_gt_prompt_gt_alignment
crackforest_0010,ablation_no_alignment,crackforest,0.5814917127071824,0.7353711790393013,0.6125863950527465,0.9197160021845986,0.7353711790393014,oracle_gt_prompt_gt_alignment
crackforest_0011,ablation_no_alignment,crackforest,0.5122606650990931,0.6774766770324301,0.5229766803840878,0.9615384615384616,0.6774766770324302,oracle_gt_prompt_gt_alignment
crackforest_0012,ablation_no_alignment,crackforest,0.0914234663490172,0.1675306957708049,0.7580246913580246,0.0941717791411042,0.1675306957708049,oracle_gt_prompt_gt_alignment
crackforest_0013,ablation_no_alignment,crackforest,0.4043963712491277,0.5759006211180124,0.4663983903420523,0.7525974025974026,0.5759006211180123,oracle_gt_prompt_gt_alignment
crackforest_0014,ablation_no_alignment,crackforest,0.5653021442495126,0.7222914072229141,0.5960070463887258,0.9164785553047404,0.7222914072229142,oracle_gt_prompt_gt_alignment
crackforest_0015,ablation_no_alignment,crackforest,0.4505579068872643,0.6212201591511937,0.4689627553063676,0.91987431264729,0.6212201591511938,oracle_gt_prompt_gt_alignment
crackforest_0016,ablation_no_alignment,crackforest,0.0284495021337126,0.0553250345781466,0.8695652173913043,0.0285714285714285,0.0553250345781466,oracle_gt_prompt_gt_alignment
crackforest_0017,ablation_no_alignment,crackforest,0.3886963476406291,0.5598003455557689,0.4193270060396893,0.8418013856812933,0.5598003455557689,oracle_gt_prompt_gt_alignment
crackforest_0018,ablation_no_alignment,crackforest,0.6213942307692307,0.7664936990363233,0.6374845869297164,0.9609665427509294,0.7664936990363233,oracle_gt_prompt_gt_alignment
crackforest_0019,ablation_no_alignment,crackforest,0.4961988304093567,0.6632792651944499,0.5154921020656136,0.92986301369863,0.6632792651944499,oracle_gt_prompt_gt_alignment
crackforest_0020,ablation_no_alignment,crackforest,0.3712801133679735,0.5415087840165346,0.4106583072100313,0.7947421638018201,0.5415087840165346,oracle_gt_prompt_gt_alignment
crackforest_0021,ablation_no_alignment,crackforest,0.0,0.0,0.0,0.0,0.0,oracle_gt_prompt_gt_alignment
crackforest_0022,ablation_no_alignment,crackforest,0.2081980519480519,0.3446422573060128,0.357242339832869,0.3329007138221934,0.3446422573060128,oracle_gt_prompt_gt_alignment
crackforest_0023,ablation_no_alignment,crackforest,0.3938325991189427,0.5651074589127687,0.3999403519236504,0.962670495333812,0.5651074589127687,oracle_gt_prompt_gt_alignment
crackforest_0000,ablation_fusion_max,crackforest,0.3535431056536198,0.5223965223965223,0.3547227926078029,0.9906810035842294,0.5223965223965225,oracle_gt_prompt_gt_alignment
crackforest_0001,ablation_fusion_max,crackforest,0.3927207940951896,0.5639619883040936,0.3956410256410256,0.9815521628498728,0.5639619883040935,oracle_gt_prompt_gt_alignment
crackforest_0002,ablation_fusion_max,crackforest,0.5499855114459576,0.7096653580108432,0.5648809523809524,0.954248366013072,0.7096653580108431,oracle_gt_prompt_gt_alignment
crackforest_0003,ablation_fusion_max,crackforest,0.3486655309483248,0.5170526315789473,0.3572883328484143,0.9352627570449352,0.5170526315789473,oracle_gt_prompt_gt_alignment
crackforest_0004,ablation_fusion_max,crackforest,0.4202170743560667,0.5917645716892894,0.6884288747346072,0.5189037807561512,0.5917645716892893,oracle_gt_prompt_gt_alignment
crackforest_0005,ablation_fusion_max,crackforest,0.3824194460146976,0.5532610918012676,0.3893525179856115,0.9555084745762712,0.5532610918012676,oracle_gt_prompt_gt_alignment
crackforest_0006,ablation_fusion_max,crackforest,0.6814295485636115,0.8105359503711991,0.7269244801167457,0.9158814065732016,0.8105359503711991,oracle_gt_prompt_gt_alignment
crackforest_0007,ablation_fusion_max,crackforest,0.4762820512820512,0.6452453321754233,0.4975446428571428,0.9176615891313298,0.6452453321754233,oracle_gt_prompt_gt_alignment
crackforest_0008,ablation_fusion_max,crackforest,0.6106176826806621,0.7582403810001254,0.677947108919767,0.8601080466306511,0.7582403810001254,oracle_gt_prompt_gt_alignment
crackforest_0009,ablation_fusion_max,crackforest,0.3376799782667753,0.5048740861088545,0.338876772082879,0.9896496815286624,0.5048740861088546,oracle_gt_prompt_gt_alignment
crackforest_0010,ablation_fusion_max,crackforest,0.4378181818181818,0.60900354071826,0.4404878048780488,0.9863462588749318,0.60900354071826,oracle_gt_prompt_gt_alignment
crackforest_0011,ablation_fusion_max,crackforest,0.4342215988779803,0.6055153530217093,0.4388999149418769,0.9760403530895334,0.6055153530217093,oracle_gt_prompt_gt_alignment
crackforest_0012,ablation_fusion_max,crackforest,0.2591717972505692,0.4116543871399866,0.263324764353042,0.942638036809816,0.4116543871399866,oracle_gt_prompt_gt_alignment
crackforest_0013,ablation_fusion_max,crackforest,0.3512014787430684,0.5198358413132695,0.3718199608610567,0.8636363636363636,0.5198358413132694,oracle_gt_prompt_gt_alignment
crackforest_0014,ablation_fusion_max,crackforest,0.523023885742428,0.6868229587712207,0.5350125944584383,0.9589164785553048,0.6868229587712206,oracle_gt_prompt_gt_alignment
crackforest_0015,ablation_fusion_max,crackforest,0.3701723113487819,0.5403295750216826,0.3731656184486373,0.9787902592301648,0.5403295750216826,oracle_gt_prompt_gt_alignment
crackforest_0016,ablation_fusion_max,crackforest,0.5876439790575916,0.7402717319614827,0.6875765743690272,0.8017142857142857,0.7402717319614825,oracle_gt_prompt_gt_alignment
crackforest_0017,ablation_fusion_max,crackforest,0.2935118434603501,0.4538216560509554,0.2946243969676085,0.98729792147806,0.4538216560509553,oracle_gt_prompt_gt_alignment
crackforest_0018,ablation_fusion_max,crackforest,0.4468483461618473,0.6176851186196981,0.4472204871955028,0.9981412639405204,0.6176851186196981,oracle_gt_prompt_gt_alignment
crackforest_0019,ablation_fusion_max,crackforest,0.4189798339264531,0.5905366995485705,0.4249278152069297,0.9676712328767124,0.5905366995485705,oracle_gt_prompt_gt_alignment
crackforest_0020,ablation_fusion_max,crackforest,0.3554541683948569,0.5244798041615667,0.3760421237384818,0.8665318503538928,0.5244798041615668,oracle_gt_prompt_gt_alignment
crackforest_0021,ablation_fusion_max,crackforest,0.1304182990016428,0.2307434320849636,0.5695364238410596,0.1446796579279405,0.2307434320849636,oracle_gt_prompt_gt_alignment
crackforest_0022,ablation_fusion_max,crackforest,0.3071512309495897,0.4699551569506726,0.3247397124442241,0.8500973393900065,0.4699551569506726,oracle_gt_prompt_gt_alignment
crackforest_0023,ablation_fusion_max,crackforest,0.3332514131236176,0.4999078341013825,0.3363095238095238,0.9734386216798278,0.4999078341013825,oracle_gt_prompt_gt_alignment
crackforest_0000,ablation_fusion_mean,crackforest,0.4173450219160927,0.5889109785730064,0.4256066411238825,0.9555555555555556,0.5889109785730064,oracle_gt_prompt_gt_alignment
crackforest_0001,ablation_fusion_mean,crackforest,0.4357122219011846,0.6069631716643188,0.4439211068589932,0.9592875318066156,0.6069631716643187,oracle_gt_prompt_gt_alignment
crackforest_0002,ablation_fusion_mean,crackforest,0.6123481781376519,0.7595731324544884,0.6505376344086021,0.9125188536953244,0.7595731324544883,oracle_gt_prompt_gt_alignment
crackforest_0003,ablation_fusion_mean,crackforest,0.3980679546968687,0.569454372170598,0.4143550624133148,0.91012947448591,0.569454372170598,oracle_gt_prompt_gt_alignment
crackforest_0004,ablation_fusion_mean,crackforest,0.4037337662337662,0.5752284029143055,0.6817434210526315,0.49749949989998,0.5752284029143055,oracle_gt_prompt_gt_alignment
crackforest_0005,ablation_fusion_mean,crackforest,0.4206827309236948,0.592226148409894,0.4443266171792153,0.8877118644067796,0.5922261484098941,oracle_gt_prompt_gt_alignment
crackforest_0006,ablation_fusion_mean,crackforest,0.6814295485636115,0.8105359503711991,0.7269244801167457,0.9158814065732016,0.8105359503711991,oracle_gt_prompt_gt_alignment
crackforest_0007,ablation_fusion_mean,crackforest,0.485252808988764,0.6534278959810875,0.5293667007150153,0.8534376286537669,0.6534278959810875,oracle_gt_prompt_gt_alignment
crackforest_0008,ablation_fusion_mean,crackforest,0.6130143928643828,0.7600854593439739,0.6810810810810811,0.8598237133920955,0.7600854593439739,oracle_gt_prompt_gt_alignment
crackforest_0009,ablation_fusion_mean,crackforest,0.4212996389891696,0.5928371856743714,0.4352853412905632,0.929140127388535,0.5928371856743714,oracle_gt_prompt_gt_alignment
crackforest_0010,ablation_fusion_mean,crackforest,0.5439647021745981,0.704633598693611,0.5625814863102999,0.9426542872747132,0.704633598693611,oracle_gt_prompt_gt_alignment
crackforest_0011,ablation_fusion_mean,crackforest,0.5122606650990931,0.6774766770324301,0.5229766803840878,0.9615384615384616,0.6774766770324302,oracle_gt_prompt_gt_alignment
crackforest_0012,ablation_fusion_mean,crackforest,0.4318609022556391,0.603216278306531,0.4687978234994048,0.8457055214723926,0.603216278306531,oracle_gt_prompt_gt_alignment
crackforest_0013,ablation_fusion_mean,crackforest,0.3905434448879337,0.561713402517112,0.425560388089662,0.825974025974026,0.561713402517112,oracle_gt_prompt_gt_alignment
crackforest_0014,ablation_fusion_mean,crackforest,0.5653021442495126,0.7222914072229141,0.5960070463887258,0.9164785553047404,0.7222914072229142,oracle_gt_prompt_gt_alignment
crackforest_0015,ablation_fusion_mean,crackforest,0.4505579068872643,0.6212201591511937,0.4689627553063676,0.91987431264729,0.6212201591511938,oracle_gt_prompt_gt_alignment
crackforest_0016,ablation_fusion_mean,crackforest,0.5856006697362913,0.7386483632523759,0.6864573110893032,0.7994285714285714,0.7386483632523759,oracle_gt_prompt_gt_alignment
crackforest_0017,ablation_fusion_mean,crackforest,0.3291731669266771,0.4953051643192488,0.3320220298977183,0.97459584295612,0.4953051643192488,oracle_gt_prompt_gt_alignment
crackforest_0018,ablation_fusion_mean,crackforest,0.6213942307692307,0.7664936990363233,0.6374845869297164,0.9609665427509294,0.7664936990363233,oracle_gt_prompt_gt_alignment
crackforest_0019,ablation_fusion_mean,crackforest,0.4864324478720365,0.6544965411222137,0.5039952648712637,0.9331506849315068,0.6544965411222137,oracle_gt_prompt_gt_alignment
crackforest_0020,ablation_fusion_mean,crackforest,0.3830798479087453,0.5539518900343643,0.4195731389901093,0.8149646107178968,0.5539518900343643,oracle_gt_prompt_gt_alignment
crackforest_0021,ablation_fusion_mean,crackforest,0.1294073044357386,0.2291596732684346,0.5676274944567627,0.143558110192065,0.2291596732684345,oracle_gt_prompt_gt_alignment
crackforest_0022,ablation_fusion_mean,crackforest,0.3069778518694927,0.4697521865889212,0.3265771472004053,0.836469824789098,0.4697521865889213,oracle_gt_prompt_gt_alignment
crackforest_0023,ablation_fusion_mean,crackforest,0.3834522111269615,0.5543411012579913,0.3888888888888889,0.964824120603015,0.5543411012579913,oracle_gt_prompt_gt_alignment
crackforest_0000,text+point,crackforest,0.3633378932968536,0.5330122416215132,0.3701226309921962,0.9519713261648746,0.5330122416215132,oracle_gt_prompt_gt_alignment
crackforest_0001,text+point,crackforest,0.4156089657034836,0.5871804654711942,0.4193460490463215,0.9790076335877864,0.5871804654711942,oracle_gt_prompt_gt_alignment
crackforest_0002,text+point,crackforest,0.5692930551230146,0.7255407819011709,0.599344262295082,0.9190548014077424,0.7255407819011709,oracle_gt_prompt_gt_alignment
crackforest_0003,text+point,crackforest,0.35584,0.5248996931791362,0.3803009575923393,0.8469154607768469,0.5248996931791362,oracle_gt_prompt_gt_alignment
crackforest_0004,text+point,crackforest,0.4027022573735376,0.5741806648654998,0.6955036994877632,0.4888977795559112,0.5741806648654999,oracle_gt_prompt_gt_alignment
crackforest_0005,text+point,crackforest,0.389163996504515,0.5602851750891172,0.398449150014912,0.943502824858757,0.5602851750891172,oracle_gt_prompt_gt_alignment
crackforest_0006,text+point,crackforest,0.7007603186097031,0.8240553485896753,0.7674464710547185,0.8896805332107561,0.8240553485896753,oracle_gt_prompt_gt_alignment
crackforest_0007,text+point,crackforest,0.3304322599361763,0.4967291757522896,0.5280482151135837,0.468917249897077,0.4967291757522895,oracle_gt_prompt_gt_alignment
crackforest_0008,text+point,crackforest,0.6053859202714165,0.754193633601902,0.7042427232363098,0.8117713960762013,0.754193633601902,oracle_gt_prompt_gt_alignment
crackforest_0009,text+point,crackforest,0.3596872284969591,0.529073482428115,0.3611514975283512,0.9888535031847132,0.5290734824281149,oracle_gt_prompt_gt_alignment
crackforest_0010,text+point,crackforest,0.453306410903584,0.6238277179576242,0.4573465749936338,0.9808847624249044,0.6238277179576242,oracle_gt_prompt_gt_alignment
crackforest_0011,text+point,crackforest,0.4533847980997624,0.6239019407558734,0.4614687216681777,0.9627994955863808,0.6239019407558734,oracle_gt_prompt_gt_alignment
crackforest_0012,text+point,crackforest,0.3510466988727858,0.5196662693682956,0.4572360755068748,0.601840490797546,0.5196662693682956,oracle_gt_prompt_gt_alignment
crackforest_0013,text+point,crackforest,0.2994350282485876,0.4608695652173913,0.4416666666666666,0.4818181818181818,0.4608695652173913,oracle_gt_prompt_gt_alignment
crackforest_0014,text+point,crackforest,0.5633264766382604,0.7206766917293234,0.6173913043478261,0.8654627539503386,0.7206766917293232,oracle_gt_prompt_gt_alignment
crackforest_0015,text+point,crackforest,0.3791946308724832,0.5498783454987834,0.3826970443349753,0.97643362136685,0.5498783454987834,oracle_gt_prompt_gt_alignment
crackforest_0016,text+point,crackforest,0.2098452169500126,0.3468959731543624,0.6522082018927445,0.2362857142857143,0.3468959731543624,oracle_gt_prompt_gt_alignment
crackforest_0017,text+point,crackforest,0.3398299813394153,0.5072732900030951,0.3465116279069767,0.9463048498845266,0.5072732900030951,oracle_gt_prompt_gt_alignment
crackforest_0018,text+point,crackforest,0.4512939196297075,0.6219193969266454,0.4519595448798988,0.9967472118959108,0.6219193969266454,oracle_gt_prompt_gt_alignment
crackforest_0019,text+point,crackforest,0.4282926829268292,0.5997267759562842,0.4356239146613743,0.9621917808219178,0.5997267759562842,oracle_gt_prompt_gt_alignment
crackforest_0020,text+point,crackforest,0.324588163514338,0.4900967296176877,0.4500846023688663,0.537917087967644,0.4900967296176877,oracle_gt_prompt_gt_alignment
crackforest_0021,text+point,crackforest,0.1294073044357386,0.2291596732684346,0.5676274944567627,0.143558110192065,0.2291596732684345,oracle_gt_prompt_gt_alignment
crackforest_0022,text+point,crackforest,0.3115249119275289,0.4750575594781274,0.3372378098610732,0.8033744321868916,0.4750575594781274,oracle_gt_prompt_gt_alignment
crackforest_0023,text+point,crackforest,0.3465629053177691,0.5147370448853785,0.3517640863612427,0.95908111988514,0.5147370448853785,oracle_gt_prompt_gt_alignment
crackforest_0000,box+point,crackforest,0.3633378932968536,0.5330122416215132,0.3701226309921962,0.9519713261648746,0.5330122416215132,oracle_gt_prompt_gt_alignment
crackforest_0001,box+point,crackforest,0.4403642773207991,0.6114623699775648,0.4500150105073551,0.9535623409669212,0.6114623699775648,oracle_gt_prompt_gt_alignment
crackforest_0002,box+point,crackforest,0.6193458594293667,0.7649333906317146,0.6679174484052532,0.8949220713926597,0.7649333906317146,oracle_gt_prompt_gt_alignment
crackforest_0003,box+point,crackforest,0.4184219921456623,0.5899823810722375,0.4406015037593985,0.8926123381568926,0.5899823810722375,oracle_gt_prompt_gt_alignment
crackforest_0004,box+point,crackforest,0.1745283018867924,0.2971887550200803,0.5794663573085846,0.1998399679935987,0.2971887550200803,oracle_gt_prompt_gt_alignment
crackforest_0005,box+point,crackforest,0.4173148461278322,0.5888809353376282,0.4446846846846847,0.8714689265536724,0.5888809353376282,oracle_gt_prompt_gt_alignment
crackforest_0006,box+point,crackforest,0.4576432514753474,0.6279221627269166,0.7271627344222625,0.5525166628361297,0.6279221627269166,oracle_gt_prompt_gt_alignment
crackforest_0007,box+point,crackforest,0.3304322599361763,0.4967291757522896,0.5280482151135837,0.468917249897077,0.4967291757522895,oracle_gt_prompt_gt_alignment
crackforest_0008,box+point,crackforest,0.6221579164944192,0.7670744138634047,0.6949896097898869,0.8558430480523174,0.7670744138634048,oracle_gt_prompt_gt_alignment
crackforest_0009,box+point,crackforest,0.4222141823444283,0.5937420503688629,0.4362616822429906,0.929140127388535,0.5937420503688629,oracle_gt_prompt_gt_alignment
crackforest_0010,box+point,crackforest,0.4542235710672736,0.6246956521739131,0.4582801735136514,0.9808847624249044,0.6246956521739131,oracle_gt_prompt_gt_alignment
crackforest_0011,box+point,crackforest,0.508736559139785,0.6743875278396436,0.5213498622589532,0.9546027742749056,0.6743875278396437,oracle_gt_prompt_gt_alignment
crackforest_0012,box+point,crackforest,0.2783816425120773,0.4355219650448748,0.4474280168230346,0.4242331288343558,0.4355219650448748,oracle_gt_prompt_gt_alignment
crackforest_0013,box+point,crackforest,0.3675609004008634,0.5375422773393461,0.4117443868739205,0.7740259740259741,0.5375422773393461,oracle_gt_prompt_gt_alignment
crackforest_0014,box+point,crackforest,0.551231135822081,0.7107014848950333,0.5713501646542262,0.9399548532731375,0.7107014848950334,oracle_gt_prompt_gt_alignment
crackforest_0015,box+point,crackforest,0.4541895066562255,0.624663435648896,0.4752150757886112,0.9112333071484682,0.624663435648896,oracle_gt_prompt_gt_alignment
crackforest_0016,box+point,crackforest,0.2098452169500126,0.3468959731543624,0.6522082018927445,0.2362857142857143,0.3468959731543624,oracle_gt_prompt_gt_alignment
crackforest_0017,box+point,crackforest,0.3125915080527086,0.4762967094255438,0.3139705882352941,0.9861431870669746,0.4762967094255437,oracle_gt_prompt_gt_alignment
crackforest_0018,box+point,crackforest,0.6545161290322581,0.7911873659582764,0.6815586160564326,0.9428438661710036,0.7911873659582765,oracle_gt_prompt_gt_alignment
crackforest_0019,box+point,crackforest,0.4903873744619799,0.6580670003850597,0.5072721875927575,0.9364383561643836,0.6580670003850597,oracle_gt_prompt_gt_alignment
crackforest_0020,box+point,crackforest,0.3712801133679735,0.5415087840165346,0.4106583072100313,0.7947421638018201,0.5415087840165346,oracle_gt_prompt_gt_alignment
crackforest_0021,box+point,crackforest,0.0,0.0,0.0,0.0,0.0,oracle_gt_prompt_gt_alignment
crackforest_0022,box+point,crackforest,0.3178861788617886,0.4824182603331277,0.3531005418422637,0.7611940298507462,0.4824182603331277,oracle_gt_prompt_gt_alignment
crackforest_0023,box+point,crackforest,0.3914943198368774,0.5626962528783755,0.3971631205673759,0.964824120603015,0.5626962528783755,oracle_gt_prompt_gt_alignment
crackforest_0000,text+box,crackforest,0.420253164556962,0.5918003565062389,0.4293566117038474,0.9519713261648746,0.5918003565062389,oracle_gt_prompt_gt_alignment
crackforest_0001,text+box,crackforest,0.4403642773207991,0.6114623699775648,0.4500150105073551,0.9535623409669212,0.6114623699775648,oracle_gt_prompt_gt_alignment
crackforest_0002,text+box,crackforest,0.6193458594293667,0.7649333906317146,0.6679174484052532,0.8949220713926597,0.7649333906317146,oracle_gt_prompt_gt_alignment
crackforest_0003,text+box,crackforest,0.4184219921456623,0.5899823810722375,0.4406015037593985,0.8926123381568926,0.5899823810722375,oracle_gt_prompt_gt_alignment
crackforest_0004,text+box,crackforest,0.1483625836801158,0.2583897904521821,0.6083086053412463,0.1640328065613122,0.2583897904521821,oracle_gt_prompt_gt_alignment
crackforest_0005,text+box,crackforest,0.4173148461278322,0.5888809353376282,0.4446846846846847,0.8714689265536724,0.5888809353376282,oracle_gt_prompt_gt_alignment
crackforest_0006,text+box,crackforest,0.4576432514753474,0.6279221627269166,0.7271627344222625,0.5525166628361297,0.6279221627269166,oracle_gt_prompt_gt_alignment
crackforest_0007,text+box,crackforest,0.3454293628808864,0.5134856907556105,0.5135914332784185,0.5133799917661589,0.5134856907556105,oracle_gt_prompt_gt_alignment
crackforest_0008,text+box,crackforest,0.6221579164944192,0.7670744138634047,0.6949896097898869,0.8558430480523174,0.7670744138634048,oracle_gt_prompt_gt_alignment
crackforest_0009,text+box,crackforest,0.4222141823444283,0.5937420503688629,0.4362616822429906,0.929140127388535,0.5937420503688629,oracle_gt_prompt_gt_alignment
crackforest_0010,text+box,crackforest,0.5531361715957102,0.7122829043732999,0.5773405698778833,0.9295466957946478,0.7122829043732999,oracle_gt_prompt_gt_alignment
crackforest_0011,text+box,crackforest,0.508736559139785,0.6743875278396436,0.5213498622589532,0.9546027742749056,0.6743875278396437,oracle_gt_prompt_gt_alignment
crackforest_0012,text+box,crackforest,0.2586176727909011,0.410955095231475,0.2656839834621607,0.9067484662576688,0.410955095231475,oracle_gt_prompt_gt_alignment
crackforest_0013,text+box,crackforest,0.3756168359941945,0.5461067735809243,0.4045014066895905,0.8402597402597403,0.5461067735809243,oracle_gt_prompt_gt_alignment
crackforest_0014,text+box,crackforest,0.551231135822081,0.7107014848950333,0.5713501646542262,0.9399548532731375,0.7107014848950334,oracle_gt_prompt_gt_alignment
crackforest_0015,text+box,crackforest,0.4541895066562255,0.624663435648896,0.4752150757886112,0.9112333071484682,0.624663435648896,oracle_gt_prompt_gt_alignment
crackforest_0016,text+box,crackforest,0.5900822867042009,0.7422034590766716,0.7090814467863649,0.7785714285714286,0.7422034590766717,oracle_gt_prompt_gt_alignment
crackforest_0017,text+box,crackforest,0.3180456757768626,0.4826019031387587,0.3200226031267659,0.98094688221709,0.4826019031387587,oracle_gt_prompt_gt_alignment
crackforest_0018,text+box,crackforest,0.6545161290322581,0.7911873659582764,0.6815586160564326,0.9428438661710036,0.7911873659582765,oracle_gt_prompt_gt_alignment
crackforest_0019,text+box,crackforest,0.4903873744619799,0.6580670003850597,0.5072721875927575,0.9364383561643836,0.6580670003850597,oracle_gt_prompt_gt_alignment
crackforest_0020,text+box,crackforest,0.3712801133679735,0.5415087840165346,0.4106583072100313,0.7947421638018201,0.5415087840165346,oracle_gt_prompt_gt_alignment
crackforest_0021,text+box,crackforest,0.1294073044357386,0.2291596732684346,0.5676274944567627,0.143558110192065,0.2291596732684345,oracle_gt_prompt_gt_alignment
crackforest_0022,text+box,crackforest,0.3178861788617886,0.4824182603331277,0.3531005418422637,0.7611940298507462,0.4824182603331277,oracle_gt_prompt_gt_alignment
crackforest_0023,text+box,crackforest,0.3914943198368774,0.5626962528783755,0.3971631205673759,0.964824120603015,0.5626962528783755,oracle_gt_prompt_gt_alignment
crackforest_0000,unet,crackforest,0.4677011909058102,0.637324809441849,0.4850299401197604,0.9290322580645162,0.637324809441849,supervised_train_val_test
crackforest_0001,unet,crackforest,0.5145700071073206,0.679493195682778,0.5382899628252789,0.921119592875318,0.679493195682778,supervised_train_val_test
crackforest_0002,unet,crackforest,0.5638736263736264,0.7211242863416777,0.6401559454191034,0.8255404725992961,0.7211242863416777,supervised_train_val_test
crackforest_0003,unet,crackforest,0.4458161865569273,0.6166982922201139,0.5273120605732828,0.7425742574257426,0.6166982922201139,supervised_train_val_test
crackforest_0004,unet,crackforest,0.5523238380809595,0.711609039984547,0.6879551820728291,0.7369473894778956,0.711609039984547,supervised_train_val_test
crackforest_0005,unet,crackforest,0.4373376623376623,0.6085385136661396,0.4473596811690468,0.951271186440678,0.6085385136661396,supervised_train_val_test
crackforest_0006,unet,crackforest,0.6279875935048349,0.7714894093914603,0.7528433945756781,0.7910825097678694,0.7714894093914603,supervised_train_val_test
crackforest_0007,unet,crackforest,0.3872576177285318,0.5583067092651757,0.5420705699883676,0.5755454919720049,0.5583067092651758,supervised_train_val_test
crackforest_0008,unet,crackforest,0.3515198752922837,0.5201845444059977,0.3929141861478147,0.7694057435314188,0.5201845444059976,supervised_train_val_test
crackforest_0009,unet,crackforest,0.4749699639567481,0.6440401846320934,0.4886691388545529,0.9442675159235668,0.6440401846320934,supervised_train_val_test
crackforest_0010,unet,crackforest,0.5617504051863857,0.7193856371938564,0.5801807833947105,0.9464773347897324,0.7193856371938564,supervised_train_val_test
crackforest_0011,unet,crackforest,0.5196618890113929,0.6839177750906892,0.5547273440564927,0.8915510718789408,0.6839177750906892,supervised_train_val_test
crackforest_0012,unet,crackforest,0.3928371572467823,0.5640819606267578,0.500594247682434,0.6460122699386504,0.5640819606267576,supervised_train_val_test
crackforest_0013,unet,crackforest,0.3502590673575129,0.5188027628549501,0.6341463414634146,0.4389610389610389,0.5188027628549501,supervised_train_val_test
crackforest_0014,unet,crackforest,0.5828262339418526,0.7364374199060231,0.6988244831779489,0.7783295711060948,0.7364374199060231,supervised_train_val_test
crackforest_0015,unet,crackforest,0.4223918575063613,0.59391771019678,0.478616049975973,0.7824037706205813,0.59391771019678,supervised_train_val_test
crackforest_0016,unet,crackforest,0.4582601755786113,0.6285026269702276,0.509403832505323,0.8202857142857143,0.6285026269702277,supervised_train_val_test
crackforest_0017,unet,crackforest,0.4213256484149856,0.5928629359286294,0.456875,0.8441108545034642,0.5928629359286294,supervised_train_val_test
crackforest_0018,unet,crackforest,0.5009255831173639,0.667488899851998,0.7113564668769716,0.6287174721189591,0.6674888998519981,supervised_train_val_test
crackforest_0019,unet,crackforest,0.4750387596899225,0.6441034265293252,0.5225102319236017,0.8394520547945206,0.6441034265293252,supervised_train_val_test
crackforest_0020,unet,crackforest,0.3366033108522379,0.5036697247706422,0.4609571788413098,0.5551061678463094,0.5036697247706422,supervised_train_val_test
crackforest_0021,unet,crackforest,0.3589251439539347,0.5282485875706214,0.5622725114733343,0.4981073881957101,0.5282485875706215,supervised_train_val_test
crackforest_0022,unet,crackforest,0.3330658105939005,0.4996989765201686,0.4660303200449185,0.5386112913692408,0.4996989765201686,supervised_train_val_test
crackforest_0023,unet,crackforest,0.4455373406193078,0.6164314516129032,0.4749514563106796,0.8779612347451543,0.6164314516129032,supervised_train_val_test
crackforest_0000,deeplabv3plus,crackforest,0.505761316872428,0.6717682426892594,0.5428445229681979,0.8810035842293907,0.6717682426892594,supervised_train_val_test
crackforest_0001,deeplabv3plus,crackforest,0.5254365983295368,0.6888999502239921,0.5658217497955846,0.8804071246819338,0.6888999502239921,supervised_train_val_test
crackforest_0002,deeplabv3plus,crackforest,0.5222953216374269,0.6861944777911164,0.6567095588235294,0.7184514831573655,0.6861944777911164,supervised_train_val_test
crackforest_0003,deeplabv3plus,crackforest,0.4125644631973746,0.5841354132094259,0.5176470588235295,0.6702208682406702,0.5841354132094259,supervised_train_val_test
crackforest_0004,deeplabv3plus,crackforest,0.4885866166353971,0.6564436508770087,0.6910659000442282,0.625125025005001,0.6564436508770087,supervised_train_val_test
crackforest_0005,deeplabv3plus,crackforest,0.4871601208459215,0.6551549009649569,0.5114988104678826,0.9110169491525424,0.6551549009649568,supervised_train_val_test
crackforest_0006,deeplabv3plus,crackforest,0.5822981366459627,0.7360157016683022,0.7892659826361483,0.689496667432774,0.7360157016683022,supervised_train_val_test
crackforest_0007,deeplabv3plus,crackforest,0.2676681461249573,0.4223000269323996,0.6105919003115264,0.3227665706051873,0.4223000269323996,supervised_train_val_test
crackforest_0008,deeplabv3plus,crackforest,0.4116557183762843,0.5832239589547786,0.5024671052631579,0.694910435029855,0.5832239589547785,supervised_train_val_test
crackforest_0009,deeplabv3plus,crackforest,0.4733881436607529,0.6425844346549192,0.5090739879013495,0.8710191082802548,0.6425844346549193,supervised_train_val_test
crackforest_0010,deeplabv3plus,crackforest,0.6066420664206642,0.7551676619200735,0.6516052318668252,0.8978700163844894,0.7551676619200735,supervised_train_val_test
crackforest_0011,deeplabv3plus,crackforest,0.5490623637156563,0.7088963963963963,0.6403865717192269,0.7938209331651954,0.7088963963963965,supervised_train_val_test
crackforest_0012,deeplabv3plus,crackforest,0.4028597367226509,0.5743407215660896,0.6076686066415611,0.5444785276073619,0.5743407215660896,supervised_train_val_test
crackforest_0013,deeplabv3plus,crackforest,0.2762063227953411,0.4328552803129074,0.6544021024967148,0.3233766233766234,0.4328552803129074,supervised_train_val_test
crackforest_0014,deeplabv3plus,crackforest,0.6115910727141829,0.7589903953540317,0.751105216622458,0.7670428893905192,0.7589903953540317,supervised_train_val_test
crackforest_0015,deeplabv3plus,crackforest,0.4750370736529906,0.6441018766756033,0.5616598480420807,0.7549096622152396,0.6441018766756033,supervised_train_val_test
crackforest_0016,deeplabv3plus,crackforest,0.5030452988199468,0.6693681144738508,0.6010916534000454,0.7551428571428571,0.6693681144738508,supervised_train_val_test
crackforest_0017,deeplabv3plus,crackforest,0.4133116883116883,0.5848839880542155,0.4856924837848149,0.7349884526558892,0.5848839880542156,supervised_train_val_test
crackforest_0018,deeplabv3plus,crackforest,0.2150170648464164,0.3539325842696629,0.7241379310344828,0.2342007434944238,0.3539325842696629,supervised_train_val_test
crackforest_0019,deeplabv3plus,crackforest,0.4993089149965445,0.6660520857340401,0.5747812251392204,0.7917808219178082,0.6660520857340401,supervised_train_val_test
crackforest_0020,deeplabv3plus,crackforest,0.3072546230440967,0.470076169749728,0.508833922261484,0.4368048533872599,0.470076169749728,supervised_train_val_test
crackforest_0021,deeplabv3plus,crackforest,0.2268846060014637,0.369854841916882,0.6358974358974359,0.2607598485910556,0.3698548419168821,supervised_train_val_test
crackforest_0022,deeplabv3plus,crackforest,0.3158630328441649,0.4800849707912905,0.4062921348314606,0.5866320571057755,0.4800849707912905,supervised_train_val_test
crackforest_0023,deeplabv3plus,crackforest,0.4421455938697318,0.6131774707757705,0.4867144664698439,0.8284278535534817,0.6131774707757705,supervised_train_val_test
crackforest_0000,yolov8seg,crackforest,0.3603520148216767,0.529792305073204,0.5045395590142672,0.5577060931899641,0.5297923050732039,supervised_train_val_test
crackforest_0001,yolov8seg,crackforest,0.4682651622002821,0.6378482228626321,0.6421663442940039,0.6335877862595419,0.6378482228626321,supervised_train_val_test
crackforest_0002,yolov8seg,crackforest,0.501561802766622,0.6680534918276374,0.8168604651162791,0.5651080945198592,0.6680534918276374,supervised_train_val_test
crackforest_0003,yolov8seg,crackforest,0.3309650680876258,0.4973309608540925,0.597860962566845,0.4257425742574257,0.4973309608540926,supervised_train_val_test
crackforest_0004,yolov8seg,crackforest,0.2090520922288642,0.3458115553044215,0.5884615384615385,0.2448489697939588,0.3458115553044215,supervised_train_val_test
crackforest_0005,yolov8seg,crackforest,0.3105390185036202,0.4739103744628606,0.4191096634093377,0.5451977401129944,0.4739103744628606,supervised_train_val_test
crackforest_0006,yolov8seg,crackforest,0.4233827249728948,0.5948965342135331,0.6644923425978446,0.5384968972649965,0.5948965342135331,supervised_train_val_test
crackforest_0007,yolov8seg,crackforest,0.227882037533512,0.37117903930131,0.7657657657657657,0.2449567723342939,0.37117903930131,supervised_train_val_test
crackforest_0008,yolov8seg,crackforest,0.147121083827265,0.2565048902011441,0.1636577708006279,0.5928348023883993,0.2565048902011441,supervised_train_val_test
crackforest_0009,yolov8seg,crackforest,0.3748211731044349,0.5452653485952134,0.4830977258758451,0.6257961783439491,0.5452653485952133,supervised_train_val_test
crackforest_0010,yolov8seg,crackforest,0.3299319727891156,0.4961636828644501,0.5171800947867299,0.4767886400873839,0.4961636828644502,supervised_train_val_test
crackforest_0011,yolov8seg,crackforest,0.4115884115884116,0.5831564048124558,0.6645161290322581,0.519546027742749,0.5831564048124558,supervised_train_val_test
crackforest_0012,yolov8seg,crackforest,0.3033197993790303,0.4654572109217518,0.5780609922621757,0.3895705521472393,0.4654572109217518,supervised_train_val_test
crackforest_0013,yolov8seg,crackforest,0.0425531914893617,0.0816326530612244,0.2360248447204969,0.0493506493506493,0.0816326530612244,supervised_train_val_test
crackforest_0014,yolov8seg,crackforest,0.4253258845437616,0.5968121243794094,0.7084367245657568,0.5155756207674943,0.5968121243794094,supervised_train_val_test
crackforest_0015,yolov8seg,crackforest,0.387344766410408,0.5583972719522592,0.6104380242311277,0.5145326001571092,0.5583972719522592,supervised_train_val_test
crackforest_0016,yolov8seg,crackforest,0.2872727272727273,0.4463276836158192,0.4217081850533807,0.474,0.4463276836158191,supervised_train_val_test
crackforest_0017,yolov8seg,crackforest,0.3369447453954496,0.5040518638573744,0.4736040609137056,0.5386836027713626,0.5040518638573744,supervised_train_val_test
crackforest_0018,yolov8seg,crackforest,0.1658249158249158,0.2844765342960288,0.6375404530744336,0.183085501858736,0.2844765342960288,supervised_train_val_test
crackforest_0019,yolov8seg,crackforest,0.4111195158850227,0.5826856070758509,0.5703043022035676,0.5956164383561644,0.582685607075851,supervised_train_val_test
crackforest_0020,yolov8seg,crackforest,0.0,0.0,0.0,0.0,0.0,supervised_train_val_test
crackforest_0021,yolov8seg,crackforest,0.2255534064044702,0.3680841736080666,0.4913389513108614,0.2942660872003365,0.3680841736080666,supervised_train_val_test
crackforest_0022,yolov8seg,crackforest,0.2131958762886598,0.3514615907545887,0.3690221270521056,0.3354964308890331,0.3514615907545887,supervised_train_val_test
crackforest_0023,yolov8seg,crackforest,0.4709141274238227,0.64030131826742,0.5120481927710844,0.8542713567839196,0.64030131826742,supervised_train_val_test
deepcrack_0000,text,deepcrack,0.5898070262246413,0.7419856831621537,0.6105514768652894,0.9455314648334214,0.7419856831621537,automatic_text_prompt
deepcrack_0001,text,deepcrack,0.6293851782767774,0.7725431489961254,0.6509125983083544,0.950075806800953,0.7725431489961254,automatic_text_prompt
deepcrack_0002,text,deepcrack,0.613688469318948,0.7606034014458234,0.63021951388408,0.959009483667018,0.7606034014458233,automatic_text_prompt
deepcrack_0003,text,deepcrack,0.4629277566539924,0.6328784925276153,0.4785549132947977,0.9341080898115762,0.6328784925276153,automatic_text_prompt
deepcrack_0004,text,deepcrack,0.6397345412409143,0.7802903764615187,0.6760547701213403,0.9225277229226796,0.7802903764615187,automatic_text_prompt
deepcrack_0005,text,deepcrack,0.6468799768350948,0.7855824175824175,0.6643866171003717,0.9608602150537634,0.7855824175824176,automatic_text_prompt
deepcrack_0006,text,deepcrack,0.6318215613382899,0.7743757973391653,0.6439830251591392,0.9709780621572212,0.7743757973391653,automatic_text_prompt
deepcrack_0007,text,deepcrack,0.7054263565891473,0.8272727272727273,0.8609625668449198,0.7961201977938379,0.8272727272727273,automatic_text_prompt
deepcrack_0008,text,deepcrack,0.7312177121771217,0.8447437974251855,0.9064958828911254,0.7908684546615581,0.8447437974251855,automatic_text_prompt
deepcrack_0009,text,deepcrack,0.6261915569677712,0.77013258897418,0.6398423005565863,0.9670522257273044,0.7701325889741801,automatic_text_prompt
deepcrack_0010,text,deepcrack,0.5756871325037605,0.7307124880673436,0.6042773073058705,0.9240561896400352,0.7307124880673435,automatic_text_prompt
deepcrack_0011,text,deepcrack,0.7234913793103448,0.8395648368138052,0.7876583763491318,0.8987951807228916,0.8395648368138052,automatic_text_prompt
deepcrack_0012,text,deepcrack,0.7265539723279346,0.8416232379325075,0.9361055152229276,0.7644648621802831,0.8416232379325075,automatic_text_prompt
deepcrack_0013,text,deepcrack,0.7424205967276227,0.8521715114271905,0.8077753779697624,0.9017315701030174,0.8521715114271905,automatic_text_prompt
deepcrack_0014,text,deepcrack,0.7521026809181707,0.8585143885791434,0.8579781120383789,0.8590513359351546,0.8585143885791435,automatic_text_prompt
deepcrack_0015,text,deepcrack,0.7951887105175924,0.885910997388483,0.923398405279076,0.8513486108294464,0.8859109973884829,automatic_text_prompt
deepcrack_0016,text,deepcrack,0.7180784383954155,0.8359087947882736,0.9295276731382208,0.7594223484848485,0.8359087947882736,automatic_text_prompt
deepcrack_0017,text,deepcrack,0.7242972660762418,0.8401071907101385,0.8690776209677419,0.8130058939096267,0.8401071907101384,automatic_text_prompt
deepcrack_0018,text,deepcrack,0.6747381242387333,0.8057834409728283,0.7755067756747676,0.8385202228142408,0.8057834409728283,automatic_text_prompt
deepcrack_0019,text,deepcrack,0.6956063797773097,0.8204809654805217,0.8660547021356313,0.7794638340920587,0.8204809654805219,automatic_text_prompt
deepcrack_0020,text,deepcrack,0.7057288893621553,0.8274807254112433,0.9087481146304676,0.7595553263423299,0.8274807254112432,automatic_text_prompt
deepcrack_0021,text,deepcrack,0.7151492606714406,0.8339207287317681,0.9404427051485876,0.7490746152347555,0.8339207287317681,automatic_text_prompt
deepcrack_0022,text,deepcrack,0.7426354182834084,0.8523130087817739,0.9191992930418412,0.7945005313496281,0.8523130087817737,automatic_text_prompt
deepcrack_0023,text,deepcrack,0.7661768782922096,0.8676105861300348,0.8533843873517787,0.8823191367090224,0.8676105861300349,automatic_text_prompt
deepcrack_0024,text,deepcrack,0.6872211697121555,0.8146189510286873,0.8551981139250133,0.7777163012656477,0.8146189510286874,automatic_text_prompt
deepcrack_0025,text,deepcrack,0.6737892848787336,0.8051064622839305,0.7513696843203757,0.8671216378964272,0.8051064622839306,automatic_text_prompt
deepcrack_0026,text,deepcrack,0.7083739996096038,0.8292961608775137,0.770324771810656,0.8980450383568424,0.8292961608775138,automatic_text_prompt
deepcrack_0027,text,deepcrack,0.4896661367249602,0.6574172892209178,0.4911568570600174,0.9938398357289528,0.6574172892209178,automatic_text_prompt
deepcrack_0028,text,deepcrack,0.6660022148394241,0.7995214038819463,0.6980442226220185,0.9355215057945088,0.7995214038819463,automatic_text_prompt
deepcrack_0029,text,deepcrack,0.7026312553793188,0.8253475356562556,0.9661031276415892,0.7203907973526631,0.8253475356562557,automatic_text_prompt
deepcrack_0030,text,deepcrack,0.8546583213626103,0.9216342563137948,0.9999399759903962,0.854702170232415,0.9216342563137948,automatic_text_prompt
deepcrack_0031,text,deepcrack,0.8695692622569542,0.930234872611465,0.9988245351570848,0.8704600484261501,0.9302348726114648,automatic_text_prompt
deepcrack_0032,text,deepcrack,0.6169573060733614,0.7631089624395686,0.6515664690939882,0.9207298833383188,0.7631089624395686,automatic_text_prompt
deepcrack_0033,text,deepcrack,0.691826643397324,0.8178457835468065,0.7130864937790437,0.9586860137041516,0.8178457835468064,automatic_text_prompt
deepcrack_0034,text,deepcrack,0.5695600475624257,0.7257575757575757,0.5768999156931229,0.9781498876863386,0.7257575757575758,automatic_text_prompt
deepcrack_0035,text,deepcrack,0.4757464757464757,0.6447536667920271,0.4794183445190156,0.9841561423650976,0.6447536667920271,automatic_text_prompt
deepcrack_0036,text,deepcrack,0.5489476950854821,0.7088008159696926,0.6221383808671186,0.8235144743524632,0.7088008159696925,automatic_text_prompt
deepcrack_0037,text,deepcrack,0.5953098160272847,0.7463250210667582,0.93975477481726,0.618930531110881,0.7463250210667582,automatic_text_prompt
deepcrack_0038,text,deepcrack,0.6594399490433839,0.7947741036649513,0.9278388156802868,0.69508889717767,0.7947741036649512,automatic_text_prompt
deepcrack_0039,text,deepcrack,0.3044952335367556,0.4668399327319981,0.5891568589619911,0.3865805798202304,0.4668399327319982,automatic_text_prompt
deepcrack_0040,text,deepcrack,0.3632347527303963,0.5329012512377351,0.3743518401416466,0.924422236102436,0.5329012512377351,automatic_text_prompt
deepcrack_0041,text,deepcrack,0.7067703082718735,0.8281961607212248,0.8052289557201149,0.852512,0.8281961607212248,automatic_text_prompt
deepcrack_0042,text,deepcrack,0.7748397650781732,0.8731377111601342,0.8733488498624671,0.8729266745218889,0.8731377111601342,automatic_text_prompt
deepcrack_0043,text,deepcrack,0.8029370629370629,0.8906989372430377,0.9298671849692258,0.8546970373678726,0.8906989372430377,automatic_text_prompt
deepcrack_0044,text,deepcrack,0.6863676624526934,0.8140190039631381,0.907001489678655,0.7383282806409701,0.814019003963138,automatic_text_prompt
deepcrack_0045,text,deepcrack,0.8305324606403679,0.9074217240046386,0.8510059815116912,0.9718484785758642,0.9074217240046384,automatic_text_prompt
deepcrack_0046,text,deepcrack,0.6179080084053233,0.763835774586911,0.627430061640588,0.9760280287663656,0.7638357745869111,automatic_text_prompt
deepcrack_0047,text,deepcrack,0.5814072276848423,0.7353036175710594,0.5960984550929562,0.9593341761483356,0.7353036175710593,automatic_text_prompt
deepcrack_0048,text,deepcrack,0.6120867143030156,0.7593719480129216,0.6224904544894692,0.9734206471494607,0.7593719480129217,automatic_text_prompt
deepcrack_0049,text,deepcrack,0.8136623748211731,0.897258923289292,0.8342500916758343,0.9705631399317406,0.897258923289292,automatic_text_prompt
deepcrack_0050,text,deepcrack,0.6691844834208168,0.8018100935726339,0.6779507133592737,0.9810435435435436,0.801810093572634,automatic_text_prompt
deepcrack_0051,text,deepcrack,0.527923866766842,0.6910342566792329,0.5362503179852455,0.9714285714285714,0.6910342566792329,automatic_text_prompt
deepcrack_0052,text,deepcrack,0.5851348068982268,0.7382776585963837,0.592619926199262,0.9788703778951644,0.7382776585963837,automatic_text_prompt
deepcrack_0053,text,deepcrack,0.7698564593301436,0.8699648553663152,0.8024937655860349,0.9498229043683588,0.8699648553663153,automatic_text_prompt
deepcrack_0054,text,deepcrack,0.7758897818599311,0.873803982415309,0.8217412451361867,0.9329099944781888,0.8738039824153091,automatic_text_prompt
deepcrack_0055,text,deepcrack,0.7676104036846383,0.8685289496877036,0.9210825747724316,0.8216486623649677,0.8685289496877034,automatic_text_prompt
deepcrack_0056,text,deepcrack,0.5049812030075188,0.6710797477049897,0.5521529133696434,0.8553008595988538,0.6710797477049897,automatic_text_prompt
deepcrack_0057,text,deepcrack,0.4175584621482362,0.5891234447085139,0.4331825657894737,0.9204892966360856,0.589123444708514,automatic_text_prompt
deepcrack_0058,text,deepcrack,0.3489765351972042,0.5173945225758697,0.3580942622950819,0.932,0.5173945225758697,automatic_text_prompt
deepcrack_0059,text,deepcrack,0.7697933227344992,0.8699245418613007,0.8548728813559322,0.8855157278712509,0.8699245418613006,automatic_text_prompt
deepcrack_0060,text,deepcrack,0.7929608713190803,0.8845266887901457,0.8932182210610019,0.8760026737967914,0.8845266887901456,automatic_text_prompt
deepcrack_0061,text,deepcrack,0.8354382893585094,0.9103420084480176,0.946719569222049,0.8766566067445217,0.9103420084480176,automatic_text_prompt
deepcrack_0062,text,deepcrack,0.7622023809523809,0.8650565782806958,0.8290038035121793,0.9043877460934052,0.8650565782806958,automatic_text_prompt
deepcrack_0063,text,deepcrack,0.7733172108020959,0.8721701972906628,0.8549910873440285,0.8900538133234366,0.8721701972906628,automatic_text_prompt
deepcrack_0064,text,deepcrack,0.6700889801505818,0.8024590163934426,0.7148967243897351,0.9144649052575392,0.8024590163934426,automatic_text_prompt
deepcrack_0065,text,deepcrack,0.7265851153235596,0.8416441319632234,0.8092563702548102,0.8767323943661972,0.8416441319632234,automatic_text_prompt
deepcrack_0066,text,deepcrack,0.5517804011901334,0.7111578426521524,0.6453749438706781,0.7918732782369146,0.7111578426521524,automatic_text_prompt
deepcrack_0067,text,deepcrack,0.779967878522412,0.8763842178656386,0.825019305019305,0.9345696291112666,0.8763842178656387,automatic_text_prompt
deepcrack_0068,text,deepcrack,0.6655896607431341,0.7992240543161979,0.6727029835238236,0.9843614248479584,0.7992240543161979,automatic_text_prompt
deepcrack_0069,text,deepcrack,0.0,0.0,0.0,0.0,0.0,automatic_text_prompt
deepcrack_0070,text,deepcrack,0.7107291453516131,0.8309078585383358,0.7398466344788412,0.9475311448576884,0.8309078585383357,automatic_text_prompt
deepcrack_0071,text,deepcrack,0.6081724231710633,0.7563522597556336,0.6254807356128942,0.9564798973481607,0.7563522597556335,automatic_text_prompt
deepcrack_0072,text,deepcrack,0.6724710396222239,0.8041646446375789,0.6866053940033148,0.9702970297029704,0.8041646446375789,automatic_text_prompt
deepcrack_0073,text,deepcrack,0.467535739026387,0.6371711796764365,0.47193439705041,0.9804543053354464,0.6371711796764365,automatic_text_prompt
deepcrack_0074,text,deepcrack,0.6485447076304519,0.7868087588144849,0.6702194923674465,0.9525032092426188,0.7868087588144851,automatic_text_prompt
deepcrack_0075,text,deepcrack,0.6371084686774942,0.7783338500376455,0.6504552520541861,0.968798235942668,0.7783338500376457,automatic_text_prompt
deepcrack_0076,text,deepcrack,0.6837418300653595,0.8121694405356883,0.6946381142098274,0.9775727134680527,0.8121694405356883,automatic_text_prompt
deepcrack_0077,text,deepcrack,0.5935560859188544,0.7449453347311666,0.6023979653627225,0.9758681577398468,0.7449453347311666,automatic_text_prompt
deepcrack_0078,text,deepcrack,0.5981488623216352,0.7485521235521235,0.6053864168618267,0.9804045512010112,0.7485521235521235,automatic_text_prompt
deepcrack_0079,text,deepcrack,0.738395225464191,0.8495136372305931,0.8353338334583645,0.8641831587116803,0.8495136372305931,automatic_text_prompt
deepcrack_0080,text,deepcrack,0.726350425006855,0.8414866581956798,0.8688094457199081,0.8158299969202341,0.8414866581956798,automatic_text_prompt
deepcrack_0081,text,deepcrack,0.8131178909322845,0.8969277673545967,0.9037098298676748,0.8902467411545624,0.8969277673545967,automatic_text_prompt
deepcrack_0082,text,deepcrack,0.7835316515944788,0.8786293766011956,0.9251433067326064,0.8365687569874988,0.8786293766011954,automatic_text_prompt
deepcrack_0083,text,deepcrack,0.7509242632301679,0.857746138996139,0.92444733420026,0.8000225073148773,0.8577461389961389,automatic_text_prompt
deepcrack_0084,text,deepcrack,0.8696510178645617,0.9302816510193878,0.9378360215053764,0.9228480105808444,0.9302816510193878,automatic_text_prompt
deepcrack_0085,text,deepcrack,0.7660386965376782,0.8675219835663832,0.968978102189781,0.7852979556328838,0.8675219835663832,automatic_text_prompt
deepcrack_0086,text,deepcrack,0.8142885731438864,0.8976395323185529,0.945399628252788,0.8544729105417892,0.8976395323185529,automatic_text_prompt
deepcrack_0087,text,deepcrack,0.7694986072423399,0.8697363242817788,0.8859490879935858,0.8541062801932368,0.8697363242817787,automatic_text_prompt
deepcrack_0088,text,deepcrack,0.800543970988214,0.8892245720040282,0.9420341394025604,0.8420216147488875,0.8892245720040282,automatic_text_prompt
deepcrack_0089,text,deepcrack,0.2199548617641527,0.360595082093579,0.2216641394996209,0.966129698471706,0.360595082093579,automatic_text_prompt
deepcrack_0090,text,deepcrack,0.2763976928787619,0.4330902420473357,0.279736446653566,0.9586056644880174,0.4330902420473356,automatic_text_prompt
deepcrack_0091,text,deepcrack,0.6173206190401751,0.7633868161608351,0.8037040805942811,0.7269213069489185,0.7633868161608351,automatic_text_prompt
deepcrack_0092,text,deepcrack,0.5236504686994936,0.6873629870589067,0.9790491539081386,0.5295848316443282,0.6873629870589067,automatic_text_prompt
deepcrack_0093,text,deepcrack,0.7628665760341814,0.8654841908119423,0.9881761006289308,0.7698941591532732,0.8654841908119423,automatic_text_prompt
deepcrack_0094,text,deepcrack,0.5153989251756924,0.6802155084225602,0.7401306025526863,0.6292744479495268,0.6802155084225602,automatic_text_prompt
deepcrack_0095,text,deepcrack,0.6491951062459755,0.7872872091207247,0.9234291994870856,0.6861303933578331,0.7872872091207247,automatic_text_prompt
deepcrack_0096,text,deepcrack,0.803246594338853,0.8908893513073374,0.9047225284821756,0.8774728212439851,0.8908893513073374,automatic_text_prompt
deepcrack_0097,text,deepcrack,0.8223780786168651,0.9025328917927146,0.8917580474000707,0.9135712991483964,0.9025328917927145,automatic_text_prompt
deepcrack_0098,text,deepcrack,0.8139669901302148,0.8974441040647433,0.8923440625568285,0.902602777522303,0.8974441040647433,automatic_text_prompt
deepcrack_0099,text,deepcrack,0.8279782501235788,0.905895078420768,0.904020868939462,0.9077770752416222,0.905895078420768,automatic_text_prompt
deepcrack_0100,text,deepcrack,0.8236063429785843,0.9032720753025548,0.9053823344415493,0.901171630444504,0.9032720753025548,automatic_text_prompt
deepcrack_0101,text,deepcrack,0.276329614249262,0.4330066640533124,0.2785314438448736,0.9721879950712904,0.4330066640533124,automatic_text_prompt
deepcrack_0102,text,deepcrack,0.7584958542566858,0.8626643644574312,0.8165702791048529,0.9142736486486488,0.8626643644574312,automatic_text_prompt
deepcrack_0103,text,deepcrack,0.7355653030167397,0.8476377140499278,0.7533003300330033,0.9689858490566038,0.8476377140499277,automatic_text_prompt
deepcrack_0104,text,deepcrack,0.8839795918367347,0.9384173752911228,0.9396897711248507,0.937148420597144,0.9384173752911228,automatic_text_prompt
deepcrack_0105,text,deepcrack,0.8503649635036497,0.9191321499013808,0.9986903202762234,0.8513143205115193,0.9191321499013808,automatic_text_prompt
deepcrack_0106,text,deepcrack,0.9001654179235186,0.9474600573535435,0.9912139719275688,0.9074055909759686,0.9474600573535435,automatic_text_prompt
deepcrack_0107,text,deepcrack,0.3019192913385827,0.4638064638064638,0.3053758088601294,0.9638648860958366,0.4638064638064638,automatic_text_prompt
deepcrack_0108,text,deepcrack,0.2726827676240209,0.4285164764713425,0.2744292987354245,0.9771929824561404,0.4285164764713425,automatic_text_prompt
deepcrack_0109,text,deepcrack,0.6955141768937791,0.8204168226631724,0.8078946074816891,0.8333333333333334,0.8204168226631723,automatic_text_prompt
deepcrack_0110,text,deepcrack,0.7487297164399279,0.8563126816008998,1.0,0.7487297164399279,0.8563126816008999,automatic_text_prompt
deepcrack_0111,text,deepcrack,0.6803743245024384,0.8097890030590634,0.8026121433569152,0.8170953700039573,0.8097890030590634,automatic_text_prompt
deepcrack_0112,text,deepcrack,0.6588752058985018,0.7943637997068419,0.996323093345985,0.6604812077370655,0.7943637997068418,automatic_text_prompt
deepcrack_0113,text,deepcrack,0.8600489575419937,0.924759484479942,0.9243400163294928,0.9251793335149368,0.924759484479942,automatic_text_prompt
deepcrack_0114,text,deepcrack,0.8675152834770957,0.9290582959641256,0.9054278472161524,0.9539552444976516,0.9290582959641256,automatic_text_prompt
deepcrack_0115,text,deepcrack,0.8392083212944236,0.9125756028591628,0.9614366103939092,0.8684407235760203,0.9125756028591626,automatic_text_prompt
deepcrack_0116,text,deepcrack,0.8054929016850205,0.8922692533803644,0.8946360153256705,0.8899149809440047,0.8922692533803646,automatic_text_prompt
deepcrack_0117,text,deepcrack,0.8276796642769715,0.9057163358048314,0.8970058745499336,0.9145976234180272,0.9057163358048312,automatic_text_prompt
deepcrack_0118,text,deepcrack,0.4547920433996383,0.6252330640149161,0.4642898350063459,0.9569560047562424,0.6252330640149161,automatic_text_prompt
deepcrack_0119,text,deepcrack,0.8309090909090909,0.9076464746772592,0.8596284975311544,0.9613463055482514,0.9076464746772592,automatic_text_prompt
deepcrack_0120,text,deepcrack,0.7343415608503353,0.8468246133596578,0.8979413817166783,0.801214196762142,0.8468246133596579,automatic_text_prompt
deepcrack_0121,text,deepcrack,0.7715545395166558,0.8710480228592496,0.945945945945946,0.8071404168090195,0.8710480228592498,automatic_text_prompt
deepcrack_0122,text,deepcrack,0.7968904244817374,0.8869660760884494,0.9250823664231486,0.8518665083762037,0.8869660760884495,automatic_text_prompt
deepcrack_0123,text,deepcrack,0.7686644545831605,0.8692032596587911,0.969907104540102,0.7874442319949012,0.8692032596587911,automatic_text_prompt
deepcrack_0124,text,deepcrack,0.8048085485307213,0.8918492204460233,0.8495957886820831,0.9385254413291796,0.8918492204460232,automatic_text_prompt
deepcrack_0125,text,deepcrack,0.7737629049483802,0.8724535875564475,0.8354795310397848,0.9128517429651408,0.8724535875564476,automatic_text_prompt
deepcrack_0126,text,deepcrack,0.8060344827586207,0.8926014319809069,0.9717521652231844,0.8253734721593481,0.8926014319809069,automatic_text_prompt
deepcrack_0127,text,deepcrack,0.7873214285714286,0.8810070936157458,0.9883434207576776,0.7947007930785869,0.8810070936157458,automatic_text_prompt
deepcrack_0128,text,deepcrack,0.761996161228407,0.8649237472766884,0.98723474801061,0.7695787025071078,0.8649237472766884,automatic_text_prompt
deepcrack_0129,text,deepcrack,0.7897483118477594,0.8825244383467673,0.96948003014318,0.8098835379288637,0.8825244383467674,automatic_text_prompt
deepcrack_0130,text,deepcrack,0.8504232397075798,0.91916619015439,0.9858385370205174,0.8609406952965235,0.91916619015439,automatic_text_prompt
deepcrack_0131,text,deepcrack,0.8643185564327232,0.9272219637040484,0.9919354838709676,0.870435086493098,0.9272219637040484,automatic_text_prompt
deepcrack_0132,text,deepcrack,0.8202389572773353,0.9012431626056688,0.9516908212560388,0.8558745749905553,0.9012431626056688,automatic_text_prompt
deepcrack_0133,text,deepcrack,0.8430427493713327,0.914837976122797,0.8820434115325586,0.9501653282947568,0.914837976122797,automatic_text_prompt
deepcrack_0134,text,deepcrack,0.3192087341908983,0.4839396919042937,0.3213275299238302,0.9797611147976112,0.4839396919042937,automatic_text_prompt
deepcrack_0135,text,deepcrack,0.4981742305685968,0.665041782729805,0.5032938076416338,0.9799897383273474,0.665041782729805,automatic_text_prompt
deepcrack_0136,text,deepcrack,0.7891053306893736,0.88212283218151,0.9563189143341816,0.8186108422071636,0.88212283218151,automatic_text_prompt
deepcrack_0137,text,deepcrack,0.6585933861201677,0.7941589441168211,0.6820209815507055,0.9504284994118636,0.7941589441168211,automatic_text_prompt
deepcrack_0138,text,deepcrack,0.6263574064312072,0.770258005963957,0.6453399956550077,0.955144694533762,0.770258005963957,automatic_text_prompt
deepcrack_0139,text,deepcrack,0.7098739046804873,0.8303231048059496,0.8385508709921737,0.8222552296076248,0.8303231048059497,automatic_text_prompt
deepcrack_0140,text,deepcrack,0.7559006211180124,0.8609833746020517,0.8103429142159583,0.9183750471638789,0.8609833746020515,automatic_text_prompt
deepcrack_0141,text,deepcrack,0.7662505887894488,0.8676578438562571,0.7782561894510226,0.9802651401024404,0.867657843856257,automatic_text_prompt
deepcrack_0142,text,deepcrack,0.7087118565105986,0.8295276395610388,0.7242323256367531,0.9706492263518902,0.8295276395610387,automatic_text_prompt
deepcrack_0143,text,deepcrack,0.562529719448407,0.7200243457090688,0.5681126940931647,0.9828302409304902,0.7200243457090687,automatic_text_prompt
deepcrack_0144,text,deepcrack,0.5353124251855399,0.6973335412443474,0.5427184466019418,0.9751417357174008,0.6973335412443475,automatic_text_prompt
deepcrack_0145,text,deepcrack,0.5545345585297643,0.7134412747365716,0.5823776223776224,0.9206279018350652,0.7134412747365715,automatic_text_prompt
deepcrack_0146,text,deepcrack,0.6892439243924392,0.8160383641934195,0.7009153318077803,0.976410583359898,0.8160383641934195,automatic_text_prompt
deepcrack_0147,text,deepcrack,0.8002367175170962,0.8890349915990942,0.9638840487882148,0.824972885032538,0.8890349915990942,automatic_text_prompt
deepcrack_0148,text,deepcrack,0.6586840832123851,0.7942248796849934,0.7021660649819494,0.914065122524337,0.7942248796849934,automatic_text_prompt
deepcrack_0149,text,deepcrack,0.8164417177914111,0.8989462307484464,0.8700313807531381,0.9298490776970374,0.8989462307484464,automatic_text_prompt
deepcrack_0150,text,deepcrack,0.6835854227997158,0.8120590895387398,0.7206763698630136,0.9299820466786356,0.8120590895387398,automatic_text_prompt
deepcrack_0151,text,deepcrack,0.6662706270627062,0.7997147837109808,0.6947006194081211,0.9421317901810716,0.7997147837109809,automatic_text_prompt
deepcrack_0152,text,deepcrack,0.6049470523154734,0.7538529715889507,0.7026158788435062,0.8131506267261526,0.7538529715889507,automatic_text_prompt
deepcrack_0153,text,deepcrack,0.6150767178118746,0.761668731928955,0.6866505306274436,0.8550892650127522,0.761668731928955,automatic_text_prompt
deepcrack_0154,text,deepcrack,0.7391446294482533,0.8500093861460485,0.7987769022697871,0.908264241775876,0.8500093861460484,automatic_text_prompt
deepcrack_0155,text,deepcrack,0.7528230865746549,0.8589835361488904,0.9113347256502752,0.8123201895413775,0.8589835361488903,automatic_text_prompt
deepcrack_0156,text,deepcrack,0.8201304753028891,0.9011776753712236,0.8403361344537815,0.9715168911459484,0.9011776753712236,automatic_text_prompt
deepcrack_0157,text,deepcrack,0.7343767721447204,0.8468480251111692,0.7774042502101093,0.9299152664081574,0.8468480251111692,automatic_text_prompt
deepcrack_0158,text,deepcrack,0.7544308596341579,0.8600291718437686,0.7968765642206427,0.9340530391926778,0.8600291718437686,automatic_text_prompt
deepcrack_0159,text,deepcrack,0.747867298578199,0.8557483731019523,0.7679579521121277,0.9662013225569436,0.8557483731019523,automatic_text_prompt
deepcrack_0160,text,deepcrack,0.8990511814615455,0.946842497177584,0.9942992634446576,0.9037094777385484,0.946842497177584,automatic_text_prompt
deepcrack_0161,text,deepcrack,0.922112475853774,0.9594781652350344,0.9995654063450674,0.922482316050463,0.9594781652350342,automatic_text_prompt
deepcrack_0162,text,deepcrack,0.805546357615894,0.8923020494246022,0.9994864420706656,0.805879917184265,0.8923020494246023,automatic_text_prompt
deepcrack_0163,text,deepcrack,0.9040803897685749,0.9496241803934112,0.9984146810146042,0.905380091483337,0.9496241803934112,automatic_text_prompt
deepcrack_0164,text,deepcrack,0.8291689386406645,0.9066072806340744,0.996184971098266,0.8318102838020465,0.9066072806340744,automatic_text_prompt
deepcrack_0165,text,deepcrack,0.6688767652509854,0.8015891636557021,0.7598374996293331,0.8481959616021185,0.8015891636557021,automatic_text_prompt
deepcrack_0166,text,deepcrack,0.7628598665395615,0.865479872812615,0.815606017367198,0.9218505206893374,0.865479872812615,automatic_text_prompt
deepcrack_0167,text,deepcrack,0.8059092106418474,0.8925246140756047,0.9313546423135464,0.8568028004667445,0.8925246140756047,automatic_text_prompt
deepcrack_0168,text,deepcrack,0.2638022638022638,0.4174739535733869,0.2658905704307334,0.9710884353741496,0.4174739535733869,automatic_text_prompt
deepcrack_0169,text,deepcrack,0.4231767519975571,0.5946931769417823,0.5289776703352631,0.6790526745610453,0.5946931769417824,automatic_text_prompt
deepcrack_0170,text,deepcrack,0.7554167325636565,0.860669399522501,0.9560648518815053,0.7825837634144344,0.8606693995225011,automatic_text_prompt
deepcrack_0171,text,deepcrack,0.7477396021699819,0.8556647697878945,0.781294284364667,0.94568324757004,0.8556647697878944,automatic_text_prompt
deepcrack_0172,text,deepcrack,0.6178766588602654,0.7638118214716526,0.6449378692198003,0.9364093463472344,0.7638118214716525,automatic_text_prompt
deepcrack_0173,text,deepcrack,0.4812558091500568,0.6497943247577216,0.4866332497911445,0.9775540172015944,0.6497943247577215,automatic_text_prompt
deepcrack_0174,text,deepcrack,0.4889643463497453,0.6567844925883695,0.4897959183673469,0.9965397923875432,0.6567844925883695,automatic_text_prompt
deepcrack_0175,text,deepcrack,0.3261954261954262,0.4919266342686941,0.3267388588088296,0.9949270767279644,0.4919266342686942,automatic_text_prompt
deepcrack_0176,text,deepcrack,0.3391079985256174,0.506468483347096,0.3412462908011869,0.9818569903948772,0.506468483347096,automatic_text_prompt
deepcrack_0177,text,deepcrack,0.4416304872165943,0.6126819474652836,0.4466943156867529,0.9749733759318424,0.6126819474652836,automatic_text_prompt
deepcrack_0178,text,deepcrack,0.4932726806765761,0.6606598875874201,0.506246712256707,0.9506111865662428,0.6606598875874202,automatic_text_prompt
deepcrack_0179,text,deepcrack,0.458315002199736,0.6285541896070593,0.4677292625434953,0.9579310344827586,0.6285541896070593,automatic_text_prompt
deepcrack_0180,text,deepcrack,0.8384100669130131,0.912103433289874,0.8588235294117647,0.9724313680064868,0.912103433289874,automatic_text_prompt
deepcrack_0181,text,deepcrack,0.7721933371846716,0.8714549603390199,0.8011988011988012,0.955216769890424,0.8714549603390198,automatic_text_prompt
deepcrack_0182,text,deepcrack,0.8562320032908268,0.9225484764542936,0.9038211029092488,0.9420683412536772,0.9225484764542936,automatic_text_prompt
deepcrack_0183,text,deepcrack,0.6633702144325859,0.797621850718154,0.6949430710842137,0.9359027489984804,0.7976218507181541,automatic_text_prompt
deepcrack_0184,text,deepcrack,0.6722264990163374,0.8039897698209719,0.7119949266171408,0.9232847744360902,0.8039897698209718,automatic_text_prompt
deepcrack_0185,text,deepcrack,0.7323364912681201,0.8454898860117283,0.8414426229508196,0.8495762711864406,0.8454898860117281,automatic_text_prompt
deepcrack_0186,text,deepcrack,0.7440891472868217,0.8532696260903384,0.8589485458612975,0.8476653052213269,0.8532696260903384,automatic_text_prompt
deepcrack_0187,text,deepcrack,0.8081464630050915,0.8938949134263975,0.9506817892188096,0.8435097241067391,0.8938949134263975,automatic_text_prompt
deepcrack_0188,text,deepcrack,0.7339792225983425,0.8465836418714238,0.7988819717951976,0.9003436426116839,0.8465836418714238,automatic_text_prompt
deepcrack_0189,text,deepcrack,0.6993835171966256,0.8231026252983293,0.907578947368421,0.7530131004366812,0.8231026252983292,automatic_text_prompt
deepcrack_0190,text,deepcrack,0.8224114525484388,0.9025529897744972,0.8779973649538867,0.9285216664344432,0.9025529897744972,automatic_text_prompt
deepcrack_0191,text,deepcrack,0.6032193158953723,0.7525100401606426,0.6378723404255319,0.9173806609547124,0.7525100401606425,automatic_text_prompt
deepcrack_0192,text,deepcrack,0.7089337175792507,0.8296795952782462,0.7468948385316037,0.933103448275862,0.8296795952782462,automatic_text_prompt
deepcrack_0193,text,deepcrack,0.7244877257050112,0.8402352941176471,0.8325950104919562,0.8480170980764664,0.840235294117647,automatic_text_prompt
deepcrack_0194,text,deepcrack,0.8246141511324915,0.9038778424695156,0.8768115942028986,0.9326683291770572,0.9038778424695156,automatic_text_prompt
deepcrack_0195,text,deepcrack,0.6793948126801153,0.8090948090948091,0.6848220769789397,0.9884696016771488,0.8090948090948091,automatic_text_prompt
deepcrack_0196,text,deepcrack,0.74299557615336,0.8525501571186851,0.7791031588248288,0.941286362423272,0.8525501571186851,automatic_text_prompt
deepcrack_0197,text,deepcrack,0.763268576006409,0.8657428441617446,0.7815832649712879,0.970213849287169,0.8657428441617447,automatic_text_prompt
deepcrack_0198,text,deepcrack,0.4503553299492386,0.621027579448411,0.4894086496028244,0.8494829567215626,0.621027579448411,automatic_text_prompt
deepcrack_0199,text,deepcrack,0.579891724671307,0.734090464068925,0.6369892107722368,0.8661199029686959,0.7340904640689251,automatic_text_prompt
deepcrack_0200,text,deepcrack,0.6082243633860978,0.7563924253771264,0.6716701501045031,0.8655729676787464,0.7563924253771264,automatic_text_prompt
deepcrack_0201,text,deepcrack,0.5209323523666906,0.6850171232876713,0.5606867554309741,0.8801980198019802,0.6850171232876713,automatic_text_prompt
deepcrack_0202,text,deepcrack,0.4025659301496793,0.5740420774468951,0.4486812837623133,0.7966149506346968,0.5740420774468951,automatic_text_prompt
deepcrack_0203,text,deepcrack,0.4373612652608213,0.6085613628685874,0.4920783579177398,0.7972938796155792,0.6085613628685874,automatic_text_prompt
deepcrack_0204,text,deepcrack,0.4172736017589666,0.588839870073205,0.4817165067026255,0.7572319201995013,0.588839870073205,automatic_text_prompt
deepcrack_0205,text,deepcrack,0.5548523206751055,0.7137042062415196,0.5892657093390365,0.904769351055512,0.7137042062415196,automatic_text_prompt
deepcrack_0206,text,deepcrack,0.4266282250314186,0.59809306663903,0.4550902925636779,0.8721474988665558,0.59809306663903,automatic_text_prompt
deepcrack_0207,text,deepcrack,0.5132219444809893,0.6783168144670492,0.5222222222222223,0.9675099206349206,0.6783168144670493,automatic_text_prompt
deepcrack_0208,text,deepcrack,0.542652139250598,0.7035314384151593,0.5567825494205862,0.9553216374269006,0.7035314384151594,automatic_text_prompt
deepcrack_0209,text,deepcrack,0.4001328241739996,0.5715640934424285,0.4026060808553291,0.984879444217409,0.5715640934424285,automatic_text_prompt
deepcrack_0210,text,deepcrack,0.4266245309105274,0.5980894365222207,0.4432132963988919,0.9193445413917856,0.5980894365222207,automatic_text_prompt
deepcrack_0211,text,deepcrack,0.4876122638587798,0.6555636515041116,0.5396743787489289,0.8348356309650053,0.6555636515041117,automatic_text_prompt
deepcrack_0212,text,deepcrack,0.2962172647914646,0.4570487877880874,0.3051558752997602,0.9100119189511324,0.4570487877880874,automatic_text_prompt
deepcrack_0213,text,deepcrack,0.5256251547412726,0.6890619928594612,0.5515001948304975,0.918054054054054,0.6890619928594611,automatic_text_prompt
deepcrack_0214,text,deepcrack,0.4720398735716022,0.6413411512098439,0.4881820467689213,0.9345367027677496,0.6413411512098439,automatic_text_prompt
deepcrack_0215,text,deepcrack,0.6940881204684886,0.8194238683127572,0.7792736380713838,0.8639361332870531,0.8194238683127572,automatic_text_prompt
deepcrack_0216,text,deepcrack,0.7038349983886562,0.8261774163041422,0.7528438469493278,0.9153394803017604,0.8261774163041422,automatic_text_prompt
deepcrack_0217,text,deepcrack,0.7976166431024035,0.8874157303370787,0.8454292442731749,0.9337904942066684,0.8874157303370787,automatic_text_prompt
deepcrack_0218,text,deepcrack,0.7396055437100213,0.8503140799754865,0.7911617961511048,0.9190263288623944,0.8503140799754866,automatic_text_prompt
deepcrack_0219,text,deepcrack,0.4845769429605376,0.6528148578061521,0.4924693520140105,0.9679862306368332,0.652814857806152,automatic_text_prompt
deepcrack_0220,text,deepcrack,0.4747214292292108,0.6438116647933059,0.483356774496015,0.9637315386053468,0.643811664793306,automatic_text_prompt
deepcrack_0221,text,deepcrack,0.74752,0.8555209668558872,0.7946929749957475,0.926432678960936,0.8555209668558872,automatic_text_prompt
deepcrack_0222,text,deepcrack,0.7500858811405016,0.8571989400333693,0.7838808113444624,0.9456474664356864,0.8571989400333694,automatic_text_prompt
deepcrack_0223,text,deepcrack,0.6891105569409809,0.8159448818897638,0.7199751861042184,0.941434133679429,0.8159448818897638,automatic_text_prompt
deepcrack_0224,text,deepcrack,0.7146051712089448,0.8335507010107597,0.791486068111455,0.8803374655647382,0.8335507010107597,automatic_text_prompt
deepcrack_0225,text,deepcrack,0.226276150627615,0.3690459942677767,0.2315861596437136,0.9079919408999328,0.3690459942677767,automatic_text_prompt
deepcrack_0226,text,deepcrack,0.2966329270811815,0.4575434124581806,0.2996035885666597,0.967654986522911,0.4575434124581807,automatic_text_prompt
deepcrack_0227,text,deepcrack,0.685523541813071,0.8134250573274964,0.6958744501248365,0.97876254180602,0.8134250573274963,automatic_text_prompt
deepcrack_0228,text,deepcrack,0.5838093362221785,0.7372217385897276,0.5984856133266028,0.9596891694997572,0.7372217385897277,automatic_text_prompt
deepcrack_0229,text,deepcrack,0.8180677540777918,0.8999309868875086,0.8343997952393141,0.97663271420012,0.8999309868875087,automatic_text_prompt
deepcrack_0230,text,deepcrack,0.9104331777222886,0.953117008581008,0.966685878962536,0.939923783904954,0.953117008581008,automatic_text_prompt
deepcrack_0231,text,deepcrack,0.8054711246200608,0.8922558922558923,0.8368421052631579,0.955528846153846,0.8922558922558923,automatic_text_prompt
deepcrack_0232,text,deepcrack,0.6614155757710228,0.7962072649572649,0.6648082069580732,0.9923435419440746,0.796207264957265,automatic_text_prompt
deepcrack_0233,text,deepcrack,0.8512722035525684,0.9196618432653908,0.9642196846112018,0.8790402538171723,0.9196618432653908,automatic_text_prompt
deepcrack_0234,text,deepcrack,0.8529168276394945,0.9206207369016768,0.9932514943119738,0.8578883090929277,0.9206207369016768,automatic_text_prompt
deepcrack_0235,text,deepcrack,0.8756160898828766,0.9336837048967253,0.9709114414996768,0.8992053989332753,0.9336837048967253,automatic_text_prompt
deepcrack_0236,text,deepcrack,0.5177234148776835,0.6822368421052631,0.9894482797328394,0.5205977025071612,0.6822368421052631,automatic_text_prompt
deepcrack_0000,box,deepcrack,0.5909317389138017,0.7428750391481366,0.6137657409004658,0.940772078265468,0.7428750391481366,oracle_gt_prompt
deepcrack_0001,box,deepcrack,0.007677972418934,0.0152389406716969,0.008330805783035,0.089235434264674,0.0152389406716969,oracle_gt_prompt
deepcrack_0002,box,deepcrack,0.0012410818435829,0.0024790869373793,0.0013246950667776,0.0192834562697576,0.0024790869373793,oracle_gt_prompt
deepcrack_0003,box,deepcrack,0.0349825113314154,0.0676001979712941,0.0353671678018057,0.762834254767009,0.0676001979712941,oracle_gt_prompt
deepcrack_0004,box,deepcrack,0.1259586694662393,0.2237358668341708,0.1284686999842203,0.8657147197326447,0.2237358668341708,oracle_gt_prompt
deepcrack_0005,box,deepcrack,0.6167675329298683,0.7629637784872839,0.7816377171215881,0.7451612903225806,0.7629637784872839,oracle_gt_prompt
deepcrack_0006,box,deepcrack,0.4009496676163342,0.5723969631236443,0.7036666666666667,0.4824040219378427,0.5723969631236443,oracle_gt_prompt
deepcrack_0007,box,deepcrack,0.7179056888739721,0.8357917358601152,0.8592086764410524,0.8136173449980981,0.8357917358601152,oracle_gt_prompt
deepcrack_0008,box,deepcrack,0.7394242068155111,0.8501942239486573,0.9024740050197204,0.803639846743295,0.8501942239486573,oracle_gt_prompt
deepcrack_0009,box,deepcrack,0.6443136128661688,0.7836870142345647,0.7810269799825935,0.7863652295828952,0.7836870142345647,oracle_gt_prompt
deepcrack_0010,box,deepcrack,0.1114151305683563,0.2004923767978231,0.124805076087541,0.5094381035996488,0.2004923767978232,oracle_gt_prompt
deepcrack_0011,box,deepcrack,0.7332020135697089,0.8460664225280969,0.8006692160611855,0.8969210174029452,0.8460664225280969,oracle_gt_prompt
deepcrack_0012,box,deepcrack,0.4116575591985428,0.5832258064516129,0.9870456732548673,0.4138937174074993,0.5832258064516128,oracle_gt_prompt
deepcrack_0013,box,deepcrack,0.3925637699956766,0.5638000620925179,0.9661287462316014,0.3980419376050266,0.5638000620925179,oracle_gt_prompt
deepcrack_0014,box,deepcrack,0.0002501751225858,0.0005002251012955,1.0,0.0002501751225858,0.0005002251012955,oracle_gt_prompt
deepcrack_0015,box,deepcrack,0.2597789524267179,0.412419896246567,0.83271719038817,0.2740823362401136,0.4124198962465669,oracle_gt_prompt
deepcrack_0016,box,deepcrack,0.2154980851969174,0.3545839978217744,0.993244715624319,0.2158143939393939,0.3545839978217744,oracle_gt_prompt
deepcrack_0017,box,deepcrack,0.0008251473477406,0.001648934081897,1.0,0.0008251473477406,0.001648934081897,oracle_gt_prompt
deepcrack_0018,box,deepcrack,0.4686973202348428,0.6382490303174226,0.9214857142857142,0.4881932671348994,0.6382490303174226,oracle_gt_prompt
deepcrack_0019,box,deepcrack,0.4176940114505412,0.5892583421766301,0.9799019607843136,0.4213033215309391,0.5892583421766301,oracle_gt_prompt
deepcrack_0020,box,deepcrack,0.3981739189464395,0.5695627897943826,0.4941032768932693,0.6722250873875423,0.5695627897943826,oracle_gt_prompt
deepcrack_0021,box,deepcrack,0.7058548884116164,0.8275673308517626,0.9446388402899276,0.7363140463666472,0.8275673308517626,oracle_gt_prompt
deepcrack_0022,box,deepcrack,0.5287973543760847,0.6917821421687264,0.9741238916701852,0.5363310308182784,0.6917821421687262,oracle_gt_prompt
deepcrack_0023,box,deepcrack,0.6451060707953781,0.7842729198409454,0.938122332859175,0.6737756209692868,0.7842729198409454,oracle_gt_prompt
deepcrack_0024,box,deepcrack,0.0031452097395483,0.0062706968223772,0.006390464565233,0.0061553357770246,0.0062706968223772,oracle_gt_prompt
deepcrack_0025,box,deepcrack,0.0059001590477656,0.011731102723656,0.0119269861024683,0.0115415495784825,0.011731102723656,oracle_gt_prompt
deepcrack_0026,box,deepcrack,0.755050226294293,0.8604314736775898,0.8750159907893054,0.8463251670378619,0.8604314736775898,oracle_gt_prompt
deepcrack_0027,box,deepcrack,0.0269072980815587,0.0524045318050154,0.0270181399682139,0.8677031387503666,0.0524045318050154,oracle_gt_prompt
deepcrack_0028,box,deepcrack,0.5526392195575169,0.7118707457551051,0.6856134284273467,0.7402193357703974,0.7118707457551051,oracle_gt_prompt
deepcrack_0029,box,deepcrack,0.5359258792386234,0.697853830686528,0.9998824082784572,0.5359596596281122,0.697853830686528,oracle_gt_prompt
deepcrack_0030,box,deepcrack,0.8661502154730145,0.928274914089347,0.999940772328832,0.8661946539428454,0.9282749140893471,oracle_gt_prompt
deepcrack_0031,box,deepcrack,0.8800372266170312,0.9361912776595218,0.999260276867801,0.8806109145092196,0.9361912776595218,oracle_gt_prompt
deepcrack_0032,box,deepcrack,0.6250773355330996,0.7692893401015228,0.6680625964293586,0.9066706551002094,0.7692893401015228,oracle_gt_prompt
deepcrack_0033,box,deepcrack,0.0232893629577818,0.0455186261107313,0.0233787890423582,0.8589278516727126,0.0455186261107313,oracle_gt_prompt
deepcrack_0034,box,deepcrack,0.0593182824258521,0.11199331383201,0.059473991224733,0.9577292219726364,0.11199331383201,oracle_gt_prompt
deepcrack_0035,box,deepcrack,0.0020440707451435,0.0040798020861966,0.002177068214804,0.0323765786452353,0.0040798020861966,oracle_gt_prompt
deepcrack_0036,box,deepcrack,0.4763195846553216,0.6452797749296655,0.5992887211496589,0.6989165396986626,0.6452797749296656,oracle_gt_prompt
deepcrack_0037,box,deepcrack,0.2658765074271518,0.4200670537247526,0.9994163424124514,0.2659177968733823,0.4200670537247526,oracle_gt_prompt
deepcrack_0038,box,deepcrack,0.0147834101382488,0.0291360895153672,0.0229506789337377,0.0398856148203406,0.0291360895153672,oracle_gt_prompt
deepcrack_0039,box,deepcrack,0.0306091379650027,0.0594000903687741,0.0946971795866349,0.0432713001645777,0.0594000903687741,oracle_gt_prompt
deepcrack_0040,box,deepcrack,0.1211941928730715,0.2161876928072739,0.1242418587291219,0.8316677076826983,0.2161876928072739,oracle_gt_prompt
deepcrack_0041,box,deepcrack,0.5283112669422785,0.6913660566008663,0.7434367981148055,0.646112,0.6913660566008664,oracle_gt_prompt
deepcrack_0042,box,deepcrack,0.0515095699527508,0.0979726127553274,0.0654969807439691,0.1943261125713767,0.0979726127553274,oracle_gt_prompt
deepcrack_0043,box,deepcrack,0.508966819138895,0.6745898089784921,0.953871275003402,0.5218103319934495,0.6745898089784921,oracle_gt_prompt
deepcrack_0044,box,deepcrack,0.1718557303273545,0.293305269377054,0.1863810216580237,0.6880034647033347,0.293305269377054,oracle_gt_prompt
deepcrack_0045,box,deepcrack,0.8392300641613198,0.9125884580883086,0.8800461361014994,0.9476298902918652,0.9125884580883086,oracle_gt_prompt
deepcrack_0046,box,deepcrack,0.6576691825508507,0.7934866491742553,0.6822826808228268,0.9479992624008852,0.7934866491742552,oracle_gt_prompt
deepcrack_0047,box,deepcrack,0.0457873200552159,0.087565261458321,0.0463766306722426,0.7827644332069111,0.087565261458321,oracle_gt_prompt
deepcrack_0048,box,deepcrack,0.7289678461312583,0.8432404891304348,0.7541008505467801,0.9562788906009244,0.8432404891304348,oracle_gt_prompt
deepcrack_0049,box,deepcrack,0.8225777131430649,0.9026531019349692,0.847695766204571,0.9652303754266212,0.9026531019349692,oracle_gt_prompt
deepcrack_0050,box,deepcrack,0.686472148541114,0.8140924819125511,0.7005955603681646,0.9714714714714716,0.8140924819125511,oracle_gt_prompt
deepcrack_0051,box,deepcrack,0.5421968319916904,0.703148678228658,0.5539931016184665,0.9622119815668204,0.703148678228658,oracle_gt_prompt
deepcrack_0052,box,deepcrack,0.7671537484116899,0.8682365630055725,0.7785299806576402,0.9813084112149532,0.8682365630055725,oracle_gt_prompt
deepcrack_0053,box,deepcrack,0.7949291573452647,0.8857498961362692,0.8343334202974172,0.9439197166469894,0.8857498961362692,oracle_gt_prompt
deepcrack_0054,box,deepcrack,0.8167883211678832,0.8991562876657292,0.8730819245773732,0.9268360022087244,0.8991562876657292,oracle_gt_prompt
deepcrack_0055,box,deepcrack,0.2513735248466333,0.4017561820759174,0.2757642098435093,0.7397230479228594,0.4017561820759174,oracle_gt_prompt
deepcrack_0056,box,deepcrack,0.2980109739368998,0.4591809775429326,0.39241363738993,0.5533269659344158,0.4591809775429326,oracle_gt_prompt
deepcrack_0057,box,deepcrack,0.4687571526665141,0.6383045036621474,0.4961240310077519,0.8947138488422892,0.6383045036621474,oracle_gt_prompt
deepcrack_0058,box,deepcrack,0.0050697686687241,0.010088391526171,0.005084225674017,0.6406666666666667,0.010088391526171,oracle_gt_prompt
deepcrack_0059,box,deepcrack,0.2239571715369172,0.3659558957535994,0.2558147999854402,0.6426481346013168,0.3659558957535994,oracle_gt_prompt
deepcrack_0060,box,deepcrack,0.0687389809808035,0.1286356766321377,0.0701181529558333,0.7775178253119429,0.1286356766321377,oracle_gt_prompt
deepcrack_0061,box,deepcrack,0.8178372915613946,0.8997915218902015,0.9564189688284828,0.8494948169531558,0.8997915218902015,oracle_gt_prompt
deepcrack_0062,box,deepcrack,0.0232443561645256,0.0454326594121731,0.0240998838559814,0.3956917100732762,0.0454326594121731,oracle_gt_prompt
deepcrack_0063,box,deepcrack,0.0165302892027203,0.0325229643982084,0.0172018779342723,0.2974577843755799,0.0325229643982084,oracle_gt_prompt
deepcrack_0064,box,deepcrack,0.4017677159249496,0.5732300884955752,0.4895144530511996,0.6914865225513744,0.5732300884955752,oracle_gt_prompt
deepcrack_0065,box,deepcrack,0.0342303945445689,0.0661949111631795,0.0349220744532167,0.6334647887323943,0.0661949111631795,oracle_gt_prompt
deepcrack_0066,box,deepcrack,0.2003411178168459,0.3338069734397202,0.8083642138697724,0.2103305785123967,0.3338069734397201,oracle_gt_prompt
deepcrack_0067,box,deepcrack,0.7737714451875545,0.8724590163934426,0.8207896360271437,0.9310706787963612,0.8724590163934426,oracle_gt_prompt
deepcrack_0068,box,deepcrack,0.7223805532271584,0.8388164298228538,0.7599647266313933,0.9359252823631624,0.8388164298228538,oracle_gt_prompt
deepcrack_0069,box,deepcrack,0.6586908690869087,0.7942298126347206,0.676936122102883,0.9606899318090654,0.7942298126347207,oracle_gt_prompt
deepcrack_0070,box,deepcrack,0.746020364262154,0.8545379876796715,0.7791507526398562,0.9460762026007092,0.8545379876796714,oracle_gt_prompt
deepcrack_0071,box,deepcrack,0.7485360264788254,0.856185992331214,0.7839303173051284,0.94311377245509,0.856185992331214,oracle_gt_prompt
deepcrack_0072,box,deepcrack,0.7339567881328604,0.8465687186163288,0.751465125877012,0.9692324071116788,0.8465687186163289,oracle_gt_prompt
deepcrack_0073,box,deepcrack,0.5444818555929667,0.7050673384361981,0.5567712318286151,0.961040676175383,0.705067338436198,oracle_gt_prompt
deepcrack_0074,box,deepcrack,0.7820804859529233,0.8777162334895612,0.8345873364972798,0.925545571245186,0.8777162334895612,oracle_gt_prompt
deepcrack_0075,box,deepcrack,0.6353583121134958,0.7770264258385977,0.6513275656324582,0.9628445424476296,0.7770264258385977,oracle_gt_prompt
deepcrack_0076,box,deepcrack,0.7597069597069597,0.8634471273938384,0.7786015954950727,0.969045672234552,0.8634471273938383,oracle_gt_prompt
deepcrack_0077,box,deepcrack,0.6111111111111112,0.7586206896551724,0.6224066390041494,0.9711595055915244,0.7586206896551725,oracle_gt_prompt
deepcrack_0078,box,deepcrack,0.6184640522875817,0.7642604745078243,0.6361344537815126,0.9570164348925412,0.7642604745078244,oracle_gt_prompt
deepcrack_0079,box,deepcrack,0.7288933736966028,0.8431906614785992,0.8454935622317596,0.8409002716336825,0.8431906614785991,oracle_gt_prompt
deepcrack_0080,box,deepcrack,0.7332782824112304,0.8461171986660314,0.8734426229508196,0.8204496458269172,0.8461171986660314,oracle_gt_prompt
deepcrack_0081,box,deepcrack,0.7879406097699195,0.8813946117274168,0.9678407350689128,0.8091247672253259,0.8813946117274167,oracle_gt_prompt
deepcrack_0082,box,deepcrack,0.6737235367372354,0.8050595238095238,0.9213939473339448,0.714808415489379,0.8050595238095238,oracle_gt_prompt
deepcrack_0083,box,deepcrack,0.7271081771720613,0.8419949448246101,0.931015678254942,0.7685122664866082,0.8419949448246101,oracle_gt_prompt
deepcrack_0084,box,deepcrack,0.8596344647519583,0.9245198247781646,0.942516889957632,0.9071971784415298,0.9245198247781646,oracle_gt_prompt
deepcrack_0085,box,deepcrack,0.7614818573965998,0.8645923365024488,0.9648483549458792,0.7832100913440626,0.8645923365024488,oracle_gt_prompt
deepcrack_0086,box,deepcrack,0.8024120603015076,0.8903758224601316,0.949346016646849,0.8383032339353212,0.8903758224601317,oracle_gt_prompt
deepcrack_0087,box,deepcrack,0.7492382147338232,0.8566451480684496,0.911867364746946,0.8077294685990338,0.8566451480684496,oracle_gt_prompt
deepcrack_0088,box,deepcrack,0.7880956005480286,0.8814915715988422,0.9492115878254492,0.8227908455181182,0.8814915715988422,oracle_gt_prompt
deepcrack_0089,box,deepcrack,0.0160227853647849,0.0315402087346539,0.0169499381953028,0.2265592730276745,0.0315402087346539,oracle_gt_prompt
deepcrack_0090,box,deepcrack,0.0721335107562652,0.1345606867663029,0.0773828996282527,0.5153495741731036,0.1345606867663029,oracle_gt_prompt
deepcrack_0091,box,deepcrack,0.7164152459162725,0.8347807998335847,0.9595887135341942,0.7387022549470778,0.8347807998335847,oracle_gt_prompt
deepcrack_0092,box,deepcrack,0.574367766823832,0.7296487884563028,0.971894832275612,0.5840688678217283,0.7296487884563029,oracle_gt_prompt
deepcrack_0093,box,deepcrack,0.8052398381814679,0.8921139686266141,0.9791520262356525,0.8192865542924344,0.892113968626614,oracle_gt_prompt
deepcrack_0094,box,deepcrack,0.5447629547960309,0.7053029762329598,0.8118632928031548,0.6234700315457413,0.7053029762329599,oracle_gt_prompt
deepcrack_0095,box,deepcrack,0.6751485404288298,0.8060760274500732,0.9297403059409464,0.7114468490540357,0.8060760274500733,oracle_gt_prompt
deepcrack_0096,box,deepcrack,0.6404005524861879,0.7807855849787395,0.7400047881254489,0.826323293530565,0.7807855849787395,oracle_gt_prompt
deepcrack_0097,box,deepcrack,0.2459959570828798,0.3948583551728441,0.2725049092224481,0.7166153288639246,0.3948583551728441,oracle_gt_prompt
deepcrack_0098,box,deepcrack,0.0674638278731539,0.1264002134996383,0.0684251345843851,0.8276464637174653,0.1264002134996383,oracle_gt_prompt
deepcrack_0099,box,deepcrack,0.4290794379122455,0.6004976721785198,0.540339472733839,0.6757293830728931,0.6004976721785199,oracle_gt_prompt
deepcrack_0100,box,deepcrack,0.146718393281926,0.2558926309048129,0.1515351383438314,0.8219300599230838,0.2558926309048129,oracle_gt_prompt
deepcrack_0101,box,deepcrack,0.2239828118705519,0.365990126165661,0.2658379153717428,0.5872205597606055,0.365990126165661,oracle_gt_prompt
deepcrack_0102,box,deepcrack,0.3740691808791737,0.5444692102617893,0.3948152373708563,0.876829954954955,0.5444692102617893,oracle_gt_prompt
deepcrack_0103,box,deepcrack,0.8893684688777829,0.9414452326560058,0.9602649006622516,0.9233490566037736,0.9414452326560058,oracle_gt_prompt
deepcrack_0104,box,deepcrack,0.9211146838156484,0.9589377371122516,0.9900921658986176,0.9296841194288188,0.9589377371122516,oracle_gt_prompt
deepcrack_0105,box,deepcrack,0.8562442933955564,0.922555610209324,0.9995262908574136,0.8565919009438749,0.922555610209324,oracle_gt_prompt
deepcrack_0106,box,deepcrack,0.9014855355746676,0.9481907894736842,0.996004751106792,0.904757233938205,0.948190789473684,oracle_gt_prompt
deepcrack_0107,box,deepcrack,0.6908083317408752,0.8171338155515371,0.7188307814674886,0.9465828750981932,0.8171338155515371,oracle_gt_prompt
deepcrack_0108,box,deepcrack,0.666052416052416,0.7995575765023964,0.6896332414670341,0.9511695906432748,0.7995575765023964,oracle_gt_prompt
deepcrack_0109,box,deepcrack,0.794087820707839,0.8852273690755448,1.0,0.794087820707839,0.8852273690755448,oracle_gt_prompt
deepcrack_0110,box,deepcrack,0.7568431404687757,0.8615944395204553,1.0,0.7568431404687757,0.8615944395204553,oracle_gt_prompt
deepcrack_0111,box,deepcrack,0.4434932851645331,0.6144722524483134,0.9829416884247172,0.4469331222793826,0.6144722524483134,oracle_gt_prompt
deepcrack_0112,box,deepcrack,0.6608600125549278,0.7958045922706227,0.9969223484848484,0.6622110394716151,0.7958045922706227,oracle_gt_prompt
deepcrack_0113,box,deepcrack,0.8671310629514963,0.9288379162636452,0.9425126191811554,0.9155543448651594,0.9288379162636452,oracle_gt_prompt
deepcrack_0114,box,deepcrack,0.8767477990678405,0.9343267108167772,0.933210840606339,0.9354452527857076,0.934326710816777,oracle_gt_prompt
deepcrack_0115,box,deepcrack,0.8275761550794345,0.9056543584017864,0.9705982905982906,0.8488563312901779,0.9056543584017864,oracle_gt_prompt
deepcrack_0116,box,deepcrack,0.0767320586044201,0.1425276752767527,0.0810761716384773,0.588830255057168,0.1425276752767527,oracle_gt_prompt
deepcrack_0117,box,deepcrack,0.8248033236100062,0.9039914745204418,0.9065384241717672,0.90145879625157,0.9039914745204416,oracle_gt_prompt
deepcrack_0118,box,deepcrack,0.0139655121183007,0.0275463256913444,0.0140619623917303,0.6706302021403091,0.0275463256913443,oracle_gt_prompt
deepcrack_0119,box,deepcrack,0.8218703612073232,0.902227050516024,0.9328840213423196,0.8735209045490402,0.902227050516024,oracle_gt_prompt
deepcrack_0120,box,deepcrack,0.7165435745937961,0.8348679115394544,0.9334231287281124,0.7551369863013698,0.8348679115394544,oracle_gt_prompt
deepcrack_0121,box,deepcrack,0.7777040477770405,0.8749533407988055,0.9642122583299054,0.8008199521694568,0.8749533407988055,oracle_gt_prompt
deepcrack_0122,box,deepcrack,0.7894018366840407,0.8823080657465844,0.9302427610412402,0.8390713626170689,0.8823080657465844,oracle_gt_prompt
deepcrack_0123,box,deepcrack,0.7734204793028322,0.8722358722358723,0.970703125,0.7919056724028043,0.8722358722358722,oracle_gt_prompt
deepcrack_0124,box,deepcrack,0.8102189781021898,0.8951612903225806,0.8697355533790402,0.9221183800623052,0.8951612903225807,oracle_gt_prompt
deepcrack_0125,box,deepcrack,0.7648099027409372,0.8667334669338678,0.8288616328095055,0.9082318353632928,0.8667334669338677,oracle_gt_prompt
deepcrack_0126,box,deepcrack,0.8043310131477185,0.8915559365623661,0.971314209472982,0.8239022181982798,0.8915559365623661,oracle_gt_prompt
deepcrack_0127,box,deepcrack,0.7595481441635288,0.8633445429532253,0.993200468933177,0.7635183850036049,0.8633445429532253,oracle_gt_prompt
deepcrack_0128,box,deepcrack,0.7474048442906575,0.8554455445544554,0.988977446159064,0.7536831222538124,0.8554455445544554,oracle_gt_prompt
deepcrack_0129,box,deepcrack,0.7357075913776945,0.847732181425486,0.9899117276166456,0.7412653446647781,0.8477321814254861,oracle_gt_prompt
deepcrack_0130,box,deepcrack,0.825082189131696,0.904158940397351,0.9915175458982104,0.830947511929107,0.904158940397351,oracle_gt_prompt
deepcrack_0131,box,deepcrack,0.8439623627809723,0.9153791637136782,0.9967074801934356,0.8463218591647738,0.9153791637136784,oracle_gt_prompt
deepcrack_0132,box,deepcrack,0.8086813788072224,0.8942220429565393,0.9591174561972744,0.8375519455987911,0.8942220429565393,oracle_gt_prompt
deepcrack_0133,box,deepcrack,0.8490606319385141,0.9183697032675212,0.8983510277840524,0.9393008974964572,0.9183697032675212,oracle_gt_prompt
deepcrack_0134,box,deepcrack,0.0449096518289995,0.0859589185541355,0.0492389466054602,0.3380889183808891,0.0859589185541355,oracle_gt_prompt
deepcrack_0135,box,deepcrack,0.5322168606301447,0.6947017413856984,0.5436358364743404,0.9620318111852232,0.6947017413856985,oracle_gt_prompt
deepcrack_0136,box,deepcrack,0.0972355640943537,0.1772373540856031,0.1001161768399899,0.7716602129719264,0.1772373540856031,oracle_gt_prompt
deepcrack_0137,box,deepcrack,0.2753818827708703,0.4318422372012701,0.323,0.6513191060325996,0.4318422372012702,oracle_gt_prompt
deepcrack_0138,box,deepcrack,0.0357675576830661,0.0690648348999758,0.0358770502065857,0.9213826366559486,0.0690648348999758,oracle_gt_prompt
deepcrack_0139,box,deepcrack,0.7147606382978723,0.833656455990694,0.8722109533468559,0.7983661344225771,0.833656455990694,oracle_gt_prompt
deepcrack_0140,box,deepcrack,0.0323501707288355,0.0626728636195147,0.0325669835782195,0.8293296440699283,0.0626728636195147,oracle_gt_prompt
deepcrack_0141,box,deepcrack,0.7756753540402237,0.8736679847195228,0.7869129542436315,0.9819222657426936,0.8736679847195228,oracle_gt_prompt
deepcrack_0142,box,deepcrack,0.0,0.0,0.0,0.0,0.0,oracle_gt_prompt
deepcrack_0143,box,deepcrack,0.0613595706618962,0.115624473285016,0.0615588937346327,0.9498753807809472,0.115624473285016,oracle_gt_prompt
deepcrack_0144,box,deepcrack,0.5784883720930233,0.7329650092081031,0.5948369565217392,0.9546445704317488,0.7329650092081031,oracle_gt_prompt
deepcrack_0145,box,deepcrack,0.0065263035418683,0.0129679741481228,0.0066418360316913,0.2728277691797479,0.0129679741481228,oracle_gt_prompt
deepcrack_0146,box,deepcrack,0.7710539586485123,0.8707289293849658,0.7867249807049138,0.9748167038571884,0.8707289293849657,oracle_gt_prompt
deepcrack_0147,box,deepcrack,0.771759382486026,0.8711785472846091,0.976755937342092,0.7861984815618221,0.8711785472846091,oracle_gt_prompt
deepcrack_0148,box,deepcrack,0.6514382402707276,0.7889344262295082,0.6994549701531274,0.9046659953004365,0.788934426229508,oracle_gt_prompt
deepcrack_0149,box,deepcrack,0.8172388244010866,0.8994291927154118,0.8753968253968254,0.9248183342649524,0.8994291927154118,oracle_gt_prompt
deepcrack_0150,box,deepcrack,0.0091891713218523,0.0182109986571026,0.0094802353008042,0.230354923353128,0.0182109986571026,oracle_gt_prompt
deepcrack_0151,box,deepcrack,0.7148494592224496,0.8337168669564476,0.7670953575909661,0.91301101362703,0.8337168669564476,oracle_gt_prompt
deepcrack_0152,box,deepcrack,0.0458175538009154,0.0876205484109466,0.0461551581999602,0.8623326959847036,0.0876205484109466,oracle_gt_prompt
deepcrack_0153,box,deepcrack,0.6564102564102564,0.7925696594427245,0.7456310679611651,0.8458149779735683,0.7925696594427245,oracle_gt_prompt
deepcrack_0154,box,deepcrack,0.748234502858424,0.8559887150551423,0.8222468588322247,0.8926183471516448,0.8559887150551423,oracle_gt_prompt
deepcrack_0155,box,deepcrack,0.7727789507877213,0.8718277599633532,0.950459448661606,0.8052123878828905,0.8718277599633532,oracle_gt_prompt
deepcrack_0156,box,deepcrack,0.8406529343179169,0.913429054054054,0.8751770180052599,0.955177743431221,0.913429054054054,oracle_gt_prompt
deepcrack_0157,box,deepcrack,0.0081483721192429,0.0161650255946238,0.0083790933715574,0.2283498492029297,0.0161650255946238,oracle_gt_prompt
deepcrack_0158,box,deepcrack,0.0015556214019641,0.0031064104054182,0.0017069007559131,0.0172494719549401,0.0031064104054182,oracle_gt_prompt
deepcrack_0159,box,deepcrack,0.748339343328905,0.8560573165436387,0.7687658412945994,0.9657114866519716,0.8560573165436388,oracle_gt_prompt
deepcrack_0160,box,deepcrack,0.9107786343109976,0.9533062783480544,0.9943229918828744,0.9155394561878124,0.9533062783480544,oracle_gt_prompt
deepcrack_0161,box,deepcrack,0.940994241562796,0.9696002403439924,0.9995354419108824,0.9414059651425656,0.9696002403439924,oracle_gt_prompt
deepcrack_0162,box,deepcrack,0.8187962043473463,0.9003715780693107,0.999091215079098,0.8194064872325741,0.9003715780693106,oracle_gt_prompt
deepcrack_0163,box,deepcrack,0.9219157821472072,0.9593716756071614,0.9984453029303684,0.9232411239381398,0.9593716756071612,oracle_gt_prompt
deepcrack_0164,box,deepcrack,0.8964283472475049,0.945385939361843,0.9732842636134396,0.9190424094214557,0.9453859393618428,oracle_gt_prompt
deepcrack_0165,box,deepcrack,0.691654653211597,0.817725594167219,0.7813970322113645,0.85759682224429,0.8177255941672191,oracle_gt_prompt
deepcrack_0166,box,deepcrack,0.9174383782538584,0.9569417079148446,0.99984936734284,0.9175652013639296,0.9569417079148445,oracle_gt_prompt
deepcrack_0167,box,deepcrack,0.5791531212707296,0.7334983713355049,0.8303244837758113,0.6568961493582264,0.7334983713355049,oracle_gt_prompt
deepcrack_0168,box,deepcrack,0.3006031577080007,0.4622519266180181,0.3043556353839245,0.9606009070294784,0.4622519266180181,oracle_gt_prompt
deepcrack_0169,box,deepcrack,0.6014126394052045,0.7511026510051534,0.8703464600817732,0.6605961616986525,0.7511026510051534,oracle_gt_prompt
deepcrack_0170,box,deepcrack,0.4526491236931158,0.6232050345954592,0.5413797269542104,0.7341689194724339,0.6232050345954591,oracle_gt_prompt
deepcrack_0171,box,deepcrack,0.7531675269826372,0.8592077087794433,0.8077503774534474,0.9176672384219554,0.8592077087794432,oracle_gt_prompt
deepcrack_0172,box,deepcrack,0.6591859185918592,0.7945895769791805,0.7201923076923077,0.8861283643892339,0.7945895769791803,oracle_gt_prompt
deepcrack_0173,box,deepcrack,0.0721108410962603,0.134521242267311,0.072717062046901,0.8963708831550241,0.134521242267311,oracle_gt_prompt
deepcrack_0174,box,deepcrack,0.6004175365344467,0.7503261153143752,0.602177554438861,0.9951557093425606,0.7503261153143752,oracle_gt_prompt
deepcrack_0175,box,deepcrack,0.3736637512147716,0.5440396179695791,0.3772381653176355,0.9752694990488268,0.5440396179695791,oracle_gt_prompt
deepcrack_0176,box,deepcrack,0.0,0.0,0.0,0.0,0.0,oracle_gt_prompt
deepcrack_0177,box,deepcrack,0.4345252190385981,0.6058104985143612,0.4389952153110047,0.9771033013844516,0.6058104985143612,oracle_gt_prompt
deepcrack_0178,box,deepcrack,0.8518851997749015,0.9200194481585025,0.9059245960502692,0.9345598222002716,0.9200194481585026,oracle_gt_prompt
deepcrack_0179,box,deepcrack,0.4261068702290076,0.597580558826678,0.5592065718292927,0.6416091954022989,0.597580558826678,oracle_gt_prompt
deepcrack_0180,box,deepcrack,0.9131782945736434,0.9546191247974068,0.9540668749276872,0.955172014363489,0.9546191247974068,oracle_gt_prompt
deepcrack_0181,box,deepcrack,0.7933252915158826,0.8847533632286996,0.8356628547225752,0.9399714149595044,0.8847533632286995,oracle_gt_prompt
deepcrack_0182,box,deepcrack,0.8563146997929607,0.9225964755743922,0.9096107323510008,0.935958361620276,0.9225964755743922,oracle_gt_prompt
deepcrack_0183,box,deepcrack,0.7431276377324056,0.852637089386206,0.8100211363918935,0.8999861859372842,0.852637089386206,oracle_gt_prompt
deepcrack_0184,box,deepcrack,0.7486754647914459,0.8562771993609871,0.8061404418628773,0.913063909774436,0.8562771993609871,oracle_gt_prompt
deepcrack_0185,box,deepcrack,0.7383081155433288,0.8494559841740851,0.8460528044135032,0.8528866525423728,0.849455984174085,oracle_gt_prompt
deepcrack_0186,box,deepcrack,0.7753564154786151,0.8734656418492601,0.909134328358209,0.8404901203223314,0.87346564184926,oracle_gt_prompt
deepcrack_0187,box,deepcrack,0.0703240248821399,0.131406981899493,0.0718259403645558,0.770805065581185,0.131406981899493,oracle_gt_prompt
deepcrack_0188,box,deepcrack,0.8191475235692471,0.9005839416058394,0.9185527099463968,0.8833046964490263,0.9005839416058393,oracle_gt_prompt
deepcrack_0189,box,deepcrack,0.6871544715447154,0.8145720894371626,0.9086218017630616,0.7381659388646288,0.8145720894371626,oracle_gt_prompt
deepcrack_0190,box,deepcrack,0.8112944162436548,0.8958172773768655,0.9009301014656144,0.8907621568900654,0.8958172773768655,oracle_gt_prompt
deepcrack_0191,box,deepcrack,0.8002717391304348,0.8890566037735849,0.8772713732499255,0.9011627906976744,0.889056603773585,oracle_gt_prompt
deepcrack_0192,box,deepcrack,0.7276411780599837,0.8423522051923679,0.7707498568975386,0.9286206896551724,0.8423522051923678,oracle_gt_prompt
deepcrack_0193,box,deepcrack,0.7350815610158993,0.847316434606688,0.8492366412213741,0.8454048919496556,0.847316434606688,oracle_gt_prompt
deepcrack_0194,box,deepcrack,0.8312927993359618,0.9078753541076487,0.9075668328047124,0.908184085241442,0.9078753541076487,oracle_gt_prompt
deepcrack_0195,box,deepcrack,0.7190316765387587,0.8365543071161049,0.7322318384474167,0.9755415793151644,0.8365543071161048,oracle_gt_prompt
deepcrack_0196,box,deepcrack,0.7513397642015005,0.8580171358629131,0.7924485643228578,0.9354149986655992,0.8580171358629132,oracle_gt_prompt
deepcrack_0197,box,deepcrack,0.7746913580246914,0.8730434782608696,0.8015754737066213,0.9585030549898168,0.8730434782608696,oracle_gt_prompt
deepcrack_0198,box,deepcrack,0.2992632906351629,0.4606661217817736,0.3839734309801584,0.5756415166602834,0.4606661217817736,oracle_gt_prompt
deepcrack_0199,box,deepcrack,0.0844777841892671,0.155794402468873,0.9891891891891892,0.0845558507566131,0.155794402468873,oracle_gt_prompt
deepcrack_0200,box,deepcrack,0.6637665782493368,0.7979082966647535,0.8326900039930787,0.7659157688540646,0.7979082966647535,oracle_gt_prompt
deepcrack_0201,box,deepcrack,0.2216829498896943,0.3629140439583118,0.2370425288131023,0.7738173817381738,0.3629140439583118,oracle_gt_prompt
deepcrack_0202,box,deepcrack,0.5397733775895617,0.7011075596521222,0.7411598302687411,0.6651622002820875,0.7011075596521222,oracle_gt_prompt
deepcrack_0203,box,deepcrack,0.5448724075313007,0.7053947042811185,0.6905281007751938,0.7209155285786545,0.7053947042811184,oracle_gt_prompt
deepcrack_0204,box,deepcrack,0.5833333333333334,0.7368421052631579,0.7612337144376495,0.7139650872817955,0.736842105263158,oracle_gt_prompt
deepcrack_0205,box,deepcrack,0.1319581374184741,0.2331502076912769,0.8146067415730337,0.1360437842064112,0.2331502076912769,oracle_gt_prompt
deepcrack_0206,box,deepcrack,0.5885133052501798,0.7409611279994825,0.6476707372229761,0.8656490856883784,0.7409611279994827,oracle_gt_prompt
deepcrack_0207,box,deepcrack,0.5154884829229547,0.6802935010482181,0.5250809061488673,0.9657738095238096,0.680293501048218,oracle_gt_prompt
deepcrack_0208,box,deepcrack,0.5528009861662786,0.7120049395783717,0.5715094873973379,0.944093567251462,0.7120049395783717,oracle_gt_prompt
deepcrack_0209,box,deepcrack,0.4585908529048207,0.6288135593220339,0.4804662205914095,0.909685328974254,0.628813559322034,oracle_gt_prompt
deepcrack_0210,box,deepcrack,0.4012769662377866,0.5727304107697618,0.4238708358880033,0.8827410087252607,0.5727304107697618,oracle_gt_prompt
deepcrack_0211,box,deepcrack,0.3531366034786007,0.5219526285384171,0.5732868020304569,0.4790562036055143,0.5219526285384171,oracle_gt_prompt
deepcrack_0212,box,deepcrack,0.3271421495789995,0.4930024258257137,0.3588698723173051,0.7872467222884386,0.4930024258257137,oracle_gt_prompt
deepcrack_0213,box,deepcrack,0.6104468219005664,0.7581086361860102,0.691498841561219,0.8389189189189189,0.7581086361860102,oracle_gt_prompt
deepcrack_0214,box,deepcrack,0.5225149867558901,0.6863840307664133,0.5539462015962163,0.9020457280385078,0.6863840307664133,oracle_gt_prompt
deepcrack_0215,box,deepcrack,0.6801606922126081,0.8096376678315247,0.8611111111111112,0.763970843457133,0.8096376678315247,oracle_gt_prompt
deepcrack_0216,box,deepcrack,0.7005212712291912,0.8238900425195294,0.7800037446171129,0.8730092204526404,0.8238900425195292,oracle_gt_prompt
deepcrack_0217,box,deepcrack,0.8032960067610395,0.8909197422378442,0.882954017649791,0.8990305036651691,0.8909197422378442,oracle_gt_prompt
deepcrack_0218,box,deepcrack,0.736545853926414,0.8482884022452368,0.8116490166414524,0.8883921179003146,0.8482884022452367,oracle_gt_prompt
deepcrack_0219,box,deepcrack,0.4791034715200539,0.6478295545174889,0.4841621253405994,0.978657487091222,0.6478295545174889,oracle_gt_prompt
deepcrack_0220,box,deepcrack,0.5209659492775589,0.6850461701986315,0.5313272877164056,0.963918489437278,0.6850461701986315,oracle_gt_prompt
deepcrack_0221,box,deepcrack,0.7536887994634474,0.859546801797495,0.8299483013293943,0.8913345231013285,0.859546801797495,oracle_gt_prompt
deepcrack_0222,box,deepcrack,0.7548652694610778,0.8603113670292173,0.8474789915966386,0.8735383282806409,0.8603113670292173,oracle_gt_prompt
deepcrack_0223,box,deepcrack,0.708568622636877,0.8294295157350194,0.7443899922620583,0.936404931862427,0.8294295157350193,oracle_gt_prompt
deepcrack_0224,box,deepcrack,0.7173943761480853,0.8354451209478361,0.8000315159155373,0.8741391184573003,0.8354451209478362,oracle_gt_prompt
deepcrack_0225,box,deepcrack,0.2373451327433628,0.3836361035617222,0.2437295528898582,0.900604432505037,0.3836361035617222,oracle_gt_prompt
deepcrack_0226,box,deepcrack,0.3895925110132158,0.560729146027343,0.3971372438955936,0.9535040431266848,0.560729146027343,oracle_gt_prompt
deepcrack_0227,box,deepcrack,0.7214898246512224,0.8382156133828996,0.7546184738955823,0.9426421404682276,0.8382156133828997,oracle_gt_prompt
deepcrack_0228,box,deepcrack,0.6044922885829624,0.7534997742081156,0.6263406263406264,0.9454427715719604,0.7534997742081156,oracle_gt_prompt
deepcrack_0229,box,deepcrack,0.836036036036036,0.9106967615309126,0.855862977602108,0.9730377471539844,0.9106967615309128,oracle_gt_prompt
deepcrack_0230,box,deepcrack,0.9015059909860392,0.9482021042895132,0.9791069723018148,0.919188522752746,0.9482021042895132,oracle_gt_prompt
deepcrack_0231,box,deepcrack,0.8086280924146392,0.8941894641645942,0.8440034144259496,0.950721153846154,0.894189464164594,oracle_gt_prompt
deepcrack_0232,box,deepcrack,0.6790602189781022,0.8088574921885613,0.6832683038788157,0.991011984021305,0.8088574921885613,oracle_gt_prompt
deepcrack_0233,box,deepcrack,0.8202345188487257,0.9012404834158548,0.97320915258135,0.8391830259766012,0.9012404834158548,oracle_gt_prompt
deepcrack_0234,box,deepcrack,0.8270581080333942,0.9053440658476064,0.9951436934539648,0.830409681358943,0.9053440658476064,oracle_gt_prompt
deepcrack_0235,box,deepcrack,0.8570112201203317,0.9230005837711616,0.9952788618909733,0.8605094154783934,0.9230005837711616,oracle_gt_prompt
deepcrack_0236,box,deepcrack,0.4742894209222785,0.6434142634294628,0.9967160294937728,0.4750317455630038,0.6434142634294628,oracle_gt_prompt
deepcrack_0000,point,deepcrack,0.5389107898963352,0.7003795066413663,0.5461675051790471,0.9759386567953464,0.7003795066413664,oracle_gt_prompt
deepcrack_0001,point,deepcrack,0.5777111015859409,0.7323407954792437,0.734896401308615,0.7298029023175222,0.7323407954792436,oracle_gt_prompt
deepcrack_0002,point,deepcrack,0.7063285320257432,0.827892775358089,0.7213050622017056,0.9714436248682824,0.827892775358089,oracle_gt_prompt
deepcrack_0003,point,deepcrack,0.0424339663306113,0.0814132457329259,0.042434576037396,0.9996615141599908,0.0814132457329259,oracle_gt_prompt
deepcrack_0004,point,deepcrack,0.0355806315018482,0.0687162938732207,0.0370538108575174,0.4722770773203706,0.0687162938732207,oracle_gt_prompt
deepcrack_0005,point,deepcrack,0.0169527896995708,0.0333403671660687,0.8876404494382022,0.0169892473118279,0.0333403671660687,oracle_gt_prompt
deepcrack_0006,point,deepcrack,0.4258236865538735,0.5973020234823883,0.6586776859504132,0.5463893967093236,0.5973020234823881,oracle_gt_prompt
deepcrack_0007,point,deepcrack,0.759119496855346,0.8630675723989989,0.8141652613827993,0.9182198554583492,0.8630675723989989,oracle_gt_prompt
deepcrack_0008,point,deepcrack,0.8061499220631997,0.8926722108896908,0.8776612156741747,0.908205619412516,0.892672210889691,oracle_gt_prompt
deepcrack_0009,point,deepcrack,0.6166932482721956,0.76290693850707,0.7184886961907712,0.8131791097090781,0.7629069385070701,oracle_gt_prompt
deepcrack_0010,point,deepcrack,0.0969304315008177,0.1767303171053386,0.1016423718752061,0.6764705882352942,0.1767303171053386,oracle_gt_prompt
deepcrack_0011,point,deepcrack,0.7038693369628621,0.8262010726920005,0.7199681782020684,0.9692101740294512,0.8262010726920003,oracle_gt_prompt
deepcrack_0012,point,deepcrack,0.0829107906829345,0.1531258001975344,0.1260969976905311,0.194903153712441,0.1531258001975344,oracle_gt_prompt
deepcrack_0013,point,deepcrack,0.0549567061318254,0.1041876046901172,0.069899857653023,0.2045006210272521,0.1041876046901172,oracle_gt_prompt
deepcrack_0014,point,deepcrack,0.0679759435299735,0.1272986417751942,0.0883128465624878,0.2279095366756729,0.1272986417751942,oracle_gt_prompt
deepcrack_0015,point,deepcrack,0.0288525315056378,0.0560868163747716,0.0315640733503491,0.2514195903467856,0.0560868163747716,oracle_gt_prompt
deepcrack_0016,point,deepcrack,0.3541754091481326,0.5230864580105361,0.5753237900477164,0.4795454545454545,0.5230864580105361,oracle_gt_prompt
deepcrack_0017,point,deepcrack,0.085133002544891,0.1569079593842122,0.1177002457002457,0.2352848722986247,0.1569079593842122,oracle_gt_prompt
deepcrack_0018,point,deepcrack,0.0766415433764461,0.1423715141737727,0.1357990767201582,0.1496124969726326,0.1423715141737727,oracle_gt_prompt
deepcrack_0019,point,deepcrack,0.0113595263291851,0.0224638736936913,0.016378561081603,0.035744393862755,0.0224638736936913,oracle_gt_prompt
deepcrack_0020,point,deepcrack,0.0019853679112184,0.0039628680713316,0.0022687986171132,0.0156438026474127,0.0039628680713316,oracle_gt_prompt
deepcrack_0021,point,deepcrack,0.7345527743742342,0.8469650335536606,0.8785721762797027,0.8175530878628482,0.8469650335536607,oracle_gt_prompt
deepcrack_0022,point,deepcrack,0.0580109101929487,0.1096603251139808,0.194974959680842,0.0762818809776833,0.1096603251139808,oracle_gt_prompt
deepcrack_0023,point,deepcrack,0.0197151818589156,0.0386680167357621,0.0275884630063791,0.0646191175531575,0.0386680167357621,oracle_gt_prompt
deepcrack_0024,point,deepcrack,0.0072231307921331,0.0143426626559946,0.0084417652968707,0.0476519814648315,0.0143426626559946,oracle_gt_prompt
deepcrack_0025,point,deepcrack,0.4676861931916364,0.6373108847942545,0.7707532393564004,0.5432557205941388,0.6373108847942544,oracle_gt_prompt
deepcrack_0026,point,deepcrack,0.3896250642013354,0.560762862211709,0.6964744766801322,0.4693145261073991,0.560762862211709,oracle_gt_prompt
deepcrack_0027,point,deepcrack,0.3411599789731908,0.5087535928926051,0.4586572438162544,0.5711352302728073,0.5087535928926051,oracle_gt_prompt
deepcrack_0028,point,deepcrack,0.0781610908278071,0.1449896337249481,0.6503409795412275,0.0815897954421715,0.1449896337249481,oracle_gt_prompt
deepcrack_0029,point,deepcrack,0.582738130964528,0.7363670838073568,0.9242265587815326,0.6119760479041916,0.7363670838073569,oracle_gt_prompt
deepcrack_0030,point,deepcrack,0.6177315147164394,0.7637009096960284,0.9990877425775418,0.6180801395515879,0.7637009096960284,oracle_gt_prompt
deepcrack_0031,point,deepcrack,0.9239663305892148,0.9604807692307692,0.992744981117074,0.9302477183833116,0.9604807692307692,oracle_gt_prompt
deepcrack_0032,point,deepcrack,0.0501286124981086,0.0954713773179833,0.0501513775355737,0.9910260245288662,0.0954713773179833,oracle_gt_prompt
deepcrack_0033,point,deepcrack,0.7919208573784007,0.8838792786161207,0.8132407720961734,0.967956469165659,0.8838792786161207,oracle_gt_prompt
deepcrack_0034,point,deepcrack,0.6980905127048564,0.8222064813175137,0.7258089729560732,0.9481315090871962,0.8222064813175137,oracle_gt_prompt
deepcrack_0035,point,deepcrack,0.4621794178119251,0.6321788040260509,0.4664191329037894,0.9807118254879448,0.6321788040260509,oracle_gt_prompt
deepcrack_0036,point,deepcrack,0.0081351512231072,0.0161390091660574,0.0240408778689897,0.0121466057220247,0.0161390091660574,oracle_gt_prompt
deepcrack_0037,point,deepcrack,0.0508996212121212,0.096868664113539,0.0857530312699425,0.1112951651309659,0.096868664113539,oracle_gt_prompt
deepcrack_0038,point,deepcrack,0.093748449516249,0.1714259792692054,0.9754775425916364,0.0939699117244809,0.1714259792692054,oracle_gt_prompt
deepcrack_0039,point,deepcrack,0.0638842405748597,0.1200962250185048,0.6946748728926947,0.0657298392201544,0.1200962250185048,oracle_gt_prompt
deepcrack_0040,point,deepcrack,0.6695421366954214,0.8020667726550079,0.6965025310630465,0.9453466583385384,0.802066772655008,oracle_gt_prompt
deepcrack_0041,point,deepcrack,0.4842143495753241,0.6524857406396476,0.79234672884378,0.554592,0.6524857406396476,oracle_gt_prompt
deepcrack_0042,point,deepcrack,0.1142425767488676,0.2050587172538392,0.1358148202638419,0.4183510075833107,0.2050587172538392,oracle_gt_prompt
deepcrack_0043,point,deepcrack,0.0028874305906108,0.0057582346782636,0.0033293753346837,0.0212892660413875,0.0057582346782636,oracle_gt_prompt
deepcrack_0044,point,deepcrack,0.1393165078367717,0.2445615540167902,0.1485548379892427,0.6913815504547424,0.2445615540167902,oracle_gt_prompt
deepcrack_0045,point,deepcrack,0.7982529816899042,0.887809434843531,0.8089887640449438,0.983647277996274,0.8878094348435309,oracle_gt_prompt
deepcrack_0046,point,deepcrack,0.5722852859284644,0.7279662171366299,0.5771681607084999,0.985432417481099,0.7279662171366299,oracle_gt_prompt
deepcrack_0047,point,deepcrack,0.5,0.6666666666666666,0.646662705486235,0.6879477454698694,0.6666666666666667,oracle_gt_prompt
deepcrack_0048,point,deepcrack,0.5374596227987913,0.6991528295493054,0.5393704904318728,0.9934514637904468,0.6991528295493052,oracle_gt_prompt
deepcrack_0049,point,deepcrack,0.7569558101472995,0.8616674429436423,0.7648420704481561,0.986561433447099,0.8616674429436423,oracle_gt_prompt
deepcrack_0050,point,deepcrack,0.7292393579902303,0.8434221146085553,0.7398753894080997,0.9806681681681682,0.8434221146085553,oracle_gt_prompt
deepcrack_0051,point,deepcrack,0.4606789858186506,0.6307737569873492,0.463267070008643,0.9880184331797236,0.6307737569873493,oracle_gt_prompt
deepcrack_0052,point,deepcrack,0.7499234771962044,0.8570928808815812,0.7524570024570024,0.995530272247054,0.8570928808815812,oracle_gt_prompt
deepcrack_0053,point,deepcrack,0.7905709547500592,0.8830378406985975,0.8002398081534772,0.9849468713105076,0.8830378406985975,oracle_gt_prompt
deepcrack_0054,point,deepcrack,0.7552895917931182,0.860586874467308,0.7697669353082117,0.9757040309221424,0.860586874467308,oracle_gt_prompt
deepcrack_0055,point,deepcrack,0.6650338857948064,0.7988232449423712,0.8992831866436802,0.7185528891466686,0.7988232449423712,oracle_gt_prompt
deepcrack_0056,point,deepcrack,0.4390164995147201,0.6101618705035972,0.576465590484282,0.6480420248328558,0.6101618705035972,oracle_gt_prompt
deepcrack_0057,point,deepcrack,0.4603732162458836,0.6304870715574263,0.4806325922530369,0.9161205766710354,0.6304870715574263,oracle_gt_prompt
deepcrack_0058,point,deepcrack,0.3805215540180947,0.551272166538165,0.3877440347071583,0.9533333333333334,0.551272166538165,oracle_gt_prompt
deepcrack_0059,point,deepcrack,0.0520571232631929,0.0989625413147264,0.0520966245215172,0.9856437454279444,0.0989625413147264,oracle_gt_prompt
deepcrack_0060,point,deepcrack,0.0100867167374188,0.0199719817522181,0.0119052717228384,0.0619429590017825,0.0199719817522181,oracle_gt_prompt
deepcrack_0061,point,deepcrack,0.659967544626139,0.7951571664912017,0.9313017438788092,0.6937409788741635,0.7951571664912018,oracle_gt_prompt
deepcrack_0062,point,deepcrack,0.13661708647881,0.2403924560065234,0.1412366513669309,0.8068332303345987,0.2403924560065234,oracle_gt_prompt
deepcrack_0063,point,deepcrack,0.0574504703604467,0.1086584610262907,0.0603436764962663,0.5450918537762108,0.1086584610262907,oracle_gt_prompt
deepcrack_0064,point,deepcrack,0.0516465954641119,0.0982204396170166,0.0523691877197177,0.7891646650653856,0.0982204396170166,oracle_gt_prompt
deepcrack_0065,point,deepcrack,0.0617217742328656,0.1162673230045827,0.0632924049114106,0.7132394366197183,0.1162673230045827,oracle_gt_prompt
deepcrack_0066,point,deepcrack,0.3593129559516114,0.5286684782608696,0.5215817694369973,0.5359504132231405,0.5286684782608696,oracle_gt_prompt
deepcrack_0067,point,deepcrack,0.713790396441188,0.8329961445967096,0.7389773112089401,0.9544261721483556,0.8329961445967095,oracle_gt_prompt
deepcrack_0068,point,deepcrack,0.6362233445566778,0.7776729829374947,0.6424422722765264,0.98501303214596,0.7776729829374947,oracle_gt_prompt
deepcrack_0069,point,deepcrack,0.5619335347432024,0.7195357833655706,0.5719016083254493,0.9699157641395908,0.7195357833655707,oracle_gt_prompt
deepcrack_0070,point,deepcrack,0.6522378007714443,0.7895204921070185,0.6662705610106948,0.9687187414749476,0.7895204921070185,oracle_gt_prompt
deepcrack_0071,point,deepcrack,0.6583452211126961,0.7939784946236559,0.6641243344366096,0.9869546621043628,0.7939784946236559,oracle_gt_prompt
deepcrack_0072,point,deepcrack,0.5794137695978187,0.73370738023306,0.5809618491363241,0.995422122857447,0.73370738023306,oracle_gt_prompt
deepcrack_0073,point,deepcrack,0.518278671401713,0.6827187671986792,0.5229763912310287,0.9829635499207608,0.6827187671986791,oracle_gt_prompt
deepcrack_0074,point,deepcrack,0.6879783881134625,0.8151507068551613,0.6973984481971702,0.980744544287548,0.8151507068551614,oracle_gt_prompt
deepcrack_0075,point,deepcrack,0.5645070773835505,0.7216420884814667,0.5651061173533084,0.9981256890848952,0.7216420884814667,oracle_gt_prompt
deepcrack_0076,point,deepcrack,0.7217428449380606,0.838386344464844,0.7287784679089027,0.9868006074056768,0.838386344464844,oracle_gt_prompt
deepcrack_0077,point,deepcrack,0.5267357512953368,0.6900156112129233,0.5275010377750103,0.997253286246812,0.6900156112129233,oracle_gt_prompt
deepcrack_0078,point,deepcrack,0.547460595446585,0.707559981892259,0.5511283497884344,0.9879898862199749,0.7075599818922589,oracle_gt_prompt
deepcrack_0079,point,deepcrack,0.7642351492767006,0.866364270760642,0.7870047543581616,0.9635234769111368,0.866364270760642,oracle_gt_prompt
deepcrack_0080,point,deepcrack,0.7553444180522565,0.8606224627875507,0.8407755581668626,0.881429011395134,0.8606224627875507,oracle_gt_prompt
deepcrack_0081,point,deepcrack,0.4725213722660153,0.6417854180803739,0.911153928494969,0.4953445065176908,0.6417854180803739,oracle_gt_prompt
deepcrack_0082,point,deepcrack,0.0830724070450097,0.1534013912729243,0.6902439024390243,0.0862892570383169,0.1534013912729243,oracle_gt_prompt
deepcrack_0083,point,deepcrack,0.5671092951991829,0.7237648285751532,0.8599752168525403,0.6248030609948233,0.7237648285751531,oracle_gt_prompt
deepcrack_0084,point,deepcrack,0.741409021794222,0.8515047441643867,0.9022945965951148,0.8061280723024358,0.8515047441643868,oracle_gt_prompt
deepcrack_0085,point,deepcrack,0.5473941642772812,0.7075044961578287,0.9470382258535162,0.5646802957807743,0.7075044961578287,oracle_gt_prompt
deepcrack_0086,point,deepcrack,0.0,0.0,0.0,0.0,0.0,oracle_gt_prompt
deepcrack_0087,point,deepcrack,0.7039800995024875,0.8262773722627738,0.8973952434881087,0.7656038647342995,0.8262773722627738,oracle_gt_prompt
deepcrack_0088,point,deepcrack,0.780805143119547,0.876912497851126,0.9548858105578436,0.8107120152574698,0.8769124978511261,oracle_gt_prompt
deepcrack_0089,point,deepcrack,0.008816895632561,0.0174796747967479,0.5512820512820513,0.0088806278397356,0.0174796747967479,oracle_gt_prompt
deepcrack_0090,point,deepcrack,0.2139847512038523,0.3525328485249153,0.2227327311648305,0.8449197860962567,0.3525328485249153,oracle_gt_prompt
deepcrack_0091,point,deepcrack,0.3014236174484395,0.4632213729752472,0.9726148409893992,0.3040036815462494,0.4632213729752472,oracle_gt_prompt
deepcrack_0092,point,deepcrack,0.643380401316488,0.7829963175915757,0.9615994922246904,0.6603465184700883,0.7829963175915758,oracle_gt_prompt
deepcrack_0093,point,deepcrack,0.5585820535110596,0.7167823500247893,0.974881995954147,0.5667385339082712,0.7167823500247892,oracle_gt_prompt
deepcrack_0094,point,deepcrack,0.7097041420118343,0.8302069633834014,0.9195032198712052,0.7567192429022082,0.8302069633834014,oracle_gt_prompt
deepcrack_0095,point,deepcrack,0.575053118360205,0.7302015553086811,0.875547098001903,0.6262420035388594,0.7302015553086811,oracle_gt_prompt
deepcrack_0096,point,deepcrack,0.8250347477720547,0.904130454260371,0.9090990990990993,0.8992158260559615,0.904130454260371,oracle_gt_prompt
deepcrack_0097,point,deepcrack,0.1155240047235758,0.2071206074175021,0.1196272453827341,0.7710635984779851,0.2071206074175022,oracle_gt_prompt
deepcrack_0098,point,deepcrack,0.7614056720098644,0.8645432271613581,0.9472934472934472,0.7950887519543824,0.8645432271613581,oracle_gt_prompt
deepcrack_0099,point,deepcrack,0.7839469932064078,0.8788904560413728,0.9164623982743406,0.8442778430132779,0.8788904560413727,oracle_gt_prompt
deepcrack_0100,point,deepcrack,0.7937595129375952,0.8850233347475605,0.9357057416267942,0.8395492353099008,0.8850233347475605,oracle_gt_prompt
deepcrack_0101,point,deepcrack,0.5701764502364203,0.7262578038927653,0.623140912528359,0.8702693187819046,0.7262578038927653,oracle_gt_prompt
deepcrack_0102,point,deepcrack,0.3720782654680063,0.5423572034224928,0.3734210805646959,0.990427927927928,0.5423572034224929,oracle_gt_prompt
deepcrack_0103,point,deepcrack,0.8787946428571428,0.9354877034572888,0.9425424946133588,0.9285377358490566,0.9354877034572888,oracle_gt_prompt
deepcrack_0104,point,deepcrack,0.9115376367145616,0.9537218825377236,0.9904462309215892,0.9196235395932496,0.9537218825377236,oracle_gt_prompt
deepcrack_0105,point,deepcrack,0.8727622130069789,0.9320587599913588,0.9960752626111048,0.8757738759768599,0.9320587599913588,oracle_gt_prompt
deepcrack_0106,point,deepcrack,0.8429970617042115,0.9148110750916724,0.9982602644398052,0.8442373712604218,0.9148110750916724,oracle_gt_prompt
deepcrack_0107,point,deepcrack,0.6509516326174263,0.7885774722369117,0.6614620298083748,0.9761717727153704,0.7885774722369115,oracle_gt_prompt
deepcrack_0108,point,deepcrack,0.0163994169096209,0.0322696306920043,0.0163994169096209,1.0,0.0322696306920043,oracle_gt_prompt
deepcrack_0109,point,deepcrack,0.7748199979718081,0.8731251607005114,1.0,0.7748199979718081,0.8731251607005113,oracle_gt_prompt
deepcrack_0110,point,deepcrack,0.786592361907884,0.8805504587155963,1.0,0.786592361907884,0.8805504587155963,oracle_gt_prompt
deepcrack_0111,point,deepcrack,0.2974564295807819,0.4585224178616809,0.973535457348407,0.2998812821527503,0.4585224178616808,oracle_gt_prompt
deepcrack_0112,point,deepcrack,0.6406734947237741,0.7809884133364862,0.9798267473596772,0.6492373014624941,0.7809884133364863,oracle_gt_prompt
deepcrack_0113,point,deepcrack,0.8864874211117835,0.9398286054717933,0.948741672834937,0.9310814491964042,0.9398286054717933,oracle_gt_prompt
deepcrack_0114,point,deepcrack,0.8818143281051293,0.9371958911515588,0.9174384757872454,0.957823003959849,0.9371958911515588,oracle_gt_prompt
deepcrack_0115,point,deepcrack,0.838206353668822,0.911982870688996,0.9334690043832186,0.8914635969502168,0.911982870688996,oracle_gt_prompt
deepcrack_0116,point,deepcrack,0.8143202340073763,0.8976587691013599,0.8601558301988178,0.9385810612723542,0.8976587691013599,oracle_gt_prompt
deepcrack_0117,point,deepcrack,0.4725701943844492,0.6418304488119683,0.8171496862862264,0.5284513573567772,0.6418304488119683,oracle_gt_prompt
deepcrack_0118,point,deepcrack,0.0201455461814488,0.0394954352481496,0.0201455461814488,1.0,0.0394954352481496,oracle_gt_prompt
deepcrack_0119,point,deepcrack,0.2939843946639818,0.4543863061661155,0.8729446935724963,0.3071259531948462,0.4543863061661156,oracle_gt_prompt
deepcrack_0120,point,deepcrack,0.0202277925272098,0.0396534826347035,0.0213734895864958,0.273972602739726,0.0396534826347035,oracle_gt_prompt
deepcrack_0121,point,deepcrack,0.0091190941093311,0.0180733754074485,0.0094190955355077,0.2225828493337888,0.0180733754074485,oracle_gt_prompt
deepcrack_0122,point,deepcrack,0.0,0.0,0.0,0.0,0.0,oracle_gt_prompt
deepcrack_0123,point,deepcrack,0.7964101063310897,0.8866684767852294,0.9070103321853128,0.8672190354790738,0.8866684767852294,oracle_gt_prompt
deepcrack_0124,point,deepcrack,0.6851156069364162,0.8131378097933282,0.6925211802512417,0.9846313603322948,0.8131378097933283,oracle_gt_prompt
deepcrack_0125,point,deepcrack,0.7109855409672594,0.8310830500242836,0.773179107175131,0.8983620327593448,0.8310830500242836,oracle_gt_prompt
deepcrack_0126,point,deepcrack,0.7977282656181739,0.8874848116646415,0.9580272822665268,0.8266183793571752,0.8874848116646417,oracle_gt_prompt
deepcrack_0127,point,deepcrack,0.8335350043215212,0.909210898463279,0.9531527969954536,0.8691420331651045,0.9092108984632788,oracle_gt_prompt
deepcrack_0128,point,deepcrack,0.8061534565712839,0.8926743778478794,0.9754864409376436,0.8228224347376583,0.8926743778478793,oracle_gt_prompt
deepcrack_0129,point,deepcrack,0.6847826086956522,0.8129032258064516,0.9438202247191012,0.7138810198300283,0.8129032258064517,oracle_gt_prompt
deepcrack_0130,point,deepcrack,0.3975197077485099,0.5688931691545711,0.96883786316776,0.4026682247541143,0.5688931691545711,oracle_gt_prompt
deepcrack_0131,point,deepcrack,0.5944434737026035,0.7456438356164383,1.0,0.5944434737026035,0.7456438356164384,oracle_gt_prompt
deepcrack_0132,point,deepcrack,0.7391954787234043,0.8500430086973143,0.8603211452892242,0.8400075557234605,0.8500430086973144,oracle_gt_prompt
deepcrack_0133,point,deepcrack,0.7915072685539403,0.8836216100790092,0.8063133281371785,0.9773264052905054,0.8836216100790092,oracle_gt_prompt
deepcrack_0134,point,deepcrack,0.3892320085929108,0.5603556586450179,0.3953361516432565,0.9618447246184472,0.560355658645018,oracle_gt_prompt
deepcrack_0135,point,deepcrack,0.5703947368421053,0.7264348554671135,0.6138053097345133,0.8896870189840944,0.7264348554671135,oracle_gt_prompt
deepcrack_0136,point,deepcrack,0.4430981768769109,0.6140929064657878,0.8734375,0.4734995159728944,0.6140929064657878,oracle_gt_prompt
deepcrack_0137,point,deepcrack,0.6164037095025894,0.7626853438640936,0.685140562248996,0.8600235254579063,0.7626853438640935,oracle_gt_prompt
deepcrack_0138,point,deepcrack,0.1322527861312577,0.2336099990235328,0.1329554295876403,0.9615755627009648,0.2336099990235328,oracle_gt_prompt
deepcrack_0139,point,deepcrack,0.1156215740469095,0.2072774079251498,0.1166864052857944,0.9268473821017452,0.2072774079251498,oracle_gt_prompt
deepcrack_0140,point,deepcrack,0.7610619469026548,0.864321608040201,0.8071592273272945,0.9301974594390644,0.864321608040201,oracle_gt_prompt
deepcrack_0141,point,deepcrack,0.7316065646980016,0.845003223726628,0.7386158701532912,0.987194938234408,0.845003223726628,oracle_gt_prompt
deepcrack_0142,point,deepcrack,0.7365169874079354,0.848269257080312,0.7426039046592406,0.9889934598819587,0.848269257080312,oracle_gt_prompt
deepcrack_0143,point,deepcrack,0.5287643087760493,0.691753863876356,0.5293858360270349,0.9977845472168374,0.691753863876356,oracle_gt_prompt
deepcrack_0144,point,deepcrack,0.4447476125511596,0.615675165250236,0.445703125,0.995202791103358,0.6156751652502361,oracle_gt_prompt
deepcrack_0145,point,deepcrack,0.5952649379932357,0.7462897526501767,0.6214506399882301,0.9338934335617952,0.7462897526501766,oracle_gt_prompt
deepcrack_0146,point,deepcrack,0.6547469677959012,0.791355996461519,0.6555695142378559,0.9980873445967484,0.7913559964615189,oracle_gt_prompt
deepcrack_0147,point,deepcrack,0.7854584052010084,0.8798394887419188,0.9735240914323302,0.8026030368763557,0.8798394887419186,oracle_gt_prompt
deepcrack_0148,point,deepcrack,0.6992391821207798,0.8230026584580943,0.7056142034548945,0.9872440416247062,0.8230026584580943,oracle_gt_prompt
deepcrack_0149,point,deepcrack,0.7868288205598899,0.8806986002311545,0.8146828225231646,0.9583566238121856,0.8806986002311543,oracle_gt_prompt
deepcrack_0150,point,deepcrack,0.6759200841219769,0.8066256744886435,0.7391054386570082,0.8877226902361552,0.8066256744886435,oracle_gt_prompt
deepcrack_0151,point,deepcrack,0.6892413201885984,0.8160365389495052,0.7460562944633468,0.9005040134403585,0.8160365389495052,oracle_gt_prompt
deepcrack_0152,point,deepcrack,0.4962066647459905,0.6632862644415918,0.837982484592929,0.5488633949437008,0.6632862644415918,oracle_gt_prompt
deepcrack_0153,point,deepcrack,0.6670623785883877,0.8002848449537127,0.9061721155255829,0.7165546023649432,0.8002848449537127,oracle_gt_prompt
deepcrack_0154,point,deepcrack,0.7191484384138496,0.8366333265292236,0.8516415015930184,0.8221449585450655,0.8366333265292236,oracle_gt_prompt
deepcrack_0155,point,deepcrack,0.8177610645067978,0.8997453851050287,0.8490764379035891,0.9568454899306144,0.8997453851050287,oracle_gt_prompt
deepcrack_0156,point,deepcrack,0.7890652557319224,0.8820977917981072,0.7967943009795192,0.9878560388606756,0.8820977917981073,oracle_gt_prompt
deepcrack_0157,point,deepcrack,0.5861480723302627,0.7390836739083674,0.7379725085910653,0.7401981904351572,0.7390836739083674,oracle_gt_prompt
deepcrack_0158,point,deepcrack,0.3680571046174437,0.5380727213435513,0.8814102564102564,0.3872330438864116,0.5380727213435513,oracle_gt_prompt
deepcrack_0159,point,deepcrack,0.6246144355336212,0.7689386747674198,0.627809641915982,0.9919177075679648,0.7689386747674197,oracle_gt_prompt
deepcrack_0160,point,deepcrack,0.925747084548105,0.96144202110044,0.99301246029807,0.9318171397129624,0.96144202110044,oracle_gt_prompt
deepcrack_0161,point,deepcrack,0.9417252815335836,0.9699881754537436,0.9994971570030556,0.9421716619266388,0.9699881754537436,oracle_gt_prompt
deepcrack_0162,point,deepcrack,0.8634929345589244,0.9267466686299052,0.9930577469233196,0.8687370600414078,0.926746668629905,oracle_gt_prompt
deepcrack_0163,point,deepcrack,0.9286118240744768,0.9629846840953692,0.9985031340630556,0.9299063384883468,0.9629846840953692,oracle_gt_prompt
deepcrack_0164,point,deepcrack,0.9332864495093182,0.965492154301493,0.9930274480459848,0.93944269257996,0.965492154301493,oracle_gt_prompt
deepcrack_0165,point,deepcrack,0.8171795609241683,0.8993932999208653,0.9593697242543612,0.8464746772591857,0.8993932999208653,oracle_gt_prompt
deepcrack_0166,point,deepcrack,0.9596354765959404,0.9794020245672548,0.9988023952095808,0.9607409455349736,0.9794020245672546,oracle_gt_prompt
deepcrack_0167,point,deepcrack,0.8848696461824953,0.9389186652505742,0.9971146784177946,0.8871411901983663,0.9389186652505744,oracle_gt_prompt
deepcrack_0168,point,deepcrack,0.5982584941096124,0.7486379660292704,0.6007200411452083,0.9931972789115646,0.7486379660292704,oracle_gt_prompt
deepcrack_0169,point,deepcrack,0.6774374150203951,0.8077051447098651,0.9704399633363886,0.6917109024091466,0.807705144709865,oracle_gt_prompt
deepcrack_0170,point,deepcrack,0.62792,0.7714383999213721,0.9640137558339474,0.6429917260588187,0.7714383999213721,oracle_gt_prompt
deepcrack_0171,point,deepcrack,0.7636186770428015,0.8659680088251517,0.8364411294619073,0.8976558033161807,0.8659680088251517,oracle_gt_prompt
deepcrack_0172,point,deepcrack,0.6618569636135508,0.7965269913174783,0.6931668856767411,0.9361135758651288,0.7965269913174784,oracle_gt_prompt
deepcrack_0173,point,deepcrack,0.0228343967350692,0.0446492546749652,0.0228343967350692,1.0,0.0446492546749652,oracle_gt_prompt
deepcrack_0174,point,deepcrack,0.4617854849068722,0.6318101933216169,0.4628258770518185,0.9951557093425606,0.6318101933216169,oracle_gt_prompt
deepcrack_0175,point,deepcrack,0.24679186228482,0.3958830174469687,0.24679186228482,1.0,0.3958830174469687,oracle_gt_prompt
deepcrack_0176,point,deepcrack,0.3366242642870704,0.5036931818181818,0.343205574912892,0.9461045891141944,0.5036931818181819,oracle_gt_prompt
deepcrack_0177,point,deepcrack,0.3820744792762466,0.5528999847769828,0.3871242805371989,0.966986155484558,0.5528999847769829,oracle_gt_prompt
deepcrack_0178,point,deepcrack,0.8518718892014715,0.9200116856558574,0.8732253771073647,0.9720953204099272,0.9200116856558574,oracle_gt_prompt
deepcrack_0179,point,deepcrack,0.0520788575761405,0.0990018137920265,0.0522300097590651,0.9473563218390804,0.0990018137920265,oracle_gt_prompt
deepcrack_0180,point,deepcrack,0.9066322522724722,0.9510300176574455,0.9667344740935744,0.9358276381327464,0.9510300176574455,oracle_gt_prompt
deepcrack_0181,point,deepcrack,0.7803423735333718,0.8766205704407951,0.8020956899960459,0.966412577417818,0.8766205704407951,oracle_gt_prompt
deepcrack_0182,point,deepcrack,0.7783171521035599,0.8753412192902639,0.7911184210526315,0.979633401221996,0.8753412192902639,oracle_gt_prompt
deepcrack_0183,point,deepcrack,0.7034719418651595,0.8259272425642848,0.7231040564373897,0.9628401712943776,0.825927242564285,oracle_gt_prompt
deepcrack_0184,point,deepcrack,0.7647058823529411,0.8666666666666667,0.8172356369691923,0.9224624060150376,0.8666666666666667,oracle_gt_prompt
deepcrack_0185,point,deepcrack,0.7384393063583815,0.8495428096425602,0.8214418202052677,0.879634533898305,0.8495428096425602,oracle_gt_prompt
deepcrack_0186,point,deepcrack,0.7703961607226875,0.8703093441054534,0.8392619169656587,0.903742134893476,0.8703093441054535,oracle_gt_prompt
deepcrack_0187,point,deepcrack,0.7948350071736011,0.885691446842526,0.970750775037067,0.8143374038896427,0.885691446842526,oracle_gt_prompt
deepcrack_0188,point,deepcrack,0.8258442265795207,0.9046163024834066,0.9439688715953308,0.8684135166093929,0.9046163024834066,oracle_gt_prompt
deepcrack_0189,point,deepcrack,0.7462012938167595,0.8546566726975101,0.8432505950357021,0.8663755458515284,0.8546566726975101,oracle_gt_prompt
deepcrack_0190,point,deepcrack,0.7736974982786321,0.8724120082815735,0.8143495591254982,0.9393897171520134,0.8724120082815735,oracle_gt_prompt
deepcrack_0191,point,deepcrack,0.7085339168490153,0.829405737704918,0.713215859030837,0.9908200734394124,0.829405737704918,oracle_gt_prompt
deepcrack_0192,point,deepcrack,0.474083856058105,0.6432250839865622,0.4762852404643449,0.9903448275862068,0.6432250839865622,oracle_gt_prompt
deepcrack_0193,point,deepcrack,0.6836715695401229,0.8121198717239854,0.7599337748344371,0.8720018997862741,0.8121198717239854,oracle_gt_prompt
deepcrack_0194,point,deepcrack,0.6087726199842644,0.7568162367037535,0.8213906581740976,0.7016549535252777,0.7568162367037535,oracle_gt_prompt
deepcrack_0195,point,deepcrack,0.6122405307083244,0.759490310591983,0.6123715753424658,0.9996505939902166,0.7594903105919829,oracle_gt_prompt
deepcrack_0196,point,deepcrack,0.6439525967235971,0.7834199088307008,0.6498417164966585,0.986122231118228,0.7834199088307008,oracle_gt_prompt
deepcrack_0197,point,deepcrack,0.7282485875706215,0.8427590715920236,0.7367117546199276,0.984470468431772,0.8427590715920235,oracle_gt_prompt
deepcrack_0198,point,deepcrack,0.0382654185831214,0.0737102823579364,0.0382693551231556,0.9973190348525468,0.0737102823579364,oracle_gt_prompt
deepcrack_0199,point,deepcrack,0.0414462376659501,0.0795936192709051,0.0414462376659501,1.0,0.0795936192709051,oracle_gt_prompt
deepcrack_0200,point,deepcrack,0.0390376150172675,0.0751418706176846,0.039040981054346,0.997796278158668,0.0751418706176846,oracle_gt_prompt
deepcrack_0201,point,deepcrack,0.0239189390130782,0.0467203761972269,0.0249271298380253,0.3716171617161716,0.0467203761972269,oracle_gt_prompt
deepcrack_0202,point,deepcrack,0.1776520333291879,0.3017054754738899,0.2411173938729006,0.4029619181946403,0.3017054754738898,oracle_gt_prompt
deepcrack_0203,point,deepcrack,0.0378902581597255,0.0730139971193263,0.0378902581597255,1.0,0.0730139971193263,oracle_gt_prompt
deepcrack_0204,point,deepcrack,0.0383923100490196,0.0739456748234339,0.0383923100490196,1.0,0.0739456748234339,oracle_gt_prompt
deepcrack_0205,point,deepcrack,0.575724076940084,0.730742247790094,0.6626797302455784,0.8143862392494136,0.730742247790094,oracle_gt_prompt
deepcrack_0206,point,deepcrack,0.5522163786626596,0.7115198451113263,0.5932801937241449,0.8886202206437963,0.7115198451113262,oracle_gt_prompt
deepcrack_0207,point,deepcrack,0.460419292015122,0.6305302792594917,0.4611060119320789,0.9967757936507936,0.6305302792594917,oracle_gt_prompt
deepcrack_0208,point,deepcrack,0.4530251384746485,0.6235613224836889,0.4540892590219944,0.9948538011695908,0.6235613224836889,oracle_gt_prompt
deepcrack_0209,point,deepcrack,0.3235449735449735,0.4889066560063961,0.3235877761608678,0.9995913363302004,0.4889066560063961,oracle_gt_prompt
deepcrack_0210,point,deepcrack,0.3281705150976909,0.4941692521664705,0.3300464451589853,0.9829751010853373,0.4941692521664705,oracle_gt_prompt
deepcrack_0211,point,deepcrack,0.4946690359840071,0.6619111309258434,0.7531281704430166,0.5904029692470838,0.6619111309258434,oracle_gt_prompt
deepcrack_0212,point,deepcrack,0.2687012771603914,0.4235847823244869,0.2713113381343158,0.965435041716329,0.4235847823244868,oracle_gt_prompt
deepcrack_0213,point,deepcrack,0.5933622828784119,0.7447926805528519,0.6772880155779784,0.8272432432432433,0.7447926805528519,oracle_gt_prompt
deepcrack_0214,point,deepcrack,0.4922330097087378,0.6597267404033832,0.4982188920280064,0.976173285198556,0.6597267404033833,oracle_gt_prompt
deepcrack_0215,point,deepcrack,0.4034952652244206,0.5749862863411959,0.4203561116458132,0.909580006942034,0.5749862863411959,oracle_gt_prompt
deepcrack_0216,point,deepcrack,0.6484076433121019,0.7867078825347759,0.6664242071574047,0.9599748533109808,0.7867078825347759,oracle_gt_prompt
deepcrack_0217,point,deepcrack,0.6785194763213189,0.8084737602311025,0.6819363222871995,0.9926696618585954,0.8084737602311026,oracle_gt_prompt
deepcrack_0218,point,deepcrack,0.6607059916395727,0.795692910082506,0.6886118843035217,0.9422089749958602,0.795692910082506,oracle_gt_prompt
deepcrack_0219,point,deepcrack,0.3548705302096177,0.5238441936658172,0.3560559198317456,0.9907056798623064,0.5238441936658172,oracle_gt_prompt
deepcrack_0220,point,deepcrack,0.6727272727272727,0.8043478260869565,0.6878236621962555,0.9684053094036268,0.8043478260869565,oracle_gt_prompt
deepcrack_0221,point,deepcrack,0.7082942097026604,0.8292414803957494,0.7706453260684488,0.8974816577434067,0.8292414803957493,oracle_gt_prompt
deepcrack_0222,point,deepcrack,0.7087774294670847,0.8295725554944047,0.7196053469127944,0.9792117799913382,0.8295725554944047,oracle_gt_prompt
deepcrack_0223,point,deepcrack,0.6192800488102501,0.7648831951770911,0.6239754098360656,0.9879948085658664,0.7648831951770911,oracle_gt_prompt
deepcrack_0224,point,deepcrack,0.3867463335143943,0.5577751664708186,0.3897099069512862,0.9807162534435262,0.5577751664708187,oracle_gt_prompt
deepcrack_0225,point,deepcrack,0.1925993723849372,0.3229909001206008,0.193003144654088,0.9892545332437878,0.3229909001206008,oracle_gt_prompt
deepcrack_0226,point,deepcrack,0.2509891622226045,0.4012651265126513,0.2520732550103662,0.9831536388140162,0.4012651265126512,oracle_gt_prompt
deepcrack_0227,point,deepcrack,0.7811090474927036,0.8771041263220617,0.7907601396723073,0.9846153846153848,0.8771041263220618,oracle_gt_prompt
deepcrack_0228,point,deepcrack,0.7479684806697857,0.8558146087201521,0.7574812967581047,0.9834871296745992,0.8558146087201521,oracle_gt_prompt
deepcrack_0229,point,deepcrack,0.7650462962962963,0.8668852459016393,0.7709353860508514,0.9901138406231276,0.8668852459016394,oracle_gt_prompt
deepcrack_0230,point,deepcrack,0.9171717171717172,0.9567966280295048,0.9469755187177517,0.9668235821564672,0.9567966280295048,oracle_gt_prompt
deepcrack_0231,point,deepcrack,0.8322368421052632,0.9084380610412928,0.8518518518518519,0.9730769230769232,0.9084380610412928,oracle_gt_prompt
deepcrack_0232,point,deepcrack,0.7005436067123612,0.823905489923558,0.7072297780959198,0.9866844207723036,0.823905489923558,oracle_gt_prompt
deepcrack_0233,point,deepcrack,0.8753392606457651,0.9335263000299432,0.9398110932475884,0.9273250049573668,0.9335263000299432,oracle_gt_prompt
deepcrack_0234,point,deepcrack,0.8495633911793965,0.918663718400765,0.9948226766761584,0.8533362939935606,0.918663718400765,oracle_gt_prompt
deepcrack_0235,point,deepcrack,0.918758754444564,0.957659478885894,0.9890963925298688,0.9281593556111896,0.957659478885894,oracle_gt_prompt
deepcrack_0236,point,deepcrack,0.5175998110087409,0.6821295143212951,0.999942951680073,0.5176150961226117,0.6821295143212951,oracle_gt_prompt
deepcrack_0000,ampf,deepcrack,0.5890388413429888,0.7413775245986536,0.6093989443214711,0.9463246959280804,0.7413775245986535,oracle_gt_prompt_gt_alignment
deepcrack_0001,ampf,deepcrack,0.6030261348005502,0.7523597048223786,0.7973808657693707,0.7121507472384665,0.7523597048223785,oracle_gt_prompt_gt_alignment
deepcrack_0002,ampf,deepcrack,0.7195758822598513,0.8369225105834713,0.7428524750857703,0.9582718651211802,0.8369225105834713,oracle_gt_prompt_gt_alignment
deepcrack_0003,ampf,deepcrack,0.4958076723306374,0.6629297088149214,0.5915368271954674,0.7539207943134378,0.6629297088149213,oracle_gt_prompt_gt_alignment
deepcrack_0004,ampf,deepcrack,0.6481802426343154,0.786540483701367,0.8411764705882353,0.7385690414704542,0.786540483701367,oracle_gt_prompt_gt_alignment
deepcrack_0005,ampf,deepcrack,0.6054179290679024,0.7542184724689165,0.7794860027535567,0.7305376344086022,0.7542184724689166,oracle_gt_prompt_gt_alignment
deepcrack_0006,ampf,deepcrack,0.5661697036628014,0.7229991773416382,0.7442535688361964,0.7029250457038391,0.7229991773416383,oracle_gt_prompt_gt_alignment
deepcrack_0007,ampf,deepcrack,0.7205907031381105,0.8376085048278553,0.8596596596596596,0.8166603271205781,0.8376085048278552,oracle_gt_prompt_gt_alignment
deepcrack_0008,ampf,deepcrack,0.7430841671571513,0.8526084754347459,0.9046936581870296,0.8061941251596424,0.8526084754347459,oracle_gt_prompt_gt_alignment
deepcrack_0009,ampf,deepcrack,0.6574553828439839,0.7933310177144842,0.7862306368330465,0.8005608131791097,0.7933310177144842,oracle_gt_prompt_gt_alignment
deepcrack_0010,ampf,deepcrack,0.4281757754800591,0.599612152553329,0.7294746775715634,0.5089991220368745,0.599612152553329,oracle_gt_prompt_gt_alignment
deepcrack_0011,ampf,deepcrack,0.7285589899869395,0.8429668807454981,0.7957679505468378,0.8961178045515394,0.842966880745498,oracle_gt_prompt_gt_alignment
deepcrack_0012,ampf,deepcrack,0.4765668245279537,0.6455066125169218,0.9808848661307678,0.481034268686367,0.6455066125169218,oracle_gt_prompt_gt_alignment
deepcrack_0013,ampf,deepcrack,0.4661803243855797,0.6359113086324332,0.9384088964927289,0.4808942792430773,0.6359113086324333,oracle_gt_prompt_gt_alignment
deepcrack_0014,ampf,deepcrack,0.282693075053506,0.4407805429864253,0.506894757382594,0.3899229460622436,0.4407805429864254,oracle_gt_prompt_gt_alignment
deepcrack_0015,ampf,deepcrack,0.2444076222038111,0.3928095872170439,0.4872372372372372,0.3290407625228148,0.3928095872170439,oracle_gt_prompt_gt_alignment
deepcrack_0016,ampf,deepcrack,0.3569052169604303,0.526057697323804,0.5856661633174585,0.4774621212121212,0.526057697323804,oracle_gt_prompt_gt_alignment
deepcrack_0017,ampf,deepcrack,0.2323994941171961,0.3771496097272755,0.9041300134188162,0.2382711198428291,0.3771496097272755,oracle_gt_prompt_gt_alignment
deepcrack_0018,ampf,deepcrack,0.4807798519827681,0.64936033717504,0.8455560951918407,0.527064664567692,0.6493603371750402,oracle_gt_prompt_gt_alignment
deepcrack_0019,ampf,deepcrack,0.4140683774972833,0.5856412378447078,0.9800178059155208,0.4175939976395211,0.5856412378447078,oracle_gt_prompt_gt_alignment
deepcrack_0020,ampf,deepcrack,0.6095137655417406,0.7573886953822809,0.9510653040013858,0.6292476075869577,0.7573886953822808,oracle_gt_prompt_gt_alignment
deepcrack_0021,ampf,deepcrack,0.7129646754207509,0.8324335996545023,0.9336401065633324,0.7510227936879018,0.8324335996545024,oracle_gt_prompt_gt_alignment
deepcrack_0022,ampf,deepcrack,0.5229159856162144,0.6867299188597432,0.9709845817652056,0.5312167906482466,0.6867299188597432,oracle_gt_prompt_gt_alignment
deepcrack_0023,ampf,deepcrack,0.6434293401822295,0.7830325581395349,0.9382914214374888,0.6718600344805568,0.7830325581395349,oracle_gt_prompt_gt_alignment
deepcrack_0024,ampf,deepcrack,0.4820464992338951,0.6505146761361082,0.9291217257318952,0.5004495469949513,0.6505146761361082,oracle_gt_prompt_gt_alignment
deepcrack_0025,ampf,deepcrack,0.4600500993348881,0.6301839910075134,0.7675457558726041,0.5345242874347651,0.6301839910075133,oracle_gt_prompt_gt_alignment
deepcrack_0026,ampf,deepcrack,0.6344947735191637,0.7763803027073118,0.911867801702554,0.6759465478841871,0.7763803027073118,oracle_gt_prompt_gt_alignment
deepcrack_0027,ampf,deepcrack,0.5125184094256259,0.6777020447906524,0.5368529310935893,0.9187444998533294,0.6777020447906524,oracle_gt_prompt_gt_alignment
deepcrack_0028,ampf,deepcrack,0.562489126022154,0.7199910919753545,0.688604898828541,0.7543750486116513,0.7199910919753546,oracle_gt_prompt_gt_alignment
deepcrack_0029,ampf,deepcrack,0.6385459103729239,0.7794055770187048,0.9912434325744308,0.6421682949889694,0.7794055770187047,oracle_gt_prompt_gt_alignment
deepcrack_0030,ampf,deepcrack,0.6075825979889186,0.7558959629806925,0.9999155690645052,0.6076137704581602,0.7558959629806925,oracle_gt_prompt_gt_alignment
deepcrack_0031,ampf,deepcrack,0.8825828061034611,0.9376297321340318,0.9989469250210616,0.8834047308623579,0.937629732134032,oracle_gt_prompt_gt_alignment
deepcrack_0032,ampf,deepcrack,0.627859477124183,0.7713927227101631,0.6643613572509185,0.919533353275501,0.7713927227101631,oracle_gt_prompt_gt_alignment
deepcrack_0033,ampf,deepcrack,0.8013497144834747,0.8897214217098943,0.8500367107195301,0.93329302700524,0.8897214217098944,oracle_gt_prompt_gt_alignment
deepcrack_0034,ampf,deepcrack,0.7453857075248462,0.85412147505423,0.7661748013620885,0.964876454972432,0.85412147505423,oracle_gt_prompt_gt_alignment
deepcrack_0035,ampf,deepcrack,0.6050632911392405,0.7539432176656151,0.6954413191076625,0.8231917336394948,0.7539432176656152,oracle_gt_prompt_gt_alignment
deepcrack_0036,ampf,deepcrack,0.5666158794650414,0.7233628701102226,1.0,0.5666158794650414,0.7233628701102226,oracle_gt_prompt_gt_alignment
deepcrack_0037,ampf,deepcrack,0.2690374951681484,0.4240024367956138,0.9840701291356396,0.2702143078993684,0.4240024367956138,oracle_gt_prompt_gt_alignment
deepcrack_0038,ampf,deepcrack,0.4506601806810285,0.6213173652694611,0.9957773512476008,0.4515230635335074,0.6213173652694611,oracle_gt_prompt_gt_alignment
deepcrack_0039,ampf,deepcrack,0.1573353439050491,0.2718924030681937,0.7996291718170581,0.1637928851753386,0.2718924030681937,oracle_gt_prompt_gt_alignment
deepcrack_0040,ampf,deepcrack,0.6784460566346829,0.8084216397099833,0.7302267002518892,0.905371642723298,0.8084216397099833,oracle_gt_prompt_gt_alignment
deepcrack_0041,ampf,deepcrack,0.5907865027596588,0.7427602657361957,0.967243415310366,0.602848,0.7427602657361956,oracle_gt_prompt_gt_alignment
deepcrack_0042,ampf,deepcrack,0.3855389854391733,0.556518422781109,0.9315505745495816,0.3967793588930179,0.556518422781109,oracle_gt_prompt_gt_alignment
deepcrack_0043,ampf,deepcrack,0.5062168254199084,0.672169925174994,0.9561873369042714,0.5182373083221676,0.672169925174994,oracle_gt_prompt_gt_alignment
deepcrack_0044,ampf,deepcrack,0.7030997189815209,0.8256706417660441,0.9765805192501036,0.7151580770896492,0.8256706417660441,oracle_gt_prompt_gt_alignment
deepcrack_0045,ampf,deepcrack,0.8285916239618307,0.9062620796289138,0.8499184339314845,0.9706064996895052,0.9062620796289138,oracle_gt_prompt_gt_alignment
deepcrack_0046,ampf,deepcrack,0.6652746965940233,0.7989969438131808,0.6947397110929409,0.9400700719159136,0.7989969438131809,oracle_gt_prompt_gt_alignment
deepcrack_0047,ampf,deepcrack,0.5171728640363327,0.6817586529466791,0.6130551816958277,0.7678044669195112,0.6817586529466791,oracle_gt_prompt_gt_alignment
deepcrack_0048,ampf,deepcrack,0.6212828704841484,0.7664089737759587,0.6318420394901275,0.9738058551617874,0.7664089737759588,oracle_gt_prompt_gt_alignment
deepcrack_0049,ampf,deepcrack,0.8161579892280072,0.8987742190589165,0.8375092114959469,0.9697098976109216,0.8987742190589166,oracle_gt_prompt_gt_alignment
deepcrack_0050,ampf,deepcrack,0.7307209594198857,0.8444122149705906,0.7397995199774107,0.9834834834834836,0.8444122149705906,oracle_gt_prompt_gt_alignment
deepcrack_0051,ampf,deepcrack,0.5356600910470409,0.6976284584980237,0.5427985648385444,0.976036866359447,0.6976284584980239,oracle_gt_prompt_gt_alignment
deepcrack_0052,ampf,deepcrack,0.7988789976920541,0.8881964809384164,0.8090150250417363,0.9845591223080048,0.8881964809384164,oracle_gt_prompt_gt_alignment
deepcrack_0053,ampf,deepcrack,0.8231801755291688,0.9030157157015432,0.8677551020408163,0.9412632821723732,0.9030157157015432,oracle_gt_prompt_gt_alignment
deepcrack_0054,ampf,deepcrack,0.8207113476893297,0.9015282392026578,0.8690750704586215,0.9364991717283268,0.9015282392026578,oracle_gt_prompt_gt_alignment
deepcrack_0055,ampf,deepcrack,0.7146753955264593,0.8335984727966911,0.9232666725398644,0.759805698542739,0.833598472796691,oracle_gt_prompt_gt_alignment
deepcrack_0056,ampf,deepcrack,0.495260663507109,0.6624405705229794,0.605,0.731932505571474,0.6624405705229793,oracle_gt_prompt_gt_alignment
deepcrack_0057,ampf,deepcrack,0.5382543103448276,0.6998248686514886,0.5840397544577609,0.872870249017038,0.6998248686514886,oracle_gt_prompt_gt_alignment
deepcrack_0058,ampf,deepcrack,0.3874690849134377,0.5585264408793821,0.3972950126796281,0.94,0.5585264408793821,oracle_gt_prompt_gt_alignment
deepcrack_0059,ampf,deepcrack,0.760096030180914,0.8636983632112237,0.924207673060884,0.8106254572055597,0.8636983632112237,oracle_gt_prompt_gt_alignment
deepcrack_0060,ampf,deepcrack,0.7291890729189073,0.8433884811543725,0.9546606589693044,0.7553475935828877,0.8433884811543724,oracle_gt_prompt_gt_alignment
deepcrack_0061,ampf,deepcrack,0.7785391079508727,0.875481573017373,0.9814211212516296,0.7901850150898833,0.8754815730173731,oracle_gt_prompt_gt_alignment
deepcrack_0062,ampf,deepcrack,0.6877901578458682,0.815018566909641,0.8477016975014304,0.7847620729231041,0.815018566909641,oracle_gt_prompt_gt_alignment
deepcrack_0063,ampf,deepcrack,0.4718541649084311,0.6411697247706422,0.8392374662263584,0.5187418816106885,0.6411697247706422,oracle_gt_prompt_gt_alignment
deepcrack_0064,ampf,deepcrack,0.6557528245330874,0.7920902381283944,0.8281887012230634,0.7590072057646117,0.7920902381283943,oracle_gt_prompt_gt_alignment
deepcrack_0065,ampf,deepcrack,0.5834090221011202,0.7369024856596559,0.8482758620689655,0.6513802816901408,0.7369024856596559,oracle_gt_prompt_gt_alignment
deepcrack_0066,ampf,deepcrack,0.4715902595175488,0.6409260410192666,0.735032074126871,0.5681818181818182,0.6409260410192668,oracle_gt_prompt_gt_alignment
deepcrack_0067,ampf,deepcrack,0.7728389708008094,0.8718659545843696,0.8164465144689623,0.9353568929321204,0.8718659545843694,oracle_gt_prompt_gt_alignment
deepcrack_0068,ampf,deepcrack,0.7225947033188066,0.83896078622166,0.7599153886832364,0.9363596872284968,0.8389607862216599,oracle_gt_prompt_gt_alignment
deepcrack_0069,ampf,deepcrack,0.65715069997255,0.7931091601788968,0.6755079006772009,0.96028880866426,0.7931091601788969,oracle_gt_prompt_gt_alignment
deepcrack_0070,ampf,deepcrack,0.7172643303450149,0.835356930986751,0.7391517357222844,0.9603528234973174,0.835356930986751,oracle_gt_prompt_gt_alignment
deepcrack_0071,ampf,deepcrack,0.738110964332893,0.8493254797643929,0.764102564102564,0.955945252352438,0.849325479764393,oracle_gt_prompt_gt_alignment
deepcrack_0072,ampf,deepcrack,0.7035421926401959,0.8259756590470203,0.7143079074102843,0.9790269349515596,0.8259756590470203,oracle_gt_prompt_gt_alignment
deepcrack_0073,ampf,deepcrack,0.526477086451429,0.6897936315248856,0.5335114834609274,0.975567881669308,0.6897936315248856,oracle_gt_prompt_gt_alignment
deepcrack_0074,ampf,deepcrack,0.7492540384813252,0.8566554908534793,0.790576484637933,0.9347881899871632,0.8566554908534793,oracle_gt_prompt_gt_alignment
deepcrack_0075,ampf,deepcrack,0.6336383944656626,0.7757388619320689,0.6465441176470588,0.9694597574421168,0.7757388619320688,oracle_gt_prompt_gt_alignment
deepcrack_0076,ampf,deepcrack,0.752410127038472,0.8587146529562982,0.7669207457066765,0.9754701553556828,0.8587146529562982,oracle_gt_prompt_gt_alignment
deepcrack_0077,ampf,deepcrack,0.609621062992126,0.7574715279370176,0.6204608064112196,0.9721404747890916,0.7574715279370174,oracle_gt_prompt_gt_alignment
deepcrack_0078,ampf,deepcrack,0.6026541764246682,0.7520701412566975,0.6117274167987322,0.9759797724399494,0.7520701412566975,oracle_gt_prompt_gt_alignment
deepcrack_0079,ampf,deepcrack,0.7387836490528414,0.8497706422018348,0.8372881355932204,0.8626309662398137,0.849770642201835,oracle_gt_prompt_gt_alignment
deepcrack_0080,ampf,deepcrack,0.7331506849315068,0.84603224786595,0.8691133484897694,0.8241453649522636,0.84603224786595,oracle_gt_prompt_gt_alignment
deepcrack_0081,ampf,deepcrack,0.8157983952989039,0.898556136420214,0.9656233279828784,0.8402001862197392,0.898556136420214,oracle_gt_prompt_gt_alignment
deepcrack_0082,ampf,deepcrack,0.6998505231689088,0.823425958494548,0.972849425128134,0.7137920520378087,0.823425958494548,oracle_gt_prompt_gt_alignment
deepcrack_0083,ampf,deepcrack,0.7258304940374787,0.8411376395829477,0.9309026355318858,0.767161827593968,0.8411376395829477,oracle_gt_prompt_gt_alignment
deepcrack_0084,ampf,deepcrack,0.8674924534193817,0.9290452037233152,0.93978349120433,0.91854954259892,0.9290452037233152,oracle_gt_prompt_gt_alignment
deepcrack_0085,ampf,deepcrack,0.7611637347767253,0.8643872454859777,0.9647336263265088,0.7829491083079599,0.8643872454859777,oracle_gt_prompt_gt_alignment
deepcrack_0086,ampf,deepcrack,0.8009249949728534,0.8894595801697186,0.9496900333810204,0.8364132717345653,0.8894595801697185,oracle_gt_prompt_gt_alignment
deepcrack_0087,ampf,deepcrack,0.7655749377002492,0.8672245186006654,0.906618887015177,0.8311111111111111,0.8672245186006653,oracle_gt_prompt_gt_alignment
deepcrack_0088,ampf,deepcrack,0.7982937233394272,0.8878346323280244,0.9506531204644412,0.8328035600762873,0.8878346323280244,oracle_gt_prompt_gt_alignment
deepcrack_0089,ampf,deepcrack,0.1262920503664724,0.2242616385783414,0.5838401390095569,0.1387856257744733,0.2242616385783414,oracle_gt_prompt_gt_alignment
deepcrack_0090,ampf,deepcrack,0.5961999315302978,0.7470241286863271,0.8145463049579046,0.6898395721925134,0.7470241286863271,oracle_gt_prompt_gt_alignment
deepcrack_0091,ampf,deepcrack,0.6403365906623235,0.780738044017872,0.9742566079295154,0.6513575701794754,0.780738044017872,oracle_gt_prompt_gt_alignment
deepcrack_0092,ampf,deepcrack,0.5615731785944552,0.7192402972749794,0.9759103641456582,0.569467146126185,0.7192402972749793,oracle_gt_prompt_gt_alignment
deepcrack_0093,ampf,deepcrack,0.7709686803064094,0.8706745510293473,0.9864764267990076,0.779204233633869,0.8706745510293473,oracle_gt_prompt_gt_alignment
deepcrack_0094,ampf,deepcrack,0.5919768702565956,0.743700340522134,0.928922495274102,0.6200630914826498,0.743700340522134,oracle_gt_prompt_gt_alignment
deepcrack_0095,ampf,deepcrack,0.6753649399302416,0.8062302413447452,0.9299181785841336,0.711582959030897,0.8062302413447452,oracle_gt_prompt_gt_alignment
deepcrack_0096,ampf,deepcrack,0.7972334962312598,0.8871785418010877,0.9187667048491792,0.8576902512921047,0.8871785418010877,oracle_gt_prompt_gt_alignment
deepcrack_0097,ampf,deepcrack,0.7600104230000868,0.8636430933228051,0.948509485094851,0.792716071752129,0.863643093322805,oracle_gt_prompt_gt_alignment
deepcrack_0098,ampf,deepcrack,0.7520318173958154,0.8584682195025661,0.9262059418592268,0.7999632116251265,0.8584682195025662,oracle_gt_prompt_gt_alignment
deepcrack_0099,ampf,deepcrack,0.8002545608824777,0.8890460030165912,0.929620502710695,0.8518652334929094,0.8890460030165913,oracle_gt_prompt_gt_alignment
deepcrack_0100,ampf,deepcrack,0.7855583543240974,0.879902191291263,0.9277144273673772,0.8367766747160361,0.879902191291263,oracle_gt_prompt_gt_alignment
deepcrack_0101,ampf,deepcrack,0.5865608959402706,0.7394117647058823,0.6349286526076525,0.8850554479845097,0.7394117647058824,oracle_gt_prompt_gt_alignment
deepcrack_0102,ampf,deepcrack,0.7670372160463992,0.8681619256017505,0.8441489361702128,0.893581081081081,0.8681619256017507,oracle_gt_prompt_gt_alignment
deepcrack_0103,ampf,deepcrack,0.8943310657596372,0.9442183385204692,0.9586776859504132,0.930188679245283,0.9442183385204692,oracle_gt_prompt_gt_alignment
deepcrack_0104,ampf,deepcrack,0.924560651521646,0.9608017817371938,0.989903625516292,0.9333621808740804,0.9608017817371938,oracle_gt_prompt_gt_alignment
deepcrack_0105,ampf,deepcrack,0.8589106400243433,0.9241010530910678,0.999291951852726,0.8594336750228356,0.9241010530910678,oracle_gt_prompt_gt_alignment
deepcrack_0106,ampf,deepcrack,0.8963259722493648,0.9453290049981964,0.995766391663048,0.8997547817557626,0.9453290049981964,oracle_gt_prompt_gt_alignment
deepcrack_0107,ampf,deepcrack,0.6777716083657227,0.8079426365140651,0.6980556614563477,0.9588897617177272,0.8079426365140651,oracle_gt_prompt_gt_alignment
deepcrack_0108,ampf,deepcrack,0.622296793437733,0.7671799586301999,0.6319575918212799,0.9760233918128656,0.7671799586302,oracle_gt_prompt_gt_alignment
deepcrack_0109,ampf,deepcrack,0.7826792414562418,0.8780931793617385,1.0,0.7826792414562418,0.8780931793617385,oracle_gt_prompt_gt_alignment
deepcrack_0110,ampf,deepcrack,0.7578265858056057,0.8622313394563849,1.0,0.7578265858056057,0.862231339456385,oracle_gt_prompt_gt_alignment
deepcrack_0111,ampf,deepcrack,0.6174618170366871,0.7634947675833537,0.9915297092288242,0.6207360506529481,0.7634947675833534,oracle_gt_prompt_gt_alignment
deepcrack_0112,ampf,deepcrack,0.6593742648788521,0.7947263963708534,0.9958550450023684,0.6611888661739267,0.7947263963708535,oracle_gt_prompt_gt_alignment
deepcrack_0113,ampf,deepcrack,0.874345100060122,0.9329606378591394,0.9417206290471786,0.924362117497503,0.9329606378591394,oracle_gt_prompt_gt_alignment
deepcrack_0114,ampf,deepcrack,0.8821214713430282,0.9373693300609036,0.9254240330252176,0.949627037480431,0.9373693300609036,oracle_gt_prompt_gt_alignment
deepcrack_0115,ampf,deepcrack,0.8405228758169935,0.9133522727272728,0.9672405147919104,0.8651517416654209,0.9133522727272728,oracle_gt_prompt_gt_alignment
deepcrack_0116,ampf,deepcrack,0.8123578975524943,0.8964652055198878,0.902660127805023,0.8903547346819115,0.8964652055198878,oracle_gt_prompt_gt_alignment
deepcrack_0117,ampf,deepcrack,0.8185777777777777,0.900239503397038,0.9110605461020972,0.8896724954110714,0.9002395033970381,oracle_gt_prompt_gt_alignment
deepcrack_0118,ampf,deepcrack,0.5467320261437908,0.7069511937460384,0.6360007603117278,0.7957193816884661,0.7069511937460384,oracle_gt_prompt_gt_alignment
deepcrack_0119,ampf,deepcrack,0.8106567534076827,0.8954284150013687,0.9337710533828149,0.860110439127005,0.8954284150013686,oracle_gt_prompt_gt_alignment
deepcrack_0120,ampf,deepcrack,0.7161423718800768,0.8345955249569708,0.9332178598922248,0.7548256537982565,0.8345955249569708,oracle_gt_prompt_gt_alignment
deepcrack_0121,ampf,deepcrack,0.7784967645594824,0.8754547998880493,0.9644398766700925,0.8015032456440041,0.8754547998880492,oracle_gt_prompt_gt_alignment
deepcrack_0122,ampf,deepcrack,0.7895259369570613,0.8823855755894591,0.9302529609592044,0.8392032713362353,0.8823855755894592,oracle_gt_prompt_gt_alignment
deepcrack_0123,ampf,deepcrack,0.7759834368530021,0.8738633714152483,0.96822526478946,0.7962608880390907,0.8738633714152483,oracle_gt_prompt_gt_alignment
deepcrack_0124,ampf,deepcrack,0.8057387274995544,0.8924200552704303,0.8502915177731803,0.9389408099688472,0.8924200552704302,oracle_gt_prompt_gt_alignment
deepcrack_0125,ampf,deepcrack,0.7699256110520722,0.8700090063044131,0.8310074555534315,0.9128517429651408,0.870009006304413,oracle_gt_prompt_gt_alignment
deepcrack_0126,ampf,deepcrack,0.8066585554695277,0.892983959838374,0.9726593758335556,0.8253734721593481,0.892983959838374,oracle_gt_prompt_gt_alignment
deepcrack_0127,ampf,deepcrack,0.7854974102518307,0.8798639591877563,0.9885367498314228,0.7927180966113915,0.8798639591877564,oracle_gt_prompt_gt_alignment
deepcrack_0128,ampf,deepcrack,0.7599897540983607,0.8636297482171446,0.9883411059293804,0.7668648229516671,0.8636297482171446,oracle_gt_prompt_gt_alignment
deepcrack_0129,ampf,deepcrack,0.7618677042801556,0.8648409893992933,0.9857027788964962,0.7703808624488511,0.8648409893992931,oracle_gt_prompt_gt_alignment
deepcrack_0130,ampf,deepcrack,0.8374336710082007,0.9115253347335258,0.9890610756608932,0.8452624403544649,0.9115253347335258,oracle_gt_prompt_gt_alignment
deepcrack_0131,ampf,deepcrack,0.6608733624454148,0.795814271441342,0.9994716682076344,0.6611043159182247,0.795814271441342,oracle_gt_prompt_gt_alignment
deepcrack_0132,ampf,deepcrack,0.7967420814479638,0.8868741815251334,0.9501402978631556,0.831507366830374,0.8868741815251334,oracle_gt_prompt_gt_alignment
deepcrack_0133,ampf,deepcrack,0.846412791920892,0.9168185961713764,0.8857331571994715,0.9501653282947568,0.9168185961713764,oracle_gt_prompt_gt_alignment
deepcrack_0134,ampf,deepcrack,0.4063154953192678,0.5778440139095877,0.4124237696780598,0.964830789648308,0.5778440139095877,oracle_gt_prompt_gt_alignment
deepcrack_0135,ampf,deepcrack,0.5294781382228491,0.6923644411656216,0.540454938093867,0.9630579784504876,0.6923644411656216,oracle_gt_prompt_gt_alignment
deepcrack_0136,ampf,deepcrack,0.738574473123372,0.8496322527921547,0.9716510903426792,0.754840271055179,0.8496322527921547,oracle_gt_prompt_gt_alignment
deepcrack_0137,ampf,deepcrack,0.4061395188410795,0.5776660329919666,0.4548088064889919,0.7914636195597379,0.5776660329919666,oracle_gt_prompt_gt_alignment
deepcrack_0138,ampf,deepcrack,0.6678043230944255,0.800818553888131,0.6954976303317536,0.9437299035369776,0.8008185538881311,oracle_gt_prompt_gt_alignment
deepcrack_0139,ampf,deepcrack,0.7271326362135389,0.8420113440825951,0.8678402522333158,0.8176754548830301,0.842011344082595,oracle_gt_prompt_gt_alignment
deepcrack_0140,ampf,deepcrack,0.7602880658436214,0.863822326125073,0.8068566437383994,0.929442837378946,0.863822326125073,oracle_gt_prompt_gt_alignment
deepcrack_0141,ampf,deepcrack,0.7700236966824645,0.870071624606734,0.7829177207565353,0.97905995781862,0.8700716246067339,oracle_gt_prompt_gt_alignment
deepcrack_0142,ampf,deepcrack,0.7783049108860111,0.875333477539837,0.7986842105263158,0.9682565002392726,0.875333477539837,oracle_gt_prompt_gt_alignment
deepcrack_0143,ampf,deepcrack,0.6884159807267617,0.8154577883472057,0.7145238591373203,0.9495984491830518,0.8154577883472057,oracle_gt_prompt_gt_alignment
deepcrack_0144,ampf,deepcrack,0.5485523955931335,0.7084712111184646,0.5707811250333245,0.933711295246402,0.7084712111184647,oracle_gt_prompt_gt_alignment
deepcrack_0145,ampf,deepcrack,0.6139507790883938,0.7608048362356763,0.6426829268292683,0.9321246959982312,0.7608048362356762,oracle_gt_prompt_gt_alignment
deepcrack_0146,ampf,deepcrack,0.7711480362537765,0.8707889125799574,0.7857875833760903,0.976410583359898,0.8707889125799574,oracle_gt_prompt_gt_alignment
deepcrack_0147,ampf,deepcrack,0.7872594558725946,0.880968292864038,0.9738959120013134,0.8042299349240781,0.880968292864038,oracle_gt_prompt_gt_alignment
deepcrack_0148,ampf,deepcrack,0.7491059147180192,0.8565586662472475,0.8058597218111867,0.914065122524337,0.8565586662472475,oracle_gt_prompt_gt_alignment
deepcrack_0149,ampf,deepcrack,0.8125,0.896551724137931,0.8717001055966209,0.922861934041364,0.896551724137931,oracle_gt_prompt_gt_alignment
deepcrack_0150,ampf,deepcrack,0.6751840168243953,0.8061013119076015,0.7388952819332566,0.8867559729319154,0.8061013119076015,oracle_gt_prompt_gt_alignment
deepcrack_0151,ampf,deepcrack,0.7251787132644957,0.8406998158379374,0.8295475195347992,0.8521560574948666,0.8406998158379374,oracle_gt_prompt_gt_alignment
deepcrack_0152,ampf,deepcrack,0.4839582528024739,0.6522531909351393,0.842813867384719,0.5319736562566391,0.6522531909351393,oracle_gt_prompt_gt_alignment
deepcrack_0153,ampf,deepcrack,0.6905299365795979,0.8169390220639664,0.9046613153077032,0.7447252492464642,0.8169390220639665,oracle_gt_prompt_gt_alignment
deepcrack_0154,ampf,deepcrack,0.6853593825373855,0.813309481216458,0.874711405263968,0.7599625568333779,0.8133094812164579,oracle_gt_prompt_gt_alignment
deepcrack_0155,ampf,deepcrack,0.798051948051948,0.8876850848681834,0.9514224888716856,0.8319512607886275,0.8876850848681834,oracle_gt_prompt_gt_alignment
deepcrack_0156,ampf,deepcrack,0.826463391680783,0.9049876339653752,0.8485024154589372,0.969529697504968,0.9049876339653752,oracle_gt_prompt_gt_alignment
deepcrack_0157,ampf,deepcrack,0.5842147162515637,0.7375448671931084,0.7373331419549304,0.7377567140600316,0.7375448671931084,oracle_gt_prompt_gt_alignment
deepcrack_0158,ampf,deepcrack,0.3673697132016516,0.5373377948257569,0.8823371750201019,0.3862942971133536,0.5373377948257569,oracle_gt_prompt_gt_alignment
deepcrack_0159,ampf,deepcrack,0.7478737478737478,0.8557525951557093,0.7661181026137464,0.9691403379867743,0.8557525951557092,oracle_gt_prompt_gt_alignment
deepcrack_0160,ampf,deepcrack,0.9112104758862984,0.953542780748663,0.994621246077992,0.9157228667064056,0.953542780748663,oracle_gt_prompt_gt_alignment
deepcrack_0161,ampf,deepcrack,0.9358530451579984,0.9668637270776068,0.9995717844908129,0.9362283964121636,0.9668637270776066,oracle_gt_prompt_gt_alignment
deepcrack_0162,ampf,deepcrack,0.8176326170312543,0.899667632908895,0.9991235758106924,0.8182194616977225,0.8996676329088951,oracle_gt_prompt_gt_alignment
deepcrack_0163,ampf,deepcrack,0.9200487189525424,0.9583597643860444,0.998395090866179,0.9214114571988672,0.9583597643860444,oracle_gt_prompt_gt_alignment
deepcrack_0164,ampf,deepcrack,0.9151227642797616,0.9556805248711254,0.9958144401813742,0.9186562841881716,0.9556805248711254,oracle_gt_prompt_gt_alignment
deepcrack_0165,ampf,deepcrack,0.8337123919682891,0.9093164180162302,0.9783437547658992,0.8493876199933796,0.9093164180162302,oracle_gt_prompt_gt_alignment
deepcrack_0166,ampf,deepcrack,0.9252280475444578,0.9611620282849552,0.9998008662318912,0.9253985807759654,0.9611620282849552,oracle_gt_prompt_gt_alignment
deepcrack_0167,ampf,deepcrack,0.6510098418769532,0.7886201830715335,0.9989979242717056,0.6514352392065345,0.7886201830715336,oracle_gt_prompt_gt_alignment
deepcrack_0168,ampf,deepcrack,0.7246115739698266,0.8403185794490142,0.7789881384652626,0.9121315192743764,0.8403185794490142,oracle_gt_prompt_gt_alignment
deepcrack_0169,ampf,deepcrack,0.6612695343966489,0.7961014401396499,0.9798281212699927,0.6703960800326664,0.7961014401396499,oracle_gt_prompt_gt_alignment
deepcrack_0170,ampf,deepcrack,0.6841684647966115,0.8124703426022587,0.9654900191722116,0.7013189153764233,0.8124703426022587,oracle_gt_prompt_gt_alignment
deepcrack_0171,ampf,deepcrack,0.7598957098838587,0.8635690235690235,0.8163992869875223,0.9165237278444824,0.8635690235690234,oracle_gt_prompt_gt_alignment
deepcrack_0172,ampf,deepcrack,0.6560170394036209,0.7922829581993569,0.700955848884843,0.9109730848861284,0.7922829581993568,oracle_gt_prompt_gt_alignment
deepcrack_0173,ampf,deepcrack,0.5679560899111343,0.7244540756792799,0.6010233715945236,0.9116844975875812,0.7244540756792799,oracle_gt_prompt_gt_alignment
deepcrack_0174,ampf,deepcrack,0.4896364254162419,0.6573905109489051,0.4903028240898264,0.9972318339100346,0.6573905109489051,oracle_gt_prompt_gt_alignment
deepcrack_0175,ampf,deepcrack,0.3733300947291717,0.5436858860983375,0.3769928869266618,0.9746353836398224,0.5436858860983376,oracle_gt_prompt_gt_alignment
deepcrack_0176,ampf,deepcrack,0.3360484940329608,0.5030483482206154,0.34253716933771,0.9466382070437568,0.5030483482206154,oracle_gt_prompt_gt_alignment
deepcrack_0177,ampf,deepcrack,0.4297057449789818,0.6011107481215289,0.4335532516493873,0.979765708200213,0.601110748121529,oracle_gt_prompt_gt_alignment
deepcrack_0178,ampf,deepcrack,0.856887897378695,0.922929056286418,0.8986897519887693,0.948512161995308,0.922929056286418,oracle_gt_prompt_gt_alignment
deepcrack_0179,ampf,deepcrack,0.6521913147888734,0.7894864341085271,0.8343573988735279,0.7491954022988506,0.7894864341085273,oracle_gt_prompt_gt_alignment
deepcrack_0180,ampf,deepcrack,0.9125138427464008,0.9542559351476548,0.954034965844622,0.9544770068342407,0.954255935147655,oracle_gt_prompt_gt_alignment
deepcrack_0181,ampf,deepcrack,0.7835455435847208,0.8786381109280615,0.8151620134501733,0.952834683182468,0.8786381109280617,oracle_gt_prompt_gt_alignment
deepcrack_0182,ampf,deepcrack,0.8559391697492807,0.922378474144613,0.903078924544666,0.9425209323376328,0.922378474144613,oracle_gt_prompt_gt_alignment
deepcrack_0183,ampf,deepcrack,0.7581090407177363,0.8624141315014721,0.8191648023862789,0.910484873601326,0.8624141315014721,oracle_gt_prompt_gt_alignment
deepcrack_0184,ampf,deepcrack,0.7457675480311965,0.8543721056932716,0.7966067255917911,0.9211701127819548,0.8543721056932716,oracle_gt_prompt_gt_alignment
deepcrack_0185,ampf,deepcrack,0.7369142857142857,0.8485327016712725,0.8433167669369604,0.8538135593220338,0.8485327016712725,oracle_gt_prompt_gt_alignment
deepcrack_0186,ampf,deepcrack,0.7795418006430869,0.8761151891586674,0.8967749393133742,0.8563859145601059,0.8761151891586674,oracle_gt_prompt_gt_alignment
deepcrack_0187,ampf,deepcrack,0.7943246810382754,0.8853745249478975,0.9668005354752344,0.8165988240615106,0.8853745249478975,oracle_gt_prompt_gt_alignment
deepcrack_0188,ampf,deepcrack,0.8248774672142005,0.9040360046457608,0.916813898704358,0.8916093928980527,0.9040360046457608,oracle_gt_prompt_gt_alignment
deepcrack_0189,ampf,deepcrack,0.6958846403110823,0.820674500812076,0.9057359763812736,0.7502183406113537,0.8206745008120762,oracle_gt_prompt_gt_alignment
deepcrack_0190,ampf,deepcrack,0.8125783011776497,0.896599391761128,0.889589905362776,0.9037202173610144,0.896599391761128,oracle_gt_prompt_gt_alignment
deepcrack_0191,ampf,deepcrack,0.7949668874172185,0.8857733175914995,0.8554732041049031,0.9182986536107712,0.8857733175914995,oracle_gt_prompt_gt_alignment
deepcrack_0192,ampf,deepcrack,0.711629125196438,0.831522570772762,0.747455295735901,0.936896551724138,0.8315225707727619,oracle_gt_prompt_gt_alignment
deepcrack_0193,ampf,deepcrack,0.72751269035533,0.8422661024917725,0.833837561089132,0.8508667774875327,0.8422661024917725,oracle_gt_prompt_gt_alignment
deepcrack_0194,ampf,deepcrack,0.8335368335368335,0.9092119866814652,0.8906283974777125,0.9285876218544548,0.909211986681465,oracle_gt_prompt_gt_alignment
deepcrack_0195,ampf,deepcrack,0.6933071831331209,0.8188793977124657,0.6991347342398022,0.9881201956673656,0.8188793977124657,oracle_gt_prompt_gt_alignment
deepcrack_0196,ampf,deepcrack,0.7520204168438962,0.8584607914542365,0.7873524827432643,0.9436882839605018,0.8584607914542365,oracle_gt_prompt_gt_alignment
deepcrack_0197,ampf,deepcrack,0.7547428124388813,0.8602318323673651,0.7650674068199841,0.9824338085539714,0.8602318323673651,oracle_gt_prompt_gt_alignment
deepcrack_0198,ampf,deepcrack,0.5587561048539819,0.7169256346313703,0.7181655137074046,0.7156900293629516,0.7169256346313703,oracle_gt_prompt_gt_alignment
deepcrack_0199,ampf,deepcrack,0.2896675084175084,0.4492126947866525,0.7647222222222222,0.3180085479958415,0.4492126947866525,oracle_gt_prompt_gt_alignment
deepcrack_0200,ampf,deepcrack,0.6866470711736301,0.8142154727080351,0.82807950373465,0.8008080313418218,0.8142154727080351,oracle_gt_prompt_gt_alignment
deepcrack_0201,ampf,deepcrack,0.5856802693160358,0.7387116818558409,0.6978086480140873,0.7847084708470847,0.7387116818558409,oracle_gt_prompt_gt_alignment
deepcrack_0202,ampf,deepcrack,0.601316116215545,0.7510273707063658,0.8339934561735836,0.6830747531734838,0.7510273707063657,oracle_gt_prompt_gt_alignment
deepcrack_0203,ampf,deepcrack,0.6052394760523948,0.754079980067273,0.7430640805303216,0.7654274152756702,0.754079980067273,oracle_gt_prompt_gt_alignment
deepcrack_0204,ampf,deepcrack,0.6052418538757337,0.7540818256319738,0.7625908453397935,0.7457605985037407,0.7540818256319738,oracle_gt_prompt_gt_alignment
deepcrack_0205,ampf,deepcrack,0.542970073404856,0.7037985801068579,0.6615299944964227,0.7518373729476153,0.703798580106858,oracle_gt_prompt_gt_alignment
deepcrack_0206,ampf,deepcrack,0.5591004662217753,0.717209029610085,0.5859360030657214,0.9242859301798398,0.717209029610085,oracle_gt_prompt_gt_alignment
deepcrack_0207,ampf,deepcrack,0.5077459333849729,0.6735165681993321,0.514319340918007,0.9754464285714286,0.6735165681993321,oracle_gt_prompt_gt_alignment
deepcrack_0208,ampf,deepcrack,0.5495945945945946,0.7093398447719543,0.5654894327030033,0.951345029239766,0.7093398447719542,oracle_gt_prompt_gt_alignment
deepcrack_0209,ampf,deepcrack,0.4313835770528684,0.6027504911591356,0.4435235158057055,0.9403351042092358,0.6027504911591356,oracle_gt_prompt_gt_alignment
deepcrack_0210,ampf,deepcrack,0.3955693317531224,0.5668931277763261,0.408992364973136,0.923387954884018,0.5668931277763262,oracle_gt_prompt_gt_alignment
deepcrack_0211,ampf,deepcrack,0.4409923487131926,0.6120675784392599,0.7785509619320508,0.5042417815482503,0.6120675784392599,oracle_gt_prompt_gt_alignment
deepcrack_0212,ampf,deepcrack,0.3378868729989328,0.5051052967453733,0.344880174291939,0.9433849821215732,0.5051052967453733,oracle_gt_prompt_gt_alignment
deepcrack_0213,ampf,deepcrack,0.6121221468229487,0.7593992155362097,0.6810226492793411,0.8581621621621621,0.7593992155362097,oracle_gt_prompt_gt_alignment
deepcrack_0214,ampf,deepcrack,0.5423893436936312,0.7033105433609212,0.5615572475219077,0.9407942238267148,0.7033105433609211,oracle_gt_prompt_gt_alignment
deepcrack_0215,ampf,deepcrack,0.674428450465707,0.8055625790139065,0.7830575126986727,0.8293995140576189,0.8055625790139065,oracle_gt_prompt_gt_alignment
deepcrack_0216,ampf,deepcrack,0.6986696585991344,0.8226080392526892,0.7481977342945417,0.9134534786253145,0.8226080392526892,oracle_gt_prompt_gt_alignment
deepcrack_0217,ampf,deepcrack,0.8022395943376294,0.8902696365767878,0.882817949314113,0.8978481910617168,0.8902696365767878,oracle_gt_prompt_gt_alignment
deepcrack_0218,ampf,deepcrack,0.7350073460665153,0.8472671285604311,0.791684649690692,0.9112435833747308,0.8472671285604311,oracle_gt_prompt_gt_alignment
deepcrack_0219,ampf,deepcrack,0.4945095849618462,0.6617683686176837,0.5184390243902439,0.914629948364888,0.6617683686176837,oracle_gt_prompt_gt_alignment
deepcrack_0220,ampf,deepcrack,0.6589654729816455,0.7944294003868472,0.6776663146779303,0.9598055711347916,0.7944294003868471,oracle_gt_prompt_gt_alignment
deepcrack_0221,ampf,deepcrack,0.7578333333333334,0.8622357068360671,0.8261264534883721,0.90164584572675,0.8622357068360671,oracle_gt_prompt_gt_alignment
deepcrack_0222,ampf,deepcrack,0.7548283261802575,0.8602873738917762,0.812512030798845,0.9140320485058469,0.8602873738917762,oracle_gt_prompt_gt_alignment
deepcrack_0223,ampf,deepcrack,0.6919611097936922,0.8179397337070777,0.7199605230693313,0.9467878001297858,0.8179397337070777,oracle_gt_prompt_gt_alignment
deepcrack_0224,ampf,deepcrack,0.712345850076209,0.8320116523709338,0.7848854961832061,0.8851584022038568,0.8320116523709339,oracle_gt_prompt_gt_alignment
deepcrack_0225,ampf,deepcrack,0.2329134280353792,0.3778260869565217,0.2793314046930247,0.5836131631967764,0.3778260869565217,oracle_gt_prompt_gt_alignment
deepcrack_0226,ampf,deepcrack,0.3799792171804641,0.5507028112449799,0.4388,0.7392183288409704,0.5507028112449799,oracle_gt_prompt_gt_alignment
deepcrack_0227,ampf,deepcrack,0.8195108237278605,0.9008034610630408,0.8371625502584722,0.9749163879598662,0.9008034610630408,oracle_gt_prompt_gt_alignment
deepcrack_0228,ampf,deepcrack,0.7151478575739287,0.8339197748064743,0.7375824723017552,0.9592034968431278,0.8339197748064744,oracle_gt_prompt_gt_alignment
deepcrack_0229,ampf,deepcrack,0.8215725806451613,0.9020475926950748,0.8380462724935732,0.97663271420012,0.9020475926950746,oracle_gt_prompt_gt_alignment
deepcrack_0230,ampf,deepcrack,0.909130624726955,0.9524027459954232,0.9726571628885252,0.9329746693566464,0.9524027459954232,oracle_gt_prompt_gt_alignment
deepcrack_0231,ampf,deepcrack,0.8114402451481103,0.8959061689410173,0.8438495857233907,0.9548076923076924,0.8959061689410174,oracle_gt_prompt_gt_alignment
deepcrack_0232,ampf,deepcrack,0.6759573985950601,0.806652244456463,0.6791894353369763,0.9930093209054592,0.8066522444564629,oracle_gt_prompt_gt_alignment
deepcrack_0233,ampf,deepcrack,0.8500673206385844,0.918958257524562,0.9659053655338214,0.8763632758278802,0.918958257524562,oracle_gt_prompt_gt_alignment
deepcrack_0234,ampf,deepcrack,0.8456097695750677,0.9163473053892216,0.9946054855063045,0.8495059398245809,0.9163473053892216,oracle_gt_prompt_gt_alignment
deepcrack_0235,ampf,deepcrack,0.8912267416702726,0.9424853424853424,0.9931288047736724,0.896756286056384,0.9424853424853424,oracle_gt_prompt_gt_alignment
deepcrack_0236,ampf,deepcrack,0.3869654969035683,0.5580030617451948,0.9964310122256816,0.3875025839411747,0.5580030617451949,oracle_gt_prompt_gt_alignment
deepcrack_0000,ablation_no_detection,deepcrack,0.5890388413429888,0.7413775245986536,0.6093989443214711,0.9463246959280804,0.7413775245986535,oracle_gt_prompt_gt_alignment
deepcrack_0001,ablation_no_detection,deepcrack,0.6030261348005502,0.7523597048223786,0.7973808657693707,0.7121507472384665,0.7523597048223785,oracle_gt_prompt_gt_alignment
deepcrack_0002,ablation_no_detection,deepcrack,0.7195758822598513,0.8369225105834713,0.7428524750857703,0.9582718651211802,0.8369225105834713,oracle_gt_prompt_gt_alignment
deepcrack_0003,ablation_no_detection,deepcrack,0.4958076723306374,0.6629297088149214,0.5915368271954674,0.7539207943134378,0.6629297088149213,oracle_gt_prompt_gt_alignment
deepcrack_0004,ablation_no_detection,deepcrack,0.4085760517799353,0.5801263641585296,0.7843644835619984,0.460276469694668,0.5801263641585296,oracle_gt_prompt_gt_alignment
deepcrack_0005,ablation_no_detection,deepcrack,0.6054179290679024,0.7542184724689165,0.7794860027535567,0.7305376344086022,0.7542184724689166,oracle_gt_prompt_gt_alignment
deepcrack_0006,ablation_no_detection,deepcrack,0.5661697036628014,0.7229991773416382,0.7442535688361964,0.7029250457038391,0.7229991773416383,oracle_gt_prompt_gt_alignment
deepcrack_0007,ablation_no_detection,deepcrack,0.7594339622641509,0.8632707774798928,0.8142279163857047,0.9186002282236592,0.8632707774798928,oracle_gt_prompt_gt_alignment
deepcrack_0008,ablation_no_detection,deepcrack,0.810110267793212,0.8950949367088608,0.8872333751568381,0.9030970625798213,0.8950949367088608,oracle_gt_prompt_gt_alignment
deepcrack_0009,ablation_no_detection,deepcrack,0.6574553828439839,0.7933310177144842,0.7862306368330465,0.8005608131791097,0.7933310177144842,oracle_gt_prompt_gt_alignment
deepcrack_0010,ablation_no_detection,deepcrack,0.4281757754800591,0.599612152553329,0.7294746775715634,0.5089991220368745,0.599612152553329,oracle_gt_prompt_gt_alignment
deepcrack_0011,ablation_no_detection,deepcrack,0.7285589899869395,0.8429668807454981,0.7957679505468378,0.8961178045515394,0.842966880745498,oracle_gt_prompt_gt_alignment
deepcrack_0012,ablation_no_detection,deepcrack,0.3362591813721008,0.5032843718638811,0.9488304093567252,0.3424695803327539,0.5032843718638811,oracle_gt_prompt_gt_alignment
deepcrack_0013,ablation_no_detection,deepcrack,0.4661803243855797,0.6359113086324332,0.9384088964927289,0.4808942792430773,0.6359113086324333,oracle_gt_prompt_gt_alignment
deepcrack_0014,ablation_no_detection,deepcrack,0.282693075053506,0.4407805429864253,0.506894757382594,0.3899229460622436,0.4407805429864254,oracle_gt_prompt_gt_alignment
deepcrack_0015,ablation_no_detection,deepcrack,0.2444076222038111,0.3928095872170439,0.4872372372372372,0.3290407625228148,0.3928095872170439,oracle_gt_prompt_gt_alignment
deepcrack_0016,ablation_no_detection,deepcrack,0.2751839275608376,0.4315988017308332,0.5210286632735066,0.3683712121212121,0.4315988017308332,oracle_gt_prompt_gt_alignment
deepcrack_0017,ablation_no_detection,deepcrack,0.2049706142204125,0.3402084860849884,0.9015036323703328,0.2096660117878192,0.3402084860849884,oracle_gt_prompt_gt_alignment
deepcrack_0018,ablation_no_detection,deepcrack,0.4807798519827681,0.64936033717504,0.8455560951918407,0.527064664567692,0.6493603371750402,oracle_gt_prompt_gt_alignment
deepcrack_0019,ablation_no_detection,deepcrack,0.3301740406793877,0.4964373541837442,0.9848636477358018,0.3318580340583375,0.4964373541837442,oracle_gt_prompt_gt_alignment
deepcrack_0020,ablation_no_detection,deepcrack,0.4779695662048603,0.6467921628889742,0.9812332439678284,0.4823792332817603,0.6467921628889742,oracle_gt_prompt_gt_alignment
deepcrack_0021,ablation_no_detection,deepcrack,0.7129646754207509,0.8324335996545023,0.9336401065633324,0.7510227936879018,0.8324335996545024,oracle_gt_prompt_gt_alignment
deepcrack_0022,ablation_no_detection,deepcrack,0.3352654157251858,0.5021704475781729,0.9601425490012192,0.3399973432518597,0.5021704475781729,oracle_gt_prompt_gt_alignment
deepcrack_0023,ablation_no_detection,deepcrack,0.6434293401822295,0.7830325581395349,0.9382914214374888,0.6718600344805568,0.7830325581395349,oracle_gt_prompt_gt_alignment
deepcrack_0024,ablation_no_detection,deepcrack,0.4820464992338951,0.6505146761361082,0.9291217257318952,0.5004495469949513,0.6505146761361082,oracle_gt_prompt_gt_alignment
deepcrack_0025,ablation_no_detection,deepcrack,0.4600500993348881,0.6301839910075134,0.7675457558726041,0.5345242874347651,0.6301839910075133,oracle_gt_prompt_gt_alignment
deepcrack_0026,ablation_no_detection,deepcrack,0.6344947735191637,0.7763803027073118,0.911867801702554,0.6759465478841871,0.7763803027073118,oracle_gt_prompt_gt_alignment
deepcrack_0027,ablation_no_detection,deepcrack,0.5125184094256259,0.6777020447906524,0.5368529310935893,0.9187444998533294,0.6777020447906524,oracle_gt_prompt_gt_alignment
deepcrack_0028,ablation_no_detection,deepcrack,0.2265259088543602,0.3693781064371439,0.8368580060422961,0.2369915221280236,0.3693781064371439,oracle_gt_prompt_gt_alignment
deepcrack_0029,ablation_no_detection,deepcrack,0.6385459103729239,0.7794055770187048,0.9912434325744308,0.6421682949889694,0.7794055770187047,oracle_gt_prompt_gt_alignment
deepcrack_0030,ablation_no_detection,deepcrack,0.6075825979889186,0.7558959629806925,0.9999155690645052,0.6076137704581602,0.7558959629806925,oracle_gt_prompt_gt_alignment
deepcrack_0031,ablation_no_detection,deepcrack,0.8825828061034611,0.9376297321340318,0.9989469250210616,0.8834047308623579,0.937629732134032,oracle_gt_prompt_gt_alignment
deepcrack_0032,ablation_no_detection,deepcrack,0.627859477124183,0.7713927227101631,0.6643613572509185,0.919533353275501,0.7713927227101631,oracle_gt_prompt_gt_alignment
deepcrack_0033,ablation_no_detection,deepcrack,0.8013497144834747,0.8897214217098943,0.8500367107195301,0.93329302700524,0.8897214217098944,oracle_gt_prompt_gt_alignment
deepcrack_0034,ablation_no_detection,deepcrack,0.7453857075248462,0.85412147505423,0.7661748013620885,0.964876454972432,0.85412147505423,oracle_gt_prompt_gt_alignment
deepcrack_0035,ablation_no_detection,deepcrack,0.6050632911392405,0.7539432176656151,0.6954413191076625,0.8231917336394948,0.7539432176656152,oracle_gt_prompt_gt_alignment
deepcrack_0036,ablation_no_detection,deepcrack,0.5666158794650414,0.7233628701102226,1.0,0.5666158794650414,0.7233628701102226,oracle_gt_prompt_gt_alignment
deepcrack_0037,ablation_no_detection,deepcrack,0.2616225131429749,0.4147397663207778,0.983720930232558,0.2627601200952479,0.4147397663207778,oracle_gt_prompt_gt_alignment
deepcrack_0038,ablation_no_detection,deepcrack,0.4506601806810285,0.6213173652694611,0.9957773512476008,0.4515230635335074,0.6213173652694611,oracle_gt_prompt_gt_alignment
deepcrack_0039,ablation_no_detection,deepcrack,0.1573353439050491,0.2718924030681937,0.7996291718170581,0.1637928851753386,0.2718924030681937,oracle_gt_prompt_gt_alignment
deepcrack_0040,ablation_no_detection,deepcrack,0.6880863039399625,0.8152264517921645,0.7342342342342343,0.9163023110555902,0.8152264517921646,oracle_gt_prompt_gt_alignment
deepcrack_0041,ablation_no_detection,deepcrack,0.5907865027596588,0.7427602657361957,0.967243415310366,0.602848,0.7427602657361956,oracle_gt_prompt_gt_alignment
deepcrack_0042,ablation_no_detection,deepcrack,0.3855389854391733,0.556518422781109,0.9315505745495816,0.3967793588930179,0.556518422781109,oracle_gt_prompt_gt_alignment
deepcrack_0043,ablation_no_detection,deepcrack,0.5062168254199084,0.672169925174994,0.9561873369042714,0.5182373083221676,0.672169925174994,oracle_gt_prompt_gt_alignment
deepcrack_0044,ablation_no_detection,deepcrack,0.7030997189815209,0.8256706417660441,0.9765805192501036,0.7151580770896492,0.8256706417660441,oracle_gt_prompt_gt_alignment
deepcrack_0045,ablation_no_detection,deepcrack,0.8285916239618307,0.9062620796289138,0.8499184339314845,0.9706064996895052,0.9062620796289138,oracle_gt_prompt_gt_alignment
deepcrack_0046,ablation_no_detection,deepcrack,0.6652746965940233,0.7989969438131808,0.6947397110929409,0.9400700719159136,0.7989969438131809,oracle_gt_prompt_gt_alignment
deepcrack_0047,ablation_no_detection,deepcrack,0.5171728640363327,0.6817586529466791,0.6130551816958277,0.7678044669195112,0.6817586529466791,oracle_gt_prompt_gt_alignment
deepcrack_0048,ablation_no_detection,deepcrack,0.6212828704841484,0.7664089737759587,0.6318420394901275,0.9738058551617874,0.7664089737759588,oracle_gt_prompt_gt_alignment
deepcrack_0049,ablation_no_detection,deepcrack,0.8161579892280072,0.8987742190589165,0.8375092114959469,0.9697098976109216,0.8987742190589166,oracle_gt_prompt_gt_alignment
deepcrack_0050,ablation_no_detection,deepcrack,0.7614908662345315,0.8645981433469934,0.7797556192487555,0.9701576576576576,0.8645981433469934,oracle_gt_prompt_gt_alignment
deepcrack_0051,ablation_no_detection,deepcrack,0.5356600910470409,0.6976284584980237,0.5427985648385444,0.976036866359447,0.6976284584980239,oracle_gt_prompt_gt_alignment
deepcrack_0052,ablation_no_detection,deepcrack,0.7988789976920541,0.8881964809384164,0.8090150250417363,0.9845591223080048,0.8881964809384164,oracle_gt_prompt_gt_alignment
deepcrack_0053,ablation_no_detection,deepcrack,0.8231801755291688,0.9030157157015432,0.8677551020408163,0.9412632821723732,0.9030157157015432,oracle_gt_prompt_gt_alignment
deepcrack_0054,ablation_no_detection,deepcrack,0.8207113476893297,0.9015282392026578,0.8690750704586215,0.9364991717283268,0.9015282392026578,oracle_gt_prompt_gt_alignment
deepcrack_0055,ablation_no_detection,deepcrack,0.6576951977594098,0.7935055837145094,0.9192285659728852,0.6980352352642645,0.7935055837145093,oracle_gt_prompt_gt_alignment
deepcrack_0056,ablation_no_detection,deepcrack,0.495260663507109,0.6624405705229794,0.605,0.731932505571474,0.6624405705229793,oracle_gt_prompt_gt_alignment
deepcrack_0057,ablation_no_detection,deepcrack,0.5382543103448276,0.6998248686514886,0.5840397544577609,0.872870249017038,0.6998248686514886,oracle_gt_prompt_gt_alignment
deepcrack_0058,ablation_no_detection,deepcrack,0.3874690849134377,0.5585264408793821,0.3972950126796281,0.94,0.5585264408793821,oracle_gt_prompt_gt_alignment
deepcrack_0059,ablation_no_detection,deepcrack,0.7614278376990241,0.8645575156728386,0.9226221346333368,0.8133686905632772,0.8645575156728387,oracle_gt_prompt_gt_alignment
deepcrack_0060,ablation_no_detection,deepcrack,0.7291890729189073,0.8433884811543725,0.9546606589693044,0.7553475935828877,0.8433884811543724,oracle_gt_prompt_gt_alignment
deepcrack_0061,ablation_no_detection,deepcrack,0.8070669568557163,0.8932341480694297,0.970742223591007,0.8271880330665267,0.8932341480694296,oracle_gt_prompt_gt_alignment
deepcrack_0062,ablation_no_detection,deepcrack,0.6877901578458682,0.815018566909641,0.8477016975014304,0.7847620729231041,0.815018566909641,oracle_gt_prompt_gt_alignment
deepcrack_0063,ablation_no_detection,deepcrack,0.4718541649084311,0.6411697247706422,0.8392374662263584,0.5187418816106885,0.6411697247706422,oracle_gt_prompt_gt_alignment
deepcrack_0064,ablation_no_detection,deepcrack,0.6557528245330874,0.7920902381283944,0.8281887012230634,0.7590072057646117,0.7920902381283943,oracle_gt_prompt_gt_alignment
deepcrack_0065,ablation_no_detection,deepcrack,0.5182304326689353,0.6826769132244637,0.7908011869436202,0.6005633802816901,0.6826769132244637,oracle_gt_prompt_gt_alignment
deepcrack_0066,ablation_no_detection,deepcrack,0.4675810473815461,0.637213254035684,0.7253384912959381,0.5681818181818182,0.637213254035684,oracle_gt_prompt_gt_alignment
deepcrack_0067,ablation_no_detection,deepcrack,0.7728389708008094,0.8718659545843696,0.8164465144689623,0.9353568929321204,0.8718659545843694,oracle_gt_prompt_gt_alignment
deepcrack_0068,ablation_no_detection,deepcrack,0.6731714583643676,0.8046652421652422,0.681804465902233,0.981537793223284,0.804665242165242,oracle_gt_prompt_gt_alignment
deepcrack_0069,ablation_no_detection,deepcrack,0.5603428306694463,0.7182304038004751,0.570115484327127,0.9703168872843964,0.718230403800475,oracle_gt_prompt_gt_alignment
deepcrack_0070,ablation_no_detection,deepcrack,0.7453188894468756,0.8540776060506412,0.779311379491411,0.9447121942347914,0.8540776060506413,oracle_gt_prompt_gt_alignment
deepcrack_0071,ablation_no_detection,deepcrack,0.738110964332893,0.8493254797643929,0.764102564102564,0.955945252352438,0.849325479764393,oracle_gt_prompt_gt_alignment
deepcrack_0072,ablation_no_detection,deepcrack,0.7035421926401959,0.8259756590470203,0.7143079074102843,0.9790269349515596,0.8259756590470203,oracle_gt_prompt_gt_alignment
deepcrack_0073,ablation_no_detection,deepcrack,0.526477086451429,0.6897936315248856,0.5335114834609274,0.975567881669308,0.6897936315248856,oracle_gt_prompt_gt_alignment
deepcrack_0074,ablation_no_detection,deepcrack,0.7476253702379736,0.8555899713634504,0.7853234631477309,0.9396662387676508,0.8555899713634505,oracle_gt_prompt_gt_alignment
deepcrack_0075,ablation_no_detection,deepcrack,0.6336383944656626,0.7757388619320689,0.6465441176470588,0.9694597574421168,0.7757388619320688,oracle_gt_prompt_gt_alignment
deepcrack_0076,ablation_no_detection,deepcrack,0.752410127038472,0.8587146529562982,0.7669207457066765,0.9754701553556828,0.8587146529562982,oracle_gt_prompt_gt_alignment
deepcrack_0077,ablation_no_detection,deepcrack,0.5924294726818236,0.7440574076842578,0.6010143702451395,0.9764567392583872,0.7440574076842577,oracle_gt_prompt_gt_alignment
deepcrack_0078,ablation_no_detection,deepcrack,0.6026541764246682,0.7520701412566975,0.6117274167987322,0.9759797724399494,0.7520701412566975,oracle_gt_prompt_gt_alignment
deepcrack_0079,ablation_no_detection,deepcrack,0.7387836490528414,0.8497706422018348,0.8372881355932204,0.8626309662398137,0.849770642201835,oracle_gt_prompt_gt_alignment
deepcrack_0080,ablation_no_detection,deepcrack,0.7331506849315068,0.84603224786595,0.8691133484897694,0.8241453649522636,0.84603224786595,oracle_gt_prompt_gt_alignment
deepcrack_0081,ablation_no_detection,deepcrack,0.7879646418857661,0.8814096469544274,0.9677105080027836,0.8092411545623837,0.8814096469544275,oracle_gt_prompt_gt_alignment
deepcrack_0082,ablation_no_detection,deepcrack,0.7223821339950373,0.8388174955339135,0.9685919616715464,0.739709320052851,0.8388174955339135,oracle_gt_prompt_gt_alignment
deepcrack_0083,ablation_no_detection,deepcrack,0.7258304940374787,0.8411376395829477,0.9309026355318858,0.767161827593968,0.8411376395829477,oracle_gt_prompt_gt_alignment
deepcrack_0084,ablation_no_detection,deepcrack,0.8674924534193817,0.9290452037233152,0.93978349120433,0.91854954259892,0.9290452037233152,oracle_gt_prompt_gt_alignment
deepcrack_0085,ablation_no_detection,deepcrack,0.7591854051760712,0.8631101678564538,0.9686045252787702,0.7783384080034798,0.8631101678564538,oracle_gt_prompt_gt_alignment
deepcrack_0086,ablation_no_detection,deepcrack,0.8009249949728534,0.8894595801697186,0.9496900333810204,0.8364132717345653,0.8894595801697185,oracle_gt_prompt_gt_alignment
deepcrack_0087,ablation_no_detection,deepcrack,0.7018104366347178,0.8247809762202754,0.8959891230455472,0.7640579710144928,0.8247809762202755,oracle_gt_prompt_gt_alignment
deepcrack_0088,ablation_no_detection,deepcrack,0.7982937233394272,0.8878346323280244,0.9506531204644412,0.8328035600762873,0.8878346323280244,oracle_gt_prompt_gt_alignment
deepcrack_0089,ablation_no_detection,deepcrack,0.1262920503664724,0.2242616385783414,0.5838401390095569,0.1387856257744733,0.2242616385783414,oracle_gt_prompt_gt_alignment
deepcrack_0090,ablation_no_detection,deepcrack,0.6507882691981692,0.7884575888272746,0.8187246747707401,0.7603485838779956,0.7884575888272747,oracle_gt_prompt_gt_alignment
deepcrack_0091,ablation_no_detection,deepcrack,0.299598466873517,0.4610631275893547,0.972452606635071,0.302162908421537,0.4610631275893547,oracle_gt_prompt_gt_alignment
deepcrack_0092,ablation_no_detection,deepcrack,0.6453463663408415,0.7844504713935168,0.9627516246631797,0.6618720714830555,0.7844504713935168,oracle_gt_prompt_gt_alignment
deepcrack_0093,ablation_no_detection,deepcrack,0.7709686803064094,0.8706745510293473,0.9864764267990076,0.779204233633869,0.8706745510293473,oracle_gt_prompt_gt_alignment
deepcrack_0094,ablation_no_detection,deepcrack,0.7132709837812241,0.8326423438363737,0.9202688254162212,0.7602523659305994,0.8326423438363737,oracle_gt_prompt_gt_alignment
deepcrack_0095,ablation_no_detection,deepcrack,0.6753649399302416,0.8062302413447452,0.9299181785841336,0.711582959030897,0.8062302413447452,oracle_gt_prompt_gt_alignment
deepcrack_0096,ablation_no_detection,deepcrack,0.7972334962312598,0.8871785418010877,0.9187667048491792,0.8576902512921047,0.8871785418010877,oracle_gt_prompt_gt_alignment
deepcrack_0097,ablation_no_detection,deepcrack,0.7600104230000868,0.8636430933228051,0.948509485094851,0.792716071752129,0.863643093322805,oracle_gt_prompt_gt_alignment
deepcrack_0098,ablation_no_detection,deepcrack,0.7605038315863648,0.8639615750237655,0.9473337722185649,0.79407707164536,0.8639615750237655,oracle_gt_prompt_gt_alignment
deepcrack_0099,ablation_no_detection,deepcrack,0.8002545608824777,0.8890460030165912,0.929620502710695,0.8518652334929094,0.8890460030165913,oracle_gt_prompt_gt_alignment
deepcrack_0100,ablation_no_detection,deepcrack,0.7892502335059862,0.882213363705391,0.9397432008896976,0.8313209909668187,0.8822133637053909,oracle_gt_prompt_gt_alignment
deepcrack_0101,ablation_no_detection,deepcrack,0.5918851583817772,0.7436279624385155,0.644823575029081,0.8781904594261574,0.7436279624385154,oracle_gt_prompt_gt_alignment
deepcrack_0102,ablation_no_detection,deepcrack,0.7499409402315143,0.8571042861964225,0.8233692128128648,0.8937218468468469,0.8571042861964225,oracle_gt_prompt_gt_alignment
deepcrack_0103,ablation_no_detection,deepcrack,0.8943310657596372,0.9442183385204692,0.9586776859504132,0.930188679245283,0.9442183385204692,oracle_gt_prompt_gt_alignment
deepcrack_0104,ablation_no_detection,deepcrack,0.924560651521646,0.9608017817371938,0.989903625516292,0.9333621808740804,0.9608017817371938,oracle_gt_prompt_gt_alignment
deepcrack_0105,ablation_no_detection,deepcrack,0.8589106400243433,0.9241010530910678,0.999291951852726,0.8594336750228356,0.9241010530910678,oracle_gt_prompt_gt_alignment
deepcrack_0106,ablation_no_detection,deepcrack,0.8963259722493648,0.9453290049981964,0.995766391663048,0.8997547817557626,0.9453290049981964,oracle_gt_prompt_gt_alignment
deepcrack_0107,ablation_no_detection,deepcrack,0.6777716083657227,0.8079426365140651,0.6980556614563477,0.9588897617177272,0.8079426365140651,oracle_gt_prompt_gt_alignment
deepcrack_0108,ablation_no_detection,deepcrack,0.6310018903591682,0.7737598516458044,0.640937019969278,0.9760233918128656,0.7737598516458044,oracle_gt_prompt_gt_alignment
deepcrack_0109,ablation_no_detection,deepcrack,0.7770003042287801,0.874507789762027,1.0,0.7770003042287801,0.874507789762027,oracle_gt_prompt_gt_alignment
deepcrack_0110,ablation_no_detection,deepcrack,0.7578265858056057,0.8622313394563849,1.0,0.7578265858056057,0.862231339456385,oracle_gt_prompt_gt_alignment
deepcrack_0111,ablation_no_detection,deepcrack,0.4412065038095986,0.6122738173097886,0.9831962191493084,0.4445587653343886,0.6122738173097885,oracle_gt_prompt_gt_alignment
deepcrack_0112,ablation_no_detection,deepcrack,0.6593742648788521,0.7947263963708534,0.9958550450023684,0.6611888661739267,0.7947263963708535,oracle_gt_prompt_gt_alignment
deepcrack_0113,ablation_no_detection,deepcrack,0.874345100060122,0.9329606378591394,0.9417206290471786,0.924362117497503,0.9329606378591394,oracle_gt_prompt_gt_alignment
deepcrack_0114,ablation_no_detection,deepcrack,0.8821214713430282,0.9373693300609036,0.9254240330252176,0.949627037480431,0.9373693300609036,oracle_gt_prompt_gt_alignment
deepcrack_0115,ablation_no_detection,deepcrack,0.8405228758169935,0.9133522727272728,0.9672405147919104,0.8651517416654209,0.9133522727272728,oracle_gt_prompt_gt_alignment
deepcrack_0116,ablation_no_detection,deepcrack,0.814866581956798,0.8979906182174613,0.8595362551936737,0.9400469070653767,0.8979906182174614,oracle_gt_prompt_gt_alignment
deepcrack_0117,ablation_no_detection,deepcrack,0.8185777777777777,0.900239503397038,0.9110605461020972,0.8896724954110714,0.9002395033970381,oracle_gt_prompt_gt_alignment
deepcrack_0118,ablation_no_detection,deepcrack,0.5467320261437908,0.7069511937460384,0.6360007603117278,0.7957193816884661,0.7069511937460384,oracle_gt_prompt_gt_alignment
deepcrack_0119,ablation_no_detection,deepcrack,0.8106567534076827,0.8954284150013687,0.9337710533828149,0.860110439127005,0.8954284150013686,oracle_gt_prompt_gt_alignment
deepcrack_0120,ablation_no_detection,deepcrack,0.7161423718800768,0.8345955249569708,0.9332178598922248,0.7548256537982565,0.8345955249569708,oracle_gt_prompt_gt_alignment
deepcrack_0121,ablation_no_detection,deepcrack,0.7784967645594824,0.8754547998880493,0.9644398766700925,0.8015032456440041,0.8754547998880492,oracle_gt_prompt_gt_alignment
deepcrack_0122,ablation_no_detection,deepcrack,0.7895259369570613,0.8823855755894591,0.9302529609592044,0.8392032713362353,0.8823855755894592,oracle_gt_prompt_gt_alignment
deepcrack_0123,ablation_no_detection,deepcrack,0.7759834368530021,0.8738633714152483,0.96822526478946,0.7962608880390907,0.8738633714152483,oracle_gt_prompt_gt_alignment
deepcrack_0124,ablation_no_detection,deepcrack,0.8057387274995544,0.8924200552704303,0.8502915177731803,0.9389408099688472,0.8924200552704302,oracle_gt_prompt_gt_alignment
deepcrack_0125,ablation_no_detection,deepcrack,0.7699256110520722,0.8700090063044131,0.8310074555534315,0.9128517429651408,0.870009006304413,oracle_gt_prompt_gt_alignment
deepcrack_0126,ablation_no_detection,deepcrack,0.8066585554695277,0.892983959838374,0.9726593758335556,0.8253734721593481,0.892983959838374,oracle_gt_prompt_gt_alignment
deepcrack_0127,ablation_no_detection,deepcrack,0.7854974102518307,0.8798639591877563,0.9885367498314228,0.7927180966113915,0.8798639591877564,oracle_gt_prompt_gt_alignment
deepcrack_0128,ablation_no_detection,deepcrack,0.7599897540983607,0.8636297482171446,0.9883411059293804,0.7668648229516671,0.8636297482171446,oracle_gt_prompt_gt_alignment
deepcrack_0129,ablation_no_detection,deepcrack,0.7618677042801556,0.8648409893992933,0.9857027788964962,0.7703808624488511,0.8648409893992931,oracle_gt_prompt_gt_alignment
deepcrack_0130,ablation_no_detection,deepcrack,0.8374336710082007,0.9115253347335258,0.9890610756608932,0.8452624403544649,0.9115253347335258,oracle_gt_prompt_gt_alignment
deepcrack_0131,ablation_no_detection,deepcrack,0.6608733624454148,0.795814271441342,0.9994716682076344,0.6611043159182247,0.795814271441342,oracle_gt_prompt_gt_alignment
deepcrack_0132,ablation_no_detection,deepcrack,0.7967420814479638,0.8868741815251334,0.9501402978631556,0.831507366830374,0.8868741815251334,oracle_gt_prompt_gt_alignment
deepcrack_0133,ablation_no_detection,deepcrack,0.846412791920892,0.9168185961713764,0.8857331571994715,0.9501653282947568,0.9168185961713764,oracle_gt_prompt_gt_alignment
deepcrack_0134,ablation_no_detection,deepcrack,0.4063154953192678,0.5778440139095877,0.4124237696780598,0.964830789648308,0.5778440139095877,oracle_gt_prompt_gt_alignment
deepcrack_0135,ablation_no_detection,deepcrack,0.5294781382228491,0.6923644411656216,0.540454938093867,0.9630579784504876,0.6923644411656216,oracle_gt_prompt_gt_alignment
deepcrack_0136,ablation_no_detection,deepcrack,0.738574473123372,0.8496322527921547,0.9716510903426792,0.754840271055179,0.8496322527921547,oracle_gt_prompt_gt_alignment
deepcrack_0137,ablation_no_detection,deepcrack,0.6747505368195024,0.8057922920280565,0.7309797482211275,0.897664258107881,0.8057922920280565,oracle_gt_prompt_gt_alignment
deepcrack_0138,ablation_no_detection,deepcrack,0.6678043230944255,0.800818553888131,0.6954976303317536,0.9437299035369776,0.8008185538881311,oracle_gt_prompt_gt_alignment
deepcrack_0139,ablation_no_detection,deepcrack,0.7170357182597085,0.8352018663728857,0.8764961915125136,0.7976234682510212,0.8352018663728857,oracle_gt_prompt_gt_alignment
deepcrack_0140,ablation_no_detection,deepcrack,0.7602880658436214,0.863822326125073,0.8068566437383994,0.929442837378946,0.863822326125073,oracle_gt_prompt_gt_alignment
deepcrack_0141,ablation_no_detection,deepcrack,0.7721278365213259,0.8714132475194422,0.7850930176371104,0.97905995781862,0.871413247519442,oracle_gt_prompt_gt_alignment
deepcrack_0142,ablation_no_detection,deepcrack,0.7783049108860111,0.875333477539837,0.7986842105263158,0.9682565002392726,0.875333477539837,oracle_gt_prompt_gt_alignment
deepcrack_0143,ablation_no_detection,deepcrack,0.6884159807267617,0.8154577883472057,0.7145238591373203,0.9495984491830518,0.8154577883472057,oracle_gt_prompt_gt_alignment
deepcrack_0144,ablation_no_detection,deepcrack,0.5485523955931335,0.7084712111184646,0.5707811250333245,0.933711295246402,0.7084712111184647,oracle_gt_prompt_gt_alignment
deepcrack_0145,ablation_no_detection,deepcrack,0.6139507790883938,0.7608048362356763,0.6426829268292683,0.9321246959982312,0.7608048362356762,oracle_gt_prompt_gt_alignment
deepcrack_0146,ablation_no_detection,deepcrack,0.7711480362537765,0.8707889125799574,0.7857875833760903,0.976410583359898,0.8707889125799574,oracle_gt_prompt_gt_alignment
deepcrack_0147,ablation_no_detection,deepcrack,0.7872594558725946,0.880968292864038,0.9738959120013134,0.8042299349240781,0.880968292864038,oracle_gt_prompt_gt_alignment
deepcrack_0148,ablation_no_detection,deepcrack,0.7491059147180192,0.8565586662472475,0.8058597218111867,0.914065122524337,0.8565586662472475,oracle_gt_prompt_gt_alignment
deepcrack_0149,ablation_no_detection,deepcrack,0.8125,0.896551724137931,0.8717001055966209,0.922861934041364,0.896551724137931,oracle_gt_prompt_gt_alignment
deepcrack_0150,ablation_no_detection,deepcrack,0.6751840168243953,0.8061013119076015,0.7388952819332566,0.8867559729319154,0.8061013119076015,oracle_gt_prompt_gt_alignment
deepcrack_0151,ablation_no_detection,deepcrack,0.7251787132644957,0.8406998158379374,0.8295475195347992,0.8521560574948666,0.8406998158379374,oracle_gt_prompt_gt_alignment
deepcrack_0152,ablation_no_detection,deepcrack,0.4839582528024739,0.6522531909351393,0.842813867384719,0.5319736562566391,0.6522531909351393,oracle_gt_prompt_gt_alignment
deepcrack_0153,ablation_no_detection,deepcrack,0.6858006042296072,0.8136200716845878,0.9082595027150614,0.7368421052631579,0.8136200716845878,oracle_gt_prompt_gt_alignment
deepcrack_0154,ablation_no_detection,deepcrack,0.6853593825373855,0.813309481216458,0.874711405263968,0.7599625568333779,0.8133094812164579,oracle_gt_prompt_gt_alignment
deepcrack_0155,ablation_no_detection,deepcrack,0.798051948051948,0.8876850848681834,0.9514224888716856,0.8319512607886275,0.8876850848681834,oracle_gt_prompt_gt_alignment
deepcrack_0156,ablation_no_detection,deepcrack,0.826463391680783,0.9049876339653752,0.8485024154589372,0.969529697504968,0.9049876339653752,oracle_gt_prompt_gt_alignment
deepcrack_0157,ablation_no_detection,deepcrack,0.5842147162515637,0.7375448671931084,0.7373331419549304,0.7377567140600316,0.7375448671931084,oracle_gt_prompt_gt_alignment
deepcrack_0158,ablation_no_detection,deepcrack,0.3673697132016516,0.5373377948257569,0.8823371750201019,0.3862942971133536,0.5373377948257569,oracle_gt_prompt_gt_alignment
deepcrack_0159,ablation_no_detection,deepcrack,0.7478737478737478,0.8557525951557093,0.7661181026137464,0.9691403379867743,0.8557525951557092,oracle_gt_prompt_gt_alignment
deepcrack_0160,ablation_no_detection,deepcrack,0.9112104758862984,0.953542780748663,0.994621246077992,0.9157228667064056,0.953542780748663,oracle_gt_prompt_gt_alignment
deepcrack_0161,ablation_no_detection,deepcrack,0.9358530451579984,0.9668637270776068,0.9995717844908129,0.9362283964121636,0.9668637270776066,oracle_gt_prompt_gt_alignment
deepcrack_0162,ablation_no_detection,deepcrack,0.8176326170312543,0.899667632908895,0.9991235758106924,0.8182194616977225,0.8996676329088951,oracle_gt_prompt_gt_alignment
deepcrack_0163,ablation_no_detection,deepcrack,0.9200487189525424,0.9583597643860444,0.998395090866179,0.9214114571988672,0.9583597643860444,oracle_gt_prompt_gt_alignment
deepcrack_0164,ablation_no_detection,deepcrack,0.9151227642797616,0.9556805248711254,0.9958144401813742,0.9186562841881716,0.9556805248711254,oracle_gt_prompt_gt_alignment
deepcrack_0165,ablation_no_detection,deepcrack,0.8337123919682891,0.9093164180162302,0.9783437547658992,0.8493876199933796,0.9093164180162302,oracle_gt_prompt_gt_alignment
deepcrack_0166,ablation_no_detection,deepcrack,0.9252280475444578,0.9611620282849552,0.9998008662318912,0.9253985807759654,0.9611620282849552,oracle_gt_prompt_gt_alignment
deepcrack_0167,ablation_no_detection,deepcrack,0.6510098418769532,0.7886201830715335,0.9989979242717056,0.6514352392065345,0.7886201830715336,oracle_gt_prompt_gt_alignment
deepcrack_0168,ablation_no_detection,deepcrack,0.7246115739698266,0.8403185794490142,0.7789881384652626,0.9121315192743764,0.8403185794490142,oracle_gt_prompt_gt_alignment
deepcrack_0169,ablation_no_detection,deepcrack,0.6612695343966489,0.7961014401396499,0.9798281212699927,0.6703960800326664,0.7961014401396499,oracle_gt_prompt_gt_alignment
deepcrack_0170,ablation_no_detection,deepcrack,0.6841684647966115,0.8124703426022587,0.9654900191722116,0.7013189153764233,0.8124703426022587,oracle_gt_prompt_gt_alignment
deepcrack_0171,ablation_no_detection,deepcrack,0.7598957098838587,0.8635690235690235,0.8163992869875223,0.9165237278444824,0.8635690235690234,oracle_gt_prompt_gt_alignment
deepcrack_0172,ablation_no_detection,deepcrack,0.6695557963163596,0.8020765736534717,0.7146160962072156,0.9139307897071872,0.8020765736534718,oracle_gt_prompt_gt_alignment
deepcrack_0173,ablation_no_detection,deepcrack,0.5679560899111343,0.7244540756792799,0.6010233715945236,0.9116844975875812,0.7244540756792799,oracle_gt_prompt_gt_alignment
deepcrack_0174,ablation_no_detection,deepcrack,0.4896364254162419,0.6573905109489051,0.4903028240898264,0.9972318339100346,0.6573905109489051,oracle_gt_prompt_gt_alignment
deepcrack_0175,ablation_no_detection,deepcrack,0.3116960221650505,0.4752564876282438,0.3118194416947139,0.9987317691819912,0.4752564876282438,oracle_gt_prompt_gt_alignment
deepcrack_0176,ablation_no_detection,deepcrack,0.3360484940329608,0.5030483482206154,0.34253716933771,0.9466382070437568,0.5030483482206154,oracle_gt_prompt_gt_alignment
deepcrack_0177,ablation_no_detection,deepcrack,0.4357329531955334,0.606983286447129,0.4403361344537815,0.9765708200212992,0.6069832864471288,oracle_gt_prompt_gt_alignment
deepcrack_0178,ablation_no_detection,deepcrack,0.8535738292628277,0.92100332426715,0.9020838266635094,0.9407334238794912,0.92100332426715,oracle_gt_prompt_gt_alignment
deepcrack_0179,ablation_no_detection,deepcrack,0.6521913147888734,0.7894864341085271,0.8343573988735279,0.7491954022988506,0.7894864341085273,oracle_gt_prompt_gt_alignment
deepcrack_0180,ablation_no_detection,deepcrack,0.9125138427464008,0.9542559351476548,0.954034965844622,0.9544770068342407,0.954255935147655,oracle_gt_prompt_gt_alignment
deepcrack_0181,ablation_no_detection,deepcrack,0.7835455435847208,0.8786381109280615,0.8151620134501733,0.952834683182468,0.8786381109280617,oracle_gt_prompt_gt_alignment
deepcrack_0182,ablation_no_detection,deepcrack,0.8559391697492807,0.922378474144613,0.903078924544666,0.9425209323376328,0.922378474144613,oracle_gt_prompt_gt_alignment
deepcrack_0183,ablation_no_detection,deepcrack,0.764891012938571,0.8667855491711247,0.8304226778030879,0.9064787954137312,0.8667855491711248,oracle_gt_prompt_gt_alignment
deepcrack_0184,ablation_no_detection,deepcrack,0.7641170181747498,0.8662883587681119,0.8156447764290902,0.9236372180451128,0.8662883587681118,oracle_gt_prompt_gt_alignment
deepcrack_0185,ablation_no_detection,deepcrack,0.7369142857142857,0.8485327016712725,0.8433167669369604,0.8538135593220338,0.8485327016712725,oracle_gt_prompt_gt_alignment
deepcrack_0186,ablation_no_detection,deepcrack,0.7795418006430869,0.8761151891586674,0.8967749393133742,0.8563859145601059,0.8761151891586674,oracle_gt_prompt_gt_alignment
deepcrack_0187,ablation_no_detection,deepcrack,0.7950557333627635,0.8858284660313557,0.9707586578628216,0.8145635459068294,0.8858284660313556,oracle_gt_prompt_gt_alignment
deepcrack_0188,ablation_no_detection,deepcrack,0.825483256193847,0.904399701715138,0.9436663554310614,0.868270332187858,0.904399701715138,oracle_gt_prompt_gt_alignment
deepcrack_0189,ablation_no_detection,deepcrack,0.6958846403110823,0.820674500812076,0.9057359763812736,0.7502183406113537,0.8206745008120762,oracle_gt_prompt_gt_alignment
deepcrack_0190,ablation_no_detection,deepcrack,0.8125783011776497,0.896599391761128,0.889589905362776,0.9037202173610144,0.896599391761128,oracle_gt_prompt_gt_alignment
deepcrack_0191,ablation_no_detection,deepcrack,0.7949668874172185,0.8857733175914995,0.8554732041049031,0.9182986536107712,0.8857733175914995,oracle_gt_prompt_gt_alignment
deepcrack_0192,ablation_no_detection,deepcrack,0.711629125196438,0.831522570772762,0.747455295735901,0.936896551724138,0.8315225707727619,oracle_gt_prompt_gt_alignment
deepcrack_0193,ablation_no_detection,deepcrack,0.72751269035533,0.8422661024917725,0.833837561089132,0.8508667774875327,0.8422661024917725,oracle_gt_prompt_gt_alignment
deepcrack_0194,ablation_no_detection,deepcrack,0.8335368335368335,0.9092119866814652,0.8906283974777125,0.9285876218544548,0.909211986681465,oracle_gt_prompt_gt_alignment
deepcrack_0195,ablation_no_detection,deepcrack,0.6933071831331209,0.8188793977124657,0.6991347342398022,0.9881201956673656,0.8188793977124657,oracle_gt_prompt_gt_alignment
deepcrack_0196,ablation_no_detection,deepcrack,0.7520204168438962,0.8584607914542365,0.7873524827432643,0.9436882839605018,0.8584607914542365,oracle_gt_prompt_gt_alignment
deepcrack_0197,ablation_no_detection,deepcrack,0.7547428124388813,0.8602318323673651,0.7650674068199841,0.9824338085539714,0.8602318323673651,oracle_gt_prompt_gt_alignment
deepcrack_0198,ablation_no_detection,deepcrack,0.5688628326819282,0.7251912924847262,0.6772656769333038,0.7804161879228904,0.7251912924847261,oracle_gt_prompt_gt_alignment
deepcrack_0199,ablation_no_detection,deepcrack,0.6074646074646075,0.755804643714972,0.8094986807387863,0.7087905741018828,0.7558046437149718,oracle_gt_prompt_gt_alignment
deepcrack_0200,ablation_no_detection,deepcrack,0.7026120540705356,0.8253342884431709,0.8053355079217148,0.8463516160626836,0.825334288443171,oracle_gt_prompt_gt_alignment
deepcrack_0201,ablation_no_detection,deepcrack,0.5856802693160358,0.7387116818558409,0.6978086480140873,0.7847084708470847,0.7387116818558409,oracle_gt_prompt_gt_alignment
deepcrack_0202,ablation_no_detection,deepcrack,0.601316116215545,0.7510273707063658,0.8339934561735836,0.6830747531734838,0.7510273707063657,oracle_gt_prompt_gt_alignment
deepcrack_0203,ablation_no_detection,deepcrack,0.6052394760523948,0.754079980067273,0.7430640805303216,0.7654274152756702,0.754079980067273,oracle_gt_prompt_gt_alignment
deepcrack_0204,ablation_no_detection,deepcrack,0.5810893512851897,0.735049351654732,0.7615292073252239,0.7103491271820449,0.735049351654732,oracle_gt_prompt_gt_alignment
deepcrack_0205,ablation_no_detection,deepcrack,0.5583957690612604,0.7166289592760181,0.6540198735320687,0.7924941360437842,0.7166289592760181,oracle_gt_prompt_gt_alignment
deepcrack_0206,ablation_no_detection,deepcrack,0.5674178762414056,0.7240160838308761,0.6065121976115138,0.897990025691401,0.7240160838308761,oracle_gt_prompt_gt_alignment
deepcrack_0207,ablation_no_detection,deepcrack,0.5077459333849729,0.6735165681993321,0.514319340918007,0.9754464285714286,0.6735165681993321,oracle_gt_prompt_gt_alignment
deepcrack_0208,ablation_no_detection,deepcrack,0.5495945945945946,0.7093398447719543,0.5654894327030033,0.951345029239766,0.7093398447719542,oracle_gt_prompt_gt_alignment
deepcrack_0209,ablation_no_detection,deepcrack,0.4313835770528684,0.6027504911591356,0.4435235158057055,0.9403351042092358,0.6027504911591356,oracle_gt_prompt_gt_alignment
deepcrack_0210,ablation_no_detection,deepcrack,0.3955693317531224,0.5668931277763261,0.408992364973136,0.923387954884018,0.5668931277763262,oracle_gt_prompt_gt_alignment
deepcrack_0211,ablation_no_detection,deepcrack,0.5847345132743362,0.7379589557447996,0.7794161014450015,0.7006892895015907,0.7379589557447997,oracle_gt_prompt_gt_alignment
deepcrack_0212,ablation_no_detection,deepcrack,0.3128672745694022,0.4766167618459639,0.3215996667360966,0.9201430274135876,0.4766167618459638,oracle_gt_prompt_gt_alignment
deepcrack_0213,ablation_no_detection,deepcrack,0.6121221468229487,0.7593992155362097,0.6810226492793411,0.8581621621621621,0.7593992155362097,oracle_gt_prompt_gt_alignment
deepcrack_0214,ablation_no_detection,deepcrack,0.5669003797838154,0.7235946676610422,0.5905356055995131,0.9340553549939832,0.7235946676610424,oracle_gt_prompt_gt_alignment
deepcrack_0215,ablation_no_detection,deepcrack,0.6806399051992298,0.8099770844350432,0.8228868194842407,0.7974661575841722,0.8099770844350432,oracle_gt_prompt_gt_alignment
deepcrack_0216,ablation_no_detection,deepcrack,0.6986696585991344,0.8226080392526892,0.7481977342945417,0.9134534786253145,0.8226080392526892,oracle_gt_prompt_gt_alignment
deepcrack_0217,ablation_no_detection,deepcrack,0.7981613891726251,0.8877527834583049,0.8543625628690138,0.9238590683376684,0.887752783458305,oracle_gt_prompt_gt_alignment
deepcrack_0218,ablation_no_detection,deepcrack,0.7364,0.848191660907625,0.790807560137457,0.914555389965226,0.848191660907625,oracle_gt_prompt_gt_alignment
deepcrack_0219,ablation_no_detection,deepcrack,0.4884629698548567,0.6563320415051882,0.5153121319199058,0.9036144578313252,0.6563320415051881,oracle_gt_prompt_gt_alignment
deepcrack_0220,ablation_no_detection,deepcrack,0.6568146618482189,0.7928643764119343,0.6796207264957265,0.9513927836978876,0.7928643764119342,oracle_gt_prompt_gt_alignment
deepcrack_0221,ablation_no_detection,deepcrack,0.7587464765378876,0.862826435372867,0.822429906542056,0.9073963910370813,0.862826435372867,oracle_gt_prompt_gt_alignment
deepcrack_0222,ablation_no_detection,deepcrack,0.7658654677503026,0.8674108891500196,0.7917411512334644,0.9590731918579471,0.8674108891500196,oracle_gt_prompt_gt_alignment
deepcrack_0223,ablation_no_detection,deepcrack,0.6919611097936922,0.8179397337070777,0.7199605230693313,0.9467878001297858,0.8179397337070777,oracle_gt_prompt_gt_alignment
deepcrack_0224,ablation_no_detection,deepcrack,0.712345850076209,0.8320116523709338,0.7848854961832061,0.8851584022038568,0.8320116523709339,oracle_gt_prompt_gt_alignment
deepcrack_0225,ablation_no_detection,deepcrack,0.2339400428265524,0.379175704989154,0.2800384492149952,0.5869711215580927,0.379175704989154,oracle_gt_prompt_gt_alignment
deepcrack_0226,ablation_no_detection,deepcrack,0.3799792171804641,0.5507028112449799,0.4388,0.7392183288409704,0.5507028112449799,oracle_gt_prompt_gt_alignment
deepcrack_0227,ablation_no_detection,deepcrack,0.8195108237278605,0.9008034610630408,0.8371625502584722,0.9749163879598662,0.9008034610630408,oracle_gt_prompt_gt_alignment
deepcrack_0228,ablation_no_detection,deepcrack,0.7151478575739287,0.8339197748064743,0.7375824723017552,0.9592034968431278,0.8339197748064744,oracle_gt_prompt_gt_alignment
deepcrack_0229,ablation_no_detection,deepcrack,0.8215725806451613,0.9020475926950748,0.8380462724935732,0.97663271420012,0.9020475926950746,oracle_gt_prompt_gt_alignment
deepcrack_0230,ablation_no_detection,deepcrack,0.909130624726955,0.9524027459954232,0.9726571628885252,0.9329746693566464,0.9524027459954232,oracle_gt_prompt_gt_alignment
deepcrack_0231,ablation_no_detection,deepcrack,0.8114402451481103,0.8959061689410173,0.8438495857233907,0.9548076923076924,0.8959061689410174,oracle_gt_prompt_gt_alignment
deepcrack_0232,ablation_no_detection,deepcrack,0.6759573985950601,0.806652244456463,0.6791894353369763,0.9930093209054592,0.8066522444564629,oracle_gt_prompt_gt_alignment
deepcrack_0233,ablation_no_detection,deepcrack,0.8500673206385844,0.918958257524562,0.9659053655338214,0.8763632758278802,0.918958257524562,oracle_gt_prompt_gt_alignment
deepcrack_0234,ablation_no_detection,deepcrack,0.85110263637871,0.9195628806879256,0.9948959813929448,0.8548351282335961,0.9195628806879256,oracle_gt_prompt_gt_alignment
deepcrack_0235,ablation_no_detection,deepcrack,0.9188301195734138,0.957698245614035,0.9888702104225842,0.9284314792641776,0.957698245614035,oracle_gt_prompt_gt_alignment
deepcrack_0236,ablation_no_detection,deepcrack,0.5189581856839122,0.6833080601889654,0.9999431009957326,0.5189735109116145,0.6833080601889654,oracle_gt_prompt_gt_alignment
deepcrack_0000,ablation_no_stability,deepcrack,0.5890388413429888,0.7413775245986536,0.6093989443214711,0.9463246959280804,0.7413775245986535,oracle_gt_prompt_gt_alignment
deepcrack_0001,ablation_no_stability,deepcrack,0.7101119811400185,0.8304859435773718,0.7613974902952063,0.9133636560537144,0.8304859435773719,oracle_gt_prompt_gt_alignment
deepcrack_0002,ablation_no_stability,deepcrack,0.7195758822598513,0.8369225105834713,0.7428524750857703,0.9582718651211802,0.8369225105834713,oracle_gt_prompt_gt_alignment
deepcrack_0003,ablation_no_stability,deepcrack,0.534357316087308,0.6965226554267651,0.6051602163961715,0.8203768475685433,0.6965226554267651,oracle_gt_prompt_gt_alignment
deepcrack_0004,ablation_no_stability,deepcrack,0.6481802426343154,0.786540483701367,0.8411764705882353,0.7385690414704542,0.786540483701367,oracle_gt_prompt_gt_alignment
deepcrack_0005,ablation_no_stability,deepcrack,0.6054179290679024,0.7542184724689165,0.7794860027535567,0.7305376344086022,0.7542184724689166,oracle_gt_prompt_gt_alignment
deepcrack_0006,ablation_no_stability,deepcrack,0.5661697036628014,0.7229991773416382,0.7442535688361964,0.7029250457038391,0.7229991773416383,oracle_gt_prompt_gt_alignment
deepcrack_0007,ablation_no_stability,deepcrack,0.7205907031381105,0.8376085048278553,0.8596596596596596,0.8166603271205781,0.8376085048278552,oracle_gt_prompt_gt_alignment
deepcrack_0008,ablation_no_stability,deepcrack,0.7430841671571513,0.8526084754347459,0.9046936581870296,0.8061941251596424,0.8526084754347459,oracle_gt_prompt_gt_alignment
deepcrack_0009,ablation_no_stability,deepcrack,0.6574553828439839,0.7933310177144842,0.7862306368330465,0.8005608131791097,0.7933310177144842,oracle_gt_prompt_gt_alignment
deepcrack_0010,ablation_no_stability,deepcrack,0.5389432485322896,0.7004069175991862,0.8325272067714631,0.6044776119402985,0.7004069175991862,oracle_gt_prompt_gt_alignment
deepcrack_0011,ablation_no_stability,deepcrack,0.7285589899869395,0.8429668807454981,0.7957679505468378,0.8961178045515394,0.842966880745498,oracle_gt_prompt_gt_alignment
deepcrack_0012,ablation_no_stability,deepcrack,0.4765668245279537,0.6455066125169218,0.9808848661307678,0.481034268686367,0.6455066125169218,oracle_gt_prompt_gt_alignment
deepcrack_0013,ablation_no_stability,deepcrack,0.4661803243855797,0.6359113086324332,0.9384088964927289,0.4808942792430773,0.6359113086324333,oracle_gt_prompt_gt_alignment
deepcrack_0014,ablation_no_stability,deepcrack,0.2808767841538013,0.43856956052078,0.5077672459189047,0.3859701791253878,0.43856956052078,oracle_gt_prompt_gt_alignment
deepcrack_0015,ablation_no_stability,deepcrack,0.3010844462295411,0.4628207601775034,0.9686641899531578,0.304045832488339,0.4628207601775033,oracle_gt_prompt_gt_alignment
deepcrack_0016,ablation_no_stability,deepcrack,0.2416750035729598,0.3892725598526703,0.4961854460093897,0.3202651515151515,0.3892725598526703,oracle_gt_prompt_gt_alignment
deepcrack_0017,ablation_no_stability,deepcrack,0.2049706142204125,0.3402084860849884,0.9015036323703328,0.2096660117878192,0.3402084860849884,oracle_gt_prompt_gt_alignment
deepcrack_0018,ablation_no_stability,deepcrack,0.4807798519827681,0.64936033717504,0.8455560951918407,0.527064664567692,0.6493603371750402,oracle_gt_prompt_gt_alignment
deepcrack_0019,ablation_no_stability,deepcrack,0.4140683774972833,0.5856412378447078,0.9800178059155208,0.4175939976395211,0.5856412378447078,oracle_gt_prompt_gt_alignment
deepcrack_0020,ablation_no_stability,deepcrack,0.6095137655417406,0.7573886953822809,0.9510653040013858,0.6292476075869577,0.7573886953822808,oracle_gt_prompt_gt_alignment
deepcrack_0021,ablation_no_stability,deepcrack,0.7129646754207509,0.8324335996545023,0.9336401065633324,0.7510227936879018,0.8324335996545024,oracle_gt_prompt_gt_alignment
deepcrack_0022,ablation_no_stability,deepcrack,0.5229159856162144,0.6867299188597432,0.9709845817652056,0.5312167906482466,0.6867299188597432,oracle_gt_prompt_gt_alignment
deepcrack_0023,ablation_no_stability,deepcrack,0.6434293401822295,0.7830325581395349,0.9382914214374888,0.6718600344805568,0.7830325581395349,oracle_gt_prompt_gt_alignment
deepcrack_0024,ablation_no_stability,deepcrack,0.4820464992338951,0.6505146761361082,0.9291217257318952,0.5004495469949513,0.6505146761361082,oracle_gt_prompt_gt_alignment
deepcrack_0025,ablation_no_stability,deepcrack,0.4600500993348881,0.6301839910075134,0.7675457558726041,0.5345242874347651,0.6301839910075133,oracle_gt_prompt_gt_alignment
deepcrack_0026,ablation_no_stability,deepcrack,0.6344947735191637,0.7763803027073118,0.911867801702554,0.6759465478841871,0.7763803027073118,oracle_gt_prompt_gt_alignment
deepcrack_0027,ablation_no_stability,deepcrack,0.5443324061196105,0.7049420240909603,0.57197661673365,0.9184511586975652,0.7049420240909603,oracle_gt_prompt_gt_alignment
deepcrack_0028,ablation_no_stability,deepcrack,0.562489126022154,0.7199910919753545,0.688604898828541,0.7543750486116513,0.7199910919753546,oracle_gt_prompt_gt_alignment
deepcrack_0029,ablation_no_stability,deepcrack,0.6385459103729239,0.7794055770187048,0.9912434325744308,0.6421682949889694,0.7794055770187047,oracle_gt_prompt_gt_alignment
deepcrack_0030,ablation_no_stability,deepcrack,0.6075825979889186,0.7558959629806925,0.9999155690645052,0.6076137704581602,0.7558959629806925,oracle_gt_prompt_gt_alignment
deepcrack_0031,ablation_no_stability,deepcrack,0.8825828061034611,0.9376297321340318,0.9989469250210616,0.8834047308623579,0.937629732134032,oracle_gt_prompt_gt_alignment
deepcrack_0032,ablation_no_stability,deepcrack,0.627859477124183,0.7713927227101631,0.6643613572509185,0.919533353275501,0.7713927227101631,oracle_gt_prompt_gt_alignment
deepcrack_0033,ablation_no_stability,deepcrack,0.8013497144834747,0.8897214217098943,0.8500367107195301,0.93329302700524,0.8897214217098944,oracle_gt_prompt_gt_alignment
deepcrack_0034,ablation_no_stability,deepcrack,0.7453857075248462,0.85412147505423,0.7661748013620885,0.964876454972432,0.85412147505423,oracle_gt_prompt_gt_alignment
deepcrack_0035,ablation_no_stability,deepcrack,0.6242435030259879,0.7686575342465753,0.7352201257861635,0.8052812858783008,0.7686575342465753,oracle_gt_prompt_gt_alignment
deepcrack_0036,ablation_no_stability,deepcrack,0.5666158794650414,0.7233628701102226,1.0,0.5666158794650414,0.7233628701102226,oracle_gt_prompt_gt_alignment
deepcrack_0037,ablation_no_stability,deepcrack,0.2690374951681484,0.4240024367956138,0.9840701291356396,0.2702143078993684,0.4240024367956138,oracle_gt_prompt_gt_alignment
deepcrack_0038,ablation_no_stability,deepcrack,0.4506601806810285,0.6213173652694611,0.9957773512476008,0.4515230635335074,0.6213173652694611,oracle_gt_prompt_gt_alignment
deepcrack_0039,ablation_no_stability,deepcrack,0.1573353439050491,0.2718924030681937,0.7996291718170581,0.1637928851753386,0.2718924030681937,oracle_gt_prompt_gt_alignment
deepcrack_0040,ablation_no_stability,deepcrack,0.6880863039399625,0.8152264517921645,0.7342342342342343,0.9163023110555902,0.8152264517921646,oracle_gt_prompt_gt_alignment
deepcrack_0041,ablation_no_stability,deepcrack,0.6693128333856291,0.8019022198830849,0.9717552731082868,0.682592,0.801902219883085,oracle_gt_prompt_gt_alignment
deepcrack_0042,ablation_no_stability,deepcrack,0.3855389854391733,0.556518422781109,0.9315505745495816,0.3967793588930179,0.556518422781109,oracle_gt_prompt_gt_alignment
deepcrack_0043,ablation_no_stability,deepcrack,0.5062168254199084,0.672169925174994,0.9561873369042714,0.5182373083221676,0.672169925174994,oracle_gt_prompt_gt_alignment
deepcrack_0044,ablation_no_stability,deepcrack,0.7632376462665208,0.8657229476498531,0.9644699750013296,0.7853183196188827,0.8657229476498531,oracle_gt_prompt_gt_alignment
deepcrack_0045,ablation_no_stability,deepcrack,0.8285916239618307,0.9062620796289138,0.8499184339314845,0.9706064996895052,0.9062620796289138,oracle_gt_prompt_gt_alignment
deepcrack_0046,ablation_no_stability,deepcrack,0.6652746965940233,0.7989969438131808,0.6947397110929409,0.9400700719159136,0.7989969438131809,oracle_gt_prompt_gt_alignment
deepcrack_0047,ablation_no_stability,deepcrack,0.5171728640363327,0.6817586529466791,0.6130551816958277,0.7678044669195112,0.6817586529466791,oracle_gt_prompt_gt_alignment
deepcrack_0048,ablation_no_stability,deepcrack,0.6212828704841484,0.7664089737759587,0.6318420394901275,0.9738058551617874,0.7664089737759588,oracle_gt_prompt_gt_alignment
deepcrack_0049,ablation_no_stability,deepcrack,0.8161579892280072,0.8987742190589165,0.8375092114959469,0.9697098976109216,0.8987742190589166,oracle_gt_prompt_gt_alignment
deepcrack_0050,ablation_no_stability,deepcrack,0.7614908662345315,0.8645981433469934,0.7797556192487555,0.9701576576576576,0.8645981433469934,oracle_gt_prompt_gt_alignment
deepcrack_0051,ablation_no_stability,deepcrack,0.5356600910470409,0.6976284584980237,0.5427985648385444,0.976036866359447,0.6976284584980239,oracle_gt_prompt_gt_alignment
deepcrack_0052,ablation_no_stability,deepcrack,0.7988789976920541,0.8881964809384164,0.8090150250417363,0.9845591223080048,0.8881964809384164,oracle_gt_prompt_gt_alignment
deepcrack_0053,ablation_no_stability,deepcrack,0.8231801755291688,0.9030157157015432,0.8677551020408163,0.9412632821723732,0.9030157157015432,oracle_gt_prompt_gt_alignment
deepcrack_0054,ablation_no_stability,deepcrack,0.8207113476893297,0.9015282392026578,0.8690750704586215,0.9364991717283268,0.9015282392026578,oracle_gt_prompt_gt_alignment
deepcrack_0055,ablation_no_stability,deepcrack,0.7146753955264593,0.8335984727966911,0.9232666725398644,0.759805698542739,0.833598472796691,oracle_gt_prompt_gt_alignment
deepcrack_0056,ablation_no_stability,deepcrack,0.495260663507109,0.6624405705229794,0.605,0.731932505571474,0.6624405705229793,oracle_gt_prompt_gt_alignment
deepcrack_0057,ablation_no_stability,deepcrack,0.5316122233930453,0.694186446508428,0.5724822695035461,0.8816076889471385,0.6941864465084279,oracle_gt_prompt_gt_alignment
deepcrack_0058,ablation_no_stability,deepcrack,0.4005145797598627,0.5719534598897734,0.412180052956752,0.934,0.5719534598897734,oracle_gt_prompt_gt_alignment
deepcrack_0059,ablation_no_stability,deepcrack,0.8099385245901639,0.8949900934050382,0.9243812122393296,0.8674103877103145,0.8949900934050382,oracle_gt_prompt_gt_alignment
deepcrack_0060,ablation_no_stability,deepcrack,0.7291890729189073,0.8433884811543725,0.9546606589693044,0.7553475935828877,0.8433884811543724,oracle_gt_prompt_gt_alignment
deepcrack_0061,ablation_no_stability,deepcrack,0.7785391079508727,0.875481573017373,0.9814211212516296,0.7901850150898833,0.8754815730173731,oracle_gt_prompt_gt_alignment
deepcrack_0062,ablation_no_stability,deepcrack,0.745771958537916,0.854375,0.8641741172220717,0.8447956210823696,0.854375,oracle_gt_prompt_gt_alignment
deepcrack_0063,ablation_no_stability,deepcrack,0.4735373689550219,0.6427219002811406,0.8421290031574199,0.5196696975320096,0.6427219002811406,oracle_gt_prompt_gt_alignment
deepcrack_0064,ablation_no_stability,deepcrack,0.6557528245330874,0.7920902381283944,0.8281887012230634,0.7590072057646117,0.7920902381283943,oracle_gt_prompt_gt_alignment
deepcrack_0065,ablation_no_stability,deepcrack,0.5830521928954158,0.7366177761063056,0.8300607430428026,0.6620845070422535,0.7366177761063056,oracle_gt_prompt_gt_alignment
deepcrack_0066,ablation_no_stability,deepcrack,0.4715902595175488,0.6409260410192666,0.735032074126871,0.5681818181818182,0.6409260410192668,oracle_gt_prompt_gt_alignment
deepcrack_0067,ablation_no_stability,deepcrack,0.7728389708008094,0.8718659545843696,0.8164465144689623,0.9353568929321204,0.8718659545843694,oracle_gt_prompt_gt_alignment
deepcrack_0068,ablation_no_stability,deepcrack,0.6731714583643676,0.8046652421652422,0.681804465902233,0.981537793223284,0.804665242165242,oracle_gt_prompt_gt_alignment
deepcrack_0069,ablation_no_stability,deepcrack,0.65715069997255,0.7931091601788968,0.6755079006772009,0.96028880866426,0.7931091601788969,oracle_gt_prompt_gt_alignment
deepcrack_0070,ablation_no_stability,deepcrack,0.7453188894468756,0.8540776060506412,0.779311379491411,0.9447121942347914,0.8540776060506413,oracle_gt_prompt_gt_alignment
deepcrack_0071,ablation_no_stability,deepcrack,0.738110964332893,0.8493254797643929,0.764102564102564,0.955945252352438,0.849325479764393,oracle_gt_prompt_gt_alignment
deepcrack_0072,ablation_no_stability,deepcrack,0.7035421926401959,0.8259756590470203,0.7143079074102843,0.9790269349515596,0.8259756590470203,oracle_gt_prompt_gt_alignment
deepcrack_0073,ablation_no_stability,deepcrack,0.526477086451429,0.6897936315248856,0.5335114834609274,0.975567881669308,0.6897936315248856,oracle_gt_prompt_gt_alignment
deepcrack_0074,ablation_no_stability,deepcrack,0.7476253702379736,0.8555899713634504,0.7853234631477309,0.9396662387676508,0.8555899713634505,oracle_gt_prompt_gt_alignment
deepcrack_0075,ablation_no_stability,deepcrack,0.6336383944656626,0.7757388619320689,0.6465441176470588,0.9694597574421168,0.7757388619320688,oracle_gt_prompt_gt_alignment
deepcrack_0076,ablation_no_stability,deepcrack,0.752410127038472,0.8587146529562982,0.7669207457066765,0.9754701553556828,0.8587146529562982,oracle_gt_prompt_gt_alignment
deepcrack_0077,ablation_no_stability,deepcrack,0.5924294726818236,0.7440574076842578,0.6010143702451395,0.9764567392583872,0.7440574076842577,oracle_gt_prompt_gt_alignment
deepcrack_0078,ablation_no_stability,deepcrack,0.6026541764246682,0.7520701412566975,0.6117274167987322,0.9759797724399494,0.7520701412566975,oracle_gt_prompt_gt_alignment
deepcrack_0079,ablation_no_stability,deepcrack,0.7387836490528414,0.8497706422018348,0.8372881355932204,0.8626309662398137,0.849770642201835,oracle_gt_prompt_gt_alignment
deepcrack_0080,ablation_no_stability,deepcrack,0.7331506849315068,0.84603224786595,0.8691133484897694,0.8241453649522636,0.84603224786595,oracle_gt_prompt_gt_alignment
deepcrack_0081,ablation_no_stability,deepcrack,0.8157983952989039,0.898556136420214,0.9656233279828784,0.8402001862197392,0.898556136420214,oracle_gt_prompt_gt_alignment
deepcrack_0082,ablation_no_stability,deepcrack,0.6998505231689088,0.823425958494548,0.972849425128134,0.7137920520378087,0.823425958494548,oracle_gt_prompt_gt_alignment
deepcrack_0083,ablation_no_stability,deepcrack,0.7258304940374787,0.8411376395829477,0.9309026355318858,0.767161827593968,0.8411376395829477,oracle_gt_prompt_gt_alignment
deepcrack_0084,ablation_no_stability,deepcrack,0.8674924534193817,0.9290452037233152,0.93978349120433,0.91854954259892,0.9290452037233152,oracle_gt_prompt_gt_alignment
deepcrack_0085,ablation_no_stability,deepcrack,0.7611637347767253,0.8643872454859777,0.9647336263265088,0.7829491083079599,0.8643872454859777,oracle_gt_prompt_gt_alignment
deepcrack_0086,ablation_no_stability,deepcrack,0.8009249949728534,0.8894595801697186,0.9496900333810204,0.8364132717345653,0.8894595801697185,oracle_gt_prompt_gt_alignment
deepcrack_0087,ablation_no_stability,deepcrack,0.7655749377002492,0.8672245186006654,0.906618887015177,0.8311111111111111,0.8672245186006653,oracle_gt_prompt_gt_alignment
deepcrack_0088,ablation_no_stability,deepcrack,0.7982937233394272,0.8878346323280244,0.9506531204644412,0.8328035600762873,0.8878346323280244,oracle_gt_prompt_gt_alignment
deepcrack_0089,ablation_no_stability,deepcrack,0.1262920503664724,0.2242616385783414,0.5838401390095569,0.1387856257744733,0.2242616385783414,oracle_gt_prompt_gt_alignment
deepcrack_0090,ablation_no_stability,deepcrack,0.5947234042553191,0.7458640196392358,0.8087962962962963,0.6920182214299861,0.7458640196392359,oracle_gt_prompt_gt_alignment
deepcrack_0091,ablation_no_stability,deepcrack,0.6403365906623235,0.780738044017872,0.9742566079295154,0.6513575701794754,0.780738044017872,oracle_gt_prompt_gt_alignment
deepcrack_0092,ablation_no_stability,deepcrack,0.5615731785944552,0.7192402972749794,0.9759103641456582,0.569467146126185,0.7192402972749793,oracle_gt_prompt_gt_alignment
deepcrack_0093,ablation_no_stability,deepcrack,0.7709686803064094,0.8706745510293473,0.9864764267990076,0.779204233633869,0.8706745510293473,oracle_gt_prompt_gt_alignment
deepcrack_0094,ablation_no_stability,deepcrack,0.5919768702565956,0.743700340522134,0.928922495274102,0.6200630914826498,0.743700340522134,oracle_gt_prompt_gt_alignment
deepcrack_0095,ablation_no_stability,deepcrack,0.6410919912019666,0.7812992746767581,0.9284242083567548,0.674424935347761,0.7812992746767582,oracle_gt_prompt_gt_alignment
deepcrack_0096,ablation_no_stability,deepcrack,0.7972334962312598,0.8871785418010877,0.9187667048491792,0.8576902512921047,0.8871785418010877,oracle_gt_prompt_gt_alignment
deepcrack_0097,ablation_no_stability,deepcrack,0.7600104230000868,0.8636430933228051,0.948509485094851,0.792716071752129,0.863643093322805,oracle_gt_prompt_gt_alignment
deepcrack_0098,ablation_no_stability,deepcrack,0.772060737527115,0.8713705136365862,0.9317277486910994,0.8183573990618964,0.8713705136365861,oracle_gt_prompt_gt_alignment
deepcrack_0099,ablation_no_stability,deepcrack,0.7930517370657336,0.8845832171731252,0.9108219309157018,0.8598139282810947,0.8845832171731252,oracle_gt_prompt_gt_alignment
deepcrack_0100,ablation_no_stability,deepcrack,0.7892502335059862,0.882213363705391,0.9397432008896976,0.8313209909668187,0.8822133637053909,oracle_gt_prompt_gt_alignment
deepcrack_0101,ablation_no_stability,deepcrack,0.5918851583817772,0.7436279624385155,0.644823575029081,0.8781904594261574,0.7436279624385154,oracle_gt_prompt_gt_alignment
deepcrack_0102,ablation_no_stability,deepcrack,0.7499409402315143,0.8571042861964225,0.8233692128128648,0.8937218468468469,0.8571042861964225,oracle_gt_prompt_gt_alignment
deepcrack_0103,ablation_no_stability,deepcrack,0.8943310657596372,0.9442183385204692,0.9586776859504132,0.930188679245283,0.9442183385204692,oracle_gt_prompt_gt_alignment
deepcrack_0104,ablation_no_stability,deepcrack,0.924560651521646,0.9608017817371938,0.989903625516292,0.9333621808740804,0.9608017817371938,oracle_gt_prompt_gt_alignment
deepcrack_0105,ablation_no_stability,deepcrack,0.8589106400243433,0.9241010530910678,0.999291951852726,0.8594336750228356,0.9241010530910678,oracle_gt_prompt_gt_alignment
deepcrack_0106,ablation_no_stability,deepcrack,0.8963259722493648,0.9453290049981964,0.995766391663048,0.8997547817557626,0.9453290049981964,oracle_gt_prompt_gt_alignment
deepcrack_0107,ablation_no_stability,deepcrack,0.6777716083657227,0.8079426365140651,0.6980556614563477,0.9588897617177272,0.8079426365140651,oracle_gt_prompt_gt_alignment
deepcrack_0108,ablation_no_stability,deepcrack,0.6310018903591682,0.7737598516458044,0.640937019969278,0.9760233918128656,0.7737598516458044,oracle_gt_prompt_gt_alignment
deepcrack_0109,ablation_no_stability,deepcrack,0.7826792414562418,0.8780931793617385,1.0,0.7826792414562418,0.8780931793617385,oracle_gt_prompt_gt_alignment
deepcrack_0110,ablation_no_stability,deepcrack,0.7578265858056057,0.8622313394563849,1.0,0.7578265858056057,0.862231339456385,oracle_gt_prompt_gt_alignment
deepcrack_0111,ablation_no_stability,deepcrack,0.6174618170366871,0.7634947675833537,0.9915297092288242,0.6207360506529481,0.7634947675833534,oracle_gt_prompt_gt_alignment
deepcrack_0112,ablation_no_stability,deepcrack,0.6593742648788521,0.7947263963708534,0.9958550450023684,0.6611888661739267,0.7947263963708535,oracle_gt_prompt_gt_alignment
deepcrack_0113,ablation_no_stability,deepcrack,0.874345100060122,0.9329606378591394,0.9417206290471786,0.924362117497503,0.9329606378591394,oracle_gt_prompt_gt_alignment
deepcrack_0114,ablation_no_stability,deepcrack,0.8821214713430282,0.9373693300609036,0.9254240330252176,0.949627037480431,0.9373693300609036,oracle_gt_prompt_gt_alignment
deepcrack_0115,ablation_no_stability,deepcrack,0.8405228758169935,0.9133522727272728,0.9672405147919104,0.8651517416654209,0.9133522727272728,oracle_gt_prompt_gt_alignment
deepcrack_0116,ablation_no_stability,deepcrack,0.8123578975524943,0.8964652055198878,0.902660127805023,0.8903547346819115,0.8964652055198878,oracle_gt_prompt_gt_alignment
deepcrack_0117,ablation_no_stability,deepcrack,0.8163012729844413,0.8988610921833934,0.9057381069151544,0.8920877209931407,0.8988610921833933,oracle_gt_prompt_gt_alignment
deepcrack_0118,ablation_no_stability,deepcrack,0.5297656744775174,0.6926102256261644,0.6131574124977094,0.7957193816884661,0.6926102256261644,oracle_gt_prompt_gt_alignment
deepcrack_0119,ablation_no_stability,deepcrack,0.8106567534076827,0.8954284150013687,0.9337710533828149,0.860110439127005,0.8954284150013686,oracle_gt_prompt_gt_alignment
deepcrack_0120,ablation_no_stability,deepcrack,0.7161423718800768,0.8345955249569708,0.9332178598922248,0.7548256537982565,0.8345955249569708,oracle_gt_prompt_gt_alignment
deepcrack_0121,ablation_no_stability,deepcrack,0.7784967645594824,0.8754547998880493,0.9644398766700925,0.8015032456440041,0.8754547998880492,oracle_gt_prompt_gt_alignment
deepcrack_0122,ablation_no_stability,deepcrack,0.7895259369570613,0.8823855755894591,0.9302529609592044,0.8392032713362353,0.8823855755894592,oracle_gt_prompt_gt_alignment
deepcrack_0123,ablation_no_stability,deepcrack,0.7759834368530021,0.8738633714152483,0.96822526478946,0.7962608880390907,0.8738633714152483,oracle_gt_prompt_gt_alignment
deepcrack_0124,ablation_no_stability,deepcrack,0.8057387274995544,0.8924200552704303,0.8502915177731803,0.9389408099688472,0.8924200552704302,oracle_gt_prompt_gt_alignment
deepcrack_0125,ablation_no_stability,deepcrack,0.7699256110520722,0.8700090063044131,0.8310074555534315,0.9128517429651408,0.870009006304413,oracle_gt_prompt_gt_alignment
deepcrack_0126,ablation_no_stability,deepcrack,0.8066585554695277,0.892983959838374,0.9726593758335556,0.8253734721593481,0.892983959838374,oracle_gt_prompt_gt_alignment
deepcrack_0127,ablation_no_stability,deepcrack,0.7854974102518307,0.8798639591877563,0.9885367498314228,0.7927180966113915,0.8798639591877564,oracle_gt_prompt_gt_alignment
deepcrack_0128,ablation_no_stability,deepcrack,0.7599897540983607,0.8636297482171446,0.9883411059293804,0.7668648229516671,0.8636297482171446,oracle_gt_prompt_gt_alignment
deepcrack_0129,ablation_no_stability,deepcrack,0.7618677042801556,0.8648409893992933,0.9857027788964962,0.7703808624488511,0.8648409893992931,oracle_gt_prompt_gt_alignment
deepcrack_0130,ablation_no_stability,deepcrack,0.8374336710082007,0.9115253347335258,0.9890610756608932,0.8452624403544649,0.9115253347335258,oracle_gt_prompt_gt_alignment
deepcrack_0131,ablation_no_stability,deepcrack,0.6608733624454148,0.795814271441342,0.9994716682076344,0.6611043159182247,0.795814271441342,oracle_gt_prompt_gt_alignment
deepcrack_0132,ablation_no_stability,deepcrack,0.7967420814479638,0.8868741815251334,0.9501402978631556,0.831507366830374,0.8868741815251334,oracle_gt_prompt_gt_alignment
deepcrack_0133,ablation_no_stability,deepcrack,0.846412791920892,0.9168185961713764,0.8857331571994715,0.9501653282947568,0.9168185961713764,oracle_gt_prompt_gt_alignment
deepcrack_0134,ablation_no_stability,deepcrack,0.4063154953192678,0.5778440139095877,0.4124237696780598,0.964830789648308,0.5778440139095877,oracle_gt_prompt_gt_alignment
deepcrack_0135,ablation_no_stability,deepcrack,0.5294781382228491,0.6923644411656216,0.540454938093867,0.9630579784504876,0.6923644411656216,oracle_gt_prompt_gt_alignment
deepcrack_0136,ablation_no_stability,deepcrack,0.738574473123372,0.8496322527921547,0.9716510903426792,0.754840271055179,0.8496322527921547,oracle_gt_prompt_gt_alignment
deepcrack_0137,ablation_no_stability,deepcrack,0.4116429495472186,0.5832111436950147,0.45819333781319,0.8020500756175433,0.5832111436950147,oracle_gt_prompt_gt_alignment
deepcrack_0138,ablation_no_stability,deepcrack,0.6703814338235294,0.8026686842286265,0.7014064190407501,0.9381028938906752,0.8026686842286265,oracle_gt_prompt_gt_alignment
deepcrack_0139,ablation_no_stability,deepcrack,0.7278307574262852,0.8424792234980651,0.8641332639250391,0.8218838965218468,0.8424792234980651,oracle_gt_prompt_gt_alignment
deepcrack_0140,ablation_no_stability,deepcrack,0.7522658610271903,0.8586206896551725,0.8141842372308039,0.9081876493522828,0.8586206896551724,oracle_gt_prompt_gt_alignment
deepcrack_0141,ablation_no_stability,deepcrack,0.7714862298195632,0.8710044897138645,0.7844296922148462,0.97905995781862,0.8710044897138645,oracle_gt_prompt_gt_alignment
deepcrack_0142,ablation_no_stability,deepcrack,0.7645801910507792,0.8665859391694565,0.7828828828828829,0.9703301962035412,0.8665859391694565,oracle_gt_prompt_gt_alignment
deepcrack_0143,ablation_no_stability,deepcrack,0.6851888866679992,0.8131894199976278,0.7112033195020747,0.9493215175851564,0.8131894199976278,oracle_gt_prompt_gt_alignment
deepcrack_0144,ablation_no_stability,deepcrack,0.5455478573261483,0.7059604848082351,0.5699731903485254,0.9271696467509812,0.705960484808235,oracle_gt_prompt_gt_alignment
deepcrack_0145,ablation_no_stability,deepcrack,0.5868638043787319,0.7396523920444364,0.6217803886127429,0.9126685827990272,0.7396523920444366,oracle_gt_prompt_gt_alignment
deepcrack_0146,ablation_no_stability,deepcrack,0.7711480362537765,0.8707889125799574,0.7857875833760903,0.976410583359898,0.8707889125799574,oracle_gt_prompt_gt_alignment
deepcrack_0147,ablation_no_stability,deepcrack,0.7872594558725946,0.880968292864038,0.9738959120013134,0.8042299349240781,0.880968292864038,oracle_gt_prompt_gt_alignment
deepcrack_0148,ablation_no_stability,deepcrack,0.7491059147180192,0.8565586662472475,0.8058597218111867,0.914065122524337,0.8565586662472475,oracle_gt_prompt_gt_alignment
deepcrack_0149,ablation_no_stability,deepcrack,0.8125,0.896551724137931,0.8717001055966209,0.922861934041364,0.896551724137931,oracle_gt_prompt_gt_alignment
deepcrack_0150,ablation_no_stability,deepcrack,0.6733557470056735,0.8047968857914234,0.7378540179599355,0.8850987432675045,0.8047968857914235,oracle_gt_prompt_gt_alignment
deepcrack_0151,ablation_no_stability,deepcrack,0.7251787132644957,0.8406998158379374,0.8295475195347992,0.8521560574948666,0.8406998158379374,oracle_gt_prompt_gt_alignment
deepcrack_0152,ablation_no_stability,deepcrack,0.4839582528024739,0.6522531909351393,0.842813867384719,0.5319736562566391,0.6522531909351393,oracle_gt_prompt_gt_alignment
deepcrack_0153,ablation_no_stability,deepcrack,0.6858006042296072,0.8136200716845878,0.9082595027150614,0.7368421052631579,0.8136200716845878,oracle_gt_prompt_gt_alignment
deepcrack_0154,ablation_no_stability,deepcrack,0.6853593825373855,0.813309481216458,0.874711405263968,0.7599625568333779,0.8133094812164579,oracle_gt_prompt_gt_alignment
deepcrack_0155,ablation_no_stability,deepcrack,0.798051948051948,0.8876850848681834,0.9514224888716856,0.8319512607886275,0.8876850848681834,oracle_gt_prompt_gt_alignment
deepcrack_0156,ablation_no_stability,deepcrack,0.826463391680783,0.9049876339653752,0.8485024154589372,0.969529697504968,0.9049876339653752,oracle_gt_prompt_gt_alignment
deepcrack_0157,ablation_no_stability,deepcrack,0.6013590033975085,0.751060820367751,0.8292555960437272,0.6863420939250323,0.751060820367751,oracle_gt_prompt_gt_alignment
deepcrack_0158,ablation_no_stability,deepcrack,0.3682334595678325,0.538261152718984,0.8787878787878788,0.3879371039662051,0.5382611527189841,oracle_gt_prompt_gt_alignment
deepcrack_0159,ablation_no_stability,deepcrack,0.7478737478737478,0.8557525951557093,0.7661181026137464,0.9691403379867743,0.8557525951557092,oracle_gt_prompt_gt_alignment
deepcrack_0160,ablation_no_stability,deepcrack,0.9112104758862984,0.953542780748663,0.994621246077992,0.9157228667064056,0.953542780748663,oracle_gt_prompt_gt_alignment
deepcrack_0161,ablation_no_stability,deepcrack,0.9358530451579984,0.9668637270776068,0.9995717844908129,0.9362283964121636,0.9668637270776066,oracle_gt_prompt_gt_alignment
deepcrack_0162,ablation_no_stability,deepcrack,0.8176326170312543,0.899667632908895,0.9991235758106924,0.8182194616977225,0.8996676329088951,oracle_gt_prompt_gt_alignment
deepcrack_0163,ablation_no_stability,deepcrack,0.9200487189525424,0.9583597643860444,0.998395090866179,0.9214114571988672,0.9583597643860444,oracle_gt_prompt_gt_alignment
deepcrack_0164,ablation_no_stability,deepcrack,0.9151227642797616,0.9556805248711254,0.9958144401813742,0.9186562841881716,0.9556805248711254,oracle_gt_prompt_gt_alignment
deepcrack_0165,ablation_no_stability,deepcrack,0.8337123919682891,0.9093164180162302,0.9783437547658992,0.8493876199933796,0.9093164180162302,oracle_gt_prompt_gt_alignment
deepcrack_0166,ablation_no_stability,deepcrack,0.9252280475444578,0.9611620282849552,0.9998008662318912,0.9253985807759654,0.9611620282849552,oracle_gt_prompt_gt_alignment
deepcrack_0167,ablation_no_stability,deepcrack,0.6510098418769532,0.7886201830715335,0.9989979242717056,0.6514352392065345,0.7886201830715336,oracle_gt_prompt_gt_alignment
deepcrack_0168,ablation_no_stability,deepcrack,0.7246115739698266,0.8403185794490142,0.7789881384652626,0.9121315192743764,0.8403185794490142,oracle_gt_prompt_gt_alignment
deepcrack_0169,ablation_no_stability,deepcrack,0.6612695343966489,0.7961014401396499,0.9798281212699927,0.6703960800326664,0.7961014401396499,oracle_gt_prompt_gt_alignment
deepcrack_0170,ablation_no_stability,deepcrack,0.6841684647966115,0.8124703426022587,0.9654900191722116,0.7013189153764233,0.8124703426022587,oracle_gt_prompt_gt_alignment
deepcrack_0171,ablation_no_stability,deepcrack,0.7528534824132308,0.8590033222591362,0.8025825676682394,0.923956546598056,0.8590033222591363,oracle_gt_prompt_gt_alignment
deepcrack_0172,ablation_no_stability,deepcrack,0.6221997981836529,0.7671062453346603,0.6620141722138716,0.911860396332446,0.7671062453346603,oracle_gt_prompt_gt_alignment
deepcrack_0173,ablation_no_stability,deepcrack,0.5602516755573793,0.7181555185412466,0.6168674698795181,0.8592406125445773,0.7181555185412466,oracle_gt_prompt_gt_alignment
deepcrack_0174,ablation_no_stability,deepcrack,0.4896364254162419,0.6573905109489051,0.4903028240898264,0.9972318339100346,0.6573905109489051,oracle_gt_prompt_gt_alignment
deepcrack_0175,ablation_no_stability,deepcrack,0.3733300947291717,0.5436858860983375,0.3769928869266618,0.9746353836398224,0.5436858860983376,oracle_gt_prompt_gt_alignment
deepcrack_0176,ablation_no_stability,deepcrack,0.3419529139328444,0.5096347425941904,0.3488188976377953,0.9455709711846318,0.5096347425941904,oracle_gt_prompt_gt_alignment
deepcrack_0177,ablation_no_stability,deepcrack,0.4357329531955334,0.606983286447129,0.4403361344537815,0.9765708200212992,0.6069832864471288,oracle_gt_prompt_gt_alignment
deepcrack_0178,ablation_no_stability,deepcrack,0.856887897378695,0.922929056286418,0.8986897519887693,0.948512161995308,0.922929056286418,oracle_gt_prompt_gt_alignment
deepcrack_0179,ablation_no_stability,deepcrack,0.6521913147888734,0.7894864341085271,0.8343573988735279,0.7491954022988506,0.7894864341085273,oracle_gt_prompt_gt_alignment
deepcrack_0180,ablation_no_stability,deepcrack,0.9125138427464008,0.9542559351476548,0.954034965844622,0.9544770068342407,0.954255935147655,oracle_gt_prompt_gt_alignment
deepcrack_0181,ablation_no_stability,deepcrack,0.7835455435847208,0.8786381109280615,0.8151620134501733,0.952834683182468,0.8786381109280617,oracle_gt_prompt_gt_alignment
deepcrack_0182,ablation_no_stability,deepcrack,0.8559391697492807,0.922378474144613,0.903078924544666,0.9425209323376328,0.922378474144613,oracle_gt_prompt_gt_alignment
deepcrack_0183,ablation_no_stability,deepcrack,0.7581090407177363,0.8624141315014721,0.8191648023862789,0.910484873601326,0.8624141315014721,oracle_gt_prompt_gt_alignment
deepcrack_0184,ablation_no_stability,deepcrack,0.7457675480311965,0.8543721056932716,0.7966067255917911,0.9211701127819548,0.8543721056932716,oracle_gt_prompt_gt_alignment
deepcrack_0185,ablation_no_stability,deepcrack,0.7369142857142857,0.8485327016712725,0.8433167669369604,0.8538135593220338,0.8485327016712725,oracle_gt_prompt_gt_alignment
deepcrack_0186,ablation_no_stability,deepcrack,0.7795418006430869,0.8761151891586674,0.8967749393133742,0.8563859145601059,0.8761151891586674,oracle_gt_prompt_gt_alignment
deepcrack_0187,ablation_no_stability,deepcrack,0.7943246810382754,0.8853745249478975,0.9668005354752344,0.8165988240615106,0.8853745249478975,oracle_gt_prompt_gt_alignment
deepcrack_0188,ablation_no_stability,deepcrack,0.8248774672142005,0.9040360046457608,0.916813898704358,0.8916093928980527,0.9040360046457608,oracle_gt_prompt_gt_alignment
deepcrack_0189,ablation_no_stability,deepcrack,0.6958846403110823,0.820674500812076,0.9057359763812736,0.7502183406113537,0.8206745008120762,oracle_gt_prompt_gt_alignment
deepcrack_0190,ablation_no_stability,deepcrack,0.8125783011776497,0.896599391761128,0.889589905362776,0.9037202173610144,0.896599391761128,oracle_gt_prompt_gt_alignment
deepcrack_0191,ablation_no_stability,deepcrack,0.7949668874172185,0.8857733175914995,0.8554732041049031,0.9182986536107712,0.8857733175914995,oracle_gt_prompt_gt_alignment
deepcrack_0192,ablation_no_stability,deepcrack,0.711629125196438,0.831522570772762,0.747455295735901,0.936896551724138,0.8315225707727619,oracle_gt_prompt_gt_alignment
deepcrack_0193,ablation_no_stability,deepcrack,0.72751269035533,0.8422661024917725,0.833837561089132,0.8508667774875327,0.8422661024917725,oracle_gt_prompt_gt_alignment
deepcrack_0194,ablation_no_stability,deepcrack,0.8335368335368335,0.9092119866814652,0.8906283974777125,0.9285876218544548,0.909211986681465,oracle_gt_prompt_gt_alignment
deepcrack_0195,ablation_no_stability,deepcrack,0.6933071831331209,0.8188793977124657,0.6991347342398022,0.9881201956673656,0.8188793977124657,oracle_gt_prompt_gt_alignment
deepcrack_0196,ablation_no_stability,deepcrack,0.7520204168438962,0.8584607914542365,0.7873524827432643,0.9436882839605018,0.8584607914542365,oracle_gt_prompt_gt_alignment
deepcrack_0197,ablation_no_stability,deepcrack,0.7547428124388813,0.8602318323673651,0.7650674068199841,0.9824338085539714,0.8602318323673651,oracle_gt_prompt_gt_alignment
deepcrack_0198,ablation_no_stability,deepcrack,0.5589672016748081,0.7170993733213966,0.7183856502242153,0.7158176943699732,0.7170993733213967,oracle_gt_prompt_gt_alignment
deepcrack_0199,ablation_no_stability,deepcrack,0.301997528830313,0.4638987742190589,0.7354563691073219,0.3388009703130414,0.4638987742190589,oracle_gt_prompt_gt_alignment
deepcrack_0200,ablation_no_stability,deepcrack,0.702357461834043,0.8251586139580283,0.8223492217898832,0.8279872673849168,0.8251586139580284,oracle_gt_prompt_gt_alignment
deepcrack_0201,ablation_no_stability,deepcrack,0.5847070344377346,0.7379370719398527,0.6936779939974829,0.7882288228822882,0.7379370719398528,oracle_gt_prompt_gt_alignment
deepcrack_0202,ablation_no_stability,deepcrack,0.601316116215545,0.7510273707063658,0.8339934561735836,0.6830747531734838,0.7510273707063657,oracle_gt_prompt_gt_alignment
deepcrack_0203,ablation_no_stability,deepcrack,0.614731161303218,0.7614037259392213,0.7456661413504667,0.7778199291856348,0.7614037259392215,oracle_gt_prompt_gt_alignment
deepcrack_0204,ablation_no_stability,deepcrack,0.607330903199676,0.7557011465289152,0.7636872930990578,0.7478802992518703,0.7557011465289152,oracle_gt_prompt_gt_alignment
deepcrack_0205,ablation_no_stability,deepcrack,0.5448761645080663,0.7053978526253861,0.6658336804109399,0.7499609069585613,0.705397852625386,oracle_gt_prompt_gt_alignment
deepcrack_0206,ablation_no_stability,deepcrack,0.5969325153374233,0.7475989243180945,0.6485946005999333,0.8822729333534834,0.7475989243180945,oracle_gt_prompt_gt_alignment
deepcrack_0207,ablation_no_stability,deepcrack,0.5077459333849729,0.6735165681993321,0.514319340918007,0.9754464285714286,0.6735165681993321,oracle_gt_prompt_gt_alignment
deepcrack_0208,ablation_no_stability,deepcrack,0.5495945945945946,0.7093398447719543,0.5654894327030033,0.951345029239766,0.7093398447719542,oracle_gt_prompt_gt_alignment
deepcrack_0209,ablation_no_stability,deepcrack,0.4239985693848355,0.595504206957177,0.4298404641044235,0.9689415610952188,0.595504206957177,oracle_gt_prompt_gt_alignment
deepcrack_0210,ablation_no_stability,deepcrack,0.4010850247872042,0.572534882168369,0.4171206225680934,0.9125345818259204,0.572534882168369,oracle_gt_prompt_gt_alignment
deepcrack_0211,ablation_no_stability,deepcrack,0.4488532110091743,0.6195979104005066,0.768958742632613,0.5188229056203606,0.6195979104005066,oracle_gt_prompt_gt_alignment
deepcrack_0212,ablation_no_stability,deepcrack,0.3378868729989328,0.5051052967453733,0.344880174291939,0.9433849821215732,0.5051052967453733,oracle_gt_prompt_gt_alignment
deepcrack_0213,ablation_no_stability,deepcrack,0.6102751177990576,0.7579762129507268,0.6726419835818395,0.8681081081081081,0.7579762129507267,oracle_gt_prompt_gt_alignment
deepcrack_0214,ablation_no_stability,deepcrack,0.5669003797838154,0.7235946676610422,0.5905356055995131,0.9340553549939832,0.7235946676610424,oracle_gt_prompt_gt_alignment
deepcrack_0215,ablation_no_stability,deepcrack,0.6806399051992298,0.8099770844350432,0.8228868194842407,0.7974661575841722,0.8099770844350432,oracle_gt_prompt_gt_alignment
deepcrack_0216,ablation_no_stability,deepcrack,0.6986696585991344,0.8226080392526892,0.7481977342945417,0.9134534786253145,0.8226080392526892,oracle_gt_prompt_gt_alignment
deepcrack_0217,ablation_no_stability,deepcrack,0.7981613891726251,0.8877527834583049,0.8543625628690138,0.9238590683376684,0.887752783458305,oracle_gt_prompt_gt_alignment
deepcrack_0218,ablation_no_stability,deepcrack,0.7364,0.848191660907625,0.790807560137457,0.914555389965226,0.848191660907625,oracle_gt_prompt_gt_alignment
deepcrack_0219,ablation_no_stability,deepcrack,0.4936264548309625,0.6609771181199753,0.5158301158301158,0.9197934595524956,0.6609771181199754,oracle_gt_prompt_gt_alignment
deepcrack_0220,ablation_no_stability,deepcrack,0.6545338441890166,0.7912003087610961,0.6738101498816723,0.9581230136474108,0.791200308761096,oracle_gt_prompt_gt_alignment
deepcrack_0221,ablation_no_stability,deepcrack,0.7587464765378876,0.862826435372867,0.822429906542056,0.9073963910370813,0.862826435372867,oracle_gt_prompt_gt_alignment
deepcrack_0222,ablation_no_stability,deepcrack,0.7658654677503026,0.8674108891500196,0.7917411512334644,0.9590731918579471,0.8674108891500196,oracle_gt_prompt_gt_alignment
deepcrack_0223,ablation_no_stability,deepcrack,0.6919611097936922,0.8179397337070777,0.7199605230693313,0.9467878001297858,0.8179397337070777,oracle_gt_prompt_gt_alignment
deepcrack_0224,ablation_no_stability,deepcrack,0.712345850076209,0.8320116523709338,0.7848854961832061,0.8851584022038568,0.8320116523709339,oracle_gt_prompt_gt_alignment
deepcrack_0225,ablation_no_stability,deepcrack,0.2287890727607039,0.3723813595553655,0.273126371903418,0.5849563465413029,0.3723813595553655,oracle_gt_prompt_gt_alignment
deepcrack_0226,ablation_no_stability,deepcrack,0.373781512605042,0.5441644237827257,0.4271993853246254,0.7493261455525606,0.5441644237827257,oracle_gt_prompt_gt_alignment
deepcrack_0227,ablation_no_stability,deepcrack,0.8195108237278605,0.9008034610630408,0.8371625502584722,0.9749163879598662,0.9008034610630408,oracle_gt_prompt_gt_alignment
deepcrack_0228,ablation_no_stability,deepcrack,0.7151478575739287,0.8339197748064743,0.7375824723017552,0.9592034968431278,0.8339197748064744,oracle_gt_prompt_gt_alignment
deepcrack_0229,ablation_no_stability,deepcrack,0.8215725806451613,0.9020475926950748,0.8380462724935732,0.97663271420012,0.9020475926950746,oracle_gt_prompt_gt_alignment
deepcrack_0230,ablation_no_stability,deepcrack,0.909130624726955,0.9524027459954232,0.9726571628885252,0.9329746693566464,0.9524027459954232,oracle_gt_prompt_gt_alignment
deepcrack_0231,ablation_no_stability,deepcrack,0.8114402451481103,0.8959061689410173,0.8438495857233907,0.9548076923076924,0.8959061689410174,oracle_gt_prompt_gt_alignment
deepcrack_0232,ablation_no_stability,deepcrack,0.6759573985950601,0.806652244456463,0.6791894353369763,0.9930093209054592,0.8066522444564629,oracle_gt_prompt_gt_alignment
deepcrack_0233,ablation_no_stability,deepcrack,0.8500673206385844,0.918958257524562,0.9659053655338214,0.8763632758278802,0.918958257524562,oracle_gt_prompt_gt_alignment
deepcrack_0234,ablation_no_stability,deepcrack,0.8456097695750677,0.9163473053892216,0.9946054855063045,0.8495059398245809,0.9163473053892216,oracle_gt_prompt_gt_alignment
deepcrack_0235,ablation_no_stability,deepcrack,0.8912267416702726,0.9424853424853424,0.9931288047736724,0.896756286056384,0.9424853424853424,oracle_gt_prompt_gt_alignment
deepcrack_0236,ablation_no_stability,deepcrack,0.3869654969035683,0.5580030617451948,0.9964310122256816,0.3875025839411747,0.5580030617451949,oracle_gt_prompt_gt_alignment
deepcrack_0000,ablation_no_boundary,deepcrack,0.5890388413429888,0.7413775245986536,0.6093989443214711,0.9463246959280804,0.7413775245986535,oracle_gt_prompt_gt_alignment
deepcrack_0001,ablation_no_boundary,deepcrack,0.7227479845776376,0.8390640895218718,0.7910991751390754,0.8932207060862032,0.8390640895218718,oracle_gt_prompt_gt_alignment
deepcrack_0002,ablation_no_boundary,deepcrack,0.7195758822598513,0.8369225105834713,0.7428524750857703,0.9582718651211802,0.8369225105834713,oracle_gt_prompt_gt_alignment
deepcrack_0003,ablation_no_boundary,deepcrack,0.4958076723306374,0.6629297088149214,0.5915368271954674,0.7539207943134378,0.6629297088149213,oracle_gt_prompt_gt_alignment
deepcrack_0004,ablation_no_boundary,deepcrack,0.4085760517799353,0.5801263641585296,0.7843644835619984,0.460276469694668,0.5801263641585296,oracle_gt_prompt_gt_alignment
deepcrack_0005,ablation_no_boundary,deepcrack,0.6054179290679024,0.7542184724689165,0.7794860027535567,0.7305376344086022,0.7542184724689166,oracle_gt_prompt_gt_alignment
deepcrack_0006,ablation_no_boundary,deepcrack,0.5661697036628014,0.7229991773416382,0.7442535688361964,0.7029250457038391,0.7229991773416383,oracle_gt_prompt_gt_alignment
deepcrack_0007,ablation_no_boundary,deepcrack,0.7205907031381105,0.8376085048278553,0.8596596596596596,0.8166603271205781,0.8376085048278552,oracle_gt_prompt_gt_alignment
deepcrack_0008,ablation_no_boundary,deepcrack,0.7430841671571513,0.8526084754347459,0.9046936581870296,0.8061941251596424,0.8526084754347459,oracle_gt_prompt_gt_alignment
deepcrack_0009,ablation_no_boundary,deepcrack,0.6574553828439839,0.7933310177144842,0.7862306368330465,0.8005608131791097,0.7933310177144842,oracle_gt_prompt_gt_alignment
deepcrack_0010,ablation_no_boundary,deepcrack,0.4281757754800591,0.599612152553329,0.7294746775715634,0.5089991220368745,0.599612152553329,oracle_gt_prompt_gt_alignment
deepcrack_0011,ablation_no_boundary,deepcrack,0.7285589899869395,0.8429668807454981,0.7957679505468378,0.8961178045515394,0.842966880745498,oracle_gt_prompt_gt_alignment
deepcrack_0012,ablation_no_boundary,deepcrack,0.4765668245279537,0.6455066125169218,0.9808848661307678,0.481034268686367,0.6455066125169218,oracle_gt_prompt_gt_alignment
deepcrack_0013,ablation_no_boundary,deepcrack,0.4661803243855797,0.6359113086324332,0.9384088964927289,0.4808942792430773,0.6359113086324333,oracle_gt_prompt_gt_alignment
deepcrack_0014,ablation_no_boundary,deepcrack,0.282693075053506,0.4407805429864253,0.506894757382594,0.3899229460622436,0.4407805429864254,oracle_gt_prompt_gt_alignment
deepcrack_0015,ablation_no_boundary,deepcrack,0.2444076222038111,0.3928095872170439,0.4872372372372372,0.3290407625228148,0.3928095872170439,oracle_gt_prompt_gt_alignment
deepcrack_0016,ablation_no_boundary,deepcrack,0.3427747088420534,0.5105468647643004,0.5716129789356333,0.4612689393939393,0.5105468647643004,oracle_gt_prompt_gt_alignment
deepcrack_0017,ablation_no_boundary,deepcrack,0.2323994941171961,0.3771496097272755,0.9041300134188162,0.2382711198428291,0.3771496097272755,oracle_gt_prompt_gt_alignment
deepcrack_0018,ablation_no_boundary,deepcrack,0.4807798519827681,0.64936033717504,0.8455560951918407,0.527064664567692,0.6493603371750402,oracle_gt_prompt_gt_alignment
deepcrack_0019,ablation_no_boundary,deepcrack,0.4140683774972833,0.5856412378447078,0.9800178059155208,0.4175939976395211,0.5856412378447078,oracle_gt_prompt_gt_alignment
deepcrack_0020,ablation_no_boundary,deepcrack,0.6095137655417406,0.7573886953822809,0.9510653040013858,0.6292476075869577,0.7573886953822808,oracle_gt_prompt_gt_alignment
deepcrack_0021,ablation_no_boundary,deepcrack,0.7129646754207509,0.8324335996545023,0.9336401065633324,0.7510227936879018,0.8324335996545024,oracle_gt_prompt_gt_alignment
deepcrack_0022,ablation_no_boundary,deepcrack,0.5192301386930719,0.6835437574187979,0.9761449793503052,0.5259032943676939,0.6835437574187979,oracle_gt_prompt_gt_alignment
deepcrack_0023,ablation_no_boundary,deepcrack,0.6434293401822295,0.7830325581395349,0.9382914214374888,0.6718600344805568,0.7830325581395349,oracle_gt_prompt_gt_alignment
deepcrack_0024,ablation_no_boundary,deepcrack,0.4820464992338951,0.6505146761361082,0.9291217257318952,0.5004495469949513,0.6505146761361082,oracle_gt_prompt_gt_alignment
deepcrack_0025,ablation_no_boundary,deepcrack,0.4600500993348881,0.6301839910075134,0.7675457558726041,0.5345242874347651,0.6301839910075133,oracle_gt_prompt_gt_alignment
deepcrack_0026,ablation_no_boundary,deepcrack,0.7537511032656664,0.8595873175641671,0.8743281289992322,0.8453353130413264,0.8595873175641671,oracle_gt_prompt_gt_alignment
deepcrack_0027,ablation_no_boundary,deepcrack,0.4855310753041763,0.6536801328168235,0.5248844649840029,0.866236432971546,0.6536801328168235,oracle_gt_prompt_gt_alignment
deepcrack_0028,ablation_no_boundary,deepcrack,0.562489126022154,0.7199910919753545,0.688604898828541,0.7543750486116513,0.7199910919753546,oracle_gt_prompt_gt_alignment
deepcrack_0029,ablation_no_boundary,deepcrack,0.6385459103729239,0.7794055770187048,0.9912434325744308,0.6421682949889694,0.7794055770187047,oracle_gt_prompt_gt_alignment
deepcrack_0030,ablation_no_boundary,deepcrack,0.6075825979889186,0.7558959629806925,0.9999155690645052,0.6076137704581602,0.7558959629806925,oracle_gt_prompt_gt_alignment
deepcrack_0031,ablation_no_boundary,deepcrack,0.8825828061034611,0.9376297321340318,0.9989469250210616,0.8834047308623579,0.937629732134032,oracle_gt_prompt_gt_alignment
deepcrack_0032,ablation_no_boundary,deepcrack,0.6274790431404621,0.771105527638191,0.6647173489278753,0.9180376906969788,0.771105527638191,oracle_gt_prompt_gt_alignment
deepcrack_0033,ablation_no_boundary,deepcrack,0.7822859970311727,0.8778456413103831,0.8116016427104723,0.9558645707376058,0.8778456413103831,oracle_gt_prompt_gt_alignment
deepcrack_0034,ablation_no_boundary,deepcrack,0.7355230386052304,0.8476096510897838,0.7557581573896354,0.964876454972432,0.8476096510897838,oracle_gt_prompt_gt_alignment
deepcrack_0035,ablation_no_boundary,deepcrack,0.6050632911392405,0.7539432176656151,0.6954413191076625,0.8231917336394948,0.7539432176656152,oracle_gt_prompt_gt_alignment
deepcrack_0036,ablation_no_boundary,deepcrack,0.5666158794650414,0.7233628701102226,1.0,0.5666158794650414,0.7233628701102226,oracle_gt_prompt_gt_alignment
deepcrack_0037,ablation_no_boundary,deepcrack,0.2690374951681484,0.4240024367956138,0.9840701291356396,0.2702143078993684,0.4240024367956138,oracle_gt_prompt_gt_alignment
deepcrack_0038,ablation_no_boundary,deepcrack,0.4509074680154716,0.6215523428688609,0.9936076053106048,0.452219321148825,0.6215523428688609,oracle_gt_prompt_gt_alignment
deepcrack_0039,ablation_no_boundary,deepcrack,0.1573353439050491,0.2718924030681937,0.7996291718170581,0.1637928851753386,0.2718924030681937,oracle_gt_prompt_gt_alignment
deepcrack_0040,ablation_no_boundary,deepcrack,0.6784460566346829,0.8084216397099833,0.7302267002518892,0.905371642723298,0.8084216397099833,oracle_gt_prompt_gt_alignment
deepcrack_0041,ablation_no_boundary,deepcrack,0.5907865027596588,0.7427602657361957,0.967243415310366,0.602848,0.7427602657361956,oracle_gt_prompt_gt_alignment
deepcrack_0042,ablation_no_boundary,deepcrack,0.3855389854391733,0.556518422781109,0.9315505745495816,0.3967793588930179,0.556518422781109,oracle_gt_prompt_gt_alignment
deepcrack_0043,ablation_no_boundary,deepcrack,0.5062168254199084,0.672169925174994,0.9561873369042714,0.5182373083221676,0.672169925174994,oracle_gt_prompt_gt_alignment
deepcrack_0044,ablation_no_boundary,deepcrack,0.7030997189815209,0.8256706417660441,0.9765805192501036,0.7151580770896492,0.8256706417660441,oracle_gt_prompt_gt_alignment
deepcrack_0045,ablation_no_boundary,deepcrack,0.8285916239618307,0.9062620796289138,0.8499184339314845,0.9706064996895052,0.9062620796289138,oracle_gt_prompt_gt_alignment
deepcrack_0046,ablation_no_boundary,deepcrack,0.5725953788285868,0.7282170436684207,0.5785016286644951,0.9824820210215748,0.7282170436684207,oracle_gt_prompt_gt_alignment
deepcrack_0047,ablation_no_boundary,deepcrack,0.4972527472527472,0.6642201834862386,0.6433649289099526,0.6864728192161821,0.6642201834862385,oracle_gt_prompt_gt_alignment
deepcrack_0048,ablation_no_boundary,deepcrack,0.6212828704841484,0.7664089737759587,0.6318420394901275,0.9738058551617874,0.7664089737759588,oracle_gt_prompt_gt_alignment
deepcrack_0049,ablation_no_boundary,deepcrack,0.8161579892280072,0.8987742190589165,0.8375092114959469,0.9697098976109216,0.8987742190589166,oracle_gt_prompt_gt_alignment
deepcrack_0050,ablation_no_boundary,deepcrack,0.7307209594198857,0.8444122149705906,0.7397995199774107,0.9834834834834836,0.8444122149705906,oracle_gt_prompt_gt_alignment
deepcrack_0051,ablation_no_boundary,deepcrack,0.5356600910470409,0.6976284584980237,0.5427985648385444,0.976036866359447,0.6976284584980239,oracle_gt_prompt_gt_alignment
deepcrack_0052,ablation_no_boundary,deepcrack,0.7988789976920541,0.8881964809384164,0.8090150250417363,0.9845591223080048,0.8881964809384164,oracle_gt_prompt_gt_alignment
deepcrack_0053,ablation_no_boundary,deepcrack,0.794546759148529,0.8855124616819938,0.8072904009720535,0.9805194805194806,0.8855124616819938,oracle_gt_prompt_gt_alignment
deepcrack_0054,ablation_no_boundary,deepcrack,0.8207113476893297,0.9015282392026578,0.8690750704586215,0.9364991717283268,0.9015282392026578,oracle_gt_prompt_gt_alignment
deepcrack_0055,ablation_no_boundary,deepcrack,0.7190918472652219,0.836595029415296,0.9337144899053064,0.7577756833176249,0.836595029415296,oracle_gt_prompt_gt_alignment
deepcrack_0056,ablation_no_boundary,deepcrack,0.495260663507109,0.6624405705229794,0.605,0.731932505571474,0.6624405705229793,oracle_gt_prompt_gt_alignment
deepcrack_0057,ablation_no_boundary,deepcrack,0.5382543103448276,0.6998248686514886,0.5840397544577609,0.872870249017038,0.6998248686514886,oracle_gt_prompt_gt_alignment
deepcrack_0058,ablation_no_boundary,deepcrack,0.3874690849134377,0.5585264408793821,0.3972950126796281,0.94,0.5585264408793821,oracle_gt_prompt_gt_alignment
deepcrack_0059,ablation_no_boundary,deepcrack,0.7588352199084075,0.8628838123311225,0.9323707399936298,0.8030358449158742,0.8628838123311225,oracle_gt_prompt_gt_alignment
deepcrack_0060,ablation_no_boundary,deepcrack,0.7291890729189073,0.8433884811543725,0.9546606589693044,0.7553475935828877,0.8433884811543724,oracle_gt_prompt_gt_alignment
deepcrack_0061,ablation_no_boundary,deepcrack,0.8070669568557163,0.8932341480694297,0.970742223591007,0.8271880330665267,0.8932341480694296,oracle_gt_prompt_gt_alignment
deepcrack_0062,ablation_no_boundary,deepcrack,0.6877901578458682,0.815018566909641,0.8477016975014304,0.7847620729231041,0.815018566909641,oracle_gt_prompt_gt_alignment
deepcrack_0063,ablation_no_boundary,deepcrack,0.4718541649084311,0.6411697247706422,0.8392374662263584,0.5187418816106885,0.6411697247706422,oracle_gt_prompt_gt_alignment
deepcrack_0064,ablation_no_boundary,deepcrack,0.6392585010804048,0.7799361731649785,0.8122832369942197,0.7500667200427008,0.7799361731649784,oracle_gt_prompt_gt_alignment
deepcrack_0065,ablation_no_boundary,deepcrack,0.5834090221011202,0.7369024856596559,0.8482758620689655,0.6513802816901408,0.7369024856596559,oracle_gt_prompt_gt_alignment
deepcrack_0066,ablation_no_boundary,deepcrack,0.4675810473815461,0.637213254035684,0.7253384912959381,0.5681818181818182,0.637213254035684,oracle_gt_prompt_gt_alignment
deepcrack_0067,ablation_no_boundary,deepcrack,0.7728389708008094,0.8718659545843696,0.8164465144689623,0.9353568929321204,0.8718659545843694,oracle_gt_prompt_gt_alignment
deepcrack_0068,ablation_no_boundary,deepcrack,0.637967240655187,0.778974358974359,0.6421927846674182,0.9897914856646396,0.7789743589743591,oracle_gt_prompt_gt_alignment
deepcrack_0069,ablation_no_boundary,deepcrack,0.65715069997255,0.7931091601788968,0.6755079006772009,0.96028880866426,0.7931091601788969,oracle_gt_prompt_gt_alignment
deepcrack_0070,ablation_no_boundary,deepcrack,0.6531569965870307,0.7901935483870968,0.6644965277777778,0.9745385105028644,0.7901935483870968,oracle_gt_prompt_gt_alignment
deepcrack_0071,ablation_no_boundary,deepcrack,0.738110964332893,0.8493254797643929,0.764102564102564,0.955945252352438,0.849325479764393,oracle_gt_prompt_gt_alignment
deepcrack_0072,ablation_no_boundary,deepcrack,0.7035421926401959,0.8259756590470203,0.7143079074102843,0.9790269349515596,0.8259756590470203,oracle_gt_prompt_gt_alignment
deepcrack_0073,ablation_no_boundary,deepcrack,0.526477086451429,0.6897936315248856,0.5335114834609274,0.975567881669308,0.6897936315248856,oracle_gt_prompt_gt_alignment
deepcrack_0074,ablation_no_boundary,deepcrack,0.6870338754605085,0.8144873501997337,0.6960400546199362,0.9815147625160462,0.8144873501997337,oracle_gt_prompt_gt_alignment
deepcrack_0075,ablation_no_boundary,deepcrack,0.6336383944656626,0.7757388619320689,0.6465441176470588,0.9694597574421168,0.7757388619320688,oracle_gt_prompt_gt_alignment
deepcrack_0076,ablation_no_boundary,deepcrack,0.752410127038472,0.8587146529562982,0.7669207457066765,0.9754701553556828,0.8587146529562982,oracle_gt_prompt_gt_alignment
deepcrack_0077,ablation_no_boundary,deepcrack,0.526452013666011,0.6897721106890938,0.5271068726028817,0.9976456739258388,0.6897721106890938,oracle_gt_prompt_gt_alignment
deepcrack_0078,ablation_no_boundary,deepcrack,0.6026541764246682,0.7520701412566975,0.6117274167987322,0.9759797724399494,0.7520701412566975,oracle_gt_prompt_gt_alignment
deepcrack_0079,ablation_no_boundary,deepcrack,0.7387836490528414,0.8497706422018348,0.8372881355932204,0.8626309662398137,0.849770642201835,oracle_gt_prompt_gt_alignment
deepcrack_0080,ablation_no_boundary,deepcrack,0.7331506849315068,0.84603224786595,0.8691133484897694,0.8241453649522636,0.84603224786595,oracle_gt_prompt_gt_alignment
deepcrack_0081,ablation_no_boundary,deepcrack,0.7879646418857661,0.8814096469544274,0.9677105080027836,0.8092411545623837,0.8814096469544275,oracle_gt_prompt_gt_alignment
deepcrack_0082,ablation_no_boundary,deepcrack,0.6998505231689088,0.823425958494548,0.972849425128134,0.7137920520378087,0.823425958494548,oracle_gt_prompt_gt_alignment
deepcrack_0083,ablation_no_boundary,deepcrack,0.7258304940374787,0.8411376395829477,0.9309026355318858,0.767161827593968,0.8411376395829477,oracle_gt_prompt_gt_alignment
deepcrack_0084,ablation_no_boundary,deepcrack,0.8674924534193817,0.9290452037233152,0.93978349120433,0.91854954259892,0.9290452037233152,oracle_gt_prompt_gt_alignment
deepcrack_0085,ablation_no_boundary,deepcrack,0.7611637347767253,0.8643872454859777,0.9647336263265088,0.7829491083079599,0.8643872454859777,oracle_gt_prompt_gt_alignment
deepcrack_0086,ablation_no_boundary,deepcrack,0.8009249949728534,0.8894595801697186,0.9496900333810204,0.8364132717345653,0.8894595801697185,oracle_gt_prompt_gt_alignment
deepcrack_0087,ablation_no_boundary,deepcrack,0.7655749377002492,0.8672245186006654,0.906618887015177,0.8311111111111111,0.8672245186006653,oracle_gt_prompt_gt_alignment
deepcrack_0088,ablation_no_boundary,deepcrack,0.7982937233394272,0.8878346323280244,0.9506531204644412,0.8328035600762873,0.8878346323280244,oracle_gt_prompt_gt_alignment
deepcrack_0089,ablation_no_boundary,deepcrack,0.1262920503664724,0.2242616385783414,0.5838401390095569,0.1387856257744733,0.2242616385783414,oracle_gt_prompt_gt_alignment
deepcrack_0090,ablation_no_boundary,deepcrack,0.4207114070439811,0.5922545633941786,0.7848970251716247,0.4755397108338284,0.5922545633941786,oracle_gt_prompt_gt_alignment
deepcrack_0091,ablation_no_boundary,deepcrack,0.7165937695260198,0.8349019811762259,0.95959837437246,0.738886332259549,0.8349019811762258,oracle_gt_prompt_gt_alignment
deepcrack_0092,ablation_no_boundary,deepcrack,0.5615731785944552,0.7192402972749794,0.9759103641456582,0.569467146126185,0.7192402972749793,oracle_gt_prompt_gt_alignment
deepcrack_0093,ablation_no_boundary,deepcrack,0.7709686803064094,0.8706745510293473,0.9864764267990076,0.779204233633869,0.8706745510293473,oracle_gt_prompt_gt_alignment
deepcrack_0094,ablation_no_boundary,deepcrack,0.5919768702565956,0.743700340522134,0.928922495274102,0.6200630914826498,0.743700340522134,oracle_gt_prompt_gt_alignment
deepcrack_0095,ablation_no_boundary,deepcrack,0.6753649399302416,0.8062302413447452,0.9299181785841336,0.711582959030897,0.8062302413447452,oracle_gt_prompt_gt_alignment
deepcrack_0096,ablation_no_boundary,deepcrack,0.7995156980627922,0.8885898566191824,0.927001645851486,0.8532347175191588,0.8885898566191823,oracle_gt_prompt_gt_alignment
deepcrack_0097,ablation_no_boundary,deepcrack,0.7004993112947658,0.8238748544524882,0.9336775674125072,0.737180648668237,0.8238748544524882,oracle_gt_prompt_gt_alignment
deepcrack_0098,ablation_no_boundary,deepcrack,0.7520318173958154,0.8584682195025661,0.9262059418592268,0.7999632116251265,0.8584682195025662,oracle_gt_prompt_gt_alignment
deepcrack_0099,ablation_no_boundary,deepcrack,0.8002545608824777,0.8890460030165912,0.929620502710695,0.8518652334929094,0.8890460030165913,oracle_gt_prompt_gt_alignment
deepcrack_0100,ablation_no_boundary,deepcrack,0.7855583543240974,0.879902191291263,0.9277144273673772,0.8367766747160361,0.879902191291263,oracle_gt_prompt_gt_alignment
deepcrack_0101,ablation_no_boundary,deepcrack,0.560088588413568,0.7180215182307232,0.6237829417110217,0.8458017954585461,0.7180215182307231,oracle_gt_prompt_gt_alignment
deepcrack_0102,ablation_no_boundary,deepcrack,0.7487911310296026,0.8563528459670893,0.821983428275505,0.8937218468468469,0.8563528459670894,oracle_gt_prompt_gt_alignment
deepcrack_0103,ablation_no_boundary,deepcrack,0.8943310657596372,0.9442183385204692,0.9586776859504132,0.930188679245283,0.9442183385204692,oracle_gt_prompt_gt_alignment
deepcrack_0104,ablation_no_boundary,deepcrack,0.924560651521646,0.9608017817371938,0.989903625516292,0.9333621808740804,0.9608017817371938,oracle_gt_prompt_gt_alignment
deepcrack_0105,ablation_no_boundary,deepcrack,0.8562442933955564,0.922555610209324,0.9995262908574136,0.8565919009438749,0.922555610209324,oracle_gt_prompt_gt_alignment
deepcrack_0106,ablation_no_boundary,deepcrack,0.8963259722493648,0.9453290049981964,0.995766391663048,0.8997547817557626,0.9453290049981964,oracle_gt_prompt_gt_alignment
deepcrack_0107,ablation_no_boundary,deepcrack,0.6784655300222387,0.808435464281771,0.6989308896525391,0.9586279130662476,0.8084354642817709,oracle_gt_prompt_gt_alignment
deepcrack_0108,ablation_no_boundary,deepcrack,0.624064371257485,0.7685217190920614,0.6341509792736262,0.9751461988304092,0.7685217190920614,oracle_gt_prompt_gt_alignment
deepcrack_0109,ablation_no_boundary,deepcrack,0.7826792414562418,0.8780931793617385,1.0,0.7826792414562418,0.8780931793617385,oracle_gt_prompt_gt_alignment
deepcrack_0110,ablation_no_boundary,deepcrack,0.7578265858056057,0.8622313394563849,1.0,0.7578265858056057,0.862231339456385,oracle_gt_prompt_gt_alignment
deepcrack_0111,ablation_no_boundary,deepcrack,0.6174618170366871,0.7634947675833537,0.9915297092288242,0.6207360506529481,0.7634947675833534,oracle_gt_prompt_gt_alignment
deepcrack_0112,ablation_no_boundary,deepcrack,0.6593742648788521,0.7947263963708534,0.9958550450023684,0.6611888661739267,0.7947263963708535,oracle_gt_prompt_gt_alignment
deepcrack_0113,ablation_no_boundary,deepcrack,0.874345100060122,0.9329606378591394,0.9417206290471786,0.924362117497503,0.9329606378591394,oracle_gt_prompt_gt_alignment
deepcrack_0114,ablation_no_boundary,deepcrack,0.8821214713430282,0.9373693300609036,0.9254240330252176,0.949627037480431,0.9373693300609036,oracle_gt_prompt_gt_alignment
deepcrack_0115,ablation_no_boundary,deepcrack,0.8405228758169935,0.9133522727272728,0.9672405147919104,0.8651517416654209,0.9133522727272728,oracle_gt_prompt_gt_alignment
deepcrack_0116,ablation_no_boundary,deepcrack,0.8123578975524943,0.8964652055198878,0.902660127805023,0.8903547346819115,0.8964652055198878,oracle_gt_prompt_gt_alignment
deepcrack_0117,ablation_no_boundary,deepcrack,0.8185777777777777,0.900239503397038,0.9110605461020972,0.8896724954110714,0.9002395033970381,oracle_gt_prompt_gt_alignment
deepcrack_0118,ablation_no_boundary,deepcrack,0.5467320261437908,0.7069511937460384,0.6360007603117278,0.7957193816884661,0.7069511937460384,oracle_gt_prompt_gt_alignment
deepcrack_0119,ablation_no_boundary,deepcrack,0.8151904997525977,0.898187270001363,0.9323712507074136,0.8664212463844333,0.8981872700013629,oracle_gt_prompt_gt_alignment
deepcrack_0120,ablation_no_boundary,deepcrack,0.7161423718800768,0.8345955249569708,0.9332178598922248,0.7548256537982565,0.8345955249569708,oracle_gt_prompt_gt_alignment
deepcrack_0121,ablation_no_boundary,deepcrack,0.7784967645594824,0.8754547998880493,0.9644398766700925,0.8015032456440041,0.8754547998880492,oracle_gt_prompt_gt_alignment
deepcrack_0122,ablation_no_boundary,deepcrack,0.7895259369570613,0.8823855755894591,0.9302529609592044,0.8392032713362353,0.8823855755894592,oracle_gt_prompt_gt_alignment
deepcrack_0123,ablation_no_boundary,deepcrack,0.7737317149081855,0.8724337603088261,0.970714564623194,0.7922243467176545,0.8724337603088259,oracle_gt_prompt_gt_alignment
deepcrack_0124,ablation_no_boundary,deepcrack,0.8057387274995544,0.8924200552704303,0.8502915177731803,0.9389408099688472,0.8924200552704302,oracle_gt_prompt_gt_alignment
deepcrack_0125,ablation_no_boundary,deepcrack,0.7699256110520722,0.8700090063044131,0.8310074555534315,0.9128517429651408,0.870009006304413,oracle_gt_prompt_gt_alignment
deepcrack_0126,ablation_no_boundary,deepcrack,0.8066585554695277,0.892983959838374,0.9726593758335556,0.8253734721593481,0.892983959838374,oracle_gt_prompt_gt_alignment
deepcrack_0127,ablation_no_boundary,deepcrack,0.7854974102518307,0.8798639591877563,0.9885367498314228,0.7927180966113915,0.8798639591877564,oracle_gt_prompt_gt_alignment
deepcrack_0128,ablation_no_boundary,deepcrack,0.7599897540983607,0.8636297482171446,0.9883411059293804,0.7668648229516671,0.8636297482171446,oracle_gt_prompt_gt_alignment
deepcrack_0129,ablation_no_boundary,deepcrack,0.7618677042801556,0.8648409893992933,0.9857027788964962,0.7703808624488511,0.8648409893992931,oracle_gt_prompt_gt_alignment
deepcrack_0130,ablation_no_boundary,deepcrack,0.8374336710082007,0.9115253347335258,0.9890610756608932,0.8452624403544649,0.9115253347335258,oracle_gt_prompt_gt_alignment
deepcrack_0131,ablation_no_boundary,deepcrack,0.6608733624454148,0.795814271441342,0.9994716682076344,0.6611043159182247,0.795814271441342,oracle_gt_prompt_gt_alignment
deepcrack_0132,ablation_no_boundary,deepcrack,0.7967420814479638,0.8868741815251334,0.9501402978631556,0.831507366830374,0.8868741815251334,oracle_gt_prompt_gt_alignment
deepcrack_0133,ablation_no_boundary,deepcrack,0.846412791920892,0.9168185961713764,0.8857331571994715,0.9501653282947568,0.9168185961713764,oracle_gt_prompt_gt_alignment
deepcrack_0134,ablation_no_boundary,deepcrack,0.4063154953192678,0.5778440139095877,0.4124237696780598,0.964830789648308,0.5778440139095877,oracle_gt_prompt_gt_alignment
deepcrack_0135,ablation_no_boundary,deepcrack,0.5269209197980931,0.6901744719926538,0.5374713958810069,0.9640841457157516,0.6901744719926538,oracle_gt_prompt_gt_alignment
deepcrack_0136,ablation_no_boundary,deepcrack,0.4437146092865232,0.6146846564166928,0.8737734165923283,0.4741045498547919,0.6146846564166929,oracle_gt_prompt_gt_alignment
deepcrack_0137,ablation_no_boundary,deepcrack,0.4061395188410795,0.5776660329919666,0.4548088064889919,0.7914636195597379,0.5776660329919666,oracle_gt_prompt_gt_alignment
deepcrack_0138,ablation_no_boundary,deepcrack,0.6678043230944255,0.800818553888131,0.6954976303317536,0.9437299035369776,0.8008185538881311,oracle_gt_prompt_gt_alignment
deepcrack_0139,ablation_no_boundary,deepcrack,0.7227689925909543,0.8390782463572758,0.8714666666666666,0.809011016214878,0.8390782463572757,oracle_gt_prompt_gt_alignment
deepcrack_0140,ablation_no_boundary,deepcrack,0.7602880658436214,0.863822326125073,0.8068566437383994,0.929442837378946,0.863822326125073,oracle_gt_prompt_gt_alignment
deepcrack_0141,ablation_no_boundary,deepcrack,0.7721278365213259,0.8714132475194422,0.7850930176371104,0.97905995781862,0.871413247519442,oracle_gt_prompt_gt_alignment
deepcrack_0142,ablation_no_boundary,deepcrack,0.7783049108860111,0.875333477539837,0.7986842105263158,0.9682565002392726,0.875333477539837,oracle_gt_prompt_gt_alignment
deepcrack_0143,ablation_no_boundary,deepcrack,0.6400294605045111,0.7805097114628944,0.6563444108761329,0.9626142342841318,0.7805097114628944,oracle_gt_prompt_gt_alignment
deepcrack_0144,ablation_no_boundary,deepcrack,0.5485523955931335,0.7084712111184646,0.5707811250333245,0.933711295246402,0.7084712111184647,oracle_gt_prompt_gt_alignment
deepcrack_0145,ablation_no_boundary,deepcrack,0.6139507790883938,0.7608048362356763,0.6426829268292683,0.9321246959982312,0.7608048362356762,oracle_gt_prompt_gt_alignment
deepcrack_0146,ablation_no_boundary,deepcrack,0.7714213709677419,0.8709631526532935,0.7864850976361768,0.975773031558814,0.8709631526532936,oracle_gt_prompt_gt_alignment
deepcrack_0147,ablation_no_boundary,deepcrack,0.7872594558725946,0.880968292864038,0.9738959120013134,0.8042299349240781,0.880968292864038,oracle_gt_prompt_gt_alignment
deepcrack_0148,ablation_no_boundary,deepcrack,0.6988352745424293,0.8227228207639569,0.7053742802303263,0.9869083585095668,0.8227228207639569,oracle_gt_prompt_gt_alignment
deepcrack_0149,ablation_no_boundary,deepcrack,0.8125,0.896551724137931,0.8717001055966209,0.922861934041364,0.896551724137931,oracle_gt_prompt_gt_alignment
deepcrack_0150,ablation_no_boundary,deepcrack,0.6751840168243953,0.8061013119076015,0.7388952819332566,0.8867559729319154,0.8061013119076015,oracle_gt_prompt_gt_alignment
deepcrack_0151,ablation_no_boundary,deepcrack,0.7251787132644957,0.8406998158379374,0.8295475195347992,0.8521560574948666,0.8406998158379374,oracle_gt_prompt_gt_alignment
deepcrack_0152,ablation_no_boundary,deepcrack,0.4839582528024739,0.6522531909351393,0.842813867384719,0.5319736562566391,0.6522531909351393,oracle_gt_prompt_gt_alignment
deepcrack_0153,ablation_no_boundary,deepcrack,0.6905299365795979,0.8169390220639664,0.9046613153077032,0.7447252492464642,0.8169390220639665,oracle_gt_prompt_gt_alignment
deepcrack_0154,ablation_no_boundary,deepcrack,0.6853593825373855,0.813309481216458,0.874711405263968,0.7599625568333779,0.8133094812164579,oracle_gt_prompt_gt_alignment
deepcrack_0155,ablation_no_boundary,deepcrack,0.798051948051948,0.8876850848681834,0.9514224888716856,0.8319512607886275,0.8876850848681834,oracle_gt_prompt_gt_alignment
deepcrack_0156,ablation_no_boundary,deepcrack,0.8263980418000376,0.9049484536082474,0.8487719976793657,0.9690880989180836,0.9049484536082474,oracle_gt_prompt_gt_alignment
deepcrack_0157,ablation_no_boundary,deepcrack,0.5842147162515637,0.7375448671931084,0.7373331419549304,0.7377567140600316,0.7375448671931084,oracle_gt_prompt_gt_alignment
deepcrack_0158,ablation_no_boundary,deepcrack,0.3673697132016516,0.5373377948257569,0.8823371750201019,0.3862942971133536,0.5373377948257569,oracle_gt_prompt_gt_alignment
deepcrack_0159,ablation_no_boundary,deepcrack,0.7478737478737478,0.8557525951557093,0.7661181026137464,0.9691403379867743,0.8557525951557092,oracle_gt_prompt_gt_alignment
deepcrack_0160,ablation_no_boundary,deepcrack,0.9112104758862984,0.953542780748663,0.994621246077992,0.9157228667064056,0.953542780748663,oracle_gt_prompt_gt_alignment
deepcrack_0161,ablation_no_boundary,deepcrack,0.9358530451579984,0.9668637270776068,0.9995717844908129,0.9362283964121636,0.9668637270776066,oracle_gt_prompt_gt_alignment
deepcrack_0162,ablation_no_boundary,deepcrack,0.8176326170312543,0.899667632908895,0.9991235758106924,0.8182194616977225,0.8996676329088951,oracle_gt_prompt_gt_alignment
deepcrack_0163,ablation_no_boundary,deepcrack,0.9200487189525424,0.9583597643860444,0.998395090866179,0.9214114571988672,0.9583597643860444,oracle_gt_prompt_gt_alignment
deepcrack_0164,ablation_no_boundary,deepcrack,0.9151227642797616,0.9556805248711254,0.9958144401813742,0.9186562841881716,0.9556805248711254,oracle_gt_prompt_gt_alignment
deepcrack_0165,ablation_no_boundary,deepcrack,0.8337123919682891,0.9093164180162302,0.9783437547658992,0.8493876199933796,0.9093164180162302,oracle_gt_prompt_gt_alignment
deepcrack_0166,ablation_no_boundary,deepcrack,0.9252280475444578,0.9611620282849552,0.9998008662318912,0.9253985807759654,0.9611620282849552,oracle_gt_prompt_gt_alignment
deepcrack_0167,ablation_no_boundary,deepcrack,0.6510098418769532,0.7886201830715335,0.9989979242717056,0.6514352392065345,0.7886201830715336,oracle_gt_prompt_gt_alignment
deepcrack_0168,ablation_no_boundary,deepcrack,0.7246115739698266,0.8403185794490142,0.7789881384652626,0.9121315192743764,0.8403185794490142,oracle_gt_prompt_gt_alignment
deepcrack_0169,ablation_no_boundary,deepcrack,0.6612695343966489,0.7961014401396499,0.9798281212699927,0.6703960800326664,0.7961014401396499,oracle_gt_prompt_gt_alignment
deepcrack_0170,ablation_no_boundary,deepcrack,0.6841684647966115,0.8124703426022587,0.9654900191722116,0.7013189153764233,0.8124703426022587,oracle_gt_prompt_gt_alignment
deepcrack_0171,ablation_no_boundary,deepcrack,0.7663973384030418,0.8677519171263285,0.8195679796696315,0.9219554030874786,0.8677519171263285,oracle_gt_prompt_gt_alignment
deepcrack_0172,ablation_no_boundary,deepcrack,0.6368726669431771,0.7781578613961738,0.6806294326241135,0.9083111505471754,0.7781578613961738,oracle_gt_prompt_gt_alignment
deepcrack_0173,ablation_no_boundary,deepcrack,0.5679560899111343,0.7244540756792799,0.6010233715945236,0.9116844975875812,0.7244540756792799,oracle_gt_prompt_gt_alignment
deepcrack_0174,ablation_no_boundary,deepcrack,0.4896364254162419,0.6573905109489051,0.4903028240898264,0.9972318339100346,0.6573905109489051,oracle_gt_prompt_gt_alignment
deepcrack_0175,ablation_no_boundary,deepcrack,0.3733300947291717,0.5436858860983375,0.3769928869266618,0.9746353836398224,0.5436858860983376,oracle_gt_prompt_gt_alignment
deepcrack_0176,ablation_no_boundary,deepcrack,0.3360484940329608,0.5030483482206154,0.34253716933771,0.9466382070437568,0.5030483482206154,oracle_gt_prompt_gt_alignment
deepcrack_0177,ablation_no_boundary,deepcrack,0.4297057449789818,0.6011107481215289,0.4335532516493873,0.979765708200213,0.601110748121529,oracle_gt_prompt_gt_alignment
deepcrack_0178,ablation_no_boundary,deepcrack,0.8548297040759353,0.921733895243829,0.8994242744683351,0.9451784170885296,0.921733895243829,oracle_gt_prompt_gt_alignment
deepcrack_0179,ablation_no_boundary,deepcrack,0.2678004719667995,0.4224646983311938,0.2930543187889581,0.756551724137931,0.4224646983311939,oracle_gt_prompt_gt_alignment
deepcrack_0180,ablation_no_boundary,deepcrack,0.9125138427464008,0.9542559351476548,0.954034965844622,0.9544770068342407,0.954255935147655,oracle_gt_prompt_gt_alignment
deepcrack_0181,ablation_no_boundary,deepcrack,0.7835455435847208,0.8786381109280615,0.8151620134501733,0.952834683182468,0.8786381109280617,oracle_gt_prompt_gt_alignment
deepcrack_0182,ablation_no_boundary,deepcrack,0.8559391697492807,0.922378474144613,0.903078924544666,0.9425209323376328,0.922378474144613,oracle_gt_prompt_gt_alignment
deepcrack_0183,ablation_no_boundary,deepcrack,0.7455429497568882,0.8542246982358404,0.7738896366083445,0.9531703273932864,0.8542246982358402,oracle_gt_prompt_gt_alignment
deepcrack_0184,ablation_no_boundary,deepcrack,0.7457675480311965,0.8543721056932716,0.7966067255917911,0.9211701127819548,0.8543721056932716,oracle_gt_prompt_gt_alignment
deepcrack_0185,ablation_no_boundary,deepcrack,0.7369142857142857,0.8485327016712725,0.8433167669369604,0.8538135593220338,0.8485327016712725,oracle_gt_prompt_gt_alignment
deepcrack_0186,ablation_no_boundary,deepcrack,0.7795418006430869,0.8761151891586674,0.8967749393133742,0.8563859145601059,0.8761151891586674,oracle_gt_prompt_gt_alignment
deepcrack_0187,ablation_no_boundary,deepcrack,0.7943246810382754,0.8853745249478975,0.9668005354752344,0.8165988240615106,0.8853745249478975,oracle_gt_prompt_gt_alignment
deepcrack_0188,ablation_no_boundary,deepcrack,0.8248774672142005,0.9040360046457608,0.916813898704358,0.8916093928980527,0.9040360046457608,oracle_gt_prompt_gt_alignment
deepcrack_0189,ablation_no_boundary,deepcrack,0.6958846403110823,0.820674500812076,0.9057359763812736,0.7502183406113537,0.8206745008120762,oracle_gt_prompt_gt_alignment
deepcrack_0190,ablation_no_boundary,deepcrack,0.8125783011776497,0.896599391761128,0.889589905362776,0.9037202173610144,0.896599391761128,oracle_gt_prompt_gt_alignment
deepcrack_0191,ablation_no_boundary,deepcrack,0.7949668874172185,0.8857733175914995,0.8554732041049031,0.9182986536107712,0.8857733175914995,oracle_gt_prompt_gt_alignment
deepcrack_0192,ablation_no_boundary,deepcrack,0.7114023591087811,0.8313677439117783,0.7478644254615596,0.9358620689655172,0.8313677439117783,oracle_gt_prompt_gt_alignment
deepcrack_0193,ablation_no_boundary,deepcrack,0.72751269035533,0.8422661024917725,0.833837561089132,0.8508667774875327,0.8422661024917725,oracle_gt_prompt_gt_alignment
deepcrack_0194,ablation_no_boundary,deepcrack,0.8335368335368335,0.9092119866814652,0.8906283974777125,0.9285876218544548,0.909211986681465,oracle_gt_prompt_gt_alignment
deepcrack_0195,ablation_no_boundary,deepcrack,0.6933071831331209,0.8188793977124657,0.6991347342398022,0.9881201956673656,0.8188793977124657,oracle_gt_prompt_gt_alignment
deepcrack_0196,ablation_no_boundary,deepcrack,0.7520204168438962,0.8584607914542365,0.7873524827432643,0.9436882839605018,0.8584607914542365,oracle_gt_prompt_gt_alignment
deepcrack_0197,ablation_no_boundary,deepcrack,0.7547428124388813,0.8602318323673651,0.7650674068199841,0.9824338085539714,0.8602318323673651,oracle_gt_prompt_gt_alignment
deepcrack_0198,ablation_no_boundary,deepcrack,0.5586124401913876,0.7168073676132003,0.7181853133410226,0.7154346993489085,0.7168073676132002,oracle_gt_prompt_gt_alignment
deepcrack_0199,ablation_no_boundary,deepcrack,0.2896675084175084,0.4492126947866525,0.7647222222222222,0.3180085479958415,0.4492126947866525,oracle_gt_prompt_gt_alignment
deepcrack_0200,ablation_no_boundary,deepcrack,0.6866470711736301,0.8142154727080351,0.82807950373465,0.8008080313418218,0.8142154727080351,oracle_gt_prompt_gt_alignment
deepcrack_0201,ablation_no_boundary,deepcrack,0.5856802693160358,0.7387116818558409,0.6978086480140873,0.7847084708470847,0.7387116818558409,oracle_gt_prompt_gt_alignment
deepcrack_0202,ablation_no_boundary,deepcrack,0.601316116215545,0.7510273707063658,0.8339934561735836,0.6830747531734838,0.7510273707063657,oracle_gt_prompt_gt_alignment
deepcrack_0203,ablation_no_boundary,deepcrack,0.6052394760523948,0.754079980067273,0.7430640805303216,0.7654274152756702,0.754079980067273,oracle_gt_prompt_gt_alignment
deepcrack_0204,ablation_no_boundary,deepcrack,0.6052418538757337,0.7540818256319738,0.7625908453397935,0.7457605985037407,0.7540818256319738,oracle_gt_prompt_gt_alignment
deepcrack_0205,ablation_no_boundary,deepcrack,0.542970073404856,0.7037985801068579,0.6615299944964227,0.7518373729476153,0.703798580106858,oracle_gt_prompt_gt_alignment
deepcrack_0206,ablation_no_boundary,deepcrack,0.5524534686971235,0.711716621253406,0.5937563144069509,0.8881668429802025,0.7117166212534061,oracle_gt_prompt_gt_alignment
deepcrack_0207,ablation_no_boundary,deepcrack,0.5077459333849729,0.6735165681993321,0.514319340918007,0.9754464285714286,0.6735165681993321,oracle_gt_prompt_gt_alignment
deepcrack_0208,ablation_no_boundary,deepcrack,0.5380350696235173,0.6996395339089614,0.5452051215050954,0.976140350877193,0.6996395339089614,oracle_gt_prompt_gt_alignment
deepcrack_0209,ablation_no_boundary,deepcrack,0.4313835770528684,0.6027504911591356,0.4435235158057055,0.9403351042092358,0.6027504911591356,oracle_gt_prompt_gt_alignment
deepcrack_0210,ablation_no_boundary,deepcrack,0.3955693317531224,0.5668931277763261,0.408992364973136,0.923387954884018,0.5668931277763262,oracle_gt_prompt_gt_alignment
deepcrack_0211,ablation_no_boundary,deepcrack,0.4409923487131926,0.6120675784392599,0.7785509619320508,0.5042417815482503,0.6120675784392599,oracle_gt_prompt_gt_alignment
deepcrack_0212,ablation_no_boundary,deepcrack,0.3378868729989328,0.5051052967453733,0.344880174291939,0.9433849821215732,0.5051052967453733,oracle_gt_prompt_gt_alignment
deepcrack_0213,ablation_no_boundary,deepcrack,0.6110113704368642,0.7585438335809807,0.6648217483314341,0.8830270270270271,0.7585438335809808,oracle_gt_prompt_gt_alignment
deepcrack_0214,ablation_no_boundary,deepcrack,0.5370771312584574,0.698829122281891,0.5509439200444197,0.9552346570397112,0.6988291222818911,oracle_gt_prompt_gt_alignment
deepcrack_0215,ablation_no_boundary,deepcrack,0.6816263365222285,0.8106751443152347,0.7825876272007753,0.8408538701839638,0.8106751443152346,oracle_gt_prompt_gt_alignment
deepcrack_0216,ablation_no_boundary,deepcrack,0.6986696585991344,0.8226080392526892,0.7481977342945417,0.9134534786253145,0.8226080392526892,oracle_gt_prompt_gt_alignment
deepcrack_0217,ablation_no_boundary,deepcrack,0.8022395943376294,0.8902696365767878,0.882817949314113,0.8978481910617168,0.8902696365767878,oracle_gt_prompt_gt_alignment
deepcrack_0218,ablation_no_boundary,deepcrack,0.7350073460665153,0.8472671285604311,0.791684649690692,0.9112435833747308,0.8472671285604311,oracle_gt_prompt_gt_alignment
deepcrack_0219,ablation_no_boundary,deepcrack,0.4945095849618462,0.6617683686176837,0.5184390243902439,0.914629948364888,0.6617683686176837,oracle_gt_prompt_gt_alignment
deepcrack_0220,ablation_no_boundary,deepcrack,0.6563814866760168,0.7925486875529213,0.6736456425019628,0.9624228827818284,0.7925486875529212,oracle_gt_prompt_gt_alignment
deepcrack_0221,ablation_no_boundary,deepcrack,0.7578333333333334,0.8622357068360671,0.8261264534883721,0.90164584572675,0.8622357068360671,oracle_gt_prompt_gt_alignment
deepcrack_0222,ablation_no_boundary,deepcrack,0.7548283261802575,0.8602873738917762,0.812512030798845,0.9140320485058469,0.8602873738917762,oracle_gt_prompt_gt_alignment
deepcrack_0223,ablation_no_boundary,deepcrack,0.6919611097936922,0.8179397337070777,0.7199605230693313,0.9467878001297858,0.8179397337070777,oracle_gt_prompt_gt_alignment
deepcrack_0224,ablation_no_boundary,deepcrack,0.712345850076209,0.8320116523709338,0.7848854961832061,0.8851584022038568,0.8320116523709339,oracle_gt_prompt_gt_alignment
deepcrack_0225,ablation_no_boundary,deepcrack,0.2329134280353792,0.3778260869565217,0.2793314046930247,0.5836131631967764,0.3778260869565217,oracle_gt_prompt_gt_alignment
deepcrack_0226,ablation_no_boundary,deepcrack,0.3799792171804641,0.5507028112449799,0.4388,0.7392183288409704,0.5507028112449799,oracle_gt_prompt_gt_alignment
deepcrack_0227,ablation_no_boundary,deepcrack,0.8195108237278605,0.9008034610630408,0.8371625502584722,0.9749163879598662,0.9008034610630408,oracle_gt_prompt_gt_alignment
deepcrack_0228,ablation_no_boundary,deepcrack,0.7151478575739287,0.8339197748064743,0.7375824723017552,0.9592034968431278,0.8339197748064744,oracle_gt_prompt_gt_alignment
deepcrack_0229,ablation_no_boundary,deepcrack,0.8215725806451613,0.9020475926950748,0.8380462724935732,0.97663271420012,0.9020475926950746,oracle_gt_prompt_gt_alignment
deepcrack_0230,ablation_no_boundary,deepcrack,0.909130624726955,0.9524027459954232,0.9726571628885252,0.9329746693566464,0.9524027459954232,oracle_gt_prompt_gt_alignment
deepcrack_0231,ablation_no_boundary,deepcrack,0.8114402451481103,0.8959061689410173,0.8438495857233907,0.9548076923076924,0.8959061689410174,oracle_gt_prompt_gt_alignment
deepcrack_0232,ablation_no_boundary,deepcrack,0.6759573985950601,0.806652244456463,0.6791894353369763,0.9930093209054592,0.8066522444564629,oracle_gt_prompt_gt_alignment
deepcrack_0233,ablation_no_boundary,deepcrack,0.8500673206385844,0.918958257524562,0.9659053655338214,0.8763632758278802,0.918958257524562,oracle_gt_prompt_gt_alignment
deepcrack_0234,ablation_no_boundary,deepcrack,0.8456097695750677,0.9163473053892216,0.9946054855063045,0.8495059398245809,0.9163473053892216,oracle_gt_prompt_gt_alignment
deepcrack_0235,ablation_no_boundary,deepcrack,0.8912267416702726,0.9424853424853424,0.9931288047736724,0.896756286056384,0.9424853424853424,oracle_gt_prompt_gt_alignment
deepcrack_0236,ablation_no_boundary,deepcrack,0.3869654969035683,0.5580030617451948,0.9964310122256816,0.3875025839411747,0.5580030617451949,oracle_gt_prompt_gt_alignment
deepcrack_0000,ablation_no_alignment,deepcrack,0.5902391090730429,0.7423274974253347,0.6079622132253711,0.952934955050238,0.7423274974253347,oracle_gt_prompt_gt_alignment
deepcrack_0001,ablation_no_alignment,deepcrack,0.0,0.0,0.0,0.0,0.0,oracle_gt_prompt_gt_alignment
deepcrack_0002,ablation_no_alignment,deepcrack,0.0,0.0,0.0,0.0,0.0,oracle_gt_prompt_gt_alignment
deepcrack_0003,ablation_no_alignment,deepcrack,0.0,0.0,0.0,0.0,0.0,oracle_gt_prompt_gt_alignment
deepcrack_0004,ablation_no_alignment,deepcrack,0.4357311320754717,0.6069815195071868,0.9363319607222046,0.4490353941971745,0.6069815195071868,oracle_gt_prompt_gt_alignment
deepcrack_0005,ablation_no_alignment,deepcrack,0.216084656084656,0.3553776540201879,0.9315693430656934,0.2195698924731182,0.3553776540201879,oracle_gt_prompt_gt_alignment
deepcrack_0006,ablation_no_alignment,deepcrack,0.2511737089201878,0.4015009380863039,0.7915265635507733,0.2689670932358318,0.4015009380863039,oracle_gt_prompt_gt_alignment
deepcrack_0007,ablation_no_alignment,deepcrack,0.7541413810070526,0.8598410472183263,0.8456869597204341,0.8744769874476988,0.8598410472183264,oracle_gt_prompt_gt_alignment
deepcrack_0008,ablation_no_alignment,deepcrack,0.7844117647058824,0.8791824625020603,0.9086882453151618,0.8515325670498084,0.8791824625020602,oracle_gt_prompt_gt_alignment
deepcrack_0009,ablation_no_alignment,deepcrack,0.5875149342891278,0.7401693320790217,0.7989439480097482,0.6894497020679986,0.7401693320790217,oracle_gt_prompt_gt_alignment
deepcrack_0010,ablation_no_alignment,deepcrack,0.0,0.0,0.0,0.0,0.0,oracle_gt_prompt_gt_alignment
deepcrack_0011,ablation_no_alignment,deepcrack,0.7285589899869395,0.8429668807454981,0.7957679505468378,0.8961178045515394,0.842966880745498,oracle_gt_prompt_gt_alignment
deepcrack_0012,ablation_no_alignment,deepcrack,0.0834936991743745,0.1541193995645697,0.99925705794948,0.0834988825428358,0.1541193995645697,oracle_gt_prompt_gt_alignment
deepcrack_0013,ablation_no_alignment,deepcrack,0.0,0.0,0.0,0.0,0.0,oracle_gt_prompt_gt_alignment
deepcrack_0014,ablation_no_alignment,deepcrack,0.0,0.0,0.0,0.0,0.0,oracle_gt_prompt_gt_alignment
deepcrack_0015,ablation_no_alignment,deepcrack,0.0,0.0,0.0,0.0,0.0,oracle_gt_prompt_gt_alignment
deepcrack_0016,ablation_no_alignment,deepcrack,0.0,0.0,0.0,0.0,0.0,oracle_gt_prompt_gt_alignment
deepcrack_0017,ablation_no_alignment,deepcrack,0.0,0.0,0.0,0.0,0.0,oracle_gt_prompt_gt_alignment
deepcrack_0018,ablation_no_alignment,deepcrack,0.0216562004812489,0.0423943014705882,0.413677130044843,0.0223419714216517,0.0423943014705882,oracle_gt_prompt_gt_alignment
deepcrack_0019,ablation_no_alignment,deepcrack,0.0,0.0,0.0,0.0,0.0,oracle_gt_prompt_gt_alignment
deepcrack_0020,ablation_no_alignment,deepcrack,0.0,0.0,0.0,0.0,0.0,oracle_gt_prompt_gt_alignment
deepcrack_0021,ablation_no_alignment,deepcrack,0.6826409078120604,0.8113922639616542,0.9482803543512246,0.7090395480225988,0.8113922639616541,oracle_gt_prompt_gt_alignment
deepcrack_0022,ablation_no_alignment,deepcrack,0.0234431991511373,0.0458124088773691,0.9389110225763612,0.0234790116896918,0.0458124088773691,oracle_gt_prompt_gt_alignment
deepcrack_0023,ablation_no_alignment,deepcrack,0.0,0.0,0.0,0.0,0.0,oracle_gt_prompt_gt_alignment
deepcrack_0024,ablation_no_alignment,deepcrack,0.0,0.0,0.0,0.0,0.0,oracle_gt_prompt_gt_alignment
deepcrack_0025,ablation_no_alignment,deepcrack,0.0,0.0,0.0,0.0,0.0,oracle_gt_prompt_gt_alignment
deepcrack_0026,ablation_no_alignment,deepcrack,0.1560827250608272,0.2700199936862043,0.9028852920478536,0.1587478346943825,0.2700199936862043,oracle_gt_prompt_gt_alignment
deepcrack_0027,ablation_no_alignment,deepcrack,0.0,0.0,0.0,0.0,0.0,oracle_gt_prompt_gt_alignment
deepcrack_0028,ablation_no_alignment,deepcrack,0.0,0.0,0.0,0.0,0.0,oracle_gt_prompt_gt_alignment
deepcrack_0029,ablation_no_alignment,deepcrack,0.5628387747384344,0.720277464107114,0.999888030455716,0.562874251497006,0.7202774641071141,oracle_gt_prompt_gt_alignment
deepcrack_0030,ablation_no_alignment,deepcrack,0.7570160586937561,0.8617064766688081,1.0,0.7570160586937561,0.861706476668808,oracle_gt_prompt_gt_alignment
deepcrack_0031,ablation_no_alignment,deepcrack,0.8825828061034611,0.9376297321340318,0.9989469250210616,0.8834047308623579,0.937629732134032,oracle_gt_prompt_gt_alignment
deepcrack_0032,ablation_no_alignment,deepcrack,0.5117009132420092,0.6769869737587314,0.9176049129989764,0.5363446006580915,0.6769869737587313,oracle_gt_prompt_gt_alignment
deepcrack_0033,ablation_no_alignment,deepcrack,0.0036246476037051,0.0072231139646869,0.8181818181818182,0.0036275695284159,0.0072231139646869,oracle_gt_prompt_gt_alignment
deepcrack_0034,ablation_no_alignment,deepcrack,0.5892315920841504,0.7415301772492708,0.8227532984814538,0.6749030018378599,0.7415301772492707,oracle_gt_prompt_gt_alignment
deepcrack_0035,ablation_no_alignment,deepcrack,0.0,0.0,0.0,0.0,0.0,oracle_gt_prompt_gt_alignment
deepcrack_0036,ablation_no_alignment,deepcrack,0.1852039952598611,0.3125267818883017,1.0,0.1852039952598611,0.3125267818883016,oracle_gt_prompt_gt_alignment
deepcrack_0037,ablation_no_alignment,deepcrack,0.0062377057666425,0.0123980759832291,1.0,0.0062377057666425,0.0123980759832291,oracle_gt_prompt_gt_alignment
deepcrack_0038,ablation_no_alignment,deepcrack,0.0076584528930551,0.0152004935225169,0.9935483870967742,0.0076588337684943,0.0152004935225169,oracle_gt_prompt_gt_alignment
deepcrack_0039,ablation_no_alignment,deepcrack,0.0,0.0,0.0,0.0,0.0,oracle_gt_prompt_gt_alignment
deepcrack_0040,ablation_no_alignment,deepcrack,0.6634720700985761,0.7976954732510289,0.843369300382875,0.7567145534041224,0.7976954732510289,oracle_gt_prompt_gt_alignment
deepcrack_0041,ablation_no_alignment,deepcrack,0.0,0.0,0.0,0.0,0.0,oracle_gt_prompt_gt_alignment
deepcrack_0042,ablation_no_alignment,deepcrack,0.0,0.0,0.0,0.0,0.0,oracle_gt_prompt_gt_alignment
deepcrack_0043,ablation_no_alignment,deepcrack,0.3528202115158637,0.5216069489685125,0.9634977938227036,0.357600119100789,0.5216069489685125,oracle_gt_prompt_gt_alignment
deepcrack_0044,ablation_no_alignment,deepcrack,0.4052369077306733,0.5767524401064774,0.9824872302720734,0.4081853616284105,0.5767524401064774,oracle_gt_prompt_gt_alignment
deepcrack_0045,ablation_no_alignment,deepcrack,0.8386681383370125,0.912256128064032,0.882842757552285,0.9436969571517284,0.912256128064032,oracle_gt_prompt_gt_alignment
deepcrack_0046,ablation_no_alignment,deepcrack,0.6603582779543484,0.795440703036631,0.7530477759472817,0.8428913885303337,0.7954407030366308,oracle_gt_prompt_gt_alignment
deepcrack_0047,ablation_no_alignment,deepcrack,0.0,0.0,0.0,0.0,0.0,oracle_gt_prompt_gt_alignment
deepcrack_0048,ablation_no_alignment,deepcrack,0.6212828704841484,0.7664089737759587,0.6318420394901275,0.9738058551617874,0.7664089737759588,oracle_gt_prompt_gt_alignment
deepcrack_0049,ablation_no_alignment,deepcrack,0.829689509461694,0.9069183652977206,0.8567634225004743,0.963310580204778,0.9069183652977206,oracle_gt_prompt_gt_alignment
deepcrack_0050,ablation_no_alignment,deepcrack,0.7761654831738191,0.8739787936728663,0.8138556167044351,0.9436936936936936,0.8739787936728663,oracle_gt_prompt_gt_alignment
deepcrack_0051,ablation_no_alignment,deepcrack,0.5404014410705095,0.7016371533578349,0.550314465408805,0.967741935483871,0.701637153357835,oracle_gt_prompt_gt_alignment
deepcrack_0052,ablation_no_alignment,deepcrack,0.8100539811066126,0.8950605778191985,0.8267906336088154,0.975619666802113,0.8950605778191985,oracle_gt_prompt_gt_alignment
deepcrack_0053,ablation_no_alignment,deepcrack,0.8214765100671141,0.9019896831245394,0.900794818957904,0.9031877213695396,0.9019896831245392,oracle_gt_prompt_gt_alignment
deepcrack_0054,ablation_no_alignment,deepcrack,0.8207113476893297,0.9015282392026578,0.8690750704586215,0.9364991717283268,0.9015282392026578,oracle_gt_prompt_gt_alignment
deepcrack_0055,ablation_no_alignment,deepcrack,0.0086988039144617,0.0172475745598275,0.9836065573770492,0.0087000652504893,0.0172475745598275,oracle_gt_prompt_gt_alignment
deepcrack_0056,ablation_no_alignment,deepcrack,0.0,0.0,0.0,0.0,0.0,oracle_gt_prompt_gt_alignment
deepcrack_0057,ablation_no_alignment,deepcrack,0.0137103684661525,0.0270498732037193,0.4155844155844156,0.0139799038881607,0.0270498732037193,oracle_gt_prompt_gt_alignment
deepcrack_0058,ablation_no_alignment,deepcrack,0.0,0.0,0.0,0.0,0.0,oracle_gt_prompt_gt_alignment
deepcrack_0059,ablation_no_alignment,deepcrack,0.0013713658804168,0.0027389756231169,0.8823529411764706,0.0013716166788588,0.0027389756231169,oracle_gt_prompt_gt_alignment
deepcrack_0060,ablation_no_alignment,deepcrack,0.0119906739202842,0.0236972024136039,0.7769784172661871,0.0120320855614973,0.0236972024136039,oracle_gt_prompt_gt_alignment
deepcrack_0061,ablation_no_alignment,deepcrack,0.7433697347893916,0.8527964205816555,0.9877353601658316,0.7502952368455583,0.8527964205816555,oracle_gt_prompt_gt_alignment
deepcrack_0062,ablation_no_alignment,deepcrack,0.0,0.0,0.0,0.0,0.0,oracle_gt_prompt_gt_alignment
deepcrack_0063,ablation_no_alignment,deepcrack,0.0,0.0,0.0,0.0,0.0,oracle_gt_prompt_gt_alignment
deepcrack_0064,ablation_no_alignment,deepcrack,0.0,0.0,0.0,0.0,0.0,oracle_gt_prompt_gt_alignment
deepcrack_0065,ablation_no_alignment,deepcrack,0.0,0.0,0.0,0.0,0.0,oracle_gt_prompt_gt_alignment
deepcrack_0066,ablation_no_alignment,deepcrack,0.0,0.0,0.0,0.0,0.0,oracle_gt_prompt_gt_alignment
deepcrack_0067,ablation_no_alignment,deepcrack,0.7278719397363466,0.8425068119891008,0.7590124842193856,0.9466410076976908,0.8425068119891008,oracle_gt_prompt_gt_alignment
deepcrack_0068,ablation_no_alignment,deepcrack,0.6654291654291654,0.7991083370485956,0.6778097110875813,0.9732841007819288,0.7991083370485956,oracle_gt_prompt_gt_alignment
deepcrack_0069,ablation_no_alignment,deepcrack,0.65715069997255,0.7931091601788968,0.6755079006772009,0.96028880866426,0.7931091601788969,oracle_gt_prompt_gt_alignment
deepcrack_0070,ablation_no_alignment,deepcrack,0.7156682341716077,0.8342734567410821,0.7407067785850321,0.9548967900336456,0.8342734567410821,oracle_gt_prompt_gt_alignment
deepcrack_0071,ablation_no_alignment,deepcrack,0.7361667347772783,0.8480369080124283,0.7575273338940286,0.963109495295124,0.8480369080124283,oracle_gt_prompt_gt_alignment
deepcrack_0072,ablation_no_alignment,deepcrack,0.6682772048748828,0.8011584680556756,0.6744050651335419,0.9865857553497284,0.8011584680556756,oracle_gt_prompt_gt_alignment
deepcrack_0073,ablation_no_alignment,deepcrack,0.5790744466800805,0.7334352701325179,0.5971945551128818,0.9502113048071844,0.7334352701325179,oracle_gt_prompt_gt_alignment
deepcrack_0074,ablation_no_alignment,deepcrack,0.7785080855503391,0.8754619581157975,0.8060926866155342,0.9578947368421052,0.8754619581157975,oracle_gt_prompt_gt_alignment
deepcrack_0075,ablation_no_alignment,deepcrack,0.5974550997415335,0.7480086292731497,0.5996408141545829,0.99393605292172,0.7480086292731496,oracle_gt_prompt_gt_alignment
deepcrack_0076,ablation_no_alignment,deepcrack,0.7536817528735632,0.8595422192636591,0.7652261123267687,0.9803761242845462,0.8595422192636593,oracle_gt_prompt_gt_alignment
deepcrack_0077,ablation_no_alignment,deepcrack,0.5987382454469706,0.7490134762862035,0.6035517158627309,0.9868550127525996,0.7490134762862035,oracle_gt_prompt_gt_alignment
deepcrack_0078,ablation_no_alignment,deepcrack,0.5754294249439881,0.7305048589713202,0.5843761850587789,0.9740834386852086,0.7305048589713201,oracle_gt_prompt_gt_alignment
deepcrack_0079,ablation_no_alignment,deepcrack,0.7387836490528414,0.8497706422018348,0.8372881355932204,0.8626309662398137,0.849770642201835,oracle_gt_prompt_gt_alignment
deepcrack_0080,ablation_no_alignment,deepcrack,0.7331506849315068,0.84603224786595,0.8691133484897694,0.8241453649522636,0.84603224786595,oracle_gt_prompt_gt_alignment
deepcrack_0081,ablation_no_alignment,deepcrack,0.8157983952989039,0.898556136420214,0.9656233279828784,0.8402001862197392,0.898556136420214,oracle_gt_prompt_gt_alignment
deepcrack_0082,ablation_no_alignment,deepcrack,0.6998505231689088,0.823425958494548,0.972849425128134,0.7137920520378087,0.823425958494548,oracle_gt_prompt_gt_alignment
deepcrack_0083,ablation_no_alignment,deepcrack,0.7258304940374787,0.8411376395829477,0.9309026355318858,0.767161827593968,0.8411376395829477,oracle_gt_prompt_gt_alignment
deepcrack_0084,ablation_no_alignment,deepcrack,0.8674924534193817,0.9290452037233152,0.93978349120433,0.91854954259892,0.9290452037233152,oracle_gt_prompt_gt_alignment
deepcrack_0085,ablation_no_alignment,deepcrack,0.7611637347767253,0.8643872454859777,0.9647336263265088,0.7829491083079599,0.8643872454859777,oracle_gt_prompt_gt_alignment
deepcrack_0086,ablation_no_alignment,deepcrack,0.8009249949728534,0.8894595801697186,0.9496900333810204,0.8364132717345653,0.8894595801697185,oracle_gt_prompt_gt_alignment
deepcrack_0087,ablation_no_alignment,deepcrack,0.7655749377002492,0.8672245186006654,0.906618887015177,0.8311111111111111,0.8672245186006653,oracle_gt_prompt_gt_alignment
deepcrack_0088,ablation_no_alignment,deepcrack,0.7982937233394272,0.8878346323280244,0.9506531204644412,0.8328035600762873,0.8878346323280244,oracle_gt_prompt_gt_alignment
deepcrack_0089,ablation_no_alignment,deepcrack,0.0,0.0,0.0,0.0,0.0,oracle_gt_prompt_gt_alignment
deepcrack_0090,ablation_no_alignment,deepcrack,0.0355520442425439,0.0686629792103757,0.9278350515463918,0.035650623885918,0.0686629792103757,oracle_gt_prompt_gt_alignment
deepcrack_0091,ablation_no_alignment,deepcrack,0.6403365906623235,0.780738044017872,0.9742566079295154,0.6513575701794754,0.780738044017872,oracle_gt_prompt_gt_alignment
deepcrack_0092,ablation_no_alignment,deepcrack,0.5615731785944552,0.7192402972749794,0.9759103641456582,0.569467146126185,0.7192402972749793,oracle_gt_prompt_gt_alignment
deepcrack_0093,ablation_no_alignment,deepcrack,0.7709686803064094,0.8706745510293473,0.9864764267990076,0.779204233633869,0.8706745510293473,oracle_gt_prompt_gt_alignment
deepcrack_0094,ablation_no_alignment,deepcrack,0.5898550724637681,0.7420237010027347,0.9322389769039892,0.6162776025236593,0.7420237010027347,oracle_gt_prompt_gt_alignment
deepcrack_0095,ablation_no_alignment,deepcrack,0.6410919912019666,0.7812992746767581,0.9284242083567548,0.674424935347761,0.7812992746767582,oracle_gt_prompt_gt_alignment
deepcrack_0096,ablation_no_alignment,deepcrack,0.5707921233181859,0.7267570480458335,0.9998439207117216,0.5708429869898414,0.7267570480458335,oracle_gt_prompt_gt_alignment
deepcrack_0097,ablation_no_alignment,deepcrack,0.6402097269933105,0.7806437389770723,0.9966225724739656,0.6416017394455518,0.7806437389770724,oracle_gt_prompt_gt_alignment
deepcrack_0098,ablation_no_alignment,deepcrack,0.6250686687419886,0.7692827764944504,0.9928737638161722,0.6278855881541433,0.7692827764944503,oracle_gt_prompt_gt_alignment
deepcrack_0099,ablation_no_alignment,deepcrack,0.5659969366609604,0.7228582935389218,0.9955625990491284,0.5674284165838678,0.7228582935389218,oracle_gt_prompt_gt_alignment
deepcrack_0100,ablation_no_alignment,deepcrack,0.5538172715894869,0.7128473620620217,0.9991935483870968,0.5540649315803595,0.7128473620620217,oracle_gt_prompt_gt_alignment
deepcrack_0101,ablation_no_alignment,deepcrack,0.0,0.0,0.0,0.0,0.0,oracle_gt_prompt_gt_alignment
deepcrack_0102,ablation_no_alignment,deepcrack,0.2319711538461538,0.3765853658536585,0.8189533239038189,0.2445101351351351,0.3765853658536586,oracle_gt_prompt_gt_alignment
deepcrack_0103,ablation_no_alignment,deepcrack,0.8943310657596372,0.9442183385204692,0.9586776859504132,0.930188679245283,0.9442183385204692,oracle_gt_prompt_gt_alignment
deepcrack_0104,ablation_no_alignment,deepcrack,0.924560651521646,0.9608017817371938,0.989903625516292,0.9333621808740804,0.9608017817371938,oracle_gt_prompt_gt_alignment
deepcrack_0105,ablation_no_alignment,deepcrack,0.8589106400243433,0.9241010530910678,0.999291951852726,0.8594336750228356,0.9241010530910678,oracle_gt_prompt_gt_alignment
deepcrack_0106,ablation_no_alignment,deepcrack,0.8963259722493648,0.9453290049981964,0.995766391663048,0.8997547817557626,0.9453290049981964,oracle_gt_prompt_gt_alignment
deepcrack_0107,ablation_no_alignment,deepcrack,0.7485109199205824,0.8561695685087055,0.8261504747991234,0.8884524744697565,0.8561695685087055,oracle_gt_prompt_gt_alignment
deepcrack_0108,ablation_no_alignment,deepcrack,0.6816288755205924,0.8106769400110072,0.7655925155925156,0.8614035087719298,0.8106769400110071,oracle_gt_prompt_gt_alignment
deepcrack_0109,ablation_no_alignment,deepcrack,0.7826792414562418,0.8780931793617385,1.0,0.7826792414562418,0.8780931793617385,oracle_gt_prompt_gt_alignment
deepcrack_0110,ablation_no_alignment,deepcrack,0.7578265858056057,0.8622313394563849,1.0,0.7578265858056057,0.862231339456385,oracle_gt_prompt_gt_alignment
deepcrack_0111,ablation_no_alignment,deepcrack,0.6174618170366871,0.7634947675833537,0.9915297092288242,0.6207360506529481,0.7634947675833534,oracle_gt_prompt_gt_alignment
deepcrack_0112,ablation_no_alignment,deepcrack,0.6593742648788521,0.7947263963708534,0.9958550450023684,0.6611888661739267,0.7947263963708535,oracle_gt_prompt_gt_alignment
deepcrack_0113,ablation_no_alignment,deepcrack,0.874345100060122,0.9329606378591394,0.9417206290471786,0.924362117497503,0.9329606378591394,oracle_gt_prompt_gt_alignment
deepcrack_0114,ablation_no_alignment,deepcrack,0.8821214713430282,0.9373693300609036,0.9254240330252176,0.949627037480431,0.9373693300609036,oracle_gt_prompt_gt_alignment
deepcrack_0115,ablation_no_alignment,deepcrack,0.8405228758169935,0.9133522727272728,0.9672405147919104,0.8651517416654209,0.9133522727272728,oracle_gt_prompt_gt_alignment
deepcrack_0116,ablation_no_alignment,deepcrack,0.5670351473922902,0.7237044406258479,0.9447461629279812,0.5864849017883319,0.7237044406258479,oracle_gt_prompt_gt_alignment
deepcrack_0117,ablation_no_alignment,deepcrack,0.8186666666666667,0.9002932551319648,0.9110693441487784,0.8897691044343542,0.9002932551319647,oracle_gt_prompt_gt_alignment
deepcrack_0118,ablation_no_alignment,deepcrack,0.2157133011716057,0.354875283446712,0.8638454461821528,0.2233055885850178,0.354875283446712,oracle_gt_prompt_gt_alignment
deepcrack_0119,ablation_no_alignment,deepcrack,0.5888299216578216,0.7412120248131064,0.9380032206119162,0.6126742045753353,0.7412120248131063,oracle_gt_prompt_gt_alignment
deepcrack_0120,ablation_no_alignment,deepcrack,0.6940139775144333,0.819372197309417,0.966567922132882,0.7110834371108343,0.819372197309417,oracle_gt_prompt_gt_alignment
deepcrack_0121,ablation_no_alignment,deepcrack,0.7210084033613445,0.837890625,0.9781121751025992,0.7328322514519986,0.8378906249999999,oracle_gt_prompt_gt_alignment
deepcrack_0122,ablation_no_alignment,deepcrack,0.766503820618815,0.8678201673521486,0.938353013341512,0.8071494525788154,0.8678201673521486,oracle_gt_prompt_gt_alignment
deepcrack_0123,ablation_no_alignment,deepcrack,0.7759834368530021,0.8738633714152483,0.96822526478946,0.7962608880390907,0.8738633714152483,oracle_gt_prompt_gt_alignment
deepcrack_0124,ablation_no_alignment,deepcrack,0.8057387274995544,0.8924200552704303,0.8502915177731803,0.9389408099688472,0.8924200552704302,oracle_gt_prompt_gt_alignment
deepcrack_0125,ablation_no_alignment,deepcrack,0.7699256110520722,0.8700090063044131,0.8310074555534315,0.9128517429651408,0.870009006304413,oracle_gt_prompt_gt_alignment
deepcrack_0126,ablation_no_alignment,deepcrack,0.8066585554695277,0.892983959838374,0.9726593758335556,0.8253734721593481,0.892983959838374,oracle_gt_prompt_gt_alignment
deepcrack_0127,ablation_no_alignment,deepcrack,0.7854974102518307,0.8798639591877563,0.9885367498314228,0.7927180966113915,0.8798639591877564,oracle_gt_prompt_gt_alignment
deepcrack_0128,ablation_no_alignment,deepcrack,0.7599897540983607,0.8636297482171446,0.9883411059293804,0.7668648229516671,0.8636297482171446,oracle_gt_prompt_gt_alignment
deepcrack_0129,ablation_no_alignment,deepcrack,0.7367598812685517,0.8484303319240802,0.990132269577997,0.7422096317280453,0.8484303319240802,oracle_gt_prompt_gt_alignment
deepcrack_0130,ablation_no_alignment,deepcrack,0.8374336710082007,0.9115253347335258,0.9890610756608932,0.8452624403544649,0.9115253347335258,oracle_gt_prompt_gt_alignment
deepcrack_0131,ablation_no_alignment,deepcrack,0.6602620087336245,0.7953708574434508,0.9994711792702274,0.6604927485584484,0.7953708574434508,oracle_gt_prompt_gt_alignment
deepcrack_0132,ablation_no_alignment,deepcrack,0.7949607449333577,0.8857695046282169,0.959664976856954,0.8224404986777484,0.8857695046282169,oracle_gt_prompt_gt_alignment
deepcrack_0133,ablation_no_alignment,deepcrack,0.846412791920892,0.9168185961713764,0.8857331571994715,0.9501653282947568,0.9168185961713764,oracle_gt_prompt_gt_alignment
deepcrack_0134,ablation_no_alignment,deepcrack,0.0,0.0,0.0,0.0,0.0,oracle_gt_prompt_gt_alignment
deepcrack_0135,ablation_no_alignment,deepcrack,0.1099273607748184,0.1980802792321117,0.6618075801749271,0.116469984607491,0.1980802792321117,oracle_gt_prompt_gt_alignment
deepcrack_0136,ablation_no_alignment,deepcrack,0.7108390777275969,0.8309829802014589,0.9755341706083837,0.7237415295256534,0.8309829802014588,oracle_gt_prompt_gt_alignment
deepcrack_0137,ablation_no_alignment,deepcrack,0.0,0.0,0.0,0.0,0.0,oracle_gt_prompt_gt_alignment
deepcrack_0138,ablation_no_alignment,deepcrack,0.0,0.0,0.0,0.0,0.0,oracle_gt_prompt_gt_alignment
deepcrack_0139,ablation_no_alignment,deepcrack,0.0412179725213516,0.079172610556348,1.0,0.0412179725213516,0.079172610556348,oracle_gt_prompt_gt_alignment
deepcrack_0140,ablation_no_alignment,deepcrack,0.0086781536913595,0.0172069825436409,1.0,0.0086781536913595,0.0172069825436409,oracle_gt_prompt_gt_alignment
deepcrack_0141,ablation_no_alignment,deepcrack,0.1303499023877459,0.2306363757140959,0.9763779527559056,0.1307622777945164,0.2306363757140959,oracle_gt_prompt_gt_alignment
deepcrack_0142,ablation_no_alignment,deepcrack,0.0,0.0,0.0,0.0,0.0,oracle_gt_prompt_gt_alignment
deepcrack_0143,ablation_no_alignment,deepcrack,0.4193942354665363,0.5909482016864567,0.7804545454545454,0.4754915535862642,0.5909482016864567,oracle_gt_prompt_gt_alignment
deepcrack_0144,ablation_no_alignment,deepcrack,0.5789860396767083,0.7333643555141927,0.7860349127182045,0.6873092019188836,0.7333643555141927,oracle_gt_prompt_gt_alignment
deepcrack_0145,ablation_no_alignment,deepcrack,0.0,0.0,0.0,0.0,0.0,oracle_gt_prompt_gt_alignment
deepcrack_0146,ablation_no_alignment,deepcrack,0.7227124941941477,0.8390401725532488,0.7269329595888812,0.992030602486452,0.8390401725532489,oracle_gt_prompt_gt_alignment
deepcrack_0147,ablation_no_alignment,deepcrack,0.7872594558725946,0.880968292864038,0.9738959120013134,0.8042299349240781,0.880968292864038,oracle_gt_prompt_gt_alignment
deepcrack_0148,ablation_no_alignment,deepcrack,0.777521613832853,0.8748378728923476,0.8460332392599561,0.9056730446458544,0.8748378728923476,oracle_gt_prompt_gt_alignment
deepcrack_0149,ablation_no_alignment,deepcrack,0.8139126067302863,0.8974110480409802,0.8891632373113855,0.9058133035215205,0.8974110480409803,oracle_gt_prompt_gt_alignment
deepcrack_0150,ablation_no_alignment,deepcrack,0.0095198675496688,0.018860188601886,0.9078947368421052,0.0095290705703632,0.018860188601886,oracle_gt_prompt_gt_alignment
deepcrack_0151,ablation_no_alignment,deepcrack,0.0072801941385103,0.014455151964418,1.0,0.0072801941385103,0.014455151964418,oracle_gt_prompt_gt_alignment
deepcrack_0152,ablation_no_alignment,deepcrack,0.0,0.0,0.0,0.0,0.0,oracle_gt_prompt_gt_alignment
deepcrack_0153,ablation_no_alignment,deepcrack,0.0,0.0,0.0,0.0,0.0,oracle_gt_prompt_gt_alignment
deepcrack_0154,ablation_no_alignment,deepcrack,0.0,0.0,0.0,0.0,0.0,oracle_gt_prompt_gt_alignment
deepcrack_0155,ablation_no_alignment,deepcrack,0.7357743691241959,0.8477765108323831,0.9666305525460456,0.7549500761550177,0.8477765108323831,oracle_gt_prompt_gt_alignment
deepcrack_0156,ablation_no_alignment,deepcrack,0.827267361794216,0.9054694229112834,0.883588989283463,0.9284610289247074,0.9054694229112834,oracle_gt_prompt_gt_alignment
deepcrack_0157,ablation_no_alignment,deepcrack,0.0,0.0,0.0,0.0,0.0,oracle_gt_prompt_gt_alignment
deepcrack_0158,ablation_no_alignment,deepcrack,0.0,0.0,0.0,0.0,0.0,oracle_gt_prompt_gt_alignment
deepcrack_0159,ablation_no_alignment,deepcrack,0.7549170844581565,0.8603450170310954,0.7801913112793942,0.958853783982366,0.8603450170310954,oracle_gt_prompt_gt_alignment
deepcrack_0160,ablation_no_alignment,deepcrack,0.9112104758862984,0.953542780748663,0.994621246077992,0.9157228667064056,0.953542780748663,oracle_gt_prompt_gt_alignment
deepcrack_0161,ablation_no_alignment,deepcrack,0.9358530451579984,0.9668637270776068,0.9995717844908129,0.9362283964121636,0.9668637270776066,oracle_gt_prompt_gt_alignment
deepcrack_0162,ablation_no_alignment,deepcrack,0.8176326170312543,0.899667632908895,0.9991235758106924,0.8182194616977225,0.8996676329088951,oracle_gt_prompt_gt_alignment
deepcrack_0163,ablation_no_alignment,deepcrack,0.9200487189525424,0.9583597643860444,0.998395090866179,0.9214114571988672,0.9583597643860444,oracle_gt_prompt_gt_alignment
deepcrack_0164,ablation_no_alignment,deepcrack,0.9147381242387332,0.955470737913486,0.9958126875567032,0.9182701589548876,0.955470737913486,oracle_gt_prompt_gt_alignment
deepcrack_0165,ablation_no_alignment,deepcrack,0.793511574828823,0.8848691984656498,0.9814493688752672,0.8055941741145316,0.8848691984656498,oracle_gt_prompt_gt_alignment
deepcrack_0166,ablation_no_alignment,deepcrack,0.9252280475444578,0.9611620282849552,0.9998008662318912,0.9253985807759654,0.9611620282849552,oracle_gt_prompt_gt_alignment
deepcrack_0167,ablation_no_alignment,deepcrack,0.5525222828876756,0.7117737232859419,0.999662276258021,0.5526254375729288,0.7117737232859419,oracle_gt_prompt_gt_alignment
deepcrack_0168,ablation_no_alignment,deepcrack,0.0011334655709832,0.0022643645626945,0.8,0.0011337868480725,0.0022643645626945,oracle_gt_prompt_gt_alignment
deepcrack_0169,ablation_no_alignment,deepcrack,0.6495402484271656,0.7875409515427119,0.9813551060199852,0.6576561861984483,0.7875409515427119,oracle_gt_prompt_gt_alignment
deepcrack_0170,ablation_no_alignment,deepcrack,0.6824978012313104,0.8112911657083115,0.9660479855138072,0.6992709101335299,0.8112911657083115,oracle_gt_prompt_gt_alignment
deepcrack_0171,ablation_no_alignment,deepcrack,0.1706915477497256,0.2916080637599625,0.8098958333333334,0.1778158947970268,0.2916080637599624,oracle_gt_prompt_gt_alignment
deepcrack_0172,ablation_no_alignment,deepcrack,0.0085773439810706,0.0170087976539589,1.0,0.0085773439810706,0.0170087976539589,oracle_gt_prompt_gt_alignment
deepcrack_0173,ablation_no_alignment,deepcrack,0.0,0.0,0.0,0.0,0.0,oracle_gt_prompt_gt_alignment
deepcrack_0174,ablation_no_alignment,deepcrack,0.4896364254162419,0.6573905109489051,0.4903028240898264,0.9972318339100346,0.6573905109489051,oracle_gt_prompt_gt_alignment
deepcrack_0175,ablation_no_alignment,deepcrack,0.3160538476994173,0.4803053435114504,0.3163080635431329,0.9974635383639824,0.4803053435114504,oracle_gt_prompt_gt_alignment
deepcrack_0176,ablation_no_alignment,deepcrack,0.0,0.0,0.0,0.0,0.0,oracle_gt_prompt_gt_alignment
deepcrack_0177,ablation_no_alignment,deepcrack,0.427859515899383,0.5993019777297657,0.4356124667794153,0.9600638977635784,0.5993019777297657,oracle_gt_prompt_gt_alignment
deepcrack_0178,ablation_no_alignment,deepcrack,0.0,0.0,0.0,0.0,0.0,oracle_gt_prompt_gt_alignment
deepcrack_0179,ablation_no_alignment,deepcrack,0.1085509472606246,0.1958429561200923,0.1967517401392111,0.1949425287356321,0.1958429561200924,oracle_gt_prompt_gt_alignment
deepcrack_0180,ablation_no_alignment,deepcrack,0.9156558213354496,0.9559711208427032,0.977253478523896,0.9355959689563303,0.9559711208427032,oracle_gt_prompt_gt_alignment
deepcrack_0181,ablation_no_alignment,deepcrack,0.7835455435847208,0.8786381109280615,0.8151620134501733,0.952834683182468,0.8786381109280617,oracle_gt_prompt_gt_alignment
deepcrack_0182,ablation_no_alignment,deepcrack,0.8559391697492807,0.922378474144613,0.903078924544666,0.9425209323376328,0.922378474144613,oracle_gt_prompt_gt_alignment
deepcrack_0183,ablation_no_alignment,deepcrack,0.7605214152700186,0.8639729215147027,0.8824546240276577,0.8462494819726482,0.8639729215147027,oracle_gt_prompt_gt_alignment
deepcrack_0184,ablation_no_alignment,deepcrack,0.7452138298885608,0.8540086230420783,0.7974722250535113,0.9191729323308272,0.8540086230420783,oracle_gt_prompt_gt_alignment
deepcrack_0185,ablation_no_alignment,deepcrack,0.7369142857142857,0.8485327016712725,0.8433167669369604,0.8538135593220338,0.8485327016712725,oracle_gt_prompt_gt_alignment
deepcrack_0186,ablation_no_alignment,deepcrack,0.7370625186957822,0.848630962631307,0.8839990432910787,0.8159841042057622,0.848630962631307,oracle_gt_prompt_gt_alignment
deepcrack_0187,ablation_no_alignment,deepcrack,0.7943246810382754,0.8853745249478975,0.9668005354752344,0.8165988240615106,0.8853745249478975,oracle_gt_prompt_gt_alignment
deepcrack_0188,ablation_no_alignment,deepcrack,0.8248774672142005,0.9040360046457608,0.916813898704358,0.8916093928980527,0.9040360046457608,oracle_gt_prompt_gt_alignment
deepcrack_0189,ablation_no_alignment,deepcrack,0.6958846403110823,0.820674500812076,0.9057359763812736,0.7502183406113537,0.8206745008120762,oracle_gt_prompt_gt_alignment
deepcrack_0190,ablation_no_alignment,deepcrack,0.8120366880261339,0.896269588129247,0.8920634920634921,0.9005155357391668,0.896269588129247,oracle_gt_prompt_gt_alignment
deepcrack_0191,ablation_no_alignment,deepcrack,0.8033205619412516,0.8909348441926346,0.8293776371308017,0.9623623011015912,0.8909348441926345,oracle_gt_prompt_gt_alignment
deepcrack_0192,ablation_no_alignment,deepcrack,0.685948361469712,0.8137240465321749,0.7101002313030069,0.9527586206896552,0.8137240465321749,oracle_gt_prompt_gt_alignment
deepcrack_0193,ablation_no_alignment,deepcrack,0.72751269035533,0.8422661024917725,0.833837561089132,0.8508667774875327,0.8422661024917725,oracle_gt_prompt_gt_alignment
deepcrack_0194,ablation_no_alignment,deepcrack,0.8335368335368335,0.9092119866814652,0.8906283974777125,0.9285876218544548,0.909211986681465,oracle_gt_prompt_gt_alignment
deepcrack_0195,ablation_no_alignment,deepcrack,0.6577552431435815,0.7935492840261366,0.658970214731009,0.9972047519217332,0.7935492840261364,oracle_gt_prompt_gt_alignment
deepcrack_0196,ablation_no_alignment,deepcrack,0.7390948187589597,0.8499764484220442,0.7605900948366702,0.9631705364291432,0.8499764484220442,oracle_gt_prompt_gt_alignment
deepcrack_0197,ablation_no_alignment,deepcrack,0.7616600790513834,0.8647072021539152,0.7729643000401123,0.9811608961303462,0.864707202153915,oracle_gt_prompt_gt_alignment
deepcrack_0198,ablation_no_alignment,deepcrack,0.4744830883231744,0.6435924454891789,0.8814387211367674,0.5068300778756543,0.6435924454891789,oracle_gt_prompt_gt_alignment
deepcrack_0199,ablation_no_alignment,deepcrack,0.0105105105105105,0.0208023774145616,0.9891304347826086,0.0105117246159177,0.0208023774145616,oracle_gt_prompt_gt_alignment
deepcrack_0200,ablation_no_alignment,deepcrack,0.4919985982945917,0.6595161669145855,0.914657980456026,0.5156709108716944,0.6595161669145855,oracle_gt_prompt_gt_alignment
deepcrack_0201,ablation_no_alignment,deepcrack,0.0,0.0,0.0,0.0,0.0,oracle_gt_prompt_gt_alignment
deepcrack_0202,ablation_no_alignment,deepcrack,0.0,0.0,0.0,0.0,0.0,oracle_gt_prompt_gt_alignment
deepcrack_0203,ablation_no_alignment,deepcrack,0.0,0.0,0.0,0.0,0.0,oracle_gt_prompt_gt_alignment
deepcrack_0204,ablation_no_alignment,deepcrack,0.4373639661426844,0.6085639774543619,0.9353504008275147,0.450997506234414,0.6085639774543619,oracle_gt_prompt_gt_alignment
deepcrack_0205,ablation_no_alignment,deepcrack,0.0,0.0,0.0,0.0,0.0,oracle_gt_prompt_gt_alignment
deepcrack_0206,ablation_no_alignment,deepcrack,0.0,0.0,0.0,0.0,0.0,oracle_gt_prompt_gt_alignment
deepcrack_0207,ablation_no_alignment,deepcrack,0.4856587263004375,0.6537958115183246,0.48779296875,0.9910714285714286,0.6537958115183247,oracle_gt_prompt_gt_alignment
deepcrack_0208,ablation_no_alignment,deepcrack,0.5208385325680059,0.6849360026255333,0.5274864147605207,0.976374269005848,0.6849360026255333,oracle_gt_prompt_gt_alignment
deepcrack_0209,ablation_no_alignment,deepcrack,0.4185961713764813,0.5901555070042411,0.4304461942257218,0.938291785860237,0.5901555070042411,oracle_gt_prompt_gt_alignment
deepcrack_0210,ablation_no_alignment,deepcrack,0.2817283472195311,0.4396069538926682,0.7588726513569938,0.3094275377739944,0.4396069538926682,oracle_gt_prompt_gt_alignment
deepcrack_0211,ablation_no_alignment,deepcrack,0.0,0.0,0.0,0.0,0.0,oracle_gt_prompt_gt_alignment
deepcrack_0212,ablation_no_alignment,deepcrack,0.3511269276393831,0.5197541703248464,0.4113968033356497,0.7056019070321812,0.5197541703248464,oracle_gt_prompt_gt_alignment
deepcrack_0213,ablation_no_alignment,deepcrack,0.0,0.0,0.0,0.0,0.0,oracle_gt_prompt_gt_alignment
deepcrack_0214,ablation_no_alignment,deepcrack,0.0913450011987533,0.1673989455184534,0.9596977329974812,0.091696750902527,0.1673989455184534,oracle_gt_prompt_gt_alignment
deepcrack_0215,ablation_no_alignment,deepcrack,0.3049135422016777,0.4673314090789819,0.95752688172043,0.3090940645609163,0.4673314090789819,oracle_gt_prompt_gt_alignment
deepcrack_0216,ablation_no_alignment,deepcrack,0.6365046535677352,0.7778830963665087,0.7819182722845649,0.7738893545683152,0.7778830963665088,oracle_gt_prompt_gt_alignment
deepcrack_0217,ablation_no_alignment,deepcrack,0.8086003372681282,0.8941724941724942,0.8816364054240404,0.9070702293686452,0.8941724941724942,oracle_gt_prompt_gt_alignment
deepcrack_0218,ablation_no_alignment,deepcrack,0.7240603493912123,0.8399478007215783,0.7829135661133372,0.9059446928299388,0.8399478007215783,oracle_gt_prompt_gt_alignment
deepcrack_0219,ablation_no_alignment,deepcrack,0.0,0.0,0.0,0.0,0.0,oracle_gt_prompt_gt_alignment
deepcrack_0220,ablation_no_alignment,deepcrack,0.0,0.0,0.0,0.0,0.0,oracle_gt_prompt_gt_alignment
deepcrack_0221,ablation_no_alignment,deepcrack,0.3260362461869729,0.4917456021650879,0.7741798040051129,0.3603014078921277,0.4917456021650879,oracle_gt_prompt_gt_alignment
deepcrack_0222,ablation_no_alignment,deepcrack,0.7805796010538201,0.8767702388501374,0.856317093311313,0.8982243395409268,0.8767702388501373,oracle_gt_prompt_gt_alignment
deepcrack_0223,ablation_no_alignment,deepcrack,0.7259663032705649,0.8412288257249497,0.7543769309989702,0.9506813757300454,0.8412288257249497,oracle_gt_prompt_gt_alignment
deepcrack_0224,ablation_no_alignment,deepcrack,0.5263977573586669,0.6897255382103867,0.846481342349111,0.5819559228650137,0.6897255382103867,oracle_gt_prompt_gt_alignment
deepcrack_0225,ablation_no_alignment,deepcrack,0.1957490572505999,0.3274082568807339,0.2856428214107053,0.3834788448623237,0.3274082568807339,oracle_gt_prompt_gt_alignment
deepcrack_0226,ablation_no_alignment,deepcrack,0.3173734610123119,0.4818276220145379,0.3241732650209595,0.9380053908355797,0.4818276220145379,oracle_gt_prompt_gt_alignment
deepcrack_0227,ablation_no_alignment,deepcrack,0.8464430741464882,0.916836360674432,0.8937589328251548,0.9411371237458194,0.916836360674432,oracle_gt_prompt_gt_alignment
deepcrack_0228,ablation_no_alignment,deepcrack,0.755926933540614,0.8610004426737494,0.7909719398129321,0.9446333171442448,0.8610004426737494,oracle_gt_prompt_gt_alignment
deepcrack_0229,ablation_no_alignment,deepcrack,0.8215725806451613,0.9020475926950748,0.8380462724935732,0.97663271420012,0.9020475926950746,oracle_gt_prompt_gt_alignment
deepcrack_0230,ablation_no_alignment,deepcrack,0.8976447281532027,0.9460619417700964,0.9802884615384616,0.9141448105805872,0.9460619417700962,oracle_gt_prompt_gt_alignment
deepcrack_0231,ablation_no_alignment,deepcrack,0.8114402451481103,0.8959061689410173,0.8438495857233907,0.9548076923076924,0.8959061689410174,oracle_gt_prompt_gt_alignment
deepcrack_0232,ablation_no_alignment,deepcrack,0.6759573985950601,0.806652244456463,0.6791894353369763,0.9930093209054592,0.8066522444564629,oracle_gt_prompt_gt_alignment
deepcrack_0233,ablation_no_alignment,deepcrack,0.8500673206385844,0.918958257524562,0.9659053655338214,0.8763632758278802,0.918958257524562,oracle_gt_prompt_gt_alignment
deepcrack_0234,ablation_no_alignment,deepcrack,0.8456097695750677,0.9163473053892216,0.9946054855063045,0.8495059398245809,0.9163473053892216,oracle_gt_prompt_gt_alignment
deepcrack_0235,ablation_no_alignment,deepcrack,0.8912267416702726,0.9424853424853424,0.9931288047736724,0.896756286056384,0.9424853424853424,oracle_gt_prompt_gt_alignment
deepcrack_0236,ablation_no_alignment,deepcrack,0.2854615157770569,0.4441385638908006,0.9951680888249204,0.2858577208162301,0.4441385638908006,oracle_gt_prompt_gt_alignment
deepcrack_0000,ablation_fusion_max,deepcrack,0.5340382387022016,0.6962515343215938,0.5414892054633573,0.9748810153358012,0.6962515343215938,oracle_gt_prompt_gt_alignment
deepcrack_0001,ablation_fusion_max,deepcrack,0.6768135221848345,0.8072615269740526,0.7092832540593734,0.9366471734892788,0.8072615269740525,oracle_gt_prompt_gt_alignment
deepcrack_0002,ablation_fusion_max,deepcrack,0.7060601363918165,0.8277083806495571,0.7274251497005988,0.960063224446786,0.8277083806495571,oracle_gt_prompt_gt_alignment
deepcrack_0003,ablation_fusion_max,deepcrack,0.5466242488511842,0.7068610869863327,0.5941293991086523,0.8723908383165971,0.7068610869863328,oracle_gt_prompt_gt_alignment
deepcrack_0004,ablation_fusion_max,deepcrack,0.6573197803481715,0.7932322876277759,0.7400684030518284,0.8546255506607929,0.7932322876277759,oracle_gt_prompt_gt_alignment
deepcrack_0005,ablation_fusion_max,deepcrack,0.6776636929809796,0.8078659576602789,0.7571939063381606,0.8658064516129033,0.8078659576602789,oracle_gt_prompt_gt_alignment
deepcrack_0006,ablation_fusion_max,deepcrack,0.5921752738654147,0.7438568901120504,0.6526388409796482,0.8647166361974405,0.7438568901120503,oracle_gt_prompt_gt_alignment
deepcrack_0007,ablation_fusion_max,deepcrack,0.7528975428836346,0.8590320021158424,0.8006573541495481,0.9265880562951692,0.8590320021158424,oracle_gt_prompt_gt_alignment
deepcrack_0008,ablation_fusion_max,deepcrack,0.8021097046413502,0.8901896511355655,0.8708199725148877,0.91044061302682,0.8901896511355654,oracle_gt_prompt_gt_alignment
deepcrack_0009,ablation_fusion_max,deepcrack,0.6562123039806996,0.7924253459577567,0.7361299052774019,0.8580441640378549,0.7924253459577567,oracle_gt_prompt_gt_alignment
deepcrack_0010,ablation_fusion_max,deepcrack,0.5437392795883362,0.7044444444444444,0.6525074850299402,0.7653643546971027,0.7044444444444444,oracle_gt_prompt_gt_alignment
deepcrack_0011,ablation_fusion_max,deepcrack,0.6945134773465876,0.8197202166064982,0.7083252095925131,0.9726907630522088,0.8197202166064982,oracle_gt_prompt_gt_alignment
deepcrack_0012,ablation_fusion_max,deepcrack,0.5411836115326252,0.7022960891654523,0.960465366799526,0.5535137819716911,0.7022960891654524,oracle_gt_prompt_gt_alignment
deepcrack_0013,ablation_fusion_max,deepcrack,0.592996273117221,0.7445042818045379,0.9404483104717296,0.616132096149631,0.7445042818045379,oracle_gt_prompt_gt_alignment
deepcrack_0014,ablation_fusion_max,deepcrack,0.3471358310429625,0.5153687149338273,0.5559803069794381,0.4802862003402381,0.5153687149338272,oracle_gt_prompt_gt_alignment
deepcrack_0015,ablation_fusion_max,deepcrack,0.3885073002289532,0.5596042601502946,0.5993630573248407,0.5247921314135063,0.5596042601502945,oracle_gt_prompt_gt_alignment
deepcrack_0016,ablation_fusion_max,deepcrack,0.4961359047552739,0.6632230443482712,0.6520267179064874,0.674810606060606,0.6632230443482712,oracle_gt_prompt_gt_alignment
deepcrack_0017,ablation_fusion_max,deepcrack,0.2457614174431037,0.3945561549779303,0.8971285196543072,0.2528880157170923,0.3945561549779303,oracle_gt_prompt_gt_alignment
deepcrack_0018,ablation_fusion_max,deepcrack,0.4996742317298295,0.6663770319684298,0.8287257991895542,0.5572172438847178,0.6663770319684298,oracle_gt_prompt_gt_alignment
deepcrack_0019,ablation_fusion_max,deepcrack,0.4373357801226175,0.6085366915242434,0.9764410094049726,0.4419996627887371,0.6085366915242434,oracle_gt_prompt_gt_alignment
deepcrack_0020,ablation_fusion_max,deepcrack,0.61846921797005,0.7642644186285596,0.9506393861892584,0.6389891696750902,0.7642644186285596,oracle_gt_prompt_gt_alignment
deepcrack_0021,ablation_fusion_max,deepcrack,0.7521754263835712,0.8585617798967025,0.8757852077001013,0.8420027274498344,0.8585617798967023,oracle_gt_prompt_gt_alignment
deepcrack_0022,ablation_fusion_max,deepcrack,0.5351898570412058,0.6972295375539872,0.9535526998213564,0.5495151434643996,0.6972295375539871,oracle_gt_prompt_gt_alignment
deepcrack_0023,ablation_fusion_max,deepcrack,0.6613885505481121,0.7961876832844574,0.9346759617867286,0.6934423089202477,0.7961876832844574,oracle_gt_prompt_gt_alignment
deepcrack_0024,ablation_fusion_max,deepcrack,0.4861157354997669,0.6542097952233723,0.9289895647747518,0.5048758558683173,0.6542097952233723,oracle_gt_prompt_gt_alignment
deepcrack_0025,ablation_fusion_max,deepcrack,0.6774784826267134,0.8077343341726447,0.766892196662156,0.8531714171015656,0.8077343341726447,oracle_gt_prompt_gt_alignment
deepcrack_0026,ablation_fusion_max,deepcrack,0.7465029364655633,0.8548544876497921,0.8449359439207155,0.8650086612224697,0.8548544876497922,oracle_gt_prompt_gt_alignment
deepcrack_0027,ablation_fusion_max,deepcrack,0.4777950091639644,0.6466323220759397,0.4791460483528912,0.9941331768847168,0.6466323220759397,oracle_gt_prompt_gt_alignment
deepcrack_0028,ablation_fusion_max,deepcrack,0.5771935893001269,0.7319248483076248,0.6904351424039722,0.7787197635529284,0.7319248483076248,oracle_gt_prompt_gt_alignment
deepcrack_0029,ablation_fusion_max,deepcrack,0.7329692095312407,0.8459114051189692,0.9388068880688808,0.7697447210841475,0.8459114051189693,oracle_gt_prompt_gt_alignment
deepcrack_0030,ablation_fusion_max,deepcrack,0.8896010665572762,0.941575533906814,0.9993663594470046,0.8901031245190087,0.941575533906814,oracle_gt_prompt_gt_alignment
deepcrack_0031,ablation_fusion_max,deepcrack,0.9280562234140928,0.9626858513189448,0.99248417721519,0.9346246973365616,0.9626858513189448,oracle_gt_prompt_gt_alignment
deepcrack_0032,ablation_fusion_max,deepcrack,0.6142161635832522,0.7610085655688261,0.6376870198139911,0.9434639545318576,0.7610085655688261,oracle_gt_prompt_gt_alignment
deepcrack_0033,ablation_fusion_max,deepcrack,0.7651312686684484,0.8669397933737086,0.7767315671879987,0.9808544941555823,0.8669397933737085,oracle_gt_prompt_gt_alignment
deepcrack_0034,ablation_fusion_max,deepcrack,0.6882487164860239,0.8153404291265417,0.695288863276185,0.9855013273432712,0.8153404291265417,oracle_gt_prompt_gt_alignment
deepcrack_0035,ablation_fusion_max,deepcrack,0.5991005996002665,0.749296948234559,0.6856652687762105,0.825947187141217,0.749296948234559,oracle_gt_prompt_gt_alignment
deepcrack_0036,ablation_fusion_max,deepcrack,0.6677247333671915,0.8007613247049867,1.0,0.6677247333671915,0.8007613247049866,oracle_gt_prompt_gt_alignment
deepcrack_0037,ablation_fusion_max,deepcrack,0.4914975174294461,0.6590658203394508,0.9878490175801448,0.4944870069365358,0.6590658203394508,oracle_gt_prompt_gt_alignment
deepcrack_0038,ablation_fusion_max,deepcrack,0.4618804178706379,0.6318990421164665,0.9854568447676256,0.4650503543453935,0.6318990421164664,oracle_gt_prompt_gt_alignment
deepcrack_0039,ablation_fusion_max,deepcrack,0.1979908012587751,0.3305380993756188,0.8183910346207725,0.207089505000633,0.3305380993756188,oracle_gt_prompt_gt_alignment
deepcrack_0040,ablation_fusion_max,deepcrack,0.6406282722513089,0.7809548123563952,0.6604058721934369,0.9553404122423486,0.7809548123563952,oracle_gt_prompt_gt_alignment
deepcrack_0041,ablation_fusion_max,deepcrack,0.6994891284032148,0.8231757611305607,0.9634444587462994,0.71856,0.8231757611305607,oracle_gt_prompt_gt_alignment
deepcrack_0042,ablation_fusion_max,deepcrack,0.3860137809705322,0.5570129045906494,0.9290099498976784,0.397746155472975,0.5570129045906496,oracle_gt_prompt_gt_alignment
deepcrack_0043,ablation_fusion_max,deepcrack,0.6188960428271721,0.7645902225399946,0.9565071556350626,0.6368170314128331,0.7645902225399945,oracle_gt_prompt_gt_alignment
deepcrack_0044,ablation_fusion_max,deepcrack,0.7766953600671845,0.8743146152391756,0.9622828009572364,0.8010827197921178,0.8743146152391756,oracle_gt_prompt_gt_alignment
deepcrack_0045,ablation_fusion_max,deepcrack,0.7967967967967968,0.886908077994429,0.8041757871695572,0.9886151935417098,0.8869080779944291,oracle_gt_prompt_gt_alignment
deepcrack_0046,ablation_fusion_max,deepcrack,0.5562228204597225,0.7148369926813041,0.5591756011241803,0.9905956112852664,0.7148369926813041,oracle_gt_prompt_gt_alignment
deepcrack_0047,ablation_fusion_max,deepcrack,0.5625316455696202,0.7200259235255995,0.584890760726507,0.9363674673409188,0.7200259235255995,oracle_gt_prompt_gt_alignment
deepcrack_0048,ablation_fusion_max,deepcrack,0.5271056661562021,0.6903329322101885,0.528670899037477,0.9944144838212636,0.6903329322101887,oracle_gt_prompt_gt_alignment
deepcrack_0049,ablation_fusion_max,deepcrack,0.7458501208702659,0.8544262900396935,0.7531326281529699,0.9872013651877132,0.8544262900396935,oracle_gt_prompt_gt_alignment
deepcrack_0050,ablation_fusion_max,deepcrack,0.7065450643776824,0.8280414963847846,0.7122769064359114,0.9887387387387389,0.8280414963847847,oracle_gt_prompt_gt_alignment
deepcrack_0051,ablation_fusion_max,deepcrack,0.4487366882438922,0.6194868838281926,0.4507130872483221,0.9903225806451612,0.6194868838281925,oracle_gt_prompt_gt_alignment
deepcrack_0052,ablation_fusion_max,deepcrack,0.7444545730780918,0.8535098414910295,0.7469512195121951,0.995530272247054,0.8535098414910295,oracle_gt_prompt_gt_alignment
deepcrack_0053,ablation_fusion_max,deepcrack,0.7834858081163499,0.878600552413521,0.7924080664294187,0.9858323494687132,0.878600552413521,oracle_gt_prompt_gt_alignment
deepcrack_0054,ablation_fusion_max,deepcrack,0.7505837401825515,0.8575239481023402,0.7645405405405405,0.9762562120375484,0.8575239481023403,oracle_gt_prompt_gt_alignment
deepcrack_0055,ablation_fusion_max,deepcrack,0.7704244031830239,0.8703273653457188,0.9002712127082526,0.84231131733488,0.8703273653457188,oracle_gt_prompt_gt_alignment
deepcrack_0056,ablation_fusion_max,deepcrack,0.5220541902961563,0.6859863382322501,0.6054073803434418,0.791308500477555,0.6859863382322501,oracle_gt_prompt_gt_alignment
deepcrack_0057,ablation_fusion_max,deepcrack,0.5220531338663915,0.6859854261989493,0.5603543743078627,0.8842289209261687,0.6859854261989493,oracle_gt_prompt_gt_alignment
deepcrack_0058,ablation_fusion_max,deepcrack,0.366683595733875,0.5366034931252323,0.371973209685729,0.9626666666666668,0.5366034931252323,oracle_gt_prompt_gt_alignment
deepcrack_0059,ablation_fusion_max,deepcrack,0.8085071168487256,0.8941154937311248,0.894852537094706,0.8933796634967082,0.8941154937311248,oracle_gt_prompt_gt_alignment
deepcrack_0060,ablation_fusion_max,deepcrack,0.744726416104508,0.8536884742850129,0.9503962831374692,0.7748440285204992,0.8536884742850129,oracle_gt_prompt_gt_alignment
deepcrack_0061,ablation_fusion_max,deepcrack,0.8224527150701647,0.9025778372949448,0.921520371889527,0.88439837291694,0.9025778372949448,oracle_gt_prompt_gt_alignment
deepcrack_0062,ablation_fusion_max,deepcrack,0.4551171605789111,0.6255402285240661,0.4705410821643286,0.9328153968394104,0.6255402285240661,oracle_gt_prompt_gt_alignment
deepcrack_0063,ablation_fusion_max,deepcrack,0.7321981424148607,0.8453976764968723,0.857292759706191,0.8338281684913713,0.8453976764968723,oracle_gt_prompt_gt_alignment
deepcrack_0064,ablation_fusion_max,deepcrack,0.6737196180555556,0.8050567260940032,0.7828773168578994,0.8285294902588738,0.8050567260940032,oracle_gt_prompt_gt_alignment
deepcrack_0065,ablation_fusion_max,deepcrack,0.5912801484230056,0.7431502856476624,0.7698997463461771,0.7181971830985916,0.7431502856476623,oracle_gt_prompt_gt_alignment
deepcrack_0066,ablation_fusion_max,deepcrack,0.5493726132024004,0.7091549295774648,0.7255043227665706,0.6935261707988981,0.7091549295774647,oracle_gt_prompt_gt_alignment
deepcrack_0067,ablation_fusion_max,deepcrack,0.7292524233169566,0.8434308531060432,0.7516080470781442,0.960811756473058,0.8434308531060432,oracle_gt_prompt_gt_alignment
deepcrack_0068,ablation_fusion_max,deepcrack,0.6319425255595469,0.7744666440907552,0.6345726970033296,0.9934839270199828,0.7744666440907552,oracle_gt_prompt_gt_alignment
deepcrack_0069,ablation_fusion_max,deepcrack,0.5642857142857143,0.7214611872146118,0.5700651769087524,0.98235058162856,0.7214611872146118,oracle_gt_prompt_gt_alignment
deepcrack_0070,ablation_fusion_max,deepcrack,0.6534756097560975,0.7904266696168455,0.6648263027295286,0.9745385105028644,0.7904266696168455,oracle_gt_prompt_gt_alignment
deepcrack_0071,ablation_fusion_max,deepcrack,0.6574028004833321,0.7932927352260056,0.6622511814406415,0.9889863130881096,0.7932927352260056,oracle_gt_prompt_gt_alignment
deepcrack_0072,ablation_fusion_max,deepcrack,0.5791070654529692,0.7334614328849849,0.5805810777253538,0.9956350473757052,0.7334614328849849,oracle_gt_prompt_gt_alignment
deepcrack_0073,ablation_fusion_max,deepcrack,0.4958737703835743,0.6629887898314061,0.497878828052499,0.9919440042260962,0.6629887898314061,oracle_gt_prompt_gt_alignment
deepcrack_0074,ablation_fusion_max,deepcrack,0.6851437270529238,0.8131576150494207,0.6937794704388829,0.9821566110397946,0.8131576150494207,oracle_gt_prompt_gt_alignment
deepcrack_0075,ablation_fusion_max,deepcrack,0.5635231870525989,0.7208376463094195,0.5641201395812563,0.9981256890848952,0.7208376463094195,oracle_gt_prompt_gt_alignment
deepcrack_0076,ablation_fusion_max,deepcrack,0.7363366509516326,0.8481496379726469,0.7445925664341838,0.9851652844293892,0.8481496379726469,oracle_gt_prompt_gt_alignment
deepcrack_0077,ablation_fusion_max,deepcrack,0.5260271137327952,0.689407296894073,0.526790340967976,0.997253286246812,0.6894072968940729,oracle_gt_prompt_gt_alignment
deepcrack_0078,ablation_fusion_max,deepcrack,0.540447504302926,0.7016759776536313,0.5426892499135845,0.9924146649810368,0.7016759776536312,oracle_gt_prompt_gt_alignment
deepcrack_0079,ablation_fusion_max,deepcrack,0.7626756261453879,0.865361289204644,0.7817783343769568,0.9689561505626698,0.8653612892046438,oracle_gt_prompt_gt_alignment
deepcrack_0080,ablation_fusion_max,deepcrack,0.7523584905660378,0.8586810228802153,0.834593023255814,0.8842008007391439,0.8586810228802153,oracle_gt_prompt_gt_alignment
deepcrack_0081,ablation_fusion_max,deepcrack,0.8346133044889129,0.9098520134426036,0.921973951487633,0.8980446927374302,0.9098520134426036,oracle_gt_prompt_gt_alignment
deepcrack_0082,ablation_fusion_max,deepcrack,0.734599030950262,0.8469957815528446,0.9644294430741268,0.7550564081715622,0.8469957815528445,oracle_gt_prompt_gt_alignment
deepcrack_0083,ablation_fusion_max,deepcrack,0.7688221473082031,0.8693040716142073,0.8928698540752165,0.8469502588341211,0.8693040716142073,oracle_gt_prompt_gt_alignment
deepcrack_0084,ablation_fusion_max,deepcrack,0.8675853804673457,0.929098492139878,0.9022743794786582,0.9575664058194644,0.929098492139878,oracle_gt_prompt_gt_alignment
deepcrack_0085,ablation_fusion_max,deepcrack,0.7957069451350903,0.8862325194997,0.9438655131734172,0.8352327098738582,0.8862325194996999,oracle_gt_prompt_gt_alignment
deepcrack_0086,ablation_fusion_max,deepcrack,0.8167330677290837,0.8991228070175439,0.9407985314364388,0.8609827803443931,0.8991228070175439,oracle_gt_prompt_gt_alignment
deepcrack_0087,ablation_fusion_max,deepcrack,0.7756138865368332,0.8736289938006676,0.8625235404896422,0.885024154589372,0.8736289938006676,oracle_gt_prompt_gt_alignment
deepcrack_0088,ablation_fusion_max,deepcrack,0.8292610250297974,0.906662322853885,0.9298362846642164,0.8846153846153846,0.906662322853885,oracle_gt_prompt_gt_alignment
deepcrack_0089,ablation_fusion_max,deepcrack,0.6315189048239895,0.7741484367196084,0.7496614432191914,0.8002891367203635,0.7741484367196083,oracle_gt_prompt_gt_alignment
deepcrack_0090,ablation_fusion_max,deepcrack,0.2382306786975284,0.3847920792079208,0.2404831443987921,0.9621707268766092,0.3847920792079208,oracle_gt_prompt_gt_alignment
deepcrack_0091,ablation_fusion_max,deepcrack,0.7395824078187472,0.850298789519383,0.9552444342437456,0.7661297745052922,0.850298789519383,oracle_gt_prompt_gt_alignment
deepcrack_0092,ablation_fusion_max,deepcrack,0.6686384282243583,0.8014179907577388,0.9561933534743202,0.6897678980058842,0.8014179907577387,oracle_gt_prompt_gt_alignment
deepcrack_0093,ablation_fusion_max,deepcrack,0.8435471554028255,0.9151348832392688,0.9701394225491272,0.8660329282634261,0.915134883239269,oracle_gt_prompt_gt_alignment
deepcrack_0094,ablation_fusion_max,deepcrack,0.7345750873108265,0.8469798657718121,0.9046594982078852,0.7962145110410095,0.8469798657718121,oracle_gt_prompt_gt_alignment
deepcrack_0095,ablation_fusion_max,deepcrack,0.6873321942885038,0.8146969477795458,0.8692699490662139,0.7665713896828638,0.8146969477795458,oracle_gt_prompt_gt_alignment
deepcrack_0096,ablation_fusion_max,deepcrack,0.8365170327921044,0.910982057727312,0.8867701653729329,0.936553199073249,0.910982057727312,oracle_gt_prompt_gt_alignment
deepcrack_0097,ablation_fusion_max,deepcrack,0.8133669609079445,0.8970792767732962,0.918628940372199,0.8765174850516398,0.8970792767732964,oracle_gt_prompt_gt_alignment
deepcrack_0098,ablation_fusion_max,deepcrack,0.1249984648449493,0.2222197962948811,0.1260745695528304,0.9360801986572244,0.2222197962948811,oracle_gt_prompt_gt_alignment
deepcrack_0099,ablation_fusion_max,deepcrack,0.8212277036798972,0.9018396788282526,0.8814246291824768,0.9232228344323006,0.9018396788282526,oracle_gt_prompt_gt_alignment
deepcrack_0100,ablation_fusion_max,deepcrack,0.8354076910802617,0.9103238426429036,0.8855717185385656,0.9364994186566497,0.9103238426429036,oracle_gt_prompt_gt_alignment
deepcrack_0101,ablation_fusion_max,deepcrack,0.5853298153034301,0.7384328606617402,0.5937901498929337,0.9762365780672416,0.7384328606617402,oracle_gt_prompt_gt_alignment
deepcrack_0102,ablation_fusion_max,deepcrack,0.6652802722374516,0.7990009649770109,0.6694568629316084,0.9907094594594594,0.7990009649770108,oracle_gt_prompt_gt_alignment
deepcrack_0103,ablation_fusion_max,deepcrack,0.8892199051086837,0.9413619904216796,0.9325387641749596,0.9503537735849056,0.9413619904216798,oracle_gt_prompt_gt_alignment
deepcrack_0104,ablation_fusion_max,deepcrack,0.9357074314958952,0.9667860093638116,0.9848501851644036,0.9493725659887494,0.9667860093638116,oracle_gt_prompt_gt_alignment
deepcrack_0105,ablation_fusion_max,deepcrack,0.8899221671889215,0.9417553618227524,0.9954771596562642,0.8935349639703644,0.9417553618227524,oracle_gt_prompt_gt_alignment
deepcrack_0106,ablation_fusion_max,deepcrack,0.90818013811886,0.9518809256804976,0.9908733948848562,0.9158410985777342,0.9518809256804974,oracle_gt_prompt_gt_alignment
deepcrack_0107,ablation_fusion_max,deepcrack,0.6321976149914821,0.7746581776432523,0.6440472058313086,0.97172034564022,0.7746581776432523,oracle_gt_prompt_gt_alignment
deepcrack_0108,ablation_fusion_max,deepcrack,0.5718633750422726,0.7276247848537005,0.5755616065350578,0.9888888888888888,0.7276247848537005,oracle_gt_prompt_gt_alignment
deepcrack_0109,ablation_fusion_max,deepcrack,0.8136091674272387,0.8972265712368598,1.0,0.8136091674272387,0.8972265712368598,oracle_gt_prompt_gt_alignment
deepcrack_0110,ablation_fusion_max,deepcrack,0.7922471725946566,0.8840824911975856,1.0,0.7922471725946566,0.8840824911975856,oracle_gt_prompt_gt_alignment
deepcrack_0111,ablation_fusion_max,deepcrack,0.781532232949237,0.8773708591906302,0.97960378647409,0.7944598337950138,0.8773708591906302,oracle_gt_prompt_gt_alignment
deepcrack_0112,ablation_fusion_max,deepcrack,0.7048239491236233,0.826858338640706,0.9810017271157168,0.7145777637993396,0.8268583386407061,oracle_gt_prompt_gt_alignment
deepcrack_0113,ablation_fusion_max,deepcrack,0.8886107634543179,0.9410205434062292,0.91636551368095,0.9670389539634976,0.9410205434062292,oracle_gt_prompt_gt_alignment
deepcrack_0114,ablation_fusion_max,deepcrack,0.8698805109188298,0.930412939050725,0.8921568627450981,0.972096878165577,0.930412939050725,oracle_gt_prompt_gt_alignment
deepcrack_0115,ablation_fusion_max,deepcrack,0.8414634146341463,0.913907284768212,0.9201394150628884,0.9077590073254596,0.9139072847682118,oracle_gt_prompt_gt_alignment
deepcrack_0116,ablation_fusion_max,deepcrack,0.8134140191628845,0.8971078976640712,0.8532134355990478,0.9457637056581648,0.8971078976640712,oracle_gt_prompt_gt_alignment
deepcrack_0117,ablation_fusion_max,deepcrack,0.7834830627215034,0.878598826193447,0.8421332388377037,0.9183653753260554,0.878598826193447,oracle_gt_prompt_gt_alignment
deepcrack_0118,ablation_fusion_max,deepcrack,0.5298956026573869,0.6927212572373863,0.6127675141759649,0.7966706302021404,0.6927212572373863,oracle_gt_prompt_gt_alignment
deepcrack_0119,ablation_fusion_max,deepcrack,0.8218034351145038,0.9021867225350269,0.8985393844548775,0.9058637917433604,0.902186722535027,oracle_gt_prompt_gt_alignment
deepcrack_0120,ablation_fusion_max,deepcrack,0.7257041734257484,0.8410528114852162,0.9323607427055703,0.7660336239103362,0.8410528114852163,oracle_gt_prompt_gt_alignment
deepcrack_0121,ablation_fusion_max,deepcrack,0.7788094843309568,0.8756524981357197,0.963684858432499,0.8023573624871883,0.8756524981357197,oracle_gt_prompt_gt_alignment
deepcrack_0122,ablation_fusion_max,deepcrack,0.7895781637717122,0.8824181919023849,0.9300014613473624,0.839467088774568,0.8824181919023849,oracle_gt_prompt_gt_alignment
deepcrack_0123,ablation_fusion_max,deepcrack,0.8016182491713785,0.8898869108814458,0.9069151869416564,0.8734862970044615,0.8898869108814459,oracle_gt_prompt_gt_alignment
deepcrack_0124,ablation_fusion_max,deepcrack,0.6837865055387714,0.812200956937799,0.6899404848308899,0.9871235721703012,0.812200956937799,oracle_gt_prompt_gt_alignment
deepcrack_0125,ablation_fusion_max,deepcrack,0.7236863120907203,0.839696071163825,0.7514096185737977,0.9514909701805964,0.839696071163825,oracle_gt_prompt_gt_alignment
deepcrack_0126,ablation_fusion_max,deepcrack,0.8312432432432433,0.9078457996339808,0.9489078119215104,0.8701901312811227,0.9078457996339808,oracle_gt_prompt_gt_alignment
deepcrack_0127,ablation_fusion_max,deepcrack,0.8368757560048384,0.9111947318908749,0.9529712711530892,0.8729271809661139,0.9111947318908749,oracle_gt_prompt_gt_alignment
deepcrack_0128,ablation_fusion_max,deepcrack,0.8136685194542699,0.8972626593299435,0.973107720199426,0.8323856293615921,0.8972626593299435,oracle_gt_prompt_gt_alignment
deepcrack_0129,ablation_fusion_max,deepcrack,0.7914221218961626,0.8835685483870968,0.9475675675675675,0.82766761095373,0.8835685483870968,oracle_gt_prompt_gt_alignment
deepcrack_0130,ablation_fusion_max,deepcrack,0.860956937799043,0.9252841055175606,0.980278927870996,0.876132047911189,0.9252841055175606,oracle_gt_prompt_gt_alignment
deepcrack_0131,ablation_fusion_max,deepcrack,0.8504615920571329,0.9191885913305408,0.9963269054178144,0.8531364668879958,0.9191885913305408,oracle_gt_prompt_gt_alignment
deepcrack_0132,ablation_fusion_max,deepcrack,0.8170954356846473,0.8993423456339057,0.8707110010611956,0.9299206649036644,0.8993423456339057,oracle_gt_prompt_gt_alignment
deepcrack_0133,ablation_fusion_max,deepcrack,0.7859715639810426,0.880161341683473,0.7993059572006941,0.9792158715162966,0.8801613416834732,oracle_gt_prompt_gt_alignment
deepcrack_0134,ablation_fusion_max,deepcrack,0.3837285470981265,0.5546298049611816,0.3880498145204027,0.9717982747179827,0.5546298049611816,oracle_gt_prompt_gt_alignment
deepcrack_0135,ablation_fusion_max,deepcrack,0.4922799794132784,0.6597689256768409,0.4968831168831168,0.9815289892252436,0.6597689256768408,oracle_gt_prompt_gt_alignment
deepcrack_0136,ablation_fusion_max,deepcrack,0.7773665320771647,0.8747396983656213,0.9140181986021364,0.8386979670861568,0.8747396983656213,oracle_gt_prompt_gt_alignment
deepcrack_0137,ablation_fusion_max,deepcrack,0.4796472184531886,0.6483264557542412,0.4919544228929285,0.9504284994118636,0.6483264557542412,oracle_gt_prompt_gt_alignment
deepcrack_0138,ablation_fusion_max,deepcrack,0.6689419795221843,0.8016359918200409,0.6958579881656805,0.945337620578778,0.801635991820041,oracle_gt_prompt_gt_alignment
deepcrack_0139,ablation_fusion_max,deepcrack,0.7313368983957219,0.8448233259204349,0.8432605746701196,0.846391880183191,0.8448233259204349,oracle_gt_prompt_gt_alignment
deepcrack_0140,ablation_fusion_max,deepcrack,0.7477513491904857,0.855672461116194,0.7845234350424661,0.9410137089674256,0.8556724611161939,oracle_gt_prompt_gt_alignment
deepcrack_0141,ablation_fusion_max,deepcrack,0.7273328192133965,0.8421455449964921,0.7302289569737861,0.994576679722808,0.8421455449964922,oracle_gt_prompt_gt_alignment
deepcrack_0142,ablation_fusion_max,deepcrack,0.751008434176751,0.8578010471204188,0.76266137040715,0.9800606157281864,0.8578010471204188,oracle_gt_prompt_gt_alignment
deepcrack_0143,ablation_fusion_max,deepcrack,0.5948965977318212,0.7460002091393914,0.5992943548387096,0.987815009692606,0.7460002091393914,oracle_gt_prompt_gt_alignment
deepcrack_0144,ablation_fusion_max,deepcrack,0.4886058981233244,0.6564610535794687,0.5004576659038902,0.9537723506323592,0.6564610535794687,oracle_gt_prompt_gt_alignment
deepcrack_0145,ablation_fusion_max,deepcrack,0.5679442508710801,0.7244444444444444,0.5904974223213042,0.9369887242980324,0.7244444444444444,oracle_gt_prompt_gt_alignment
deepcrack_0146,ablation_fusion_max,deepcrack,0.6581160639192599,0.7938118184123764,0.6590861233943989,0.9977685686962066,0.7938118184123764,oracle_gt_prompt_gt_alignment
deepcrack_0147,ablation_fusion_max,deepcrack,0.8176686794434235,0.8996894634216798,0.9626023798485552,0.8444956616052061,0.8996894634216798,oracle_gt_prompt_gt_alignment
deepcrack_0148,ablation_fusion_max,deepcrack,0.6982431149097815,0.822312316510555,0.7045999041686631,0.9872440416247062,0.822312316510555,oracle_gt_prompt_gt_alignment
deepcrack_0149,ablation_fusion_max,deepcrack,0.7895218485472432,0.8823830222449501,0.8131479736098021,0.9645053102291784,0.8823830222449501,oracle_gt_prompt_gt_alignment
deepcrack_0150,ablation_fusion_max,deepcrack,0.6898201102214828,0.8164420651036859,0.7362930077691454,0.9161717994752108,0.8164420651036861,oracle_gt_prompt_gt_alignment
deepcrack_0151,ablation_fusion_max,deepcrack,0.711859527921704,0.8316798385740709,0.7566161847942481,0.9232779540787754,0.8316798385740709,oracle_gt_prompt_gt_alignment
deepcrack_0152,ablation_fusion_max,deepcrack,0.6995622382946327,0.8232263844560166,0.8704558910597987,0.7808582961546633,0.8232263844560166,oracle_gt_prompt_gt_alignment
deepcrack_0153,ablation_fusion_max,deepcrack,0.7724050365040737,0.8715897558354725,0.8984615384615384,0.8462786923255274,0.8715897558354725,oracle_gt_prompt_gt_alignment
deepcrack_0154,ablation_fusion_max,deepcrack,0.7894918769443484,0.882364303650763,0.8508630324102818,0.9162877774806096,0.8823643036507629,oracle_gt_prompt_gt_alignment
deepcrack_0155,ablation_fusion_max,deepcrack,0.8168159491476452,0.8991730279898219,0.848057597120144,0.9568454899306144,0.8991730279898219,oracle_gt_prompt_gt_alignment
deepcrack_0156,ablation_fusion_max,deepcrack,0.7798053527980535,0.8762816131237184,0.7855392156862745,0.990726429675425,0.8762816131237183,oracle_gt_prompt_gt_alignment
deepcrack_0157,ablation_fusion_max,deepcrack,0.5875098105168741,0.7401652659086093,0.7281823235130628,0.7525491885681459,0.7401652659086093,oracle_gt_prompt_gt_alignment
deepcrack_0158,ablation_fusion_max,deepcrack,0.7511884183232498,0.8579184403726325,0.90451411473917,0.8158882891340061,0.8579184403726324,oracle_gt_prompt_gt_alignment
deepcrack_0159,ablation_fusion_max,deepcrack,0.7115789473684211,0.8314883148831488,0.7149656266525648,0.9933872152828802,0.8314883148831489,oracle_gt_prompt_gt_alignment
deepcrack_0160,ablation_fusion_max,deepcrack,0.9322164714428404,0.9649192885171174,0.9895421686746988,0.941492044568756,0.9649192885171174,oracle_gt_prompt_gt_alignment
deepcrack_0161,ablation_fusion_max,deepcrack,0.9538349426124976,0.9763720791451428,0.9992747261136772,0.9544957339750602,0.976372079145143,oracle_gt_prompt_gt_alignment
deepcrack_0162,ablation_fusion_max,deepcrack,0.8717554738517258,0.9314843589668416,0.9930922389272654,0.8770738440303658,0.9314843589668416,oracle_gt_prompt_gt_alignment
deepcrack_0163,ablation_fusion_max,deepcrack,0.9357798165137616,0.966824644549763,0.9979597514606324,0.9375735133957744,0.966824644549763,oracle_gt_prompt_gt_alignment
deepcrack_0164,ablation_fusion_max,deepcrack,0.9419808306709264,0.9701237167675704,0.9925267622702484,0.948709698178776,0.9701237167675704,oracle_gt_prompt_gt_alignment
deepcrack_0165,ablation_fusion_max,deepcrack,0.8628518660043306,0.9263773268833012,0.9577957654377718,0.8969546507778882,0.9263773268833012,oracle_gt_prompt_gt_alignment
deepcrack_0166,ablation_fusion_max,deepcrack,0.9687054167241936,0.9841039786806304,0.9987189219965836,0.969910607317298,0.9841039786806304,oracle_gt_prompt_gt_alignment
deepcrack_0167,ablation_fusion_max,deepcrack,0.9307939165620204,0.964156670039023,0.9962168350838768,0.934095682613769,0.964156670039023,oracle_gt_prompt_gt_alignment
deepcrack_0168,ablation_fusion_max,deepcrack,0.6908557046979866,0.8171669560903002,0.7265108072342302,0.9336734693877552,0.8171669560903,oracle_gt_prompt_gt_alignment
deepcrack_0169,ablation_fusion_max,deepcrack,0.7078938958133589,0.8289670658682635,0.9703208848976016,0.7235606369946918,0.8289670658682635,oracle_gt_prompt_gt_alignment
deepcrack_0170,ablation_fusion_max,deepcrack,0.7453435840532615,0.8540938195358976,0.9582229468106788,0.7703776521667896,0.8540938195358976,oracle_gt_prompt_gt_alignment
deepcrack_0171,ablation_fusion_max,deepcrack,0.7357490057445868,0.8477596741344195,0.7641119779715466,0.9519725557461408,0.8477596741344197,oracle_gt_prompt_gt_alignment
deepcrack_0172,ablation_fusion_max,deepcrack,0.6145755071374907,0.7612843182875756,0.6274209012464046,0.9677610174504584,0.7612843182875756,oracle_gt_prompt_gt_alignment
deepcrack_0173,ablation_fusion_max,deepcrack,0.5460582954126184,0.7063877177631056,0.5689390056381343,0.9314033983637507,0.7063877177631054,oracle_gt_prompt_gt_alignment
deepcrack_0174,ablation_fusion_max,deepcrack,0.4529190207156309,0.6234607906675308,0.4532035175879397,0.9986159169550172,0.6234607906675308,oracle_gt_prompt_gt_alignment
deepcrack_0175,ablation_fusion_max,deepcrack,0.2502380196762932,0.4003046071836527,0.2502380196762932,1.0,0.4003046071836527,oracle_gt_prompt_gt_alignment
deepcrack_0176,ablation_fusion_max,deepcrack,0.3268275372604684,0.4926450922706606,0.3286937901498929,0.982924226254002,0.4926450922706605,oracle_gt_prompt_gt_alignment
deepcrack_0177,ablation_fusion_max,deepcrack,0.3824561403508772,0.5532994923857868,0.3844398340248963,0.9866879659211928,0.5532994923857868,oracle_gt_prompt_gt_alignment
deepcrack_0178,ablation_fusion_max,deepcrack,0.8369279326670174,0.911225658648339,0.849802371541502,0.9822200271638474,0.9112256586483388,oracle_gt_prompt_gt_alignment
deepcrack_0179,ablation_fusion_max,deepcrack,0.2934744515315062,0.4537769589248943,0.2968661372660238,0.962528735632184,0.4537769589248943,oracle_gt_prompt_gt_alignment
deepcrack_0180,ablation_fusion_max,deepcrack,0.9083206604388442,0.9519581056466302,0.935870173475098,0.9686088265956214,0.9519581056466302,oracle_gt_prompt_gt_alignment
deepcrack_0181,ablation_fusion_max,deepcrack,0.7648054145516074,0.8667305848513902,0.7839660820967431,0.9690328727965698,0.8667305848513903,oracle_gt_prompt_gt_alignment
deepcrack_0182,ablation_fusion_max,deepcrack,0.7825696316262354,0.8780241935483871,0.7916742410470824,0.9855170853134192,0.8780241935483871,oracle_gt_prompt_gt_alignment
deepcrack_0183,ablation_fusion_max,deepcrack,0.72448555393889,0.8402338335442656,0.7452426769296557,0.9629783119215362,0.8402338335442657,oracle_gt_prompt_gt_alignment
deepcrack_0184,ablation_fusion_max,deepcrack,0.7374885426214483,0.8489132728423718,0.7703944848716967,0.9452537593984962,0.848913272842372,oracle_gt_prompt_gt_alignment
deepcrack_0185,ablation_fusion_max,deepcrack,0.7372326494980358,0.8487437185929648,0.8073613766730402,0.8945974576271186,0.8487437185929648,oracle_gt_prompt_gt_alignment
deepcrack_0186,ablation_fusion_max,deepcrack,0.7762848820821197,0.874054482941021,0.8391224862888482,0.912021194392317,0.874054482941021,oracle_gt_prompt_gt_alignment
deepcrack_0187,ablation_fusion_max,deepcrack,0.8298446266724212,0.9070110265935492,0.947751078250154,0.8696291270918136,0.907011026593549,oracle_gt_prompt_gt_alignment
deepcrack_0188,ablation_fusion_max,deepcrack,0.8276847162706142,0.9057193605683836,0.8988859117190805,0.9126575028636884,0.9057193605683836,oracle_gt_prompt_gt_alignment
deepcrack_0189,ablation_fusion_max,deepcrack,0.76038632531044,0.8638857441435165,0.8614102118791247,0.8663755458515284,0.8638857441435164,oracle_gt_prompt_gt_alignment
deepcrack_0190,ablation_fusion_max,deepcrack,0.7791790873652832,0.8758860677922413,0.814770411221676,0.9469137522641772,0.8758860677922413,oracle_gt_prompt_gt_alignment
deepcrack_0191,ablation_fusion_max,deepcrack,0.7102721685689201,0.8305954825462012,0.7152961980548187,0.9902080783353732,0.8305954825462012,oracle_gt_prompt_gt_alignment
deepcrack_0192,ablation_fusion_max,deepcrack,0.4733025708635465,0.6425055928411633,0.4754966887417218,0.9903448275862068,0.6425055928411633,oracle_gt_prompt_gt_alignment
deepcrack_0193,ablation_fusion_max,deepcrack,0.6962894248608534,0.82095592256371,0.7609489051094891,0.8912372358109713,0.82095592256371,oracle_gt_prompt_gt_alignment
deepcrack_0194,ablation_fusion_max,deepcrack,0.7911654135338346,0.8834085423444223,0.8223915592028136,0.9542053956019044,0.8834085423444222,oracle_gt_prompt_gt_alignment
deepcrack_0195,ablation_fusion_max,deepcrack,0.6219273439199478,0.7668991416309013,0.6223334784501524,0.99895178197065,0.7668991416309013,oracle_gt_prompt_gt_alignment
deepcrack_0196,ablation_fusion_max,deepcrack,0.7153785798352295,0.8340766152086907,0.7296918767507002,0.973311982919669,0.8340766152086906,oracle_gt_prompt_gt_alignment
deepcrack_0197,ablation_fusion_max,deepcrack,0.7195099313161314,0.8368779013278635,0.726522961574508,0.9867617107942972,0.8368779013278635,oracle_gt_prompt_gt_alignment
deepcrack_0198,ablation_fusion_max,deepcrack,0.5833183695456994,0.7368301672809753,0.6628239134870435,0.8294395506191753,0.7368301672809754,oracle_gt_prompt_gt_alignment
deepcrack_0199,ablation_fusion_max,deepcrack,0.6530612244897959,0.7901234567901234,0.7819889127729381,0.7984290169804782,0.7901234567901235,oracle_gt_prompt_gt_alignment
deepcrack_0200,ablation_fusion_max,deepcrack,0.702014742014742,0.8249220464256842,0.780655737704918,0.8745102840352595,0.8249220464256842,oracle_gt_prompt_gt_alignment
deepcrack_0201,ablation_fusion_max,deepcrack,0.6314110233708223,0.7740673739793673,0.696647012232685,0.8708470847084708,0.7740673739793672,oracle_gt_prompt_gt_alignment
deepcrack_0202,ablation_fusion_max,deepcrack,0.6406138472519629,0.7809440939743311,0.8036114012833906,0.7595204513399154,0.7809440939743312,oracle_gt_prompt_gt_alignment
deepcrack_0203,ablation_fusion_max,deepcrack,0.6126435653283597,0.759800340881422,0.7325117370892019,0.7892008093070308,0.759800340881422,oracle_gt_prompt_gt_alignment
deepcrack_0204,ablation_fusion_max,deepcrack,0.606823883592574,0.7553085186110418,0.7566316316316316,0.7539900249376559,0.7553085186110418,oracle_gt_prompt_gt_alignment
deepcrack_0205,ablation_fusion_max,deepcrack,0.5636382888606523,0.7209318074084107,0.6358098423315814,0.8323690383111806,0.7209318074084107,oracle_gt_prompt_gt_alignment
deepcrack_0206,ablation_fusion_max,deepcrack,0.5418344127428671,0.7028438440143043,0.5628181818181818,0.9356203717696842,0.7028438440143043,oracle_gt_prompt_gt_alignment
deepcrack_0207,ablation_fusion_max,deepcrack,0.4724743604856772,0.6417420542790809,0.4738148717342475,0.9940476190476192,0.641742054279081,oracle_gt_prompt_gt_alignment
deepcrack_0208,ablation_fusion_max,deepcrack,0.4893764434180138,0.6571561482400372,0.4914762843557926,0.991345029239766,0.6571561482400372,oracle_gt_prompt_gt_alignment
deepcrack_0209,ablation_fusion_max,deepcrack,0.4223370146063412,0.5938634940513463,0.4281328999638858,0.9689415610952188,0.5938634940513462,oracle_gt_prompt_gt_alignment
deepcrack_0210,ablation_fusion_max,deepcrack,0.395626423690205,0.5669517529542338,0.4089282350725183,0.9240263885933178,0.5669517529542338,oracle_gt_prompt_gt_alignment
deepcrack_0211,ablation_fusion_max,deepcrack,0.5852580839526009,0.7383757760040542,0.7071099247755399,0.7725344644750796,0.7383757760040544,oracle_gt_prompt_gt_alignment
deepcrack_0212,ablation_fusion_max,deepcrack,0.279424361829707,0.4367970005356186,0.281692573402418,0.971990464839094,0.4367970005356186,oracle_gt_prompt_gt_alignment
deepcrack_0213,ablation_fusion_max,deepcrack,0.5949455459368891,0.7460386938632584,0.6268020005884084,0.9212972972972971,0.7460386938632584,oracle_gt_prompt_gt_alignment
deepcrack_0214,ablation_fusion_max,deepcrack,0.4902081537135115,0.6579056120340524,0.501007049345418,0.9578820697954272,0.6579056120340524,oracle_gt_prompt_gt_alignment
deepcrack_0215,ablation_fusion_max,deepcrack,0.6617336152219874,0.7964376590330788,0.7349574405635456,0.8691426587990281,0.7964376590330788,oracle_gt_prompt_gt_alignment
deepcrack_0216,ablation_fusion_max,deepcrack,0.7008642765685019,0.8241272231109438,0.7479077711357813,0.9176445934618608,0.8241272231109438,oracle_gt_prompt_gt_alignment
deepcrack_0217,ablation_fusion_max,deepcrack,0.6784041350347279,0.8083918775863729,0.6815968841285297,0.9931425868999764,0.8083918775863728,oracle_gt_prompt_gt_alignment
deepcrack_0218,ablation_fusion_max,deepcrack,0.683719281663516,0.8121535330853975,0.7047004383828543,0.9582712369597616,0.8121535330853976,oracle_gt_prompt_gt_alignment
deepcrack_0219,ablation_fusion_max,deepcrack,0.4871469949312093,0.6551430310407791,0.5067796610169492,0.9263339070567986,0.6551430310407791,oracle_gt_prompt_gt_alignment
deepcrack_0220,ablation_fusion_max,deepcrack,0.6276633734079277,0.7712446979669446,0.6333933933933934,0.9857917367732286,0.7712446979669445,oracle_gt_prompt_gt_alignment
deepcrack_0221,ablation_fusion_max,deepcrack,0.7290145985401459,0.8432717678100264,0.7577050734945472,0.9506246281975016,0.8432717678100264,oracle_gt_prompt_gt_alignment
deepcrack_0222,ablation_fusion_max,deepcrack,0.7043586164107337,0.826538041499818,0.71287284144427,0.983326115201386,0.826538041499818,oracle_gt_prompt_gt_alignment
deepcrack_0223,ablation_fusion_max,deepcrack,0.645728911165618,0.7847330222913427,0.6533232628398792,0.9823166774821545,0.7847330222913427,oracle_gt_prompt_gt_alignment
deepcrack_0224,ablation_fusion_max,deepcrack,0.6396257697773567,0.7802094618996027,0.6720169217369665,0.9299242424242424,0.7802094618996027,oracle_gt_prompt_gt_alignment
deepcrack_0225,ablation_fusion_max,deepcrack,0.2150096525096525,0.353922542204568,0.2512690355329949,0.5983881799865681,0.353922542204568,oracle_gt_prompt_gt_alignment
deepcrack_0226,ablation_fusion_max,deepcrack,0.3914831130690162,0.5626846770789362,0.4096496619545175,0.8982479784366577,0.5626846770789362,oracle_gt_prompt_gt_alignment
deepcrack_0227,ablation_fusion_max,deepcrack,0.7716555946333203,0.8711124182045438,0.7773258102611206,0.9906354515050168,0.8711124182045439,oracle_gt_prompt_gt_alignment
deepcrack_0228,ablation_fusion_max,deepcrack,0.7021693976459727,0.8250288116059928,0.7097037555400046,0.9851060385300308,0.8250288116059928,oracle_gt_prompt_gt_alignment
deepcrack_0229,ablation_fusion_max,deepcrack,0.7612249597052728,0.8644267224473787,0.7668754349338901,0.9904134212103056,0.8644267224473788,oracle_gt_prompt_gt_alignment
deepcrack_0230,ablation_fusion_max,deepcrack,0.9235986012503974,0.9602820470445655,0.944209728090131,0.9769110065007846,0.9602820470445655,oracle_gt_prompt_gt_alignment
deepcrack_0231,ablation_fusion_max,deepcrack,0.7978056426332288,0.8875326939843069,0.8118022328548644,0.9788461538461538,0.8875326939843068,oracle_gt_prompt_gt_alignment
deepcrack_0232,ablation_fusion_max,deepcrack,0.6458513396715644,0.7848234212944729,0.6479514415781487,0.9950066577896138,0.7848234212944728,oracle_gt_prompt_gt_alignment
deepcrack_0233,ablation_fusion_max,deepcrack,0.8765489611478617,0.9342137927610348,0.9356539035305818,0.9327781082688876,0.9342137927610348,oracle_gt_prompt_gt_alignment
deepcrack_0234,ablation_fusion_max,deepcrack,0.8725668596636339,0.9319473482729174,0.9924114142364376,0.8784278894193405,0.9319473482729174,oracle_gt_prompt_gt_alignment
deepcrack_0235,ablation_fusion_max,deepcrack,0.9227456258411844,0.9598208035839284,0.9884089729542702,0.932839882442582,0.9598208035839284,oracle_gt_prompt_gt_alignment
deepcrack_0236,ablation_fusion_max,deepcrack,0.8207410901158506,0.9015461831134136,0.9978496165149452,0.8221953164220536,0.9015461831134136,oracle_gt_prompt_gt_alignment
deepcrack_0000,ablation_fusion_mean,deepcrack,0.5890388413429888,0.7413775245986536,0.6093989443214711,0.9463246959280804,0.7413775245986535,oracle_gt_prompt_gt_alignment
deepcrack_0001,ablation_fusion_mean,deepcrack,0.6766640563821457,0.8071552005978235,0.709616490104295,0.935780810049816,0.8071552005978235,oracle_gt_prompt_gt_alignment
deepcrack_0002,ablation_fusion_mean,deepcrack,0.7058549825513765,0.8275673955539392,0.7277524586231711,0.9591148577449948,0.8275673955539392,oracle_gt_prompt_gt_alignment
deepcrack_0003,ablation_fusion_mean,deepcrack,0.5452089849303383,0.7056766951881498,0.5957281553398058,0.8653954642897439,0.7056766951881498,oracle_gt_prompt_gt_alignment
deepcrack_0004,ablation_fusion_mean,deepcrack,0.6481802426343154,0.786540483701367,0.8411764705882353,0.7385690414704542,0.786540483701367,oracle_gt_prompt_gt_alignment
deepcrack_0005,ablation_fusion_mean,deepcrack,0.6776315789473685,0.807843137254902,0.7586402266288952,0.8638709677419355,0.807843137254902,oracle_gt_prompt_gt_alignment
deepcrack_0006,ablation_fusion_mean,deepcrack,0.5661697036628014,0.7229991773416382,0.7442535688361964,0.7029250457038391,0.7229991773416383,oracle_gt_prompt_gt_alignment
deepcrack_0007,ablation_fusion_mean,deepcrack,0.7205907031381105,0.8376085048278553,0.8596596596596596,0.8166603271205781,0.8376085048278552,oracle_gt_prompt_gt_alignment
deepcrack_0008,ablation_fusion_mean,deepcrack,0.7430841671571513,0.8526084754347459,0.9046936581870296,0.8061941251596424,0.8526084754347459,oracle_gt_prompt_gt_alignment
deepcrack_0009,ablation_fusion_mean,deepcrack,0.6574553828439839,0.7933310177144842,0.7862306368330465,0.8005608131791097,0.7933310177144842,oracle_gt_prompt_gt_alignment
deepcrack_0010,ablation_fusion_mean,deepcrack,0.5389432485322896,0.7004069175991862,0.8325272067714631,0.6044776119402985,0.7004069175991862,oracle_gt_prompt_gt_alignment
deepcrack_0011,ablation_fusion_mean,deepcrack,0.7285589899869395,0.8429668807454981,0.7957679505468378,0.8961178045515394,0.842966880745498,oracle_gt_prompt_gt_alignment
deepcrack_0012,ablation_fusion_mean,deepcrack,0.5208435507601765,0.6849403418252177,0.976551724137931,0.5274397814750434,0.6849403418252177,oracle_gt_prompt_gt_alignment
deepcrack_0013,ablation_fusion_mean,deepcrack,0.5847105984949715,0.7379399103537034,0.9398598236491068,0.6074377146197122,0.7379399103537034,oracle_gt_prompt_gt_alignment
deepcrack_0014,ablation_fusion_mean,deepcrack,0.3481374321880651,0.5164717244339522,0.556737998843262,0.4816371460022015,0.5164717244339522,oracle_gt_prompt_gt_alignment
deepcrack_0015,ablation_fusion_mean,deepcrack,0.4343555822810182,0.6056456120737842,0.9739325842696628,0.4394646116406408,0.6056456120737842,oracle_gt_prompt_gt_alignment
deepcrack_0016,ablation_fusion_mean,deepcrack,0.3344409487786772,0.5012450331125827,0.5689116055321708,0.4479640151515151,0.5012450331125827,oracle_gt_prompt_gt_alignment
deepcrack_0017,ablation_fusion_mean,deepcrack,0.2433082591927908,0.3913884708700593,0.8960765011953312,0.2503732809430255,0.3913884708700592,oracle_gt_prompt_gt_alignment
deepcrack_0018,ablation_fusion_mean,deepcrack,0.4953255788672682,0.6624986369088728,0.828831286948613,0.5517679825623638,0.6624986369088728,oracle_gt_prompt_gt_alignment
deepcrack_0019,ablation_fusion_mean,deepcrack,0.433511303912572,0.604824395495679,0.9765103824109744,0.4380795818580341,0.604824395495679,oracle_gt_prompt_gt_alignment
deepcrack_0020,ablation_fusion_mean,deepcrack,0.6179308050565535,0.7638531921455741,0.9501278772378516,0.6386453498366855,0.7638531921455741,oracle_gt_prompt_gt_alignment
deepcrack_0021,ablation_fusion_mean,deepcrack,0.7129646754207509,0.8324335996545023,0.9336401065633324,0.7510227936879018,0.8324335996545024,oracle_gt_prompt_gt_alignment
deepcrack_0022,ablation_fusion_mean,deepcrack,0.532191646512844,0.6946802610810119,0.9710196779964222,0.5407810839532412,0.6946802610810118,oracle_gt_prompt_gt_alignment
deepcrack_0023,ablation_fusion_mean,deepcrack,0.6599244547337638,0.7951258900389048,0.935002157962883,0.6916544281974332,0.7951258900389048,oracle_gt_prompt_gt_alignment
deepcrack_0024,ablation_fusion_mean,deepcrack,0.4819549873485151,0.650431344356578,0.9283057586251122,0.500587869147244,0.650431344356578,oracle_gt_prompt_gt_alignment
deepcrack_0025,ablation_fusion_mean,deepcrack,0.6778876834716018,0.8080251022154606,0.7676603432700994,0.8528703331995182,0.8080251022154606,oracle_gt_prompt_gt_alignment
deepcrack_0026,ablation_fusion_mean,deepcrack,0.6344947735191637,0.7763803027073118,0.911867801702554,0.6759465478841871,0.7763803027073118,oracle_gt_prompt_gt_alignment
deepcrack_0027,ablation_fusion_mean,deepcrack,0.4775613886536833,0.6464183381088825,0.4792522305622433,0.992666471105896,0.6464183381088825,oracle_gt_prompt_gt_alignment
deepcrack_0028,ablation_fusion_mean,deepcrack,0.5678891134854173,0.724399587446589,0.6880554194947869,0.7647973866376293,0.724399587446589,oracle_gt_prompt_gt_alignment
deepcrack_0029,ablation_fusion_mean,deepcrack,0.6385459103729239,0.7794055770187048,0.9912434325744308,0.6421682949889694,0.7794055770187047,oracle_gt_prompt_gt_alignment
deepcrack_0030,ablation_fusion_mean,deepcrack,0.6075825979889186,0.7558959629806925,0.9999155690645052,0.6076137704581602,0.7558959629806925,oracle_gt_prompt_gt_alignment
deepcrack_0031,ablation_fusion_mean,deepcrack,0.8825828061034611,0.9376297321340318,0.9989469250210616,0.8834047308623579,0.937629732134032,oracle_gt_prompt_gt_alignment
deepcrack_0032,ablation_fusion_mean,deepcrack,0.6278072682727643,0.7713533174463816,0.6641468682505399,0.9198324857912056,0.7713533174463815,oracle_gt_prompt_gt_alignment
deepcrack_0033,ablation_fusion_mean,deepcrack,0.8013497144834747,0.8897214217098943,0.8500367107195301,0.93329302700524,0.8897214217098944,oracle_gt_prompt_gt_alignment
deepcrack_0034,ablation_fusion_mean,deepcrack,0.7453857075248462,0.85412147505423,0.7661748013620885,0.964876454972432,0.85412147505423,oracle_gt_prompt_gt_alignment
deepcrack_0035,ablation_fusion_mean,deepcrack,0.5977011494252874,0.7482014388489209,0.6852559205500381,0.8238805970149253,0.7482014388489208,oracle_gt_prompt_gt_alignment
deepcrack_0036,ablation_fusion_mean,deepcrack,0.6668359573387507,0.8001218769043267,1.0,0.6668359573387507,0.8001218769043266,oracle_gt_prompt_gt_alignment
deepcrack_0037,ablation_fusion_mean,deepcrack,0.4886807985182136,0.6565286514135619,0.9877287853577372,0.4916658039134486,0.6565286514135619,oracle_gt_prompt_gt_alignment
deepcrack_0038,ablation_fusion_mean,deepcrack,0.4506601806810285,0.6213173652694611,0.9957773512476008,0.4515230635335074,0.6213173652694611,oracle_gt_prompt_gt_alignment
deepcrack_0039,ablation_fusion_mean,deepcrack,0.1979325538044399,0.3304569246003678,0.8185822987585102,0.2070135460184833,0.3304569246003678,oracle_gt_prompt_gt_alignment
deepcrack_0040,ablation_fusion_mean,deepcrack,0.6638028487451956,0.7979345019703764,0.7062785662737551,0.9169269206745784,0.7979345019703763,oracle_gt_prompt_gt_alignment
deepcrack_0041,ablation_fusion_mean,deepcrack,0.6761755485893417,0.8068075556386759,0.9707470747074708,0.69024,0.8068075556386758,oracle_gt_prompt_gt_alignment
deepcrack_0042,ablation_fusion_mean,deepcrack,0.3855739627620583,0.5565548619193736,0.9289347273241028,0.3972929695761201,0.5565548619193735,oracle_gt_prompt_gt_alignment
deepcrack_0043,ablation_fusion_mean,deepcrack,0.6192680457109793,0.7648740396641057,0.9562206834934108,0.637338097364895,0.7648740396641056,oracle_gt_prompt_gt_alignment
deepcrack_0044,ablation_fusion_mean,deepcrack,0.7302060275838583,0.8440682970033951,0.977101845522898,0.7429190125595496,0.8440682970033953,oracle_gt_prompt_gt_alignment
deepcrack_0045,ablation_fusion_mean,deepcrack,0.8286219081272085,0.9062801932367148,0.8497916289182823,0.9708134961705652,0.906280193236715,oracle_gt_prompt_gt_alignment
deepcrack_0046,ablation_fusion_mean,deepcrack,0.662829798241076,0.7972310803453372,0.6894000538068334,0.9450488659413608,0.7972310803453372,oracle_gt_prompt_gt_alignment
deepcrack_0047,ablation_fusion_mean,deepcrack,0.5171728640363327,0.6817586529466791,0.6130551816958277,0.7678044669195112,0.6817586529466791,oracle_gt_prompt_gt_alignment
deepcrack_0048,ablation_fusion_mean,deepcrack,0.6212828704841484,0.7664089737759587,0.6318420394901275,0.9738058551617874,0.7664089737759588,oracle_gt_prompt_gt_alignment
deepcrack_0049,ablation_fusion_mean,deepcrack,0.8161579892280072,0.8987742190589165,0.8375092114959469,0.9697098976109216,0.8987742190589166,oracle_gt_prompt_gt_alignment
deepcrack_0050,ablation_fusion_mean,deepcrack,0.7614908662345315,0.8645981433469934,0.7797556192487555,0.9701576576576576,0.8645981433469934,oracle_gt_prompt_gt_alignment
deepcrack_0051,ablation_fusion_mean,deepcrack,0.5356600910470409,0.6976284584980237,0.5427985648385444,0.976036866359447,0.6976284584980239,oracle_gt_prompt_gt_alignment
deepcrack_0052,ablation_fusion_mean,deepcrack,0.7988789976920541,0.8881964809384164,0.8090150250417363,0.9845591223080048,0.8881964809384164,oracle_gt_prompt_gt_alignment
deepcrack_0053,ablation_fusion_mean,deepcrack,0.8231801755291688,0.9030157157015432,0.8677551020408163,0.9412632821723732,0.9030157157015432,oracle_gt_prompt_gt_alignment
deepcrack_0054,ablation_fusion_mean,deepcrack,0.8207113476893297,0.9015282392026578,0.8690750704586215,0.9364991717283268,0.9015282392026578,oracle_gt_prompt_gt_alignment
deepcrack_0055,ablation_fusion_mean,deepcrack,0.7143635868083946,0.8333863275039746,0.9223189935779008,0.7600957007177553,0.8333863275039746,oracle_gt_prompt_gt_alignment
deepcrack_0056,ablation_fusion_mean,deepcrack,0.5216384121301464,0.6856272922289115,0.6064389766189252,0.7886023559375995,0.6856272922289115,oracle_gt_prompt_gt_alignment
deepcrack_0057,ablation_fusion_mean,deepcrack,0.5239575239575239,0.6876274643099932,0.5627260083449235,0.8837920489296636,0.6876274643099931,oracle_gt_prompt_gt_alignment
deepcrack_0058,ablation_fusion_mean,deepcrack,0.3666921313980137,0.5366126327557295,0.3723816912335143,0.96,0.5366126327557295,oracle_gt_prompt_gt_alignment
deepcrack_0059,ablation_fusion_mean,deepcrack,0.8096900544959128,0.8948383757587164,0.9216826596878938,0.8695135332845647,0.8948383757587164,oracle_gt_prompt_gt_alignment
deepcrack_0060,ablation_fusion_mean,deepcrack,0.7457173447537473,0.8543391597669426,0.9503342884431708,0.7759581105169341,0.8543391597669426,oracle_gt_prompt_gt_alignment
deepcrack_0061,ablation_fusion_mean,deepcrack,0.7785391079508727,0.875481573017373,0.9814211212516296,0.7901850150898833,0.8754815730173731,oracle_gt_prompt_gt_alignment
deepcrack_0062,ablation_fusion_mean,deepcrack,0.7102082196053966,0.8305517555859553,0.8589078562670942,0.8040081221859274,0.8305517555859553,oracle_gt_prompt_gt_alignment
deepcrack_0063,ablation_fusion_mean,deepcrack,0.7313335507010108,0.8448210922787194,0.857579812655324,0.8324364446093895,0.8448210922787194,oracle_gt_prompt_gt_alignment
deepcrack_0064,ablation_fusion_mean,deepcrack,0.6557528245330874,0.7920902381283944,0.8281887012230634,0.7590072057646117,0.7920902381283943,oracle_gt_prompt_gt_alignment
deepcrack_0065,ablation_fusion_mean,deepcrack,0.5858042994810971,0.7388103307233843,0.7673261318121131,0.712338028169014,0.7388103307233842,oracle_gt_prompt_gt_alignment
deepcrack_0066,ablation_fusion_mean,deepcrack,0.5536404817147277,0.7127008960318589,0.736695089679506,0.6902203856749312,0.7127008960318589,oracle_gt_prompt_gt_alignment
deepcrack_0067,ablation_fusion_mean,deepcrack,0.7741609527246481,0.8727065619787641,0.8157274317438589,0.9382435269419174,0.8727065619787641,oracle_gt_prompt_gt_alignment
deepcrack_0068,ablation_fusion_mean,deepcrack,0.6731714583643676,0.8046652421652422,0.681804465902233,0.981537793223284,0.804665242165242,oracle_gt_prompt_gt_alignment
deepcrack_0069,ablation_fusion_mean,deepcrack,0.5623707787732598,0.7198941332157036,0.5682451253481894,0.9819494584837544,0.7198941332157035,oracle_gt_prompt_gt_alignment
deepcrack_0070,ablation_fusion_mean,deepcrack,0.7453188894468756,0.8540776060506412,0.779311379491411,0.9447121942347914,0.8540776060506413,oracle_gt_prompt_gt_alignment
deepcrack_0071,ablation_fusion_mean,deepcrack,0.738110964332893,0.8493254797643929,0.764102564102564,0.955945252352438,0.849325479764393,oracle_gt_prompt_gt_alignment
deepcrack_0072,ablation_fusion_mean,deepcrack,0.7032958629655119,0.8258058723175002,0.7139973604533809,0.9791333972106888,0.8258058723175002,oracle_gt_prompt_gt_alignment
deepcrack_0073,ablation_fusion_mean,deepcrack,0.5197720236419927,0.6840131487568869,0.5266272189349113,0.975567881669308,0.6840131487568869,oracle_gt_prompt_gt_alignment
deepcrack_0074,ablation_fusion_mean,deepcrack,0.7476253702379736,0.8555899713634504,0.7853234631477309,0.9396662387676508,0.8555899713634505,oracle_gt_prompt_gt_alignment
deepcrack_0075,ablation_fusion_mean,deepcrack,0.6336383944656626,0.7757388619320689,0.6465441176470588,0.9694597574421168,0.7757388619320688,oracle_gt_prompt_gt_alignment
deepcrack_0076,ablation_fusion_mean,deepcrack,0.752410127038472,0.8587146529562982,0.7669207457066765,0.9754701553556828,0.8587146529562982,oracle_gt_prompt_gt_alignment
deepcrack_0077,ablation_fusion_mean,deepcrack,0.5924294726818236,0.7440574076842578,0.6010143702451395,0.9764567392583872,0.7440574076842577,oracle_gt_prompt_gt_alignment
deepcrack_0078,ablation_fusion_mean,deepcrack,0.6026541764246682,0.7520701412566975,0.6117274167987322,0.9759797724399494,0.7520701412566975,oracle_gt_prompt_gt_alignment
deepcrack_0079,ablation_fusion_mean,deepcrack,0.7387836490528414,0.8497706422018348,0.8372881355932204,0.8626309662398137,0.849770642201835,oracle_gt_prompt_gt_alignment
deepcrack_0080,ablation_fusion_mean,deepcrack,0.7331506849315068,0.84603224786595,0.8691133484897694,0.8241453649522636,0.84603224786595,oracle_gt_prompt_gt_alignment
deepcrack_0081,ablation_fusion_mean,deepcrack,0.8157983952989039,0.898556136420214,0.9656233279828784,0.8402001862197392,0.898556136420214,oracle_gt_prompt_gt_alignment
deepcrack_0082,ablation_fusion_mean,deepcrack,0.7343023830712944,0.846798563202007,0.9644155844155844,0.7547514991360911,0.846798563202007,oracle_gt_prompt_gt_alignment
deepcrack_0083,ablation_fusion_mean,deepcrack,0.7324347272341328,0.8455553513447283,0.927927927927928,0.7766148998424488,0.8455553513447283,oracle_gt_prompt_gt_alignment
deepcrack_0084,ablation_fusion_mean,deepcrack,0.8674924534193817,0.9290452037233152,0.93978349120433,0.91854954259892,0.9290452037233152,oracle_gt_prompt_gt_alignment
deepcrack_0085,ablation_fusion_mean,deepcrack,0.7591854051760712,0.8631101678564538,0.9686045252787702,0.7783384080034798,0.8631101678564538,oracle_gt_prompt_gt_alignment
deepcrack_0086,ablation_fusion_mean,deepcrack,0.8161354581673307,0.8987605572008336,0.9407577497129735,0.8603527929441411,0.8987605572008335,oracle_gt_prompt_gt_alignment
deepcrack_0087,ablation_fusion_mean,deepcrack,0.7655749377002492,0.8672245186006654,0.906618887015177,0.8311111111111111,0.8672245186006653,oracle_gt_prompt_gt_alignment
deepcrack_0088,ablation_fusion_mean,deepcrack,0.7982937233394272,0.8878346323280244,0.9506531204644412,0.8328035600762873,0.8878346323280244,oracle_gt_prompt_gt_alignment
deepcrack_0089,ablation_fusion_mean,deepcrack,0.6309698451507743,0.7737357585448731,0.7496127033307514,0.7994630318050392,0.773735758544873,oracle_gt_prompt_gt_alignment
deepcrack_0090,ablation_fusion_mean,deepcrack,0.5961999315302978,0.7470241286863271,0.8145463049579046,0.6898395721925134,0.7470241286863271,oracle_gt_prompt_gt_alignment
deepcrack_0091,ablation_fusion_mean,deepcrack,0.6403365906623235,0.780738044017872,0.9742566079295154,0.6513575701794754,0.780738044017872,oracle_gt_prompt_gt_alignment
deepcrack_0092,ablation_fusion_mean,deepcrack,0.5615731785944552,0.7192402972749794,0.9759103641456582,0.569467146126185,0.7192402972749793,oracle_gt_prompt_gt_alignment
deepcrack_0093,ablation_fusion_mean,deepcrack,0.7709686803064094,0.8706745510293473,0.9864764267990076,0.779204233633869,0.8706745510293473,oracle_gt_prompt_gt_alignment
deepcrack_0094,ablation_fusion_mean,deepcrack,0.5919768702565956,0.743700340522134,0.928922495274102,0.6200630914826498,0.743700340522134,oracle_gt_prompt_gt_alignment
deepcrack_0095,ablation_fusion_mean,deepcrack,0.6410919912019666,0.7812992746767581,0.9284242083567548,0.674424935347761,0.7812992746767582,oracle_gt_prompt_gt_alignment
deepcrack_0096,ablation_fusion_mean,deepcrack,0.7972334962312598,0.8871785418010877,0.9187667048491792,0.8576902512921047,0.8871785418010877,oracle_gt_prompt_gt_alignment
deepcrack_0097,ablation_fusion_mean,deepcrack,0.7600104230000868,0.8636430933228051,0.948509485094851,0.792716071752129,0.863643093322805,oracle_gt_prompt_gt_alignment
deepcrack_0098,ablation_fusion_mean,deepcrack,0.774293858512568,0.8727910033591354,0.9271824575920564,0.8244274809160306,0.8727910033591354,oracle_gt_prompt_gt_alignment
deepcrack_0099,ablation_fusion_mean,deepcrack,0.7907053394858273,0.8831216639057611,0.9001031798142763,0.866769036220757,0.8831216639057612,oracle_gt_prompt_gt_alignment
deepcrack_0100,ablation_fusion_mean,deepcrack,0.7892502335059862,0.882213363705391,0.9397432008896976,0.8313209909668187,0.8822133637053909,oracle_gt_prompt_gt_alignment
deepcrack_0101,ablation_fusion_mean,deepcrack,0.6037293303623783,0.7529067641681901,0.6439829872404303,0.9061784897025172,0.7529067641681901,oracle_gt_prompt_gt_alignment
deepcrack_0102,ablation_fusion_mean,deepcrack,0.7497343879116988,0.85696936985562,0.822881575537704,0.8940033783783784,0.8569693698556201,oracle_gt_prompt_gt_alignment
deepcrack_0103,ablation_fusion_mean,deepcrack,0.8943310657596372,0.9442183385204692,0.9586776859504132,0.930188679245283,0.9442183385204692,oracle_gt_prompt_gt_alignment
deepcrack_0104,ablation_fusion_mean,deepcrack,0.924560651521646,0.9608017817371938,0.989903625516292,0.9333621808740804,0.9608017817371938,oracle_gt_prompt_gt_alignment
deepcrack_0105,ablation_fusion_mean,deepcrack,0.8589106400243433,0.9241010530910678,0.999291951852726,0.8594336750228356,0.9241010530910678,oracle_gt_prompt_gt_alignment
deepcrack_0106,ablation_fusion_mean,deepcrack,0.8963259722493648,0.9453290049981964,0.995766391663048,0.8997547817557626,0.9453290049981964,oracle_gt_prompt_gt_alignment
deepcrack_0107,ablation_fusion_mean,deepcrack,0.6771449704142012,0.807497243660419,0.6973909731479718,0.9588897617177272,0.807497243660419,oracle_gt_prompt_gt_alignment
deepcrack_0108,ablation_fusion_mean,deepcrack,0.6310018903591682,0.7737598516458044,0.640937019969278,0.9760233918128656,0.7737598516458044,oracle_gt_prompt_gt_alignment
deepcrack_0109,ablation_fusion_mean,deepcrack,0.7826792414562418,0.8780931793617385,1.0,0.7826792414562418,0.8780931793617385,oracle_gt_prompt_gt_alignment
deepcrack_0110,ablation_fusion_mean,deepcrack,0.7578265858056057,0.8622313394563849,1.0,0.7578265858056057,0.862231339456385,oracle_gt_prompt_gt_alignment
deepcrack_0111,ablation_fusion_mean,deepcrack,0.6174618170366871,0.7634947675833537,0.9915297092288242,0.6207360506529481,0.7634947675833534,oracle_gt_prompt_gt_alignment
deepcrack_0112,ablation_fusion_mean,deepcrack,0.6593742648788521,0.7947263963708534,0.9958550450023684,0.6611888661739267,0.7947263963708535,oracle_gt_prompt_gt_alignment
deepcrack_0113,ablation_fusion_mean,deepcrack,0.874345100060122,0.9329606378591394,0.9417206290471786,0.924362117497503,0.9329606378591394,oracle_gt_prompt_gt_alignment
deepcrack_0114,ablation_fusion_mean,deepcrack,0.8821214713430282,0.9373693300609036,0.9254240330252176,0.949627037480431,0.9373693300609036,oracle_gt_prompt_gt_alignment
deepcrack_0115,ablation_fusion_mean,deepcrack,0.8405228758169935,0.9133522727272728,0.9672405147919104,0.8651517416654209,0.9133522727272728,oracle_gt_prompt_gt_alignment
deepcrack_0116,ablation_fusion_mean,deepcrack,0.8123578975524943,0.8964652055198878,0.902660127805023,0.8903547346819115,0.8964652055198878,oracle_gt_prompt_gt_alignment
deepcrack_0117,ablation_fusion_mean,deepcrack,0.8163012729844413,0.8988610921833934,0.9057381069151544,0.8920877209931407,0.8988610921833933,oracle_gt_prompt_gt_alignment
deepcrack_0118,ablation_fusion_mean,deepcrack,0.5297656744775174,0.6926102256261644,0.6131574124977094,0.7957193816884661,0.6926102256261644,oracle_gt_prompt_gt_alignment
deepcrack_0119,ablation_fusion_mean,deepcrack,0.8106567534076827,0.8954284150013687,0.9337710533828149,0.860110439127005,0.8954284150013686,oracle_gt_prompt_gt_alignment
deepcrack_0120,ablation_fusion_mean,deepcrack,0.7252617608022416,0.8407556201384734,0.9323222748815164,0.7655666251556662,0.8407556201384732,oracle_gt_prompt_gt_alignment
deepcrack_0121,ablation_fusion_mean,deepcrack,0.7796019900497513,0.87615320100643,0.9639122411318434,0.8030406559617356,0.87615320100643,oracle_gt_prompt_gt_alignment
deepcrack_0122,ablation_fusion_mean,deepcrack,0.7896042674606129,0.8824344932760294,0.9298758217677136,0.8395989974937343,0.8824344932760294,oracle_gt_prompt_gt_alignment
deepcrack_0123,ablation_fusion_mean,deepcrack,0.7759834368530021,0.8738633714152483,0.96822526478946,0.7962608880390907,0.8738633714152483,oracle_gt_prompt_gt_alignment
deepcrack_0124,ablation_fusion_mean,deepcrack,0.8057387274995544,0.8924200552704303,0.8502915177731803,0.9389408099688472,0.8924200552704302,oracle_gt_prompt_gt_alignment
deepcrack_0125,ablation_fusion_mean,deepcrack,0.7699256110520722,0.8700090063044131,0.8310074555534315,0.9128517429651408,0.870009006304413,oracle_gt_prompt_gt_alignment
deepcrack_0126,ablation_fusion_mean,deepcrack,0.8066585554695277,0.892983959838374,0.9726593758335556,0.8253734721593481,0.892983959838374,oracle_gt_prompt_gt_alignment
deepcrack_0127,ablation_fusion_mean,deepcrack,0.7854974102518307,0.8798639591877563,0.9885367498314228,0.7927180966113915,0.8798639591877564,oracle_gt_prompt_gt_alignment
deepcrack_0128,ablation_fusion_mean,deepcrack,0.7599897540983607,0.8636297482171446,0.9883411059293804,0.7668648229516671,0.8636297482171446,oracle_gt_prompt_gt_alignment
deepcrack_0129,ablation_fusion_mean,deepcrack,0.7618677042801556,0.8648409893992933,0.9857027788964962,0.7703808624488511,0.8648409893992931,oracle_gt_prompt_gt_alignment
deepcrack_0130,ablation_fusion_mean,deepcrack,0.8374336710082007,0.9115253347335258,0.9890610756608932,0.8452624403544649,0.9115253347335258,oracle_gt_prompt_gt_alignment
deepcrack_0131,ablation_fusion_mean,deepcrack,0.6608733624454148,0.795814271441342,0.9994716682076344,0.6611043159182247,0.795814271441342,oracle_gt_prompt_gt_alignment
deepcrack_0132,ablation_fusion_mean,deepcrack,0.7967420814479638,0.8868741815251334,0.9501402978631556,0.831507366830374,0.8868741815251334,oracle_gt_prompt_gt_alignment
deepcrack_0133,ablation_fusion_mean,deepcrack,0.846412791920892,0.9168185961713764,0.8857331571994715,0.9501653282947568,0.9168185961713764,oracle_gt_prompt_gt_alignment
deepcrack_0134,ablation_fusion_mean,deepcrack,0.4037422037422037,0.5752369668246445,0.4094742760753443,0.9664897146648972,0.5752369668246446,oracle_gt_prompt_gt_alignment
deepcrack_0135,ablation_fusion_mean,deepcrack,0.5294781382228491,0.6923644411656216,0.540454938093867,0.9630579784504876,0.6923644411656216,oracle_gt_prompt_gt_alignment
deepcrack_0136,ablation_fusion_mean,deepcrack,0.738574473123372,0.8496322527921547,0.9716510903426792,0.754840271055179,0.8496322527921547,oracle_gt_prompt_gt_alignment
deepcrack_0137,ablation_fusion_mean,deepcrack,0.4802106335994564,0.6488409456047739,0.4926374488106648,0.9500924214417744,0.6488409456047739,oracle_gt_prompt_gt_alignment
deepcrack_0138,ablation_fusion_mean,deepcrack,0.6678043230944255,0.800818553888131,0.6954976303317536,0.9437299035369776,0.8008185538881311,oracle_gt_prompt_gt_alignment
deepcrack_0139,ablation_fusion_mean,deepcrack,0.720425343376163,0.837496780839557,0.8726687240037568,0.80505012996658,0.837496780839557,oracle_gt_prompt_gt_alignment
deepcrack_0140,ablation_fusion_mean,deepcrack,0.7473768362146498,0.8554271989019787,0.784373361300472,0.9406363979373664,0.8554271989019787,oracle_gt_prompt_gt_alignment
deepcrack_0141,ablation_fusion_mean,deepcrack,0.7717429889953852,0.8711681025846524,0.7824835032993401,0.9825248568846038,0.8711681025846524,oracle_gt_prompt_gt_alignment
deepcrack_0142,ablation_fusion_mean,deepcrack,0.751131221719457,0.8578811369509044,0.7629813664596273,0.9797415855798371,0.8578811369509044,oracle_gt_prompt_gt_alignment
deepcrack_0143,ablation_fusion_mean,deepcrack,0.6850409426802476,0.8130852198648809,0.7107335267302114,0.9498753807809472,0.8130852198648808,oracle_gt_prompt_gt_alignment
deepcrack_0144,ablation_fusion_mean,deepcrack,0.5302657480314961,0.6930374658305194,0.5489047376464595,0.9398168338421282,0.6930374658305193,oracle_gt_prompt_gt_alignment
deepcrack_0145,ablation_fusion_mean,deepcrack,0.5679624664879357,0.724459263058904,0.5906049623640925,0.9367676321025868,0.7244592630589041,oracle_gt_prompt_gt_alignment
deepcrack_0146,ablation_fusion_mean,deepcrack,0.7711480362537765,0.8707889125799574,0.7857875833760903,0.976410583359898,0.8707889125799574,oracle_gt_prompt_gt_alignment
deepcrack_0147,ablation_fusion_mean,deepcrack,0.7872594558725946,0.880968292864038,0.9738959120013134,0.8042299349240781,0.880968292864038,oracle_gt_prompt_gt_alignment
deepcrack_0148,ablation_fusion_mean,deepcrack,0.7491059147180192,0.8565586662472475,0.8058597218111867,0.914065122524337,0.8565586662472475,oracle_gt_prompt_gt_alignment
deepcrack_0149,ablation_fusion_mean,deepcrack,0.8125,0.896551724137931,0.8717001055966209,0.922861934041364,0.896551724137931,oracle_gt_prompt_gt_alignment
deepcrack_0150,ablation_fusion_mean,deepcrack,0.6889489551928475,0.8158315893142928,0.7359244863964464,0.9152050821709709,0.8158315893142927,oracle_gt_prompt_gt_alignment
deepcrack_0151,ablation_fusion_mean,deepcrack,0.7251787132644957,0.8406998158379374,0.8295475195347992,0.8521560574948666,0.8406998158379374,oracle_gt_prompt_gt_alignment
deepcrack_0152,ablation_fusion_mean,deepcrack,0.6997239935281241,0.8233383728092278,0.870574304322084,0.78096452092628,0.8233383728092278,oracle_gt_prompt_gt_alignment
deepcrack_0153,ablation_fusion_mean,deepcrack,0.6858006042296072,0.8136200716845878,0.9082595027150614,0.7368421052631579,0.8136200716845878,oracle_gt_prompt_gt_alignment
deepcrack_0154,ablation_fusion_mean,deepcrack,0.6853593825373855,0.813309481216458,0.874711405263968,0.7599625568333779,0.8133094812164579,oracle_gt_prompt_gt_alignment
deepcrack_0155,ablation_fusion_mean,deepcrack,0.798051948051948,0.8876850848681834,0.9514224888716856,0.8319512607886275,0.8876850848681834,oracle_gt_prompt_gt_alignment
deepcrack_0156,ablation_fusion_mean,deepcrack,0.826463391680783,0.9049876339653752,0.8485024154589372,0.969529697504968,0.9049876339653752,oracle_gt_prompt_gt_alignment
deepcrack_0157,ablation_fusion_mean,deepcrack,0.5858472580464281,0.7388444947316314,0.7277793257174701,0.7502513284503806,0.7388444947316314,oracle_gt_prompt_gt_alignment
deepcrack_0158,ablation_fusion_mean,deepcrack,0.7514051015996541,0.8580597383362133,0.9049726633689144,0.8157709457873739,0.8580597383362133,oracle_gt_prompt_gt_alignment
deepcrack_0159,ablation_fusion_mean,deepcrack,0.7478737478737478,0.8557525951557093,0.7661181026137464,0.9691403379867743,0.8557525951557092,oracle_gt_prompt_gt_alignment
deepcrack_0160,ablation_fusion_mean,deepcrack,0.9112104758862984,0.953542780748663,0.994621246077992,0.9157228667064056,0.953542780748663,oracle_gt_prompt_gt_alignment
deepcrack_0161,ablation_fusion_mean,deepcrack,0.9358530451579984,0.9668637270776068,0.9995717844908129,0.9362283964121636,0.9668637270776066,oracle_gt_prompt_gt_alignment
deepcrack_0162,ablation_fusion_mean,deepcrack,0.8176326170312543,0.899667632908895,0.9991235758106924,0.8182194616977225,0.8996676329088951,oracle_gt_prompt_gt_alignment
deepcrack_0163,ablation_fusion_mean,deepcrack,0.9200487189525424,0.9583597643860444,0.998395090866179,0.9214114571988672,0.9583597643860444,oracle_gt_prompt_gt_alignment
deepcrack_0164,ablation_fusion_mean,deepcrack,0.9151227642797616,0.9556805248711254,0.9958144401813742,0.9186562841881716,0.9556805248711254,oracle_gt_prompt_gt_alignment
deepcrack_0165,ablation_fusion_mean,deepcrack,0.8337123919682891,0.9093164180162302,0.9783437547658992,0.8493876199933796,0.9093164180162302,oracle_gt_prompt_gt_alignment
deepcrack_0166,ablation_fusion_mean,deepcrack,0.9252280475444578,0.9611620282849552,0.9998008662318912,0.9253985807759654,0.9611620282849552,oracle_gt_prompt_gt_alignment
deepcrack_0167,ablation_fusion_mean,deepcrack,0.6510098418769532,0.7886201830715335,0.9989979242717056,0.6514352392065345,0.7886201830715336,oracle_gt_prompt_gt_alignment
deepcrack_0168,ablation_fusion_mean,deepcrack,0.7246115739698266,0.8403185794490142,0.7789881384652626,0.9121315192743764,0.8403185794490142,oracle_gt_prompt_gt_alignment
deepcrack_0169,ablation_fusion_mean,deepcrack,0.6612695343966489,0.7961014401396499,0.9798281212699927,0.6703960800326664,0.7961014401396499,oracle_gt_prompt_gt_alignment
deepcrack_0170,ablation_fusion_mean,deepcrack,0.6841684647966115,0.8124703426022587,0.9654900191722116,0.7013189153764233,0.8124703426022587,oracle_gt_prompt_gt_alignment
deepcrack_0171,ablation_fusion_mean,deepcrack,0.7521526646497556,0.8585469517864258,0.8017861572810717,0.923956546598056,0.8585469517864259,oracle_gt_prompt_gt_alignment
deepcrack_0172,ablation_fusion_mean,deepcrack,0.6206480177098007,0.7659257419595182,0.6601027397260274,0.912156166814552,0.7659257419595183,oracle_gt_prompt_gt_alignment
deepcrack_0173,ablation_fusion_mean,deepcrack,0.5646982478909799,0.7217982747179827,0.5969268761146934,0.9127333752884412,0.7217982747179829,oracle_gt_prompt_gt_alignment
deepcrack_0174,ablation_fusion_mean,deepcrack,0.4896364254162419,0.6573905109489051,0.4903028240898264,0.9972318339100346,0.6573905109489051,oracle_gt_prompt_gt_alignment
deepcrack_0175,ablation_fusion_mean,deepcrack,0.3318471337579617,0.4983261597321856,0.3328364565587734,0.9911223842739378,0.4983261597321856,oracle_gt_prompt_gt_alignment
deepcrack_0176,ablation_fusion_mean,deepcrack,0.3260176991150442,0.4917245061398825,0.327874688501246,0.982924226254002,0.4917245061398825,oracle_gt_prompt_gt_alignment
deepcrack_0177,ablation_fusion_mean,deepcrack,0.4357329531955334,0.606983286447129,0.4403361344537815,0.9765708200212992,0.6069832864471288,oracle_gt_prompt_gt_alignment
deepcrack_0178,ablation_fusion_mean,deepcrack,0.856887897378695,0.922929056286418,0.8986897519887693,0.948512161995308,0.922929056286418,oracle_gt_prompt_gt_alignment
deepcrack_0179,ablation_fusion_mean,deepcrack,0.6521913147888734,0.7894864341085271,0.8343573988735279,0.7491954022988506,0.7894864341085273,oracle_gt_prompt_gt_alignment
deepcrack_0180,ablation_fusion_mean,deepcrack,0.9125138427464008,0.9542559351476548,0.954034965844622,0.9544770068342407,0.954255935147655,oracle_gt_prompt_gt_alignment
deepcrack_0181,ablation_fusion_mean,deepcrack,0.7835455435847208,0.8786381109280615,0.8151620134501733,0.952834683182468,0.8786381109280617,oracle_gt_prompt_gt_alignment
deepcrack_0182,ablation_fusion_mean,deepcrack,0.8559391697492807,0.922378474144613,0.903078924544666,0.9425209323376328,0.922378474144613,oracle_gt_prompt_gt_alignment
deepcrack_0183,ablation_fusion_mean,deepcrack,0.7687976539589443,0.8692884143510843,0.835969387755102,0.9053736703964635,0.8692884143510844,oracle_gt_prompt_gt_alignment
deepcrack_0184,ablation_fusion_mean,deepcrack,0.7457675480311965,0.8543721056932716,0.7966067255917911,0.9211701127819548,0.8543721056932716,oracle_gt_prompt_gt_alignment
deepcrack_0185,ablation_fusion_mean,deepcrack,0.7369142857142857,0.8485327016712725,0.8433167669369604,0.8538135593220338,0.8485327016712725,oracle_gt_prompt_gt_alignment
deepcrack_0186,ablation_fusion_mean,deepcrack,0.7795418006430869,0.8761151891586674,0.8967749393133742,0.8563859145601059,0.8761151891586674,oracle_gt_prompt_gt_alignment
deepcrack_0187,ablation_fusion_mean,deepcrack,0.7943246810382754,0.8853745249478975,0.9668005354752344,0.8165988240615106,0.8853745249478975,oracle_gt_prompt_gt_alignment
deepcrack_0188,ablation_fusion_mean,deepcrack,0.8248774672142005,0.9040360046457608,0.916813898704358,0.8916093928980527,0.9040360046457608,oracle_gt_prompt_gt_alignment
deepcrack_0189,ablation_fusion_mean,deepcrack,0.6958846403110823,0.820674500812076,0.9057359763812736,0.7502183406113537,0.8206745008120762,oracle_gt_prompt_gt_alignment
deepcrack_0190,ablation_fusion_mean,deepcrack,0.8125783011776497,0.896599391761128,0.889589905362776,0.9037202173610144,0.896599391761128,oracle_gt_prompt_gt_alignment
deepcrack_0191,ablation_fusion_mean,deepcrack,0.7949668874172185,0.8857733175914995,0.8554732041049031,0.9182986536107712,0.8857733175914995,oracle_gt_prompt_gt_alignment
deepcrack_0192,ablation_fusion_mean,deepcrack,0.711629125196438,0.831522570772762,0.747455295735901,0.936896551724138,0.8315225707727619,oracle_gt_prompt_gt_alignment
deepcrack_0193,ablation_fusion_mean,deepcrack,0.72751269035533,0.8422661024917725,0.833837561089132,0.8508667774875327,0.8422661024917725,oracle_gt_prompt_gt_alignment
deepcrack_0194,ablation_fusion_mean,deepcrack,0.8335368335368335,0.9092119866814652,0.8906283974777125,0.9285876218544548,0.909211986681465,oracle_gt_prompt_gt_alignment
deepcrack_0195,ablation_fusion_mean,deepcrack,0.6933071831331209,0.8188793977124657,0.6991347342398022,0.9881201956673656,0.8188793977124657,oracle_gt_prompt_gt_alignment
deepcrack_0196,ablation_fusion_mean,deepcrack,0.7520204168438962,0.8584607914542365,0.7873524827432643,0.9436882839605018,0.8584607914542365,oracle_gt_prompt_gt_alignment
deepcrack_0197,ablation_fusion_mean,deepcrack,0.7547428124388813,0.8602318323673651,0.7650674068199841,0.9824338085539714,0.8602318323673651,oracle_gt_prompt_gt_alignment
deepcrack_0198,ablation_fusion_mean,deepcrack,0.576555472263868,0.7314115898959881,0.6842749110320284,0.7855227882037533,0.7314115898959881,oracle_gt_prompt_gt_alignment
deepcrack_0199,ablation_fusion_mean,deepcrack,0.6515251676267825,0.7889981701738334,0.7812252293058544,0.7969273420353471,0.7889981701738334,oracle_gt_prompt_gt_alignment
deepcrack_0200,ablation_fusion_mean,deepcrack,0.6879624804585722,0.8151395406273154,0.8222471350274041,0.8081537708129285,0.8151395406273154,oracle_gt_prompt_gt_alignment
deepcrack_0201,ablation_fusion_mean,deepcrack,0.6315159256007025,0.7741461982581466,0.6971272470919986,0.8702970297029703,0.7741461982581466,oracle_gt_prompt_gt_alignment
deepcrack_0202,ablation_fusion_mean,deepcrack,0.623734601780705,0.7682716142116728,0.8217901333761851,0.7212976022566996,0.7682716142116728,oracle_gt_prompt_gt_alignment
deepcrack_0203,ablation_fusion_mean,deepcrack,0.6116791191506095,0.7590581920214713,0.7332076361065284,0.7867981790591806,0.7590581920214712,oracle_gt_prompt_gt_alignment
deepcrack_0204,ablation_fusion_mean,deepcrack,0.6056196688409433,0.754375,0.756265664160401,0.7524937655860349,0.754375,oracle_gt_prompt_gt_alignment
deepcrack_0205,ablation_fusion_mean,deepcrack,0.561345079501504,0.7190531892933324,0.6420496436470877,0.8170445660672401,0.7190531892933325,oracle_gt_prompt_gt_alignment
deepcrack_0206,ablation_fusion_mean,deepcrack,0.5441008018327605,0.7047477744807121,0.5962966837535307,0.8614175608281699,0.7047477744807121,oracle_gt_prompt_gt_alignment
deepcrack_0207,ablation_fusion_mean,deepcrack,0.5059156378600823,0.6719043552519214,0.5123730138056786,0.9756944444444444,0.6719043552519215,oracle_gt_prompt_gt_alignment
deepcrack_0208,ablation_fusion_mean,deepcrack,0.5495945945945946,0.7093398447719543,0.5654894327030033,0.951345029239766,0.7093398447719542,oracle_gt_prompt_gt_alignment
deepcrack_0209,ablation_fusion_mean,deepcrack,0.4227888730385164,0.5943100639177842,0.4285972523499638,0.9689415610952188,0.5943100639177842,oracle_gt_prompt_gt_alignment
deepcrack_0210,ablation_fusion_mean,deepcrack,0.3948493948493948,0.5661534446764092,0.4082227867155894,0.923387954884018,0.5661534446764092,oracle_gt_prompt_gt_alignment
deepcrack_0211,ablation_fusion_mean,deepcrack,0.5594092638174089,0.7174630506528914,0.781983109164842,0.662778366914104,0.7174630506528914,oracle_gt_prompt_gt_alignment
deepcrack_0212,ablation_fusion_mean,deepcrack,0.3378868729989328,0.5051052967453733,0.344880174291939,0.9433849821215732,0.5051052967453733,oracle_gt_prompt_gt_alignment
deepcrack_0213,ablation_fusion_mean,deepcrack,0.6014578994346921,0.7511379470506271,0.6584690553745929,0.8741621621621621,0.751137947050627,oracle_gt_prompt_gt_alignment
deepcrack_0214,ablation_fusion_mean,deepcrack,0.5669003797838154,0.7235946676610422,0.5905356055995131,0.9340553549939832,0.7235946676610424,oracle_gt_prompt_gt_alignment
deepcrack_0215,ablation_fusion_mean,deepcrack,0.6796216935126348,0.8092556748196376,0.8206638115631691,0.7981603609857688,0.8092556748196376,oracle_gt_prompt_gt_alignment
deepcrack_0216,ablation_fusion_mean,deepcrack,0.7003841229193342,0.8237951807228916,0.7477785372522214,0.9170159262363788,0.8237951807228915,oracle_gt_prompt_gt_alignment
deepcrack_0217,ablation_fusion_mean,deepcrack,0.7981613891726251,0.8877527834583049,0.8543625628690138,0.9238590683376684,0.887752783458305,oracle_gt_prompt_gt_alignment
deepcrack_0218,ablation_fusion_mean,deepcrack,0.7364,0.848191660907625,0.790807560137457,0.914555389965226,0.848191660907625,oracle_gt_prompt_gt_alignment
deepcrack_0219,ablation_fusion_mean,deepcrack,0.4855514055435423,0.6536985576286887,0.5309544282029235,0.8502581755593803,0.6536985576286886,oracle_gt_prompt_gt_alignment
deepcrack_0220,ablation_fusion_mean,deepcrack,0.6513866025072812,0.7888965570124991,0.6687467498699948,0.9616750794541036,0.7888965570124991,oracle_gt_prompt_gt_alignment
deepcrack_0221,ablation_fusion_mean,deepcrack,0.755192878338279,0.8605240912933221,0.8174518201284796,0.9083878643664486,0.860524091293322,oracle_gt_prompt_gt_alignment
deepcrack_0222,ablation_fusion_mean,deepcrack,0.7648681261851404,0.8667708536823598,0.7895017793594306,0.9608055435253356,0.8667708536823597,oracle_gt_prompt_gt_alignment
deepcrack_0223,ablation_fusion_mean,deepcrack,0.6919611097936922,0.8179397337070777,0.7199605230693313,0.9467878001297858,0.8179397337070777,oracle_gt_prompt_gt_alignment
deepcrack_0224,ablation_fusion_mean,deepcrack,0.712345850076209,0.8320116523709338,0.7848854961832061,0.8851584022038568,0.8320116523709339,oracle_gt_prompt_gt_alignment
deepcrack_0225,ablation_fusion_mean,deepcrack,0.2281388671365178,0.371519659936238,0.2717661691542288,0.5869711215580927,0.371519659936238,oracle_gt_prompt_gt_alignment
deepcrack_0226,ablation_fusion_mean,deepcrack,0.3726541554959786,0.54296875,0.4257274119448698,0.7493261455525606,0.5429687499999999,oracle_gt_prompt_gt_alignment
deepcrack_0227,ablation_fusion_mean,deepcrack,0.8195108237278605,0.9008034610630408,0.8371625502584722,0.9749163879598662,0.9008034610630408,oracle_gt_prompt_gt_alignment
deepcrack_0228,ablation_fusion_mean,deepcrack,0.7151478575739287,0.8339197748064743,0.7375824723017552,0.9592034968431278,0.8339197748064744,oracle_gt_prompt_gt_alignment
deepcrack_0229,ablation_fusion_mean,deepcrack,0.8215725806451613,0.9020475926950748,0.8380462724935732,0.97663271420012,0.9020475926950746,oracle_gt_prompt_gt_alignment
deepcrack_0230,ablation_fusion_mean,deepcrack,0.909130624726955,0.9524027459954232,0.9726571628885252,0.9329746693566464,0.9524027459954232,oracle_gt_prompt_gt_alignment
deepcrack_0231,ablation_fusion_mean,deepcrack,0.8114402451481103,0.8959061689410173,0.8438495857233907,0.9548076923076924,0.8959061689410174,oracle_gt_prompt_gt_alignment
deepcrack_0232,ablation_fusion_mean,deepcrack,0.6759573985950601,0.806652244456463,0.6791894353369763,0.9930093209054592,0.8066522444564629,oracle_gt_prompt_gt_alignment
deepcrack_0233,ablation_fusion_mean,deepcrack,0.8500673206385844,0.918958257524562,0.9659053655338214,0.8763632758278802,0.918958257524562,oracle_gt_prompt_gt_alignment
deepcrack_0234,ablation_fusion_mean,deepcrack,0.8456097695750677,0.9163473053892216,0.9946054855063045,0.8495059398245809,0.9163473053892216,oracle_gt_prompt_gt_alignment
deepcrack_0235,ablation_fusion_mean,deepcrack,0.8912267416702726,0.9424853424853424,0.9931288047736724,0.896756286056384,0.9424853424853424,oracle_gt_prompt_gt_alignment
deepcrack_0236,ablation_fusion_mean,deepcrack,0.3869654969035683,0.5580030617451948,0.9964310122256816,0.3875025839411747,0.5580030617451949,oracle_gt_prompt_gt_alignment
deepcrack_0000,text+point,deepcrack,0.5431238885595732,0.703927782579468,0.5527069823556024,0.9690639873083025,0.703927782579468,oracle_gt_prompt_gt_alignment
deepcrack_0001,text+point,deepcrack,0.6030261348005502,0.7523597048223786,0.7973808657693707,0.7121507472384665,0.7523597048223785,oracle_gt_prompt_gt_alignment
deepcrack_0002,text+point,deepcrack,0.7195758822598513,0.8369225105834713,0.7428524750857703,0.9582718651211802,0.8369225105834713,oracle_gt_prompt_gt_alignment
deepcrack_0003,text+point,deepcrack,0.4958076723306374,0.6629297088149214,0.5915368271954674,0.7539207943134378,0.6629297088149213,oracle_gt_prompt_gt_alignment
deepcrack_0004,text+point,deepcrack,0.4085760517799353,0.5801263641585296,0.7843644835619984,0.460276469694668,0.5801263641585296,oracle_gt_prompt_gt_alignment
deepcrack_0005,text+point,deepcrack,0.682363315696649,0.8111961421532655,0.7913683779914092,0.8320430107526882,0.8111961421532656,oracle_gt_prompt_gt_alignment
deepcrack_0006,text+point,deepcrack,0.64056875449964,0.7809105869445968,0.7510023211648027,0.8132998171846435,0.7809105869445968,oracle_gt_prompt_gt_alignment
deepcrack_0007,text+point,deepcrack,0.7594339622641509,0.8632707774798928,0.8142279163857047,0.9186002282236592,0.8632707774798928,oracle_gt_prompt_gt_alignment
deepcrack_0008,text+point,deepcrack,0.810110267793212,0.8950949367088608,0.8872333751568381,0.9030970625798213,0.8950949367088608,oracle_gt_prompt_gt_alignment
deepcrack_0009,text+point,deepcrack,0.6315214422288992,0.7741503432111166,0.7410256410256411,0.8103750438135296,0.7741503432111166,oracle_gt_prompt_gt_alignment
deepcrack_0010,text+point,deepcrack,0.4281757754800591,0.599612152553329,0.7294746775715634,0.5089991220368745,0.599612152553329,oracle_gt_prompt_gt_alignment
deepcrack_0011,text+point,deepcrack,0.7043731778425656,0.8265480670543962,0.7199046483909416,0.970281124497992,0.8265480670543962,oracle_gt_prompt_gt_alignment
deepcrack_0012,text+point,deepcrack,0.3362591813721008,0.5032843718638811,0.9488304093567252,0.3424695803327539,0.5032843718638811,oracle_gt_prompt_gt_alignment
deepcrack_0013,text+point,deepcrack,0.5445945945945946,0.705161854768154,0.953549190535492,0.5594359611310002,0.705161854768154,oracle_gt_prompt_gt_alignment
deepcrack_0014,text+point,deepcrack,0.2808767841538013,0.43856956052078,0.5077672459189047,0.3859701791253878,0.43856956052078,oracle_gt_prompt_gt_alignment
deepcrack_0015,text+point,deepcrack,0.295532387368738,0.4562331135062897,0.5342586922501191,0.3980936929628879,0.4562331135062898,oracle_gt_prompt_gt_alignment
deepcrack_0016,text+point,deepcrack,0.3477605663419079,0.5160568947135762,0.5723596931418354,0.4698390151515151,0.5160568947135763,oracle_gt_prompt_gt_alignment
deepcrack_0017,text+point,deepcrack,0.2049706142204125,0.3402084860849884,0.9015036323703328,0.2096660117878192,0.3402084860849884,oracle_gt_prompt_gt_alignment
deepcrack_0018,text+point,deepcrack,0.2868986520782809,0.4458760627574721,0.8072040622024754,0.3080043594090579,0.4458760627574722,oracle_gt_prompt_gt_alignment
deepcrack_0019,text+point,deepcrack,0.3301740406793877,0.4964373541837442,0.9848636477358018,0.3318580340583375,0.4964373541837442,oracle_gt_prompt_gt_alignment
deepcrack_0020,text+point,deepcrack,0.4779695662048603,0.6467921628889742,0.9812332439678284,0.4823792332817603,0.6467921628889742,oracle_gt_prompt_gt_alignment
deepcrack_0021,text+point,deepcrack,0.734651040755641,0.8470303519209438,0.8779264214046822,0.8182349503214494,0.8470303519209439,oracle_gt_prompt_gt_alignment
deepcrack_0022,text+point,deepcrack,0.3261761712465937,0.4919047383274744,0.9662517020035012,0.3299349096705632,0.4919047383274744,oracle_gt_prompt_gt_alignment
deepcrack_0023,text+point,deepcrack,0.5218848829854522,0.6858401562694817,0.9822619047619048,0.5268501372836983,0.6858401562694818,oracle_gt_prompt_gt_alignment
deepcrack_0024,text+point,deepcrack,0.4820464992338951,0.6505146761361082,0.9291217257318952,0.5004495469949513,0.6505146761361082,oracle_gt_prompt_gt_alignment
deepcrack_0025,text+point,deepcrack,0.4600500993348881,0.6301839910075134,0.7675457558726041,0.5345242874347651,0.6301839910075133,oracle_gt_prompt_gt_alignment
deepcrack_0026,text+point,deepcrack,0.3309278350515464,0.4972889233152595,0.816793893129771,0.3574610244988864,0.4972889233152595,oracle_gt_prompt_gt_alignment
deepcrack_0027,text+point,deepcrack,0.4883316422669952,0.656213478768991,0.491179472226272,0.9882663537694338,0.656213478768991,oracle_gt_prompt_gt_alignment
deepcrack_0028,text+point,deepcrack,0.2265259088543602,0.3693781064371439,0.8368580060422961,0.2369915221280236,0.3693781064371439,oracle_gt_prompt_gt_alignment
deepcrack_0029,text+point,deepcrack,0.587529256436416,0.7401806978414547,0.9246316584812996,0.6170816262212417,0.7401806978414547,oracle_gt_prompt_gt_alignment
deepcrack_0030,text+point,deepcrack,0.6179366218849349,0.7638576363578741,0.999088045100315,0.6182853624749884,0.7638576363578741,oracle_gt_prompt_gt_alignment
deepcrack_0031,text+point,deepcrack,0.9247988160207196,0.9609303666682686,0.9927514646013306,0.9310858632892532,0.9609303666682684,oracle_gt_prompt_gt_alignment
deepcrack_0032,text+point,deepcrack,0.6735876388218252,0.8049624927870744,0.7773753134577877,0.8345797188154352,0.8049624927870745,oracle_gt_prompt_gt_alignment
deepcrack_0033,text+point,deepcrack,0.7930351543158937,0.8845729013254786,0.8141308031175872,0.968359532446594,0.8845729013254785,oracle_gt_prompt_gt_alignment
deepcrack_0034,text+point,deepcrack,0.6926081730769231,0.8183916208059648,0.7238184958392212,0.9413926894016744,0.8183916208059648,oracle_gt_prompt_gt_alignment
deepcrack_0035,text+point,deepcrack,0.6050632911392405,0.7539432176656151,0.6954413191076625,0.8231917336394948,0.7539432176656152,oracle_gt_prompt_gt_alignment
deepcrack_0036,text+point,deepcrack,0.5084645336041984,0.6741484765164694,1.0,0.5084645336041984,0.6741484765164694,oracle_gt_prompt_gt_alignment
deepcrack_0037,text+point,deepcrack,0.2616225131429749,0.4147397663207778,0.983720930232558,0.2627601200952479,0.4147397663207778,oracle_gt_prompt_gt_alignment
deepcrack_0038,text+point,deepcrack,0.4618101872437132,0.6318333136184666,0.985919206834722,0.4648762899415641,0.6318333136184666,oracle_gt_prompt_gt_alignment
deepcrack_0039,text+point,deepcrack,0.1573353439050491,0.2718924030681937,0.7996291718170581,0.1637928851753386,0.2718924030681937,oracle_gt_prompt_gt_alignment
deepcrack_0040,text+point,deepcrack,0.6694690265486726,0.8020143122183938,0.6965930018416207,0.9450343535290444,0.8020143122183938,oracle_gt_prompt_gt_alignment
deepcrack_0041,text+point,deepcrack,0.6693128333856291,0.8019022198830849,0.9717552731082868,0.682592,0.801902219883085,oracle_gt_prompt_gt_alignment
deepcrack_0042,text+point,deepcrack,0.3848951459158234,0.5558473463509679,0.9294567603937955,0.3964772349617813,0.5558473463509679,oracle_gt_prompt_gt_alignment
deepcrack_0043,text+point,deepcrack,0.6035498654251836,0.7527671928869534,0.9636469221835076,0.6176120291796933,0.7527671928869534,oracle_gt_prompt_gt_alignment
deepcrack_0044,text+point,deepcrack,0.7632376462665208,0.8657229476498531,0.9644699750013296,0.7853183196188827,0.8657229476498531,oracle_gt_prompt_gt_alignment
deepcrack_0045,text+point,deepcrack,0.7981867024848892,0.8877684407096171,0.8086409253274366,0.9840612709583936,0.8877684407096171,oracle_gt_prompt_gt_alignment
deepcrack_0046,text+point,deepcrack,0.5725953788285868,0.7282170436684207,0.5785016286644951,0.9824820210215748,0.7282170436684207,oracle_gt_prompt_gt_alignment
deepcrack_0047,text+point,deepcrack,0.4972527472527472,0.6642201834862386,0.6433649289099526,0.6864728192161821,0.6642201834862385,oracle_gt_prompt_gt_alignment
deepcrack_0048,text+point,deepcrack,0.5362861301725931,0.6981591770438549,0.5381886477462438,0.9934514637904468,0.6981591770438549,oracle_gt_prompt_gt_alignment
deepcrack_0049,text+point,deepcrack,0.7584849975405804,0.8626573426573426,0.766274639721716,0.9867747440273038,0.8626573426573426,oracle_gt_prompt_gt_alignment
deepcrack_0050,text+point,deepcrack,0.7286929836797322,0.8430565641894618,0.7394196744515216,0.9804804804804804,0.8430565641894618,oracle_gt_prompt_gt_alignment
deepcrack_0051,text+point,deepcrack,0.4601161040636422,0.6302459137093211,0.4631032244103008,0.9861751152073732,0.630245913709321,oracle_gt_prompt_gt_alignment
deepcrack_0052,text+point,deepcrack,0.7496940024479805,0.856942987058412,0.7522259748234572,0.995530272247054,0.856942987058412,oracle_gt_prompt_gt_alignment
deepcrack_0053,text+point,deepcrack,0.7902843601895735,0.8828590337524818,0.8003359731221502,0.9843565525383708,0.8828590337524818,oracle_gt_prompt_gt_alignment
deepcrack_0054,text+point,deepcrack,0.7536324786324786,0.8595101742415011,0.7692475463467829,0.973771397018222,0.8595101742415012,oracle_gt_prompt_gt_alignment
deepcrack_0055,text+point,deepcrack,0.6664863036861685,0.7998701245992126,0.9085377097547483,0.7144203581526861,0.7998701245992126,oracle_gt_prompt_gt_alignment
deepcrack_0056,text+point,deepcrack,0.545966017778778,0.7063105029478128,0.6506638058200349,0.7723654886978669,0.7063105029478128,oracle_gt_prompt_gt_alignment
deepcrack_0057,text+point,deepcrack,0.5316122233930453,0.694186446508428,0.5724822695035461,0.8816076889471385,0.6941864465084279,oracle_gt_prompt_gt_alignment
deepcrack_0058,text+point,deepcrack,0.3874690849134377,0.5585264408793821,0.3972950126796281,0.94,0.5585264408793821,oracle_gt_prompt_gt_alignment
deepcrack_0059,text+point,deepcrack,0.8132601351351352,0.8970142996879221,0.9141744991930124,0.8804864667154353,0.897014299687922,oracle_gt_prompt_gt_alignment
deepcrack_0060,text+point,deepcrack,0.7150898462870752,0.8338803332491795,0.9618520675596972,0.7359625668449198,0.8338803332491794,oracle_gt_prompt_gt_alignment
deepcrack_0061,text+point,deepcrack,0.6655827913956979,0.7992191019672623,0.9341758820431806,0.698333552027293,0.7992191019672623,oracle_gt_prompt_gt_alignment
deepcrack_0062,text+point,deepcrack,0.6877901578458682,0.815018566909641,0.8477016975014304,0.7847620729231041,0.815018566909641,oracle_gt_prompt_gt_alignment
deepcrack_0063,text+point,deepcrack,0.4718541649084311,0.6411697247706422,0.8392374662263584,0.5187418816106885,0.6411697247706422,oracle_gt_prompt_gt_alignment
deepcrack_0064,text+point,deepcrack,0.6599499089253188,0.7951443659556958,0.817976576830817,0.773552175073392,0.7951443659556958,oracle_gt_prompt_gt_alignment
deepcrack_0065,text+point,deepcrack,0.583671449777338,0.7371117915390865,0.8274410774410774,0.6645633802816902,0.7371117915390865,oracle_gt_prompt_gt_alignment
deepcrack_0066,text+point,deepcrack,0.5557780002224446,0.7144695453245639,0.742717003567182,0.6882920110192837,0.7144695453245639,oracle_gt_prompt_gt_alignment
deepcrack_0067,text+point,deepcrack,0.7293867517108498,0.8435206884628683,0.7520723436322532,0.9602869139258222,0.8435206884628682,oracle_gt_prompt_gt_alignment
deepcrack_0068,text+point,deepcrack,0.635407905803196,0.7770635124710723,0.6417952711312473,0.9845786272806256,0.7770635124710722,oracle_gt_prompt_gt_alignment
deepcrack_0069,text+point,deepcrack,0.5603428306694463,0.7182304038004751,0.570115484327127,0.9703168872843964,0.718230403800475,oracle_gt_prompt_gt_alignment
deepcrack_0070,text+point,deepcrack,0.6518654434250765,0.7892476303317536,0.6656673536943352,0.9691734109302536,0.7892476303317536,oracle_gt_prompt_gt_alignment
deepcrack_0071,text+point,deepcrack,0.6580916411316183,0.7937940519167956,0.6636246047714861,0.9874893071000856,0.7937940519167955,oracle_gt_prompt_gt_alignment
deepcrack_0072,text+point,deepcrack,0.5780236079352327,0.7325918383332027,0.5794560436156372,0.9957415096348344,0.7325918383332028,oracle_gt_prompt_gt_alignment
deepcrack_0073,text+point,deepcrack,0.553530070974972,0.7126094065595845,0.5603539555286643,0.978473322768093,0.7126094065595845,oracle_gt_prompt_gt_alignment
deepcrack_0074,text+point,deepcrack,0.6869095816464238,0.8144,0.6966240875912408,0.9801026957637996,0.8144,oracle_gt_prompt_gt_alignment
deepcrack_0075,text+point,deepcrack,0.5642367601246105,0.7214211742213017,0.5647293589423796,0.9984564498346196,0.7214211742213017,oracle_gt_prompt_gt_alignment
deepcrack_0076,text+point,deepcrack,0.7693514161823046,0.8696422984669935,0.7854384477724404,0.974068449947436,0.8696422984669934,oracle_gt_prompt_gt_alignment
deepcrack_0077,text+point,deepcrack,0.5267792396146276,0.6900529244130819,0.5274349133907271,0.9976456739258388,0.6900529244130819,oracle_gt_prompt_gt_alignment
deepcrack_0078,text+point,deepcrack,0.547460595446585,0.707559981892259,0.5511283497884344,0.9879898862199749,0.7075599818922589,oracle_gt_prompt_gt_alignment
deepcrack_0079,text+point,deepcrack,0.7642351492767006,0.866364270760642,0.7870047543581616,0.9635234769111368,0.866364270760642,oracle_gt_prompt_gt_alignment
deepcrack_0080,text+point,deepcrack,0.7555438225976768,0.8607518796992482,0.8410226270937409,0.881429011395134,0.8607518796992482,oracle_gt_prompt_gt_alignment
deepcrack_0081,text+point,deepcrack,0.8347429334520365,0.9099290349972706,0.9500949968334388,0.8730214152700186,0.9099290349972704,oracle_gt_prompt_gt_alignment
deepcrack_0082,text+point,deepcrack,0.7223821339950373,0.8388174955339135,0.9685919616715464,0.739709320052851,0.8388174955339135,oracle_gt_prompt_gt_alignment
deepcrack_0083,text+point,deepcrack,0.7505544408068434,0.8575048262548263,0.924187256176853,0.7997974341661039,0.8575048262548262,oracle_gt_prompt_gt_alignment
deepcrack_0084,text+point,deepcrack,0.7441954780492751,0.8533395338022438,0.9028290282902828,0.8089937176237187,0.8533395338022438,oracle_gt_prompt_gt_alignment
deepcrack_0085,text+point,deepcrack,0.7656992532247114,0.8673042726005671,0.9689647766323024,0.7849499782514137,0.8673042726005672,oracle_gt_prompt_gt_alignment
deepcrack_0086,text+point,deepcrack,0.801845166466105,0.890026714158504,0.9469445760303172,0.8395632087358252,0.890026714158504,oracle_gt_prompt_gt_alignment
deepcrack_0087,text+point,deepcrack,0.7018104366347178,0.8247809762202754,0.8959891230455472,0.7640579710144928,0.8247809762202755,oracle_gt_prompt_gt_alignment
deepcrack_0088,text+point,deepcrack,0.7976624165148756,0.8874440597821498,0.946676274545127,0.8351875397329943,0.8874440597821498,oracle_gt_prompt_gt_alignment
deepcrack_0089,text+point,deepcrack,0.5655940594059405,0.7225296442687748,0.7971592324943932,0.6606774060305659,0.7225296442687748,oracle_gt_prompt_gt_alignment
deepcrack_0090,text+point,deepcrack,0.2142499248421685,0.3528926301889907,0.2228824602554078,0.846900376312141,0.3528926301889907,oracle_gt_prompt_gt_alignment
deepcrack_0091,text+point,deepcrack,0.299598466873517,0.4610631275893547,0.972452606635071,0.302162908421537,0.4610631275893547,oracle_gt_prompt_gt_alignment
deepcrack_0092,text+point,deepcrack,0.6453463663408415,0.7844504713935168,0.9627516246631797,0.6618720714830555,0.7844504713935168,oracle_gt_prompt_gt_alignment
deepcrack_0093,text+point,deepcrack,0.7630607885026218,0.8656091650143203,0.98817907444668,0.7700901607212858,0.8656091650143204,oracle_gt_prompt_gt_alignment
deepcrack_0094,text+point,deepcrack,0.7132709837812241,0.8326423438363737,0.9202688254162212,0.7602523659305994,0.8326423438363737,oracle_gt_prompt_gt_alignment
deepcrack_0095,text+point,deepcrack,0.6372472783825817,0.7784374257895986,0.9301929625425652,0.6692527562270314,0.7784374257895987,oracle_gt_prompt_gt_alignment
deepcrack_0096,text+point,deepcrack,0.8258702402353326,0.904631908704408,0.9086577362222422,0.9006415968633043,0.9046319087044082,oracle_gt_prompt_gt_alignment
deepcrack_0097,text+point,deepcrack,0.7850266460374764,0.879568546251264,0.9387398499331896,0.8274143866642508,0.8795685462512641,oracle_gt_prompt_gt_alignment
deepcrack_0098,text+point,deepcrack,0.7605038315863648,0.8639615750237655,0.9473337722185649,0.79407707164536,0.8639615750237655,oracle_gt_prompt_gt_alignment
deepcrack_0099,text+point,deepcrack,0.7828274358544357,0.878186435895024,0.916102443332352,0.8432842561647548,0.8781864358950239,oracle_gt_prompt_gt_alignment
deepcrack_0100,text+point,deepcrack,0.7846231324492194,0.8793152102342207,0.927288959428628,0.8360611752079421,0.8793152102342207,oracle_gt_prompt_gt_alignment
deepcrack_0101,text+point,deepcrack,0.560088588413568,0.7180215182307232,0.6237829417110217,0.8458017954585461,0.7180215182307231,oracle_gt_prompt_gt_alignment
deepcrack_0102,text+point,deepcrack,0.6696802436239055,0.8021658592191507,0.673977588353606,0.9905686936936936,0.8021658592191507,oracle_gt_prompt_gt_alignment
deepcrack_0103,text+point,deepcrack,0.8787101093505914,0.9354398051909484,0.9423238004068446,0.9286556603773584,0.9354398051909486,oracle_gt_prompt_gt_alignment
deepcrack_0104,text+point,deepcrack,0.9115376367145616,0.9537218825377236,0.9904462309215892,0.9196235395932496,0.9537218825377236,oracle_gt_prompt_gt_alignment
deepcrack_0105,text+point,deepcrack,0.8727622130069789,0.9320587599913588,0.9960752626111048,0.8757738759768599,0.9320587599913588,oracle_gt_prompt_gt_alignment
deepcrack_0106,text+point,deepcrack,0.8429970617042115,0.9148110750916724,0.9982602644398052,0.8442373712604218,0.9148110750916724,oracle_gt_prompt_gt_alignment
deepcrack_0107,text+point,deepcrack,0.6600412525782862,0.7952106630520728,0.6992451330949543,0.921707253207646,0.7952106630520727,oracle_gt_prompt_gt_alignment
deepcrack_0108,text+point,deepcrack,0.5869451697127938,0.7397170121750576,0.5918904686677199,0.9859649122807016,0.7397170121750576,oracle_gt_prompt_gt_alignment
deepcrack_0109,text+point,deepcrack,0.7770003042287801,0.874507789762027,1.0,0.7770003042287801,0.874507789762027,oracle_gt_prompt_gt_alignment
deepcrack_0110,text+point,deepcrack,0.7877397148008524,0.8812689098743925,1.0,0.7877397148008524,0.8812689098743925,oracle_gt_prompt_gt_alignment
deepcrack_0111,text+point,deepcrack,0.7243983010854177,0.8401751505199782,0.9914953170416622,0.7289275821131777,0.840175150519978,oracle_gt_prompt_gt_alignment
deepcrack_0112,text+point,deepcrack,0.6423306695631934,0.7822184429327287,0.9797633136094674,0.6509671331970436,0.7822184429327286,oracle_gt_prompt_gt_alignment
deepcrack_0113,text+point,deepcrack,0.8886870783601453,0.941063332875395,0.949279379157428,0.9329882865704168,0.941063332875395,oracle_gt_prompt_gt_alignment
deepcrack_0114,text+point,deepcrack,0.8830012717253073,0.9378658262044124,0.9175403048189588,0.9591122571139148,0.9378658262044124,oracle_gt_prompt_gt_alignment
deepcrack_0115,text+point,deepcrack,0.8404899338307757,0.9133328233764249,0.9351503759398496,0.8925100911944984,0.9133328233764249,oracle_gt_prompt_gt_alignment
deepcrack_0116,text+point,deepcrack,0.814866581956798,0.8979906182174613,0.8595362551936737,0.9400469070653767,0.8979906182174614,oracle_gt_prompt_gt_alignment
deepcrack_0117,text+point,deepcrack,0.813884007029877,0.8973936634047088,0.9000097172286464,0.8947927736450585,0.8973936634047089,oracle_gt_prompt_gt_alignment
deepcrack_0118,text+point,deepcrack,0.5467320261437908,0.7069511937460384,0.6360007603117278,0.7957193816884661,0.7069511937460384,oracle_gt_prompt_gt_alignment
deepcrack_0119,text+point,deepcrack,0.283844992450931,0.4421795374362995,0.8683602771362586,0.2966079410991322,0.4421795374362995,oracle_gt_prompt_gt_alignment
deepcrack_0120,text+point,deepcrack,0.6741778319123021,0.8053837759185158,0.968503937007874,0.6892901618929016,0.8053837759185157,oracle_gt_prompt_gt_alignment
deepcrack_0121,text+point,deepcrack,0.7336017446737124,0.8463324946777627,0.9761160714285714,0.7470105910488555,0.8463324946777626,oracle_gt_prompt_gt_alignment
deepcrack_0122,text+point,deepcrack,0.7627075993960745,0.8653818700927909,0.9429149167833256,0.7996306555863343,0.8653818700927908,oracle_gt_prompt_gt_alignment
deepcrack_0123,text+point,deepcrack,0.7976016379058204,0.8874064432150992,0.9065824468085106,0.8690248565965584,0.8874064432150993,oracle_gt_prompt_gt_alignment
deepcrack_0124,text+point,deepcrack,0.6848108576378862,0.8129231296597823,0.6920046688065363,0.9850467289719628,0.8129231296597823,oracle_gt_prompt_gt_alignment
deepcrack_0125,text+point,deepcrack,0.7736252002135612,0.872366044551475,0.8353189853958494,0.9128517429651408,0.8723660445514749,oracle_gt_prompt_gt_alignment
deepcrack_0126,text+point,deepcrack,0.7982743556138051,0.887822654114789,0.9580547909293484,0.8271842462652784,0.887822654114789,oracle_gt_prompt_gt_alignment
deepcrack_0127,text+point,deepcrack,0.8370280568063734,0.9112850004713868,0.955327139750939,0.8711247296322999,0.9112850004713868,oracle_gt_prompt_gt_alignment
deepcrack_0128,text+point,deepcrack,0.8060268422385414,0.8925967470555244,0.9754826846460312,0.8226932023778755,0.8925967470555244,oracle_gt_prompt_gt_alignment
deepcrack_0129,text+point,deepcrack,0.690066425120773,0.8166145600714605,0.9442263995042348,0.7193893610324206,0.8166145600714605,oracle_gt_prompt_gt_alignment
deepcrack_0130,text+point,deepcrack,0.3944054599634721,0.5656969529849717,0.9683738494217606,0.3995520498587983,0.5656969529849717,oracle_gt_prompt_gt_alignment
deepcrack_0131,text+point,deepcrack,0.5900751354184868,0.7421978021978022,1.0,0.5900751354184868,0.7421978021978022,oracle_gt_prompt_gt_alignment
deepcrack_0132,text+point,deepcrack,0.7329790767186981,0.8459179762361058,0.8584208479190977,0.8337740838685304,0.8459179762361058,oracle_gt_prompt_gt_alignment
deepcrack_0133,text+point,deepcrack,0.7902979373567609,0.8828675058672925,0.8050583657587549,0.9773264052905054,0.8828675058672925,oracle_gt_prompt_gt_alignment
deepcrack_0134,text+point,deepcrack,0.3885112621618019,0.5596083701286235,0.3937061048082118,0.9671532846715328,0.5596083701286235,oracle_gt_prompt_gt_alignment
deepcrack_0135,text+point,deepcrack,0.5680844048796571,0.7245584524810765,0.6138225863911649,0.8840430990251411,0.7245584524810765,oracle_gt_prompt_gt_alignment
deepcrack_0136,text+point,deepcrack,0.4437146092865232,0.6146846564166928,0.8737734165923283,0.4741045498547919,0.6146846564166929,oracle_gt_prompt_gt_alignment
deepcrack_0137,text+point,deepcrack,0.6747505368195024,0.8057922920280565,0.7309797482211275,0.897664258107881,0.8057922920280565,oracle_gt_prompt_gt_alignment
deepcrack_0138,text+point,deepcrack,0.6678043230944255,0.800818553888131,0.6954976303317536,0.9437299035369776,0.8008185538881311,oracle_gt_prompt_gt_alignment
deepcrack_0139,text+point,deepcrack,0.7270837891052286,0.8419785926911141,0.8621271076523995,0.822750340388662,0.8419785926911141,oracle_gt_prompt_gt_alignment
deepcrack_0140,text+point,deepcrack,0.7602880658436214,0.863822326125073,0.8068566437383994,0.929442837378946,0.863822326125073,oracle_gt_prompt_gt_alignment
deepcrack_0141,text+point,deepcrack,0.7378378378378379,0.8491446345256609,0.7450534455310439,0.9870442904489304,0.8491446345256609,oracle_gt_prompt_gt_alignment
deepcrack_0142,text+point,deepcrack,0.7783049108860111,0.875333477539837,0.7986842105263158,0.9682565002392726,0.875333477539837,oracle_gt_prompt_gt_alignment
deepcrack_0143,text+point,deepcrack,0.5960220625104463,0.7468844905225678,0.6005389019872011,0.9875380780947106,0.7468844905225678,oracle_gt_prompt_gt_alignment
deepcrack_0144,text+point,deepcrack,0.5024154589371981,0.6688102893890675,0.5153374233128835,0.9524640209332752,0.6688102893890675,oracle_gt_prompt_gt_alignment
deepcrack_0145,text+point,deepcrack,0.6139507790883938,0.7608048362356763,0.6426829268292683,0.9321246959982312,0.7608048362356762,oracle_gt_prompt_gt_alignment
deepcrack_0146,text+point,deepcrack,0.6588086718585561,0.7943154422027662,0.6597807757166948,0.9977685686962066,0.7943154422027662,oracle_gt_prompt_gt_alignment
deepcrack_0147,text+point,deepcrack,0.7854111405835543,0.8798098350913683,0.9730529083141636,0.8028741865509761,0.8798098350913682,oracle_gt_prompt_gt_alignment
deepcrack_0148,text+point,deepcrack,0.6991676575505351,0.8229531140657803,0.7057129140662506,0.9869083585095668,0.8229531140657803,oracle_gt_prompt_gt_alignment
deepcrack_0149,text+point,deepcrack,0.7873708381171067,0.8810380267214799,0.8152639087018545,0.9583566238121856,0.8810380267214799,oracle_gt_prompt_gt_alignment
deepcrack_0150,text+point,deepcrack,0.6751840168243953,0.8061013119076015,0.7388952819332566,0.8867559729319154,0.8061013119076015,oracle_gt_prompt_gt_alignment
deepcrack_0151,text+point,deepcrack,0.7013878743608474,0.8244890949682294,0.7633964064239148,0.896210565615083,0.8244890949682294,oracle_gt_prompt_gt_alignment
deepcrack_0152,text+point,deepcrack,0.4839582528024739,0.6522531909351393,0.842813867384719,0.5319736562566391,0.6522531909351393,oracle_gt_prompt_gt_alignment
deepcrack_0153,text+point,deepcrack,0.657192449555218,0.7931395653312385,0.9109774436090226,0.702295386042198,0.7931395653312385,oracle_gt_prompt_gt_alignment
deepcrack_0154,text+point,deepcrack,0.7192325690219934,0.8366902558519325,0.8517594901634802,0.8221449585450655,0.8366902558519325,oracle_gt_prompt_gt_alignment
deepcrack_0155,text+point,deepcrack,0.8204644412191582,0.9013792553615564,0.8521254145312029,0.9566762565577932,0.9013792553615562,oracle_gt_prompt_gt_alignment
deepcrack_0156,text+point,deepcrack,0.7892044452284354,0.8821847579611555,0.7969362308514428,0.9878560388606756,0.8821847579611555,oracle_gt_prompt_gt_alignment
deepcrack_0157,text+point,deepcrack,0.5842147162515637,0.7375448671931084,0.7373331419549304,0.7377567140600316,0.7375448671931084,oracle_gt_prompt_gt_alignment
deepcrack_0158,text+point,deepcrack,0.3673697132016516,0.5373377948257569,0.8823371750201019,0.3862942971133536,0.5373377948257569,oracle_gt_prompt_gt_alignment
deepcrack_0159,text+point,deepcrack,0.7225806451612903,0.8389513108614233,0.7292457948996202,0.9875091844232182,0.8389513108614232,oracle_gt_prompt_gt_alignment
deepcrack_0160,text+point,deepcrack,0.9273704834373718,0.9623167848699764,0.9932653360011712,0.93323857123206,0.9623167848699764,oracle_gt_prompt_gt_alignment
deepcrack_0161,text+point,deepcrack,0.9419803928714604,0.970123484592576,0.9994972931167828,0.9424268941879969,0.970123484592576,oracle_gt_prompt_gt_alignment
deepcrack_0162,text+point,deepcrack,0.8649545915987599,0.9275878302830576,0.993007213279995,0.8702553485162181,0.9275878302830578,oracle_gt_prompt_gt_alignment
deepcrack_0163,text+point,deepcrack,0.9294818810632096,0.9634523031136564,0.9985045331339376,0.9307776083641908,0.9634523031136564,oracle_gt_prompt_gt_alignment
deepcrack_0164,text+point,deepcrack,0.9347909474491752,0.9662965900079302,0.9930050933786078,0.940987193513096,0.9662965900079302,oracle_gt_prompt_gt_alignment
deepcrack_0165,text+point,deepcrack,0.8205275779376499,0.9014173560250804,0.9601526546189246,0.8494538232373386,0.9014173560250804,oracle_gt_prompt_gt_alignment
deepcrack_0166,text+point,deepcrack,0.9628589837997056,0.9810781026518792,0.9987587721392084,0.9640125334070592,0.9810781026518792,oracle_gt_prompt_gt_alignment
deepcrack_0167,text+point,deepcrack,0.888630226278052,0.9410314564638596,0.9972307853074872,0.890828471411902,0.9410314564638596,oracle_gt_prompt_gt_alignment
deepcrack_0168,text+point,deepcrack,0.7090909090909091,0.8297872340425532,0.75,0.9285714285714286,0.8297872340425532,oracle_gt_prompt_gt_alignment
deepcrack_0169,text+point,deepcrack,0.6759177797328642,0.8066240335974039,0.9703754736479504,0.6901592486729278,0.8066240335974039,oracle_gt_prompt_gt_alignment
deepcrack_0170,text+point,deepcrack,0.6265503720893014,0.7704038962955675,0.9642857142857144,0.6414352420742198,0.7704038962955674,oracle_gt_prompt_gt_alignment
deepcrack_0171,text+point,deepcrack,0.7514071294559099,0.8580610605249063,0.8070528967254408,0.915951972555746,0.8580610605249063,oracle_gt_prompt_gt_alignment
deepcrack_0172,text+point,deepcrack,0.6675208199871877,0.8006146753745678,0.7059620596205962,0.9245785270629991,0.8006146753745679,oracle_gt_prompt_gt_alignment
deepcrack_0173,text+point,deepcrack,0.4760044642857143,0.6449905482041588,0.5869602614828832,0.7157541430669184,0.6449905482041588,oracle_gt_prompt_gt_alignment
deepcrack_0174,text+point,deepcrack,0.461637239165329,0.63167142543378,0.4626769626769627,0.9951557093425606,0.6316714254337799,oracle_gt_prompt_gt_alignment
deepcrack_0175,text+point,deepcrack,0.24972288202692,0.3996452103395844,0.24972288202692,1.0,0.3996452103395844,oracle_gt_prompt_gt_alignment
deepcrack_0176,text+point,deepcrack,0.3360484940329608,0.5030483482206154,0.34253716933771,0.9466382070437568,0.5030483482206154,oracle_gt_prompt_gt_alignment
deepcrack_0177,text+point,deepcrack,0.3971071663379356,0.5684705882352942,0.4029352901934623,0.9648562300319488,0.5684705882352942,oracle_gt_prompt_gt_alignment
deepcrack_0178,text+point,deepcrack,0.853700889950076,0.9210772833723654,0.875849014586349,0.9712310161748364,0.9210772833723654,oracle_gt_prompt_gt_alignment
deepcrack_0179,text+point,deepcrack,0.2678004719667995,0.4224646983311938,0.2930543187889581,0.756551724137931,0.4224646983311939,oracle_gt_prompt_gt_alignment
deepcrack_0180,text+point,deepcrack,0.9078563411896744,0.951703041355374,0.9668897920153,0.9369859840148268,0.9517030413553738,oracle_gt_prompt_gt_alignment
deepcrack_0181,text+point,deepcrack,0.7803846153846153,0.8766472240224671,0.8019762845849803,0.9666507860886135,0.8766472240224671,oracle_gt_prompt_gt_alignment
deepcrack_0182,text+point,deepcrack,0.7807553956834532,0.8768811231188769,0.7918642831083547,0.9823489477257298,0.876881123118877,oracle_gt_prompt_gt_alignment
deepcrack_0183,text+point,deepcrack,0.7539673853562439,0.8597279420940971,0.7839990895641288,0.9516507804945434,0.8597279420940971,oracle_gt_prompt_gt_alignment
deepcrack_0184,text+point,deepcrack,0.7641170181747498,0.8662883587681119,0.8156447764290902,0.9236372180451128,0.8662883587681118,oracle_gt_prompt_gt_alignment
deepcrack_0185,text+point,deepcrack,0.7381454747362577,0.8493483260925121,0.8206172839506173,0.8801641949152542,0.8493483260925121,oracle_gt_prompt_gt_alignment
deepcrack_0186,text+point,deepcrack,0.7770488686061989,0.8745385479642609,0.8485257475083057,0.9021967104536924,0.8745385479642608,oracle_gt_prompt_gt_alignment
deepcrack_0187,text+point,deepcrack,0.7950557333627635,0.8858284660313557,0.9707586578628216,0.8145635459068294,0.8858284660313556,oracle_gt_prompt_gt_alignment
deepcrack_0188,text+point,deepcrack,0.825483256193847,0.904399701715138,0.9436663554310614,0.868270332187858,0.904399701715138,oracle_gt_prompt_gt_alignment
deepcrack_0189,text+point,deepcrack,0.7560787934749154,0.8610989396196652,0.8640520576855435,0.8581659388646288,0.8610989396196652,oracle_gt_prompt_gt_alignment
deepcrack_0190,text+point,deepcrack,0.7736974982786321,0.8724120082815735,0.8143495591254982,0.9393897171520134,0.8724120082815735,oracle_gt_prompt_gt_alignment
deepcrack_0191,text+point,deepcrack,0.7113651351945482,0.8313423249839434,0.7164046933805623,0.9902080783353732,0.8313423249839436,oracle_gt_prompt_gt_alignment
deepcrack_0192,text+point,deepcrack,0.6339750849377124,0.7759911283615193,0.6488178025034771,0.9651724137931036,0.7759911283615194,oracle_gt_prompt_gt_alignment
deepcrack_0193,text+point,deepcrack,0.6847098214285714,0.8128519377277245,0.7595955427156418,0.8741391593445738,0.8128519377277245,oracle_gt_prompt_gt_alignment
deepcrack_0194,text+point,deepcrack,0.6075078616352201,0.7558381220198068,0.8203290870488322,0.7007481296758105,0.7558381220198067,oracle_gt_prompt_gt_alignment
deepcrack_0195,text+point,deepcrack,0.6413730803974707,0.7815079801871216,0.6445755787562415,0.992313067784766,0.7815079801871218,oracle_gt_prompt_gt_alignment
deepcrack_0196,text+point,deepcrack,0.7192842942345924,0.8367252543940795,0.7382166904713324,0.9655724579663733,0.8367252543940795,oracle_gt_prompt_gt_alignment
deepcrack_0197,text+point,deepcrack,0.7403717187200614,0.8508202135858197,0.7495635305528613,0.9837067209775968,0.8508202135858197,oracle_gt_prompt_gt_alignment
deepcrack_0198,text+point,deepcrack,0.5575734525054673,0.7159514071180025,0.6860084230229293,0.7486276011745181,0.7159514071180025,oracle_gt_prompt_gt_alignment
deepcrack_0199,text+point,deepcrack,0.6074646074646075,0.755804643714972,0.8094986807387863,0.7087905741018828,0.7558046437149718,oracle_gt_prompt_gt_alignment
deepcrack_0200,text+point,deepcrack,0.6660297239915074,0.7995412259462215,0.8336433696518735,0.7681194906953966,0.7995412259462213,oracle_gt_prompt_gt_alignment
deepcrack_0201,text+point,deepcrack,0.5961340206185567,0.7469723881802035,0.7312677837496048,0.7633663366336634,0.7469723881802034,oracle_gt_prompt_gt_alignment
deepcrack_0202,text+point,deepcrack,0.486052303860523,0.6541523506243191,0.8059054305182738,0.55049365303244,0.6541523506243191,oracle_gt_prompt_gt_alignment
deepcrack_0203,text+point,deepcrack,0.614731161303218,0.7614037259392213,0.7456661413504667,0.7778199291856348,0.7614037259392215,oracle_gt_prompt_gt_alignment
deepcrack_0204,text+point,deepcrack,0.607330903199676,0.7557011465289152,0.7636872930990578,0.7478802992518703,0.7557011465289152,oracle_gt_prompt_gt_alignment
deepcrack_0205,text+point,deepcrack,0.5583957690612604,0.7166289592760181,0.6540198735320687,0.7924941360437842,0.7166289592760181,oracle_gt_prompt_gt_alignment
deepcrack_0206,text+point,deepcrack,0.5678759508484494,0.7243888785221123,0.61553911205074,0.8800060450355146,0.7243888785221124,oracle_gt_prompt_gt_alignment
deepcrack_0207,text+point,deepcrack,0.4746325272641062,0.6437299035369775,0.4762131303520456,0.9930555555555556,0.6437299035369775,oracle_gt_prompt_gt_alignment
deepcrack_0208,text+point,deepcrack,0.4927839851024208,0.6602214252300016,0.4951467664600631,0.9904093567251462,0.6602214252300015,oracle_gt_prompt_gt_alignment
deepcrack_0209,text+point,deepcrack,0.4265862132016822,0.5980517815944629,0.4356676003734827,0.953412341642828,0.598051781594463,oracle_gt_prompt_gt_alignment
deepcrack_0210,text+point,deepcrack,0.4704617330803289,0.6398830006882312,0.5370397111913358,0.791444988295382,0.6398830006882312,oracle_gt_prompt_gt_alignment
deepcrack_0211,text+point,deepcrack,0.4904017857142857,0.6580799760371424,0.7562822719449226,0.5824496288441146,0.6580799760371424,oracle_gt_prompt_gt_alignment
deepcrack_0212,text+point,deepcrack,0.3128672745694022,0.4766167618459639,0.3215996667360966,0.9201430274135876,0.4766167618459638,oracle_gt_prompt_gt_alignment
deepcrack_0213,text+point,deepcrack,0.5915209654958997,0.7433404627649232,0.6753223812047342,0.8265945945945946,0.7433404627649232,oracle_gt_prompt_gt_alignment
deepcrack_0214,text+point,deepcrack,0.5370771312584574,0.698829122281891,0.5509439200444197,0.9552346570397112,0.6988291222818911,oracle_gt_prompt_gt_alignment
deepcrack_0215,text+point,deepcrack,0.6533457249070632,0.7903316469926925,0.7354655507397997,0.8540437348143006,0.7903316469926925,oracle_gt_prompt_gt_alignment
deepcrack_0216,text+point,deepcrack,0.6606182795698925,0.7956292998785917,0.769170579029734,0.8239731768650461,0.7956292998785917,oracle_gt_prompt_gt_alignment
deepcrack_0217,text+point,deepcrack,0.678513731825525,0.8084696823869105,0.6817075150137965,0.9931425868999764,0.8084696823869105,oracle_gt_prompt_gt_alignment
deepcrack_0218,text+point,deepcrack,0.6833112742148959,0.8118656182987849,0.7142497799018991,0.940387481371088,0.8118656182987849,oracle_gt_prompt_gt_alignment
deepcrack_0219,text+point,deepcrack,0.4936264548309625,0.6609771181199753,0.5158301158301158,0.9197934595524956,0.6609771181199754,oracle_gt_prompt_gt_alignment
deepcrack_0220,text+point,deepcrack,0.6728595556710406,0.8044423734078906,0.6880563305433772,0.9682183585716956,0.8044423734078907,oracle_gt_prompt_gt_alignment
deepcrack_0221,text+point,deepcrack,0.7188600704450848,0.8364381520119225,0.7886878622870191,0.8903430497719611,0.8364381520119225,oracle_gt_prompt_gt_alignment
deepcrack_0222,text+point,deepcrack,0.7089996864220759,0.8297247706422018,0.7198344476281439,0.9792117799913382,0.829724770642202,oracle_gt_prompt_gt_alignment
deepcrack_0223,text+point,deepcrack,0.6482374370513233,0.7865825911720731,0.6562533897385834,0.981505515898767,0.7865825911720732,oracle_gt_prompt_gt_alignment
deepcrack_0224,text+point,deepcrack,0.6478425620339812,0.7862918181143832,0.690733741691646,0.912534435261708,0.7862918181143831,oracle_gt_prompt_gt_alignment
deepcrack_0225,text+point,deepcrack,0.2191304347826086,0.3594864479315264,0.2580456407255705,0.5923438549361988,0.3594864479315264,oracle_gt_prompt_gt_alignment
deepcrack_0226,text+point,deepcrack,0.3885125184094256,0.5596096733135342,0.408359133126935,0.8888140161725068,0.5596096733135342,oracle_gt_prompt_gt_alignment
deepcrack_0227,text+point,deepcrack,0.7811380819737366,0.8771224307417337,0.7906820622986036,0.9847826086956522,0.8771224307417337,oracle_gt_prompt_gt_alignment
deepcrack_0228,text+point,deepcrack,0.7465273509526736,0.8548704954954955,0.7561947453617234,0.983163347903513,0.8548704954954955,oracle_gt_prompt_gt_alignment
deepcrack_0229,text+point,deepcrack,0.7646922720962518,0.8666579257899567,0.7705758918162742,0.9901138406231276,0.8666579257899567,oracle_gt_prompt_gt_alignment
deepcrack_0230,text+point,deepcrack,0.9210246598639455,0.9588889503679522,0.9468910501584528,0.971194799372338,0.958888950367952,oracle_gt_prompt_gt_alignment
deepcrack_0231,text+point,deepcrack,0.8296341964652693,0.906885319555206,0.8511490617752477,0.9704326923076924,0.906885319555206,oracle_gt_prompt_gt_alignment
deepcrack_0232,text+point,deepcrack,0.7000472366556448,0.8235621005834954,0.7067238912732475,0.9866844207723036,0.8235621005834954,oracle_gt_prompt_gt_alignment
deepcrack_0233,text+point,deepcrack,0.8759240198371854,0.9338587390263368,0.9396707488456132,0.9281181836208606,0.9338587390263368,oracle_gt_prompt_gt_alignment
deepcrack_0234,text+point,deepcrack,0.85110263637871,0.9195628806879256,0.9948959813929448,0.8548351282335961,0.9195628806879256,oracle_gt_prompt_gt_alignment
deepcrack_0235,text+point,deepcrack,0.9188301195734138,0.957698245614035,0.9888702104225842,0.9284314792641776,0.957698245614035,oracle_gt_prompt_gt_alignment
deepcrack_0236,text+point,deepcrack,0.5189581856839122,0.6833080601889654,0.9999431009957326,0.5189735109116145,0.6833080601889654,oracle_gt_prompt_gt_alignment
deepcrack_0000,box+point,deepcrack,0.5431238885595732,0.703927782579468,0.5527069823556024,0.9690639873083025,0.703927782579468,oracle_gt_prompt_gt_alignment
deepcrack_0001,box+point,deepcrack,0.5502295197740112,0.7098684585160299,0.7485288819502822,0.6750054147714967,0.7098684585160299,oracle_gt_prompt_gt_alignment
deepcrack_0002,box+point,deepcrack,0.7466117687424945,0.8549258422551812,0.8005886681383371,0.9171759747102212,0.8549258422551813,oracle_gt_prompt_gt_alignment
deepcrack_0003,box+point,deepcrack,0.1197210764093498,0.2138408911498991,0.4802994483845548,0.137538079657001,0.2138408911498991,oracle_gt_prompt_gt_alignment
deepcrack_0004,box+point,deepcrack,0.4085760517799353,0.5801263641585296,0.7843644835619984,0.460276469694668,0.5801263641585296,oracle_gt_prompt_gt_alignment
deepcrack_0005,box+point,deepcrack,0.6054179290679024,0.7542184724689165,0.7794860027535567,0.7305376344086022,0.7542184724689166,oracle_gt_prompt_gt_alignment
deepcrack_0006,box+point,deepcrack,0.3866666666666666,0.5576923076923077,0.6990358126721763,0.4638939670932358,0.5576923076923077,oracle_gt_prompt_gt_alignment
deepcrack_0007,box+point,deepcrack,0.7177378754824635,0.8356779992184447,0.8591803937324226,0.8134271586154431,0.8356779992184447,oracle_gt_prompt_gt_alignment
deepcrack_0008,box+point,deepcrack,0.7390921110621419,0.8499746578813989,0.902583423035522,0.8031609195402298,0.8499746578813988,oracle_gt_prompt_gt_alignment
deepcrack_0009,box+point,deepcrack,0.6541958563124162,0.7909533249234096,0.8139836795252225,0.7691903259726603,0.7909533249234096,oracle_gt_prompt_gt_alignment
deepcrack_0010,box+point,deepcrack,0.4281757754800591,0.599612152553329,0.7294746775715634,0.5089991220368745,0.599612152553329,oracle_gt_prompt_gt_alignment
deepcrack_0011,box+point,deepcrack,0.7321076822061721,0.8453373768006065,0.8004307250538406,0.8955823293172691,0.8453373768006065,oracle_gt_prompt_gt_alignment
deepcrack_0012,box+point,deepcrack,0.4956916237858904,0.6628259674694135,0.962914769030579,0.5053389620064564,0.6628259674694135,oracle_gt_prompt_gt_alignment
deepcrack_0013,box+point,deepcrack,0.4661803243855797,0.6359113086324332,0.9384088964927289,0.4808942792430773,0.6359113086324333,oracle_gt_prompt_gt_alignment
deepcrack_0014,box+point,deepcrack,0.0807056638811513,0.149357344147364,0.2384767339771729,0.108726108275793,0.1493573441473641,oracle_gt_prompt_gt_alignment
deepcrack_0015,box+point,deepcrack,0.2245748267111094,0.3667800804206619,0.4703315881326352,0.3005982559318597,0.3667800804206619,oracle_gt_prompt_gt_alignment
deepcrack_0016,box+point,deepcrack,0.361758381217612,0.5313106733283285,0.5860985778742361,0.4858901515151515,0.5313106733283285,oracle_gt_prompt_gt_alignment
deepcrack_0017,box+point,deepcrack,0.1391214192458336,0.2442609135344682,0.8595492289442468,0.1423575638506876,0.2442609135344682,oracle_gt_prompt_gt_alignment
deepcrack_0018,box+point,deepcrack,0.4724457517065319,0.6417156641037238,0.8499400958466453,0.5154395737466699,0.6417156641037237,oracle_gt_prompt_gt_alignment
deepcrack_0019,box+point,deepcrack,0.4140683774972833,0.5856412378447078,0.9800178059155208,0.4175939976395211,0.5856412378447078,oracle_gt_prompt_gt_alignment
deepcrack_0020,box+point,deepcrack,0.6095137655417406,0.7573886953822809,0.9510653040013858,0.6292476075869577,0.7573886953822808,oracle_gt_prompt_gt_alignment
deepcrack_0021,box+point,deepcrack,0.7106043752317389,0.8308225858892381,0.936248168050806,0.74673680109098,0.8308225858892381,oracle_gt_prompt_gt_alignment
deepcrack_0022,box+point,deepcrack,0.5165623668949249,0.6812279905805085,0.9747140649149922,0.5235786397449522,0.6812279905805086,oracle_gt_prompt_gt_alignment
deepcrack_0023,box+point,deepcrack,0.6434293401822295,0.7830325581395349,0.9382914214374888,0.6718600344805568,0.7830325581395349,oracle_gt_prompt_gt_alignment
deepcrack_0024,box+point,deepcrack,0.0088891951488423,0.0176217471484188,0.7087912087912088,0.0089217788228784,0.0176217471484188,oracle_gt_prompt_gt_alignment
deepcrack_0025,box+point,deepcrack,0.4600500993348881,0.6301839910075134,0.7675457558726041,0.5345242874347651,0.6301839910075133,oracle_gt_prompt_gt_alignment
deepcrack_0026,box+point,deepcrack,0.7537511032656664,0.8595873175641671,0.8743281289992322,0.8453353130413264,0.8595873175641671,oracle_gt_prompt_gt_alignment
deepcrack_0027,box+point,deepcrack,0.4855310753041763,0.6536801328168235,0.5248844649840029,0.866236432971546,0.6536801328168235,oracle_gt_prompt_gt_alignment
deepcrack_0028,box+point,deepcrack,0.562489126022154,0.7199910919753545,0.688604898828541,0.7543750486116513,0.7199910919753546,oracle_gt_prompt_gt_alignment
deepcrack_0029,box+point,deepcrack,0.5355477120887432,0.6975331445224315,0.9998823252530008,0.535581468641664,0.6975331445224315,oracle_gt_prompt_gt_alignment
deepcrack_0030,box+point,deepcrack,0.6179366218849349,0.7638576363578741,0.999088045100315,0.6182853624749884,0.7638576363578741,oracle_gt_prompt_gt_alignment
deepcrack_0031,box+point,deepcrack,0.9247988160207196,0.9609303666682686,0.9927514646013306,0.9310858632892532,0.9609303666682684,oracle_gt_prompt_gt_alignment
deepcrack_0032,box+point,deepcrack,0.6247163193728079,0.769015873015873,0.6681376875551632,0.905773257553096,0.7690158730158729,oracle_gt_prompt_gt_alignment
deepcrack_0033,box+point,deepcrack,0.7930351543158937,0.8845729013254786,0.8141308031175872,0.968359532446594,0.8845729013254785,oracle_gt_prompt_gt_alignment
deepcrack_0034,box+point,deepcrack,0.7140929535232384,0.8332021341730079,0.7287331701346389,0.972636307943639,0.8332021341730079,oracle_gt_prompt_gt_alignment
deepcrack_0035,box+point,deepcrack,0.600555748523793,0.7504340277777778,0.7113762600288006,0.7940298507462686,0.7504340277777777,oracle_gt_prompt_gt_alignment
deepcrack_0036,box+point,deepcrack,0.5666158794650414,0.7233628701102226,1.0,0.5666158794650414,0.7233628701102226,oracle_gt_prompt_gt_alignment
deepcrack_0037,box+point,deepcrack,0.2690374951681484,0.4240024367956138,0.9840701291356396,0.2702143078993684,0.4240024367956138,oracle_gt_prompt_gt_alignment
deepcrack_0038,box+point,deepcrack,0.0285827709408495,0.0555769972983404,0.9282836422240128,0.0286460276016411,0.0555769972983404,oracle_gt_prompt_gt_alignment
deepcrack_0039,box+point,deepcrack,0.0628568615869265,0.118279071921456,0.6919534001625576,0.0646664134700595,0.118279071921456,oracle_gt_prompt_gt_alignment
deepcrack_0040,box+point,deepcrack,0.6660008877052819,0.7995204475822566,0.6970963995354239,0.9372267332916928,0.7995204475822565,oracle_gt_prompt_gt_alignment
deepcrack_0041,box+point,deepcrack,0.5879527905078787,0.7405167131194529,0.9685609390351104,0.599392,0.7405167131194529,oracle_gt_prompt_gt_alignment
deepcrack_0042,box+point,deepcrack,0.0353078581696214,0.068207457117237,0.8009510869565217,0.0356204114927943,0.0682074571172369,oracle_gt_prompt_gt_alignment
deepcrack_0043,box+point,deepcrack,0.5062168254199084,0.672169925174994,0.9561873369042714,0.5182373083221676,0.672169925174994,oracle_gt_prompt_gt_alignment
deepcrack_0044,box+point,deepcrack,0.7416316232127839,0.8516515356384006,0.962348575793954,0.7637938501515807,0.8516515356384007,oracle_gt_prompt_gt_alignment
deepcrack_0045,box+point,deepcrack,0.8364620938628159,0.9109494790642816,0.8673030132884147,0.9592216932312152,0.9109494790642816,oracle_gt_prompt_gt_alignment
deepcrack_0046,box+point,deepcrack,0.6483781044095286,0.7866861403643631,0.6745320326918007,0.9435736677115988,0.786686140364363,oracle_gt_prompt_gt_alignment
deepcrack_0047,box+point,deepcrack,0.4972527472527472,0.6642201834862386,0.6433649289099526,0.6864728192161821,0.6642201834862385,oracle_gt_prompt_gt_alignment
deepcrack_0048,box+point,deepcrack,0.7294671769208125,0.8435744680851064,0.7557182067703568,0.9545454545454546,0.8435744680851065,oracle_gt_prompt_gt_alignment
deepcrack_0049,box+point,deepcrack,0.8224486083318173,0.9025753643441804,0.8482176360225141,0.964377133105802,0.9025753643441804,oracle_gt_prompt_gt_alignment
deepcrack_0050,box+point,deepcrack,0.7286929836797322,0.8430565641894618,0.7394196744515216,0.9804804804804804,0.8430565641894618,oracle_gt_prompt_gt_alignment
deepcrack_0051,box+point,deepcrack,0.5422407070444503,0.7031855722231586,0.5543449375498273,0.9612903225806452,0.7031855722231587,oracle_gt_prompt_gt_alignment
deepcrack_0052,box+point,deepcrack,0.8033932135728543,0.8909795240730493,0.8158783783783784,0.9813084112149532,0.8909795240730494,oracle_gt_prompt_gt_alignment
deepcrack_0053,box+point,deepcrack,0.7902843601895735,0.8828590337524818,0.8003359731221502,0.9843565525383708,0.8828590337524818,oracle_gt_prompt_gt_alignment
deepcrack_0054,box+point,deepcrack,0.8165003650523242,0.8989817792068596,0.8732431025507548,0.9262838210933186,0.8989817792068595,oracle_gt_prompt_gt_alignment
deepcrack_0055,box+point,deepcrack,0.7277285527852188,0.8424107497813469,0.93257635771499,0.7681432610744581,0.8424107497813469,oracle_gt_prompt_gt_alignment
deepcrack_0056,box+point,deepcrack,0.449645048730598,0.6203519256308101,0.6481096080471731,0.5948742438713785,0.6203519256308101,oracle_gt_prompt_gt_alignment
deepcrack_0057,box+point,deepcrack,0.5444759206798867,0.7050623624358033,0.607650964274423,0.8396679772826562,0.7050623624358033,oracle_gt_prompt_gt_alignment
deepcrack_0058,box+point,deepcrack,0.3874690849134377,0.5585264408793821,0.3972950126796281,0.94,0.5585264408793821,oracle_gt_prompt_gt_alignment
deepcrack_0059,box+point,deepcrack,0.7614278376990241,0.8645575156728386,0.9226221346333368,0.8133686905632772,0.8645575156728387,oracle_gt_prompt_gt_alignment
deepcrack_0060,box+point,deepcrack,0.7291890729189073,0.8433884811543725,0.9546606589693044,0.7553475935828877,0.8433884811543724,oracle_gt_prompt_gt_alignment
deepcrack_0061,box+point,deepcrack,0.8070669568557163,0.8932341480694297,0.970742223591007,0.8271880330665267,0.8932341480694296,oracle_gt_prompt_gt_alignment
deepcrack_0062,box+point,deepcrack,0.7099842832326909,0.8303986068111455,0.9184590690208668,0.7577469762514346,0.8303986068111455,oracle_gt_prompt_gt_alignment
deepcrack_0063,box+point,deepcrack,0.4718541649084311,0.6411697247706422,0.8392374662263584,0.5187418816106885,0.6411697247706422,oracle_gt_prompt_gt_alignment
deepcrack_0064,box+point,deepcrack,0.6162776635627041,0.7625888514777404,0.8679952307954352,0.6800106752068321,0.7625888514777402,oracle_gt_prompt_gt_alignment
deepcrack_0065,box+point,deepcrack,0.4267422539341218,0.5982051106391725,0.7630199231038098,0.491943661971831,0.5982051106391724,oracle_gt_prompt_gt_alignment
deepcrack_0066,box+point,deepcrack,0.1961393962948568,0.3279540777645402,0.7673593512417638,0.2085399449035812,0.3279540777645403,oracle_gt_prompt_gt_alignment
deepcrack_0067,box+point,deepcrack,0.7282883362149222,0.8427856868026163,0.7523011402665202,0.9580125962211335,0.8427856868026165,oracle_gt_prompt_gt_alignment
deepcrack_0068,box+point,deepcrack,0.7225947033188066,0.83896078622166,0.7599153886832364,0.9363596872284968,0.8389607862216599,oracle_gt_prompt_gt_alignment
deepcrack_0069,box+point,deepcrack,0.65715069997255,0.7931091601788968,0.6755079006772009,0.96028880866426,0.7931091601788969,oracle_gt_prompt_gt_alignment
deepcrack_0070,box+point,deepcrack,0.7172643303450149,0.835356930986751,0.7391517357222844,0.9603528234973174,0.835356930986751,oracle_gt_prompt_gt_alignment
deepcrack_0071,box+point,deepcrack,0.6580916411316183,0.7937940519167956,0.6636246047714861,0.9874893071000856,0.7937940519167955,oracle_gt_prompt_gt_alignment
deepcrack_0072,box+point,deepcrack,0.7340374072879716,0.8466223441350132,0.7514856388246947,0.969338869370808,0.8466223441350132,oracle_gt_prompt_gt_alignment
deepcrack_0073,box+point,deepcrack,0.5212578438976239,0.6852984797923619,0.5279205941159668,0.9763602746962492,0.6852984797923618,oracle_gt_prompt_gt_alignment
deepcrack_0074,box+point,deepcrack,0.7840043525571273,0.8789265019823117,0.8373038930854154,0.9249037227214376,0.8789265019823117,oracle_gt_prompt_gt_alignment
deepcrack_0075,box+point,deepcrack,0.6353651440209485,0.7770315349375083,0.6512338775814508,0.9630650496141124,0.7770315349375083,oracle_gt_prompt_gt_alignment
deepcrack_0076,box+point,deepcrack,0.7693514161823046,0.8696422984669935,0.7854384477724404,0.974068449947436,0.8696422984669934,oracle_gt_prompt_gt_alignment
deepcrack_0077,box+point,deepcrack,0.609621062992126,0.7574715279370176,0.6204608064112196,0.9721404747890916,0.7574715279370174,oracle_gt_prompt_gt_alignment
deepcrack_0078,box+point,deepcrack,0.618308132407029,0.7641414141414141,0.6362489486963835,0.9563843236409608,0.764141414141414,oracle_gt_prompt_gt_alignment
deepcrack_0079,box+point,deepcrack,0.7283120376597175,0.8428015564202335,0.8451033944596177,0.840512223515716,0.8428015564202336,oracle_gt_prompt_gt_alignment
deepcrack_0080,box+point,deepcrack,0.7334801762114538,0.8462515883100381,0.8737290915054116,0.8204496458269172,0.8462515883100381,oracle_gt_prompt_gt_alignment
deepcrack_0081,box+point,deepcrack,0.7879646418857661,0.8814096469544274,0.9677105080027836,0.8092411545623837,0.8814096469544275,oracle_gt_prompt_gt_alignment
deepcrack_0082,box+point,deepcrack,0.6998505231689088,0.823425958494548,0.972849425128134,0.7137920520378087,0.823425958494548,oracle_gt_prompt_gt_alignment
deepcrack_0083,box+point,deepcrack,0.7258304940374787,0.8411376395829477,0.9309026355318858,0.767161827593968,0.8411376395829477,oracle_gt_prompt_gt_alignment
deepcrack_0084,box+point,deepcrack,0.7441954780492751,0.8533395338022438,0.9028290282902828,0.8089937176237187,0.8533395338022438,oracle_gt_prompt_gt_alignment
deepcrack_0085,box+point,deepcrack,0.7611637347767253,0.8643872454859777,0.9647336263265088,0.7829491083079599,0.8643872454859777,oracle_gt_prompt_gt_alignment
deepcrack_0086,box+point,deepcrack,0.8009249949728534,0.8894595801697186,0.9496900333810204,0.8364132717345653,0.8894595801697185,oracle_gt_prompt_gt_alignment
deepcrack_0087,box+point,deepcrack,0.7478510028653295,0.8557377049180328,0.9107960741548528,0.8069565217391305,0.8557377049180328,oracle_gt_prompt_gt_alignment
deepcrack_0088,box+point,deepcrack,0.7880956005480286,0.8814915715988422,0.9492115878254492,0.8227908455181182,0.8814915715988422,oracle_gt_prompt_gt_alignment
deepcrack_0089,box+point,deepcrack,0.1262920503664724,0.2242616385783414,0.5838401390095569,0.1387856257744733,0.2242616385783414,oracle_gt_prompt_gt_alignment
deepcrack_0090,box+point,deepcrack,0.4469973890339425,0.6178274990977987,0.7867647058823529,0.5086155674390969,0.6178274990977988,oracle_gt_prompt_gt_alignment
deepcrack_0091,box+point,deepcrack,0.7165937695260198,0.8349019811762259,0.95959837437246,0.738886332259549,0.8349019811762258,oracle_gt_prompt_gt_alignment
deepcrack_0092,box+point,deepcrack,0.5741534504929275,0.7294758339006127,0.9718846363141666,0.5838509316770186,0.7294758339006128,oracle_gt_prompt_gt_alignment
deepcrack_0093,box+point,deepcrack,0.8061067231747255,0.8926457255613034,0.9791739791739792,0.8201685613484908,0.8926457255613033,oracle_gt_prompt_gt_alignment
deepcrack_0094,box+point,deepcrack,0.595731854352544,0.7466565923687193,0.9305084745762712,0.6234700315457413,0.7466565923687193,oracle_gt_prompt_gt_alignment
deepcrack_0095,box+point,deepcrack,0.6753649399302416,0.8062302413447452,0.9299181785841336,0.711582959030897,0.8062302413447452,oracle_gt_prompt_gt_alignment
deepcrack_0096,box+point,deepcrack,0.8258702402353326,0.904631908704408,0.9086577362222422,0.9006415968633043,0.9046319087044082,oracle_gt_prompt_gt_alignment
deepcrack_0097,box+point,deepcrack,0.6906753544069737,0.8170407791260872,0.9609212299399732,0.7106359847798515,0.8170407791260872,oracle_gt_prompt_gt_alignment
deepcrack_0098,box+point,deepcrack,0.7605038315863648,0.8639615750237655,0.9473337722185649,0.79407707164536,0.8639615750237655,oracle_gt_prompt_gt_alignment
deepcrack_0099,box+point,deepcrack,0.7078047551037554,0.8289059425423062,0.9101220697850276,0.7609971998916087,0.8289059425423062,oracle_gt_prompt_gt_alignment
deepcrack_0100,box+point,deepcrack,0.778400535385645,0.8753939507973094,0.9232982734669576,0.8322153653519363,0.8753939507973094,oracle_gt_prompt_gt_alignment
deepcrack_0101,box+point,deepcrack,0.6352610560567963,0.7769536903039074,0.7990697674418604,0.7560288681570146,0.7769536903039075,oracle_gt_prompt_gt_alignment
deepcrack_0102,box+point,deepcrack,0.760914760914761,0.8642266824085005,0.8529129540781357,0.8758445945945946,0.8642266824085006,oracle_gt_prompt_gt_alignment
deepcrack_0103,box+point,deepcrack,0.8890655160667651,0.9412754703372004,0.9599117322545052,0.9233490566037736,0.9412754703372004,oracle_gt_prompt_gt_alignment
deepcrack_0104,box+point,deepcrack,0.9211146838156484,0.9589377371122516,0.9900921658986176,0.9296841194288188,0.9589377371122516,oracle_gt_prompt_gt_alignment
deepcrack_0105,box+point,deepcrack,0.8727622130069789,0.9320587599913588,0.9960752626111048,0.8757738759768599,0.9320587599913588,oracle_gt_prompt_gt_alignment
deepcrack_0106,box+point,deepcrack,0.9014855355746676,0.9481907894736842,0.996004751106792,0.904757233938205,0.948190789473684,oracle_gt_prompt_gt_alignment
deepcrack_0107,box+point,deepcrack,0.6808190869810258,0.8101039454565776,0.7067082683307332,0.9489395129615082,0.8101039454565776,oracle_gt_prompt_gt_alignment
deepcrack_0108,box+point,deepcrack,0.663023679417122,0.7973713033953997,0.6829268292682927,0.9578947368421052,0.7973713033953999,oracle_gt_prompt_gt_alignment
deepcrack_0109,box+point,deepcrack,0.7956596694047257,0.8862031964759699,1.0,0.7956596694047257,0.88620319647597,oracle_gt_prompt_gt_alignment
deepcrack_0110,box+point,deepcrack,0.7578265858056057,0.8622313394563849,1.0,0.7578265858056057,0.862231339456385,oracle_gt_prompt_gt_alignment
deepcrack_0111,box+point,deepcrack,0.4412065038095986,0.6122738173097886,0.9831962191493084,0.4445587653343886,0.6122738173097885,oracle_gt_prompt_gt_alignment
deepcrack_0112,box+point,deepcrack,0.660624607658506,0.7956338893351604,0.9969212551805804,0.6619751533259947,0.7956338893351604,oracle_gt_prompt_gt_alignment
deepcrack_0113,box+point,deepcrack,0.8886870783601453,0.941063332875395,0.949279379157428,0.9329882865704168,0.941063332875395,oracle_gt_prompt_gt_alignment
deepcrack_0114,box+point,deepcrack,0.8830012717253073,0.9378658262044124,0.9175403048189588,0.9591122571139148,0.9378658262044124,oracle_gt_prompt_gt_alignment
deepcrack_0115,box+point,deepcrack,0.8280635290689203,0.9059461182847124,0.9702919583404472,0.8496038271789506,0.9059461182847124,oracle_gt_prompt_gt_alignment
deepcrack_0116,box+point,deepcrack,0.814866581956798,0.8979906182174613,0.8595362551936737,0.9400469070653767,0.8979906182174614,oracle_gt_prompt_gt_alignment
deepcrack_0117,box+point,deepcrack,0.8185777777777777,0.900239503397038,0.9110605461020972,0.8896724954110714,0.9002395033970381,oracle_gt_prompt_gt_alignment
deepcrack_0118,box+point,deepcrack,0.0138792505204718,0.027378507871321,0.3370786516853932,0.0142687277051129,0.027378507871321,oracle_gt_prompt_gt_alignment
deepcrack_0119,box+point,deepcrack,0.8151904997525977,0.898187270001363,0.9323712507074136,0.8664212463844333,0.8981872700013629,oracle_gt_prompt_gt_alignment
deepcrack_0120,box+point,deepcrack,0.7161423718800768,0.8345955249569708,0.9332178598922248,0.7548256537982565,0.8345955249569708,oracle_gt_prompt_gt_alignment
deepcrack_0121,box+point,deepcrack,0.7784967645594824,0.8754547998880493,0.9644398766700925,0.8015032456440041,0.8754547998880492,oracle_gt_prompt_gt_alignment
deepcrack_0122,box+point,deepcrack,0.7895259369570613,0.8823855755894591,0.9302529609592044,0.8392032713362353,0.8823855755894592,oracle_gt_prompt_gt_alignment
deepcrack_0123,box+point,deepcrack,0.7976016379058204,0.8874064432150992,0.9065824468085106,0.8690248565965584,0.8874064432150993,oracle_gt_prompt_gt_alignment
deepcrack_0124,box+point,deepcrack,0.8099836035707779,0.8950176144942124,0.868359375,0.9233644859813084,0.8950176144942125,oracle_gt_prompt_gt_alignment
deepcrack_0125,box+point,deepcrack,0.7648514851485149,0.8667601683029453,0.828735632183908,0.9084418311633768,0.8667601683029453,oracle_gt_prompt_gt_alignment
deepcrack_0126,box+point,deepcrack,0.8046840477242598,0.8917727717923605,0.9712,0.8243549117247624,0.8917727717923604,oracle_gt_prompt_gt_alignment
deepcrack_0127,box+point,deepcrack,0.8370280568063734,0.9112850004713868,0.955327139750939,0.8711247296322999,0.9112850004713868,oracle_gt_prompt_gt_alignment
deepcrack_0128,box+point,deepcrack,0.747756985388362,0.8556761513640364,0.9891488640217024,0.7539415869733781,0.8556761513640364,oracle_gt_prompt_gt_alignment
deepcrack_0129,box+point,deepcrack,0.7353538509607874,0.8474972992437882,0.9901135885570046,0.7407932011331445,0.8474972992437882,oracle_gt_prompt_gt_alignment
deepcrack_0130,box+point,deepcrack,0.8278862889189712,0.9058400338552688,0.9915460335842502,0.8337715454279871,0.9058400338552688,oracle_gt_prompt_gt_alignment
deepcrack_0131,box+point,deepcrack,0.5900751354184868,0.7421978021978022,1.0,0.5900751354184868,0.7421978021978022,oracle_gt_prompt_gt_alignment
deepcrack_0132,box+point,deepcrack,0.7886579139314369,0.8818432052196962,0.9579180509413068,0.8169625991688704,0.8818432052196962,oracle_gt_prompt_gt_alignment
deepcrack_0133,box+point,deepcrack,0.8487305312566674,0.9181765724177726,0.8977657413676371,0.9395370807746812,0.9181765724177726,oracle_gt_prompt_gt_alignment
deepcrack_0134,box+point,deepcrack,0.4293686780606906,0.6007808687164471,0.475106136626785,0.8168546781685467,0.6007808687164471,oracle_gt_prompt_gt_alignment
deepcrack_0135,box+point,deepcrack,0.5297770251199548,0.6926199261992619,0.5407663497551138,0.9630579784504876,0.692619926199262,oracle_gt_prompt_gt_alignment
deepcrack_0136,box+point,deepcrack,0.7198102016607355,0.8370809766864395,0.9733718318896376,0.7342691190706679,0.8370809766864394,oracle_gt_prompt_gt_alignment
deepcrack_0137,box+point,deepcrack,0.38816099538128,0.5592449242887214,0.4692342752962625,0.6919845404133759,0.5592449242887214,oracle_gt_prompt_gt_alignment
deepcrack_0138,box+point,deepcrack,0.3006207508128879,0.4622727272727273,0.7883720930232558,0.3270096463022508,0.4622727272727272,oracle_gt_prompt_gt_alignment
deepcrack_0139,box+point,deepcrack,0.722136393732068,0.8386518005895168,0.8694034808024446,0.8100012377769525,0.8386518005895168,oracle_gt_prompt_gt_alignment
deepcrack_0140,box+point,deepcrack,0.7602880658436214,0.863822326125073,0.8068566437383994,0.929442837378946,0.863822326125073,oracle_gt_prompt_gt_alignment
deepcrack_0141,box+point,deepcrack,0.7745016115554495,0.8729229734275143,0.7886228272760423,0.977402832178367,0.8729229734275143,oracle_gt_prompt_gt_alignment
deepcrack_0142,box+point,deepcrack,0.7805097837281153,0.8767261947798424,0.8017720179846601,0.967139894720051,0.8767261947798425,oracle_gt_prompt_gt_alignment
deepcrack_0143,box+point,deepcrack,0.5977531857813548,0.7482422079966419,0.6023994592767827,0.9872611464968152,0.7482422079966419,oracle_gt_prompt_gt_alignment
deepcrack_0144,box+point,deepcrack,0.5078362573099415,0.673596028544834,0.5227546352034673,0.9467945922372438,0.673596028544834,oracle_gt_prompt_gt_alignment
deepcrack_0145,box+point,deepcrack,0.6139507790883938,0.7608048362356763,0.6426829268292683,0.9321246959982312,0.7608048362356762,oracle_gt_prompt_gt_alignment
deepcrack_0146,box+point,deepcrack,0.7708228167592125,0.870581527936146,0.7873163186388245,0.9735416002550208,0.870581527936146,oracle_gt_prompt_gt_alignment
deepcrack_0147,box+point,deepcrack,0.7854111405835543,0.8798098350913683,0.9730529083141636,0.8028741865509761,0.8798098350913682,oracle_gt_prompt_gt_alignment
deepcrack_0148,box+point,deepcrack,0.6988352745424293,0.8227228207639569,0.7053742802303263,0.9869083585095668,0.8227228207639569,oracle_gt_prompt_gt_alignment
deepcrack_0149,box+point,deepcrack,0.7873708381171067,0.8810380267214799,0.8152639087018545,0.9583566238121856,0.8810380267214799,oracle_gt_prompt_gt_alignment
deepcrack_0150,box+point,deepcrack,0.6751840168243953,0.8061013119076015,0.7388952819332566,0.8867559729319154,0.8061013119076015,oracle_gt_prompt_gt_alignment
deepcrack_0151,box+point,deepcrack,0.7367333968859231,0.8484127710182051,0.8318980983135988,0.8655964159044242,0.8484127710182051,oracle_gt_prompt_gt_alignment
deepcrack_0152,box+point,deepcrack,0.4958228485153498,0.6629432743422381,0.9043510189094914,0.5232632249840663,0.662943274342238,oracle_gt_prompt_gt_alignment
deepcrack_0153,box+point,deepcrack,0.6801730025039836,0.809646389378133,0.9739243807040416,0.6927892418270345,0.809646389378133,oracle_gt_prompt_gt_alignment
deepcrack_0154,box+point,deepcrack,0.7937062937062938,0.884990253411306,0.8607178968655207,0.910671302487296,0.884990253411306,oracle_gt_prompt_gt_alignment
deepcrack_0155,box+point,deepcrack,0.7807710921116309,0.8768910227375668,0.9434697855750488,0.8190895244542223,0.8768910227375667,oracle_gt_prompt_gt_alignment
deepcrack_0156,box+point,deepcrack,0.7892044452284354,0.8821847579611555,0.7969362308514428,0.9878560388606756,0.8821847579611555,oracle_gt_prompt_gt_alignment
deepcrack_0157,box+point,deepcrack,0.5842147162515637,0.7375448671931084,0.7373331419549304,0.7377567140600316,0.7375448671931084,oracle_gt_prompt_gt_alignment
deepcrack_0158,box+point,deepcrack,0.3673697132016516,0.5373377948257569,0.8823371750201019,0.3862942971133536,0.5373377948257569,oracle_gt_prompt_gt_alignment
deepcrack_0159,box+point,deepcrack,0.748339343328905,0.8560573165436387,0.7687658412945994,0.9657114866519716,0.8560573165436388,oracle_gt_prompt_gt_alignment
deepcrack_0160,box+point,deepcrack,0.9273704834373718,0.9623167848699764,0.9932653360011712,0.93323857123206,0.9623167848699764,oracle_gt_prompt_gt_alignment
deepcrack_0161,box+point,deepcrack,0.9412493621984108,0.9697356563532592,0.9995355677684032,0.9416611974039232,0.9697356563532592,oracle_gt_prompt_gt_alignment
deepcrack_0162,box+point,deepcrack,0.8649545915987599,0.9275878302830576,0.993007213279995,0.8702553485162181,0.9275878302830578,oracle_gt_prompt_gt_alignment
deepcrack_0163,box+point,deepcrack,0.9294818810632096,0.9634523031136564,0.9985045331339376,0.9307776083641908,0.9634523031136564,oracle_gt_prompt_gt_alignment
deepcrack_0164,box+point,deepcrack,0.9153422199436042,0.9558001806805636,0.9954697518817952,0.9191711178325505,0.9558001806805634,oracle_gt_prompt_gt_alignment
deepcrack_0165,box+point,deepcrack,0.8205275779376499,0.9014173560250804,0.9601526546189246,0.8494538232373386,0.9014173560250804,oracle_gt_prompt_gt_alignment
deepcrack_0166,box+point,deepcrack,0.9192351992628428,0.9579182370309912,0.9998496617389124,0.9193622707584554,0.9579182370309912,oracle_gt_prompt_gt_alignment
deepcrack_0167,box+point,deepcrack,0.6545454545454545,0.7912087912087912,0.9982225382154284,0.6553092182030339,0.7912087912087913,oracle_gt_prompt_gt_alignment
deepcrack_0168,box+point,deepcrack,0.7324040219378428,0.8455348898562195,0.7907722674562053,0.9084467120181404,0.8455348898562195,oracle_gt_prompt_gt_alignment
deepcrack_0169,box+point,deepcrack,0.651584805226228,0.7890418986229124,0.9812947892627232,0.6597795018374847,0.7890418986229123,oracle_gt_prompt_gt_alignment
deepcrack_0170,box+point,deepcrack,0.7147755362411291,0.8336665891653104,0.9640782964078296,0.7343327598918653,0.8336665891653104,oracle_gt_prompt_gt_alignment
deepcrack_0171,box+point,deepcrack,0.7488996988649526,0.8564238410596027,0.7978775913129319,0.9242424242424242,0.8564238410596028,oracle_gt_prompt_gt_alignment
deepcrack_0172,box+point,deepcrack,0.6448311156601843,0.7840696950840075,0.6768371293510959,0.9316770186335404,0.7840696950840075,oracle_gt_prompt_gt_alignment
deepcrack_0173,box+point,deepcrack,0.5825242718446602,0.7361963190184049,0.6259183073758449,0.893643801132788,0.736196319018405,oracle_gt_prompt_gt_alignment
deepcrack_0174,box+point,deepcrack,0.6004175365344467,0.7503261153143752,0.602177554438861,0.9951557093425606,0.7503261153143752,oracle_gt_prompt_gt_alignment
deepcrack_0175,box+point,deepcrack,0.3733300947291717,0.5436858860983375,0.3769928869266618,0.9746353836398224,0.5436858860983376,oracle_gt_prompt_gt_alignment
deepcrack_0176,box+point,deepcrack,0.3360484940329608,0.5030483482206154,0.34253716933771,0.9466382070437568,0.5030483482206154,oracle_gt_prompt_gt_alignment
deepcrack_0177,box+point,deepcrack,0.4345252190385981,0.6058104985143612,0.4389952153110047,0.9771033013844516,0.6058104985143612,oracle_gt_prompt_gt_alignment
deepcrack_0178,box+point,deepcrack,0.853700889950076,0.9210772833723654,0.875849014586349,0.9712310161748364,0.9210772833723654,oracle_gt_prompt_gt_alignment
deepcrack_0179,box+point,deepcrack,0.2453940634595701,0.3940825970823916,0.2806555458004097,0.6613793103448276,0.3940825970823916,oracle_gt_prompt_gt_alignment
deepcrack_0180,box+point,deepcrack,0.9091412742382272,0.9524085896691816,0.9544026986157962,0.9504227962469594,0.9524085896691816,oracle_gt_prompt_gt_alignment
deepcrack_0181,box+point,deepcrack,0.7934848180172934,0.8848525619464066,0.835839864435501,0.9399714149595044,0.8848525619464066,oracle_gt_prompt_gt_alignment
deepcrack_0182,box+point,deepcrack,0.85669910954649,0.9228195404862816,0.909830657576424,0.936184657162254,0.9228195404862816,oracle_gt_prompt_gt_alignment
deepcrack_0183,box+point,deepcrack,0.7455429497568882,0.8542246982358404,0.7738896366083445,0.9531703273932864,0.8542246982358402,oracle_gt_prompt_gt_alignment
deepcrack_0184,box+point,deepcrack,0.7490625901355639,0.8565303430079155,0.8048553719008265,0.915296052631579,0.8565303430079155,oracle_gt_prompt_gt_alignment
deepcrack_0185,box+point,deepcrack,0.7379397272831443,0.8492121052284565,0.8456992777413,0.8527542372881356,0.8492121052284565,oracle_gt_prompt_gt_alignment
deepcrack_0186,box+point,deepcrack,0.7754914943465417,0.8735513482501435,0.9094492892127584,0.8403797328623468,0.8735513482501434,oracle_gt_prompt_gt_alignment
deepcrack_0187,box+point,deepcrack,0.7950557333627635,0.8858284660313557,0.9707586578628216,0.8145635459068294,0.8858284660313556,oracle_gt_prompt_gt_alignment
deepcrack_0188,box+point,deepcrack,0.825483256193847,0.904399701715138,0.9436663554310614,0.868270332187858,0.904399701715138,oracle_gt_prompt_gt_alignment
deepcrack_0189,box+point,deepcrack,0.686880182084214,0.8143793369313801,0.9084067942377984,0.7379912663755459,0.8143793369313803,oracle_gt_prompt_gt_alignment
deepcrack_0190,box+point,deepcrack,0.8114213197969543,0.8958946335995517,0.9009440608707904,0.890901490873624,0.8958946335995517,oracle_gt_prompt_gt_alignment
deepcrack_0191,box+point,deepcrack,0.8015225666122893,0.889827950498038,0.8779035139964264,0.9020807833537332,0.889827950498038,oracle_gt_prompt_gt_alignment
deepcrack_0192,box+point,deepcrack,0.7271745002701242,0.8420394119487019,0.7704636519748139,0.9282758620689656,0.8420394119487019,oracle_gt_prompt_gt_alignment
deepcrack_0193,box+point,deepcrack,0.7352880446004543,0.847453593526892,0.8492725971857858,0.8456423652339112,0.847453593526892,oracle_gt_prompt_gt_alignment
deepcrack_0194,box+point,deepcrack,0.8310852874040258,0.9077515865820488,0.9075458871515976,0.907957379279075,0.9077515865820488,oracle_gt_prompt_gt_alignment
deepcrack_0195,box+point,deepcrack,0.7190316765387587,0.8365543071161049,0.7322318384474167,0.9755415793151644,0.8365543071161048,oracle_gt_prompt_gt_alignment
deepcrack_0196,box+point,deepcrack,0.7513930561508787,0.8580518844836026,0.792316384180791,0.9356818788364024,0.8580518844836026,oracle_gt_prompt_gt_alignment
deepcrack_0197,box+point,deepcrack,0.7583022204755354,0.8625391148860081,0.7687250996015936,0.9824338085539714,0.862539114886008,oracle_gt_prompt_gt_alignment
deepcrack_0198,box+point,deepcrack,0.5428348039763208,0.7036849344820097,0.8127090301003345,0.6204519341248563,0.7036849344820096,oracle_gt_prompt_gt_alignment
deepcrack_0199,box+point,deepcrack,0.2876091879650598,0.4467336683417085,0.8123667377398721,0.3080743906665126,0.4467336683417086,oracle_gt_prompt_gt_alignment
deepcrack_0200,box+point,deepcrack,0.6925898752751284,0.8183788469874296,0.8279664202480892,0.8090107737512243,0.8183788469874296,oracle_gt_prompt_gt_alignment
deepcrack_0201,box+point,deepcrack,0.61692158076209,0.7630816337689321,0.7585607131209914,0.7676567656765677,0.7630816337689322,oracle_gt_prompt_gt_alignment
deepcrack_0202,box+point,deepcrack,0.6130937098844673,0.7601464268661468,0.8721694667640614,0.6736248236953456,0.7601464268661466,oracle_gt_prompt_gt_alignment
deepcrack_0203,box+point,deepcrack,0.5159006629958423,0.6806523350630096,0.8224650662844859,0.5805513404147699,0.6806523350630097,oracle_gt_prompt_gt_alignment
deepcrack_0204,box+point,deepcrack,0.5084453636677008,0.6741316270566727,0.8662881754111198,0.5517456359102244,0.6741316270566727,oracle_gt_prompt_gt_alignment
deepcrack_0205,box+point,deepcrack,0.3390335535691152,0.5063854489164087,0.6640446587160619,0.4092259577795152,0.5063854489164087,oracle_gt_prompt_gt_alignment
deepcrack_0206,box+point,deepcrack,0.5581607517562266,0.7164353884887874,0.5847830242783406,0.924588181955569,0.7164353884887873,oracle_gt_prompt_gt_alignment
deepcrack_0207,box+point,deepcrack,0.5155263157894737,0.6803264455634659,0.5233769703446434,0.9717261904761904,0.6803264455634659,oracle_gt_prompt_gt_alignment
deepcrack_0208,box+point,deepcrack,0.5396187264946181,0.7009770889487871,0.5477162037646439,0.9733333333333334,0.7009770889487871,oracle_gt_prompt_gt_alignment
deepcrack_0209,box+point,deepcrack,0.4587776866283839,0.6289891747504569,0.4794256322331762,0.9141806293420516,0.628989174750457,oracle_gt_prompt_gt_alignment
deepcrack_0210,box+point,deepcrack,0.3925946599683692,0.5638319192998864,0.4109055501460564,0.8980634177484571,0.5638319192998864,oracle_gt_prompt_gt_alignment
deepcrack_0211,box+point,deepcrack,0.4409923487131926,0.6120675784392599,0.7785509619320508,0.5042417815482503,0.6120675784392599,oracle_gt_prompt_gt_alignment
deepcrack_0212,box+point,deepcrack,0.3461806361736708,0.5143152811314247,0.3618932038834951,0.8885578069129917,0.5143152811314247,oracle_gt_prompt_gt_alignment
deepcrack_0213,box+point,deepcrack,0.6083884546001203,0.7565193008692401,0.6662825156404346,0.8750270270270271,0.7565193008692401,oracle_gt_prompt_gt_alignment
deepcrack_0214,box+point,deepcrack,0.5698814576320796,0.7260184580963923,0.5925136944613512,0.9371841155234656,0.7260184580963923,oracle_gt_prompt_gt_alignment
deepcrack_0215,box+point,deepcrack,0.6506877298107041,0.7883837967164425,0.7513760025161189,0.8292259632072198,0.7883837967164424,oracle_gt_prompt_gt_alignment
deepcrack_0216,box+point,deepcrack,0.6993096805265693,0.8230514879546528,0.7493548942026492,0.9128248113998324,0.8230514879546528,oracle_gt_prompt_gt_alignment
deepcrack_0217,box+point,deepcrack,0.8022395943376294,0.8902696365767878,0.882817949314113,0.8978481910617168,0.8902696365767878,oracle_gt_prompt_gt_alignment
deepcrack_0218,box+point,deepcrack,0.7370589042976795,0.8486285669117066,0.8118572292800968,0.8888888888888888,0.8486285669117065,oracle_gt_prompt_gt_alignment
deepcrack_0219,box+point,deepcrack,0.5100502512562815,0.6755407653910149,0.5376935615321924,0.908433734939759,0.675540765391015,oracle_gt_prompt_gt_alignment
deepcrack_0220,box+point,deepcrack,0.6529132283070768,0.7900151285930408,0.6634481006225385,0.9762572443447374,0.7900151285930409,oracle_gt_prompt_gt_alignment
deepcrack_0221,box+point,deepcrack,0.7539855680483303,0.8597397627248373,0.8306526160103531,0.8909379337695816,0.8597397627248373,oracle_gt_prompt_gt_alignment
deepcrack_0222,box+point,deepcrack,0.7548283261802575,0.8602873738917762,0.812512030798845,0.9140320485058469,0.8602873738917762,oracle_gt_prompt_gt_alignment
deepcrack_0223,box+point,deepcrack,0.7070595457335789,0.8283947065592635,0.7440568475452196,0.9342959117456198,0.8283947065592635,oracle_gt_prompt_gt_alignment
deepcrack_0224,box+point,deepcrack,0.7119777158774373,0.831760494630654,0.7884022208513264,0.8801652892561983,0.8317604946306542,oracle_gt_prompt_gt_alignment
deepcrack_0225,box+point,deepcrack,0.2329134280353792,0.3778260869565217,0.2793314046930247,0.5836131631967764,0.3778260869565217,oracle_gt_prompt_gt_alignment
deepcrack_0226,box+point,deepcrack,0.3159851301115242,0.480225988700565,0.5044510385756676,0.4582210242587601,0.480225988700565,oracle_gt_prompt_gt_alignment
deepcrack_0227,box+point,deepcrack,0.7811380819737366,0.8771224307417337,0.7906820622986036,0.9847826086956522,0.8771224307417337,oracle_gt_prompt_gt_alignment
deepcrack_0228,box+point,deepcrack,0.7465273509526736,0.8548704954954955,0.7561947453617234,0.983163347903513,0.8548704954954955,oracle_gt_prompt_gt_alignment
deepcrack_0229,box+point,deepcrack,0.8353062274832733,0.910263600673023,0.8555614127569847,0.9724385859796284,0.910263600673023,oracle_gt_prompt_gt_alignment
deepcrack_0230,box+point,deepcrack,0.9210246598639455,0.9588889503679522,0.9468910501584528,0.971194799372338,0.958888950367952,oracle_gt_prompt_gt_alignment
deepcrack_0231,box+point,deepcrack,0.8087152209492635,0.8942427327225427,0.8444776757103183,0.9502403846153846,0.8942427327225427,oracle_gt_prompt_gt_alignment
deepcrack_0232,box+point,deepcrack,0.6795164233576643,0.8091810403368193,0.6834136269786648,0.9916777629826896,0.8091810403368193,oracle_gt_prompt_gt_alignment
deepcrack_0233,box+point,deepcrack,0.8199612403100776,0.9010754978170588,0.9730910763569456,0.8389847313107277,0.9010754978170588,oracle_gt_prompt_gt_alignment
deepcrack_0234,box+point,deepcrack,0.85110263637871,0.9195628806879256,0.9948959813929448,0.8548351282335961,0.9195628806879256,oracle_gt_prompt_gt_alignment
deepcrack_0235,box+point,deepcrack,0.9188301195734138,0.957698245614035,0.9888702104225842,0.9284314792641776,0.957698245614035,oracle_gt_prompt_gt_alignment
deepcrack_0236,box+point,deepcrack,0.4740535440500059,0.6431971836620395,0.9967144008430971,0.4747954995127425,0.6431971836620395,oracle_gt_prompt_gt_alignment
deepcrack_0000,text+box,deepcrack,0.5910299003322259,0.7429525997076634,0.6138716356107661,0.940772078265468,0.7429525997076634,oracle_gt_prompt_gt_alignment
deepcrack_0001,text+box,deepcrack,0.7080949175361831,0.8291048820138923,0.7605061003163127,0.9113060428849904,0.8291048820138923,oracle_gt_prompt_gt_alignment
deepcrack_0002,text+box,deepcrack,0.6808389561824242,0.810118011220739,0.7487037368138745,0.8825079030558483,0.8101180112207391,oracle_gt_prompt_gt_alignment
deepcrack_0003,text+box,deepcrack,0.53667725493093,0.6984905297567542,0.6085099254543932,0.8196998758885253,0.6984905297567542,oracle_gt_prompt_gt_alignment
deepcrack_0004,text+box,deepcrack,0.6499076273423067,0.7878109253779093,0.8319256756756757,0.7481391462858878,0.7878109253779093,oracle_gt_prompt_gt_alignment
deepcrack_0005,text+box,deepcrack,0.6054179290679024,0.7542184724689165,0.7794860027535567,0.7305376344086022,0.7542184724689166,oracle_gt_prompt_gt_alignment
deepcrack_0006,text+box,deepcrack,0.3866666666666666,0.5576923076923077,0.6990358126721763,0.4638939670932358,0.5576923076923077,oracle_gt_prompt_gt_alignment
deepcrack_0007,text+box,deepcrack,0.7177378754824635,0.8356779992184447,0.8591803937324226,0.8134271586154431,0.8356779992184447,oracle_gt_prompt_gt_alignment
deepcrack_0008,text+box,deepcrack,0.7390921110621419,0.8499746578813989,0.902583423035522,0.8031609195402298,0.8499746578813988,oracle_gt_prompt_gt_alignment
deepcrack_0009,text+box,deepcrack,0.645383825040364,0.7844781445138269,0.7988735465116279,0.7705923589204347,0.7844781445138269,oracle_gt_prompt_gt_alignment
deepcrack_0010,text+box,deepcrack,0.3909465020576131,0.5621301775147929,0.641169853768279,0.5004389815627743,0.5621301775147929,oracle_gt_prompt_gt_alignment
deepcrack_0011,text+box,deepcrack,0.7321076822061721,0.8453373768006065,0.8004307250538406,0.8955823293172691,0.8453373768006065,oracle_gt_prompt_gt_alignment
deepcrack_0012,text+box,deepcrack,0.4093982524931304,0.5809546758965147,0.9871212685178292,0.4115967221256518,0.5809546758965147,oracle_gt_prompt_gt_alignment
deepcrack_0013,text+box,deepcrack,0.4483398786147804,0.6191086570696115,0.9517962710322874,0.4587564842551326,0.6191086570696115,oracle_gt_prompt_gt_alignment
deepcrack_0014,text+box,deepcrack,0.4398697816928379,0.6109855033914084,0.9106045589692764,0.4597218052636845,0.6109855033914083,oracle_gt_prompt_gt_alignment
deepcrack_0015,text+box,deepcrack,0.2586172243995578,0.4109545291229191,0.9665727699530516,0.2609511255323464,0.4109545291229191,oracle_gt_prompt_gt_alignment
deepcrack_0016,text+box,deepcrack,0.3840589920623737,0.554974888014117,0.979516051748922,0.3871685606060606,0.554974888014117,oracle_gt_prompt_gt_alignment
deepcrack_0017,text+box,deepcrack,0.1953929223478227,0.3269099535306924,0.9449558519631788,0.1976424361493123,0.3269099535306925,oracle_gt_prompt_gt_alignment
deepcrack_0018,text+box,deepcrack,0.4867730711879384,0.654804799227369,0.8470927438731379,0.533664325502543,0.654804799227369,oracle_gt_prompt_gt_alignment
deepcrack_0019,text+box,deepcrack,0.4140683774972833,0.5856412378447078,0.9800178059155208,0.4175939976395211,0.5856412378447078,oracle_gt_prompt_gt_alignment
deepcrack_0020,text+box,deepcrack,0.6095137655417406,0.7573886953822809,0.9510653040013858,0.6292476075869577,0.7573886953822808,oracle_gt_prompt_gt_alignment
deepcrack_0021,text+box,deepcrack,0.7061239731142643,0.8277522433792952,0.9443196004993758,0.7368010909799337,0.8277522433792953,oracle_gt_prompt_gt_alignment
deepcrack_0022,text+box,deepcrack,0.5192301386930719,0.6835437574187979,0.9761449793503052,0.5259032943676939,0.6835437574187979,oracle_gt_prompt_gt_alignment
deepcrack_0023,text+box,deepcrack,0.6434293401822295,0.7830325581395349,0.9382914214374888,0.6718600344805568,0.7830325581395349,oracle_gt_prompt_gt_alignment
deepcrack_0024,text+box,deepcrack,0.482756320458942,0.6511606982184632,0.931522718496589,0.5005187080710976,0.6511606982184632,oracle_gt_prompt_gt_alignment
deepcrack_0025,text+box,deepcrack,0.6899555859241544,0.8165369453148691,0.8224394217063734,0.8107185869128863,0.8165369453148691,oracle_gt_prompt_gt_alignment
deepcrack_0026,text+box,deepcrack,0.7537511032656664,0.8595873175641671,0.8743281289992322,0.8453353130413264,0.8595873175641671,oracle_gt_prompt_gt_alignment
deepcrack_0027,text+box,deepcrack,0.5158133845885026,0.6805763688760806,0.5605772882643373,0.8659430918157818,0.6805763688760808,oracle_gt_prompt_gt_alignment
deepcrack_0028,text+box,deepcrack,0.5432228039557883,0.7040108564535585,0.6830517153097798,0.7262969588550984,0.7040108564535585,oracle_gt_prompt_gt_alignment
deepcrack_0029,text+box,deepcrack,0.5355477120887432,0.6975331445224315,0.9998823252530008,0.535581468641664,0.6975331445224315,oracle_gt_prompt_gt_alignment
deepcrack_0030,text+box,deepcrack,0.7711764404083936,0.8708070216094085,1.0,0.7711764404083936,0.8708070216094085,oracle_gt_prompt_gt_alignment
deepcrack_0031,text+box,deepcrack,0.880316426244765,0.936349237774698,0.9992605113036128,0.8808902961445334,0.936349237774698,oracle_gt_prompt_gt_alignment
deepcrack_0032,text+box,deepcrack,0.6244577566618468,0.7688199389623601,0.6686573766865738,0.9042775949745736,0.7688199389623601,oracle_gt_prompt_gt_alignment
deepcrack_0033,text+box,deepcrack,0.7533151680290645,0.8593037712391214,0.8842217484008529,0.835751713018944,0.8593037712391214,oracle_gt_prompt_gt_alignment
deepcrack_0034,text+box,deepcrack,0.7376120811703634,0.8489951113525258,0.7625630183769718,0.9575250153154992,0.8489951113525258,oracle_gt_prompt_gt_alignment
deepcrack_0035,text+box,deepcrack,0.6242435030259879,0.7686575342465753,0.7352201257861635,0.8052812858783008,0.7686575342465753,oracle_gt_prompt_gt_alignment
deepcrack_0036,text+box,deepcrack,0.5666158794650414,0.7233628701102226,1.0,0.5666158794650414,0.7233628701102226,oracle_gt_prompt_gt_alignment
deepcrack_0037,text+box,deepcrack,0.2678299868546537,0.422501423111328,0.9847422289613345,0.2689460606688063,0.4225014231113279,oracle_gt_prompt_gt_alignment
deepcrack_0038,text+box,deepcrack,0.4598056427882594,0.6299546039704587,0.9879921364433346,0.4623896556011438,0.6299546039704587,oracle_gt_prompt_gt_alignment
deepcrack_0039,text+box,deepcrack,0.2015038340323101,0.335419377491377,0.9101098408428604,0.2055956450183567,0.335419377491377,oracle_gt_prompt_gt_alignment
deepcrack_0040,text+box,deepcrack,0.6636802205375603,0.7978458989229494,0.7150990099009901,0.9022485946283572,0.7978458989229494,oracle_gt_prompt_gt_alignment
deepcrack_0041,text+box,deepcrack,0.5986942804485678,0.7489790734480939,0.9617140850017564,0.613312,0.748979073448094,oracle_gt_prompt_gt_alignment
deepcrack_0042,text+box,deepcrack,0.3823893440207461,0.5532295885738648,0.939540945623054,0.3920360131726034,0.5532295885738648,oracle_gt_prompt_gt_alignment
deepcrack_0043,text+box,deepcrack,0.5062168254199084,0.672169925174994,0.9561873369042714,0.5182373083221676,0.672169925174994,oracle_gt_prompt_gt_alignment
deepcrack_0044,text+box,deepcrack,0.7056518591081392,0.8274277723674682,0.977059621395294,0.7175400606323084,0.8274277723674681,oracle_gt_prompt_gt_alignment
deepcrack_0045,text+box,deepcrack,0.8404062386652158,0.913283405597162,0.8715441038179425,0.9592216932312152,0.913283405597162,oracle_gt_prompt_gt_alignment
deepcrack_0046,text+box,deepcrack,0.6471702880242547,0.7857964567834956,0.6726628151260504,0.9446800663839204,0.7857964567834957,oracle_gt_prompt_gt_alignment
deepcrack_0047,text+box,deepcrack,0.4974240780911063,0.6643730194658216,0.5824734084775361,0.7730720606826802,0.6643730194658217,oracle_gt_prompt_gt_alignment
deepcrack_0048,text+box,deepcrack,0.7294671769208125,0.8435744680851064,0.7557182067703568,0.9545454545454546,0.8435744680851065,oracle_gt_prompt_gt_alignment
deepcrack_0049,text+box,deepcrack,0.8224486083318173,0.9025753643441804,0.8482176360225141,0.964377133105802,0.9025753643441804,oracle_gt_prompt_gt_alignment
deepcrack_0050,text+box,deepcrack,0.75135769851754,0.8580288300368756,0.7751362810417929,0.9607732732732732,0.8580288300368756,oracle_gt_prompt_gt_alignment
deepcrack_0051,text+box,deepcrack,0.5422407070444503,0.7031855722231586,0.5543449375498273,0.9612903225806452,0.7031855722231587,oracle_gt_prompt_gt_alignment
deepcrack_0052,text+box,deepcrack,0.8033932135728543,0.8909795240730493,0.8158783783783784,0.9813084112149532,0.8909795240730494,oracle_gt_prompt_gt_alignment
deepcrack_0053,text+box,deepcrack,0.8128793877012405,0.8967826466734605,0.8848032174662454,0.9090909090909092,0.8967826466734604,oracle_gt_prompt_gt_alignment
deepcrack_0054,text+box,deepcrack,0.8165003650523242,0.8989817792068596,0.8732431025507548,0.9262838210933186,0.8989817792068595,oracle_gt_prompt_gt_alignment
deepcrack_0055,text+box,deepcrack,0.699986136143075,0.8235198173218072,0.9410120212468548,0.7321104908286812,0.8235198173218072,oracle_gt_prompt_gt_alignment
deepcrack_0056,text+box,deepcrack,0.5141179128077705,0.6790989109354021,0.6389668725435149,0.7246099968163006,0.6790989109354021,oracle_gt_prompt_gt_alignment
deepcrack_0057,text+box,deepcrack,0.5327868852459017,0.6951871657754011,0.6014677728142949,0.8235037134119703,0.6951871657754011,oracle_gt_prompt_gt_alignment
deepcrack_0058,text+box,deepcrack,0.3991817650496785,0.570593149540518,0.4154501216545012,0.9106666666666666,0.5705931495405181,oracle_gt_prompt_gt_alignment
deepcrack_0059,text+box,deepcrack,0.7528147389969294,0.858978102189781,0.9180361972123986,0.8070592538405267,0.858978102189781,oracle_gt_prompt_gt_alignment
deepcrack_0060,text+box,deepcrack,0.7293103448275862,0.843469591226321,0.9570135746606336,0.7540106951871658,0.843469591226321,oracle_gt_prompt_gt_alignment
deepcrack_0061,text+box,deepcrack,0.8070669568557163,0.8932341480694297,0.970742223591007,0.8271880330665267,0.8932341480694296,oracle_gt_prompt_gt_alignment
deepcrack_0062,text+box,deepcrack,0.3100254586954613,0.473312112581672,0.3814126795550275,0.6235543391895471,0.473312112581672,oracle_gt_prompt_gt_alignment
deepcrack_0063,text+box,deepcrack,0.7196627778250873,0.8369812815687828,0.8975148683092609,0.7840972351085544,0.8369812815687828,oracle_gt_prompt_gt_alignment
deepcrack_0064,text+box,deepcrack,0.6392585010804048,0.7799361731649785,0.8122832369942197,0.7500667200427008,0.7799361731649784,oracle_gt_prompt_gt_alignment
deepcrack_0065,text+box,deepcrack,0.5871951219512195,0.7399154821359969,0.8568886252409906,0.6510422535211268,0.739915482135997,oracle_gt_prompt_gt_alignment
deepcrack_0066,text+box,deepcrack,0.4707024557395773,0.6401056228642436,0.7337962962962963,0.5676308539944903,0.6401056228642436,oracle_gt_prompt_gt_alignment
deepcrack_0067,text+box,deepcrack,0.7737549981824791,0.8724485613574883,0.8208391176924263,0.9309832050384884,0.8724485613574884,oracle_gt_prompt_gt_alignment
deepcrack_0068,text+box,deepcrack,0.7225947033188066,0.83896078622166,0.7599153886832364,0.9363596872284968,0.8389607862216599,oracle_gt_prompt_gt_alignment
deepcrack_0069,text+box,deepcrack,0.65715069997255,0.7931091601788968,0.6755079006772009,0.96028880866426,0.7931091601788969,oracle_gt_prompt_gt_alignment
deepcrack_0070,text+box,deepcrack,0.7461284772010324,0.854608909874769,0.7790836951639467,0.9463490042738928,0.854608909874769,oracle_gt_prompt_gt_alignment
deepcrack_0071,text+box,deepcrack,0.7484725050916496,0.856144437973209,0.7838606469960896,0.94311377245509,0.8561444379732092,oracle_gt_prompt_gt_alignment
deepcrack_0072,text+box,deepcrack,0.7340374072879716,0.8466223441350132,0.7514856388246947,0.969338869370808,0.8466223441350132,oracle_gt_prompt_gt_alignment
deepcrack_0073,text+box,deepcrack,0.5155149571159612,0.6803165547069109,0.5220307866120605,0.9763602746962492,0.6803165547069109,oracle_gt_prompt_gt_alignment
deepcrack_0074,text+box,deepcrack,0.7473173751547668,0.855388249188072,0.7920174958993986,0.9297817715019256,0.8553882491880722,oracle_gt_prompt_gt_alignment
deepcrack_0075,text+box,deepcrack,0.6353651440209485,0.7770315349375083,0.6512338775814508,0.9630650496141124,0.7770315349375083,oracle_gt_prompt_gt_alignment
deepcrack_0076,text+box,deepcrack,0.7597985347985348,0.8635062704896707,0.7786223723723724,0.9691624810185726,0.8635062704896707,oracle_gt_prompt_gt_alignment
deepcrack_0077,text+box,deepcrack,0.6112620400098789,0.7587369711833231,0.6225631995975349,0.9711595055915244,0.7587369711833232,oracle_gt_prompt_gt_alignment
deepcrack_0078,text+box,deepcrack,0.618308132407029,0.7641414141414141,0.6362489486963835,0.9563843236409608,0.764141414141414,oracle_gt_prompt_gt_alignment
deepcrack_0079,text+box,deepcrack,0.7283120376597175,0.8428015564202335,0.8451033944596177,0.840512223515716,0.8428015564202336,oracle_gt_prompt_gt_alignment
deepcrack_0080,text+box,deepcrack,0.7334801762114538,0.8462515883100381,0.8737290915054116,0.8204496458269172,0.8462515883100381,oracle_gt_prompt_gt_alignment
deepcrack_0081,text+box,deepcrack,0.7879646418857661,0.8814096469544274,0.9677105080027836,0.8092411545623837,0.8814096469544275,oracle_gt_prompt_gt_alignment
deepcrack_0082,text+box,deepcrack,0.6998505231689088,0.823425958494548,0.972849425128134,0.7137920520378087,0.823425958494548,oracle_gt_prompt_gt_alignment
deepcrack_0083,text+box,deepcrack,0.7258304940374787,0.8411376395829477,0.9309026355318858,0.767161827593968,0.8411376395829477,oracle_gt_prompt_gt_alignment
deepcrack_0084,text+box,deepcrack,0.85911227154047,0.924217740576372,0.9424839596700276,0.9066460928028216,0.9242177405763722,oracle_gt_prompt_gt_alignment
deepcrack_0085,text+box,deepcrack,0.7611637347767253,0.8643872454859777,0.9647336263265088,0.7829491083079599,0.8643872454859777,oracle_gt_prompt_gt_alignment
deepcrack_0086,text+box,deepcrack,0.8009249949728534,0.8894595801697186,0.9496900333810204,0.8364132717345653,0.8894595801697185,oracle_gt_prompt_gt_alignment
deepcrack_0087,text+box,deepcrack,0.7478510028653295,0.8557377049180328,0.9107960741548528,0.8069565217391305,0.8557377049180328,oracle_gt_prompt_gt_alignment
deepcrack_0088,text+box,deepcrack,0.7880956005480286,0.8814915715988422,0.9492115878254492,0.8227908455181182,0.8814915715988422,oracle_gt_prompt_gt_alignment
deepcrack_0089,text+box,deepcrack,0.1262920503664724,0.2242616385783414,0.5838401390095569,0.1387856257744733,0.2242616385783414,oracle_gt_prompt_gt_alignment
deepcrack_0090,text+box,deepcrack,0.4189165343215105,0.5904738216639721,0.7934491978609626,0.4701921172509408,0.5904738216639721,oracle_gt_prompt_gt_alignment
deepcrack_0091,text+box,deepcrack,0.7165937695260198,0.8349019811762259,0.95959837437246,0.738886332259549,0.8349019811762258,oracle_gt_prompt_gt_alignment
deepcrack_0092,text+box,deepcrack,0.5741534504929275,0.7294758339006127,0.9718846363141666,0.5838509316770186,0.7294758339006128,oracle_gt_prompt_gt_alignment
deepcrack_0093,text+box,deepcrack,0.8061067231747255,0.8926457255613034,0.9791739791739792,0.8201685613484908,0.8926457255613033,oracle_gt_prompt_gt_alignment
deepcrack_0094,text+box,deepcrack,0.595731854352544,0.7466565923687193,0.9305084745762712,0.6234700315457413,0.7466565923687193,oracle_gt_prompt_gt_alignment
deepcrack_0095,text+box,deepcrack,0.6753649399302416,0.8062302413447452,0.9299181785841336,0.711582959030897,0.8062302413447452,oracle_gt_prompt_gt_alignment
deepcrack_0096,text+box,deepcrack,0.7647790398806069,0.866713648108997,0.9166252608566036,0.8219568704330779,0.8667136481089969,oracle_gt_prompt_gt_alignment
deepcrack_0097,text+box,deepcrack,0.7004993112947658,0.8238748544524882,0.9336775674125072,0.737180648668237,0.8238748544524882,oracle_gt_prompt_gt_alignment
deepcrack_0098,text+box,deepcrack,0.1177389977355518,0.2106735078118978,0.1196622889305816,0.879885956037892,0.2106735078118978,oracle_gt_prompt_gt_alignment
deepcrack_0099,text+box,deepcrack,0.7012179965200099,0.8243717124488603,0.8945143219532818,0.7644295908228705,0.8243717124488604,oracle_gt_prompt_gt_alignment
deepcrack_0100,text+box,deepcrack,0.7098471986417657,0.8303048356667659,0.9331547818323848,0.7478758608353456,0.8303048356667659,oracle_gt_prompt_gt_alignment
deepcrack_0101,text+box,deepcrack,0.5778619997770594,0.7324620275521018,0.6117535992447486,0.9125154022179194,0.7324620275521017,oracle_gt_prompt_gt_alignment
deepcrack_0102,text+box,deepcrack,0.7426014319809069,0.8522906252139971,0.8298439791972263,0.8759853603603603,0.8522906252139972,oracle_gt_prompt_gt_alignment
deepcrack_0103,text+box,deepcrack,0.8890655160667651,0.9412754703372004,0.9599117322545052,0.9233490566037736,0.9412754703372004,oracle_gt_prompt_gt_alignment
deepcrack_0104,text+box,deepcrack,0.9211146838156484,0.9589377371122516,0.9900921658986176,0.9296841194288188,0.9589377371122516,oracle_gt_prompt_gt_alignment
deepcrack_0105,text+box,deepcrack,0.8562442933955564,0.922555610209324,0.9995262908574136,0.8565919009438749,0.922555610209324,oracle_gt_prompt_gt_alignment
deepcrack_0106,text+box,deepcrack,0.9014855355746676,0.9481907894736842,0.996004751106792,0.904757233938205,0.948190789473684,oracle_gt_prompt_gt_alignment
deepcrack_0107,text+box,deepcrack,0.6802973977695167,0.8097345132743363,0.7010151312009194,0.9583660644147682,0.8097345132743362,oracle_gt_prompt_gt_alignment
deepcrack_0108,text+box,deepcrack,0.6275212064090481,0.7711373639101228,0.6384733410049865,0.973391812865497,0.7711373639101228,oracle_gt_prompt_gt_alignment
deepcrack_0109,text+box,deepcrack,0.7956596694047257,0.8862031964759699,1.0,0.7956596694047257,0.88620319647597,oracle_gt_prompt_gt_alignment
deepcrack_0110,text+box,deepcrack,0.7578265858056057,0.8622313394563849,1.0,0.7578265858056057,0.862231339456385,oracle_gt_prompt_gt_alignment
deepcrack_0111,text+box,deepcrack,0.4412065038095986,0.6122738173097886,0.9831962191493084,0.4445587653343886,0.6122738173097885,oracle_gt_prompt_gt_alignment
deepcrack_0112,text+box,deepcrack,0.660624607658506,0.7956338893351604,0.9969212551805804,0.6619751533259947,0.7956338893351604,oracle_gt_prompt_gt_alignment
deepcrack_0113,text+box,deepcrack,0.8685817493764514,0.9296695203903156,0.9426864557080183,0.9170071733405974,0.9296695203903156,oracle_gt_prompt_gt_alignment
deepcrack_0114,text+box,deepcrack,0.8764995253301113,0.9341857149427402,0.9331128261668504,0.9352610737636984,0.93418571494274,oracle_gt_prompt_gt_alignment
deepcrack_0115,text+box,deepcrack,0.8280635290689203,0.9059461182847124,0.9702919583404472,0.8496038271789506,0.9059461182847124,oracle_gt_prompt_gt_alignment
deepcrack_0116,text+box,deepcrack,0.806498673740053,0.892885984876294,0.894396234740403,0.8913808267370272,0.8928859848762939,oracle_gt_prompt_gt_alignment
deepcrack_0117,text+box,deepcrack,0.8185777777777777,0.900239503397038,0.9110605461020972,0.8896724954110714,0.9002395033970381,oracle_gt_prompt_gt_alignment
deepcrack_0118,text+box,deepcrack,0.5297656744775174,0.6926102256261644,0.6131574124977094,0.7957193816884661,0.6926102256261644,oracle_gt_prompt_gt_alignment
deepcrack_0119,text+box,deepcrack,0.8151904997525977,0.898187270001363,0.9323712507074136,0.8664212463844333,0.8981872700013629,oracle_gt_prompt_gt_alignment
deepcrack_0120,text+box,deepcrack,0.7161423718800768,0.8345955249569708,0.9332178598922248,0.7548256537982565,0.8345955249569708,oracle_gt_prompt_gt_alignment
deepcrack_0121,text+box,deepcrack,0.7784967645594824,0.8754547998880493,0.9644398766700925,0.8015032456440041,0.8754547998880492,oracle_gt_prompt_gt_alignment
deepcrack_0122,text+box,deepcrack,0.7895259369570613,0.8823855755894591,0.9302529609592044,0.8392032713362353,0.8823855755894592,oracle_gt_prompt_gt_alignment
deepcrack_0123,text+box,deepcrack,0.7737317149081855,0.8724337603088261,0.970714564623194,0.7922243467176545,0.8724337603088259,oracle_gt_prompt_gt_alignment
deepcrack_0124,text+box,deepcrack,0.8099836035707779,0.8950176144942124,0.868359375,0.9233644859813084,0.8950176144942125,oracle_gt_prompt_gt_alignment
deepcrack_0125,text+box,deepcrack,0.7648514851485149,0.8667601683029453,0.828735632183908,0.9084418311633768,0.8667601683029453,oracle_gt_prompt_gt_alignment
deepcrack_0126,text+box,deepcrack,0.8046840477242598,0.8917727717923605,0.9712,0.8243549117247624,0.8917727717923604,oracle_gt_prompt_gt_alignment
deepcrack_0127,text+box,deepcrack,0.7598637015781923,0.8635483542239886,0.9934349355216882,0.7636986301369864,0.8635483542239886,oracle_gt_prompt_gt_alignment
deepcrack_0128,text+box,deepcrack,0.747756985388362,0.8556761513640364,0.9891488640217024,0.7539415869733781,0.8556761513640364,oracle_gt_prompt_gt_alignment
deepcrack_0129,text+box,deepcrack,0.7353538509607874,0.8474972992437882,0.9901135885570046,0.7407932011331445,0.8474972992437882,oracle_gt_prompt_gt_alignment
deepcrack_0130,text+box,deepcrack,0.8278862889189712,0.9058400338552688,0.9915460335842502,0.8337715454279871,0.9058400338552688,oracle_gt_prompt_gt_alignment
deepcrack_0131,text+box,deepcrack,0.6629988647279713,0.7973533581893609,0.9993418454653152,0.663288485060283,0.7973533581893609,oracle_gt_prompt_gt_alignment
deepcrack_0132,text+box,deepcrack,0.7886579139314369,0.8818432052196962,0.9579180509413068,0.8169625991688704,0.8818432052196962,oracle_gt_prompt_gt_alignment
deepcrack_0133,text+box,deepcrack,0.8487305312566674,0.9181765724177726,0.8977657413676371,0.9395370807746812,0.9181765724177726,oracle_gt_prompt_gt_alignment
deepcrack_0134,text+box,deepcrack,0.4167556844193499,0.5883239982766049,0.4355661881977671,0.9061048440610484,0.588323998276605,oracle_gt_prompt_gt_alignment
deepcrack_0135,text+box,deepcrack,0.5314804310833806,0.6940740740740741,0.5430310055056505,0.961518727552591,0.6940740740740741,oracle_gt_prompt_gt_alignment
deepcrack_0136,text+box,deepcrack,0.7198102016607355,0.8370809766864395,0.9733718318896376,0.7342691190706679,0.8370809766864394,oracle_gt_prompt_gt_alignment
deepcrack_0137,text+box,deepcrack,0.4116429495472186,0.5832111436950147,0.45819333781319,0.8020500756175433,0.5832111436950147,oracle_gt_prompt_gt_alignment
deepcrack_0138,text+box,deepcrack,0.6703814338235294,0.8026686842286265,0.7014064190407501,0.9381028938906752,0.8026686842286265,oracle_gt_prompt_gt_alignment
deepcrack_0139,text+box,deepcrack,0.7053172475424486,0.8271976942224551,0.8785306803951579,0.7815323678673103,0.827197694222455,oracle_gt_prompt_gt_alignment
deepcrack_0140,text+box,deepcrack,0.7554973821989529,0.8607217417238294,0.8185840707964602,0.9074330272921644,0.8607217417238294,oracle_gt_prompt_gt_alignment
deepcrack_0141,text+box,deepcrack,0.7813061713600958,0.8772283888328288,0.7925124589765407,0.9822235613136489,0.8772283888328288,oracle_gt_prompt_gt_alignment
deepcrack_0142,text+box,deepcrack,0.7657351460221551,0.8673272973551008,0.7840938386182006,0.9703301962035412,0.867327297355101,oracle_gt_prompt_gt_alignment
deepcrack_0143,text+box,deepcrack,0.7105937633489962,0.8308153327506556,0.7564802182810368,0.9213514261977293,0.8308153327506556,oracle_gt_prompt_gt_alignment
deepcrack_0144,text+box,deepcrack,0.5597722960151803,0.7177615571776156,0.596648367523837,0.9005669428696031,0.7177615571776156,oracle_gt_prompt_gt_alignment
deepcrack_0145,text+box,deepcrack,0.4854134054361747,0.6535734815098678,0.5766694843617921,0.7541454786646031,0.6535734815098678,oracle_gt_prompt_gt_alignment
deepcrack_0146,text+box,deepcrack,0.7714213709677419,0.8709631526532935,0.7864850976361768,0.975773031558814,0.8709631526532936,oracle_gt_prompt_gt_alignment
deepcrack_0147,text+box,deepcrack,0.7720255523023689,0.8713481036425085,0.9767637649435932,0.7864696312364425,0.8713481036425085,oracle_gt_prompt_gt_alignment
deepcrack_0148,text+box,deepcrack,0.76956025128498,0.8697756979183476,0.8374766935985084,0.9046659953004365,0.8697756979183475,oracle_gt_prompt_gt_alignment
deepcrack_0149,text+box,deepcrack,0.8008443009684629,0.8894098179812465,0.8777898747958628,0.9013415315818892,0.8894098179812465,oracle_gt_prompt_gt_alignment
deepcrack_0150,text+box,deepcrack,0.7019145146927872,0.8248528449967298,0.7834513604174431,0.8708741886479768,0.82485284499673,oracle_gt_prompt_gt_alignment
deepcrack_0151,text+box,deepcrack,0.7367333968859231,0.8484127710182051,0.8318980983135988,0.8655964159044242,0.8484127710182051,oracle_gt_prompt_gt_alignment
deepcrack_0152,text+box,deepcrack,0.6817435005315551,0.8107580024136544,0.8831851759108551,0.7493095389844912,0.8107580024136543,oracle_gt_prompt_gt_alignment
deepcrack_0153,text+box,deepcrack,0.6853896451924107,0.8133307892895758,0.9009440608707904,0.7412473916067702,0.8133307892895758,oracle_gt_prompt_gt_alignment
deepcrack_0154,text+box,deepcrack,0.7994855463008329,0.8885712340888979,0.9048939414945236,0.8728269590799679,0.8885712340888978,oracle_gt_prompt_gt_alignment
deepcrack_0155,text+box,deepcrack,0.7719155844155844,0.8712780577187357,0.9498601677986416,0.8047046877644272,0.8712780577187358,oracle_gt_prompt_gt_alignment
deepcrack_0156,text+box,deepcrack,0.8406529343179169,0.913429054054054,0.8751770180052599,0.955177743431221,0.913429054054054,oracle_gt_prompt_gt_alignment
deepcrack_0157,text+box,deepcrack,0.6013590033975085,0.751060820367751,0.8292555960437272,0.6863420939250323,0.751060820367751,oracle_gt_prompt_gt_alignment
deepcrack_0158,text+box,deepcrack,0.7344965547899533,0.8469276606650862,0.9328158080451658,0.7755221778925135,0.8469276606650863,oracle_gt_prompt_gt_alignment
deepcrack_0159,text+box,deepcrack,0.7480151228733459,0.8558451389639883,0.766266460108443,0.9691403379867743,0.8558451389639883,oracle_gt_prompt_gt_alignment
deepcrack_0160,text+box,deepcrack,0.91073302011586,0.9532812910310584,0.9943227091633466,0.915493603558164,0.9532812910310584,oracle_gt_prompt_gt_alignment
deepcrack_0161,text+box,deepcrack,0.9412493621984108,0.9697356563532592,0.9995355677684032,0.9416611974039232,0.9697356563532592,oracle_gt_prompt_gt_alignment
deepcrack_0162,text+box,deepcrack,0.8188513737173122,0.9004049319805268,0.9990912762520194,0.8194616977225673,0.9004049319805268,oracle_gt_prompt_gt_alignment
deepcrack_0163,text+box,deepcrack,0.9218722811901862,0.9593481213218652,0.9984452296819788,0.9231975604443476,0.9593481213218652,oracle_gt_prompt_gt_alignment
deepcrack_0164,text+box,deepcrack,0.9153422199436042,0.9558001806805636,0.9954697518817952,0.9191711178325505,0.9558001806805634,oracle_gt_prompt_gt_alignment
deepcrack_0165,text+box,deepcrack,0.8414693559388093,0.9139107889306312,0.9781402197304336,0.85759682224429,0.9139107889306312,oracle_gt_prompt_gt_alignment
deepcrack_0166,text+box,deepcrack,0.9192351992628428,0.9579182370309912,0.9998496617389124,0.9193622707584554,0.9579182370309912,oracle_gt_prompt_gt_alignment
deepcrack_0167,text+box,deepcrack,0.6545454545454545,0.7912087912087912,0.9982225382154284,0.6553092182030339,0.7912087912087913,oracle_gt_prompt_gt_alignment
deepcrack_0168,text+box,deepcrack,0.7324040219378428,0.8455348898562195,0.7907722674562053,0.9084467120181404,0.8455348898562195,oracle_gt_prompt_gt_alignment
deepcrack_0169,text+box,deepcrack,0.651584805226228,0.7890418986229124,0.9812947892627232,0.6597795018374847,0.7890418986229123,oracle_gt_prompt_gt_alignment
deepcrack_0170,text+box,deepcrack,0.7147755362411291,0.8336665891653104,0.9640782964078296,0.7343327598918653,0.8336665891653104,oracle_gt_prompt_gt_alignment
deepcrack_0171,text+box,deepcrack,0.7466481738326398,0.8549497088406565,0.7959586002957122,0.9233847913093196,0.8549497088406565,oracle_gt_prompt_gt_alignment
deepcrack_0172,text+box,deepcrack,0.6011560693641619,0.7509025270758123,0.648323301805675,0.8920437740313517,0.7509025270758123,oracle_gt_prompt_gt_alignment
deepcrack_0173,text+box,deepcrack,0.5542244640605296,0.713184584178499,0.581503043133104,0.92196349905601,0.713184584178499,oracle_gt_prompt_gt_alignment
deepcrack_0174,text+box,deepcrack,0.6004175365344467,0.7503261153143752,0.602177554438861,0.9951557093425606,0.7503261153143752,oracle_gt_prompt_gt_alignment
deepcrack_0175,text+box,deepcrack,0.3733300947291717,0.5436858860983375,0.3769928869266618,0.9746353836398224,0.5436858860983376,oracle_gt_prompt_gt_alignment
deepcrack_0176,text+box,deepcrack,0.3387642826914939,0.5060850324008219,0.3595328991690995,0.8543223052294557,0.5060850324008219,oracle_gt_prompt_gt_alignment
deepcrack_0177,text+box,deepcrack,0.4345252190385981,0.6058104985143612,0.4389952153110047,0.9771033013844516,0.6058104985143612,oracle_gt_prompt_gt_alignment
deepcrack_0178,text+box,deepcrack,0.8487422771403353,0.918183445724175,0.8885423885423885,0.9498703543647364,0.9181834457241748,oracle_gt_prompt_gt_alignment
deepcrack_0179,text+box,deepcrack,0.414644776986779,0.5862175207969601,0.5297939483942825,0.6560919540229885,0.58621752079696,oracle_gt_prompt_gt_alignment
deepcrack_0180,text+box,deepcrack,0.9091412742382272,0.9524085896691816,0.9544026986157962,0.9504227962469594,0.9524085896691816,oracle_gt_prompt_gt_alignment
deepcrack_0181,text+box,deepcrack,0.7934848180172934,0.8848525619464066,0.835839864435501,0.9399714149595044,0.8848525619464066,oracle_gt_prompt_gt_alignment
deepcrack_0182,text+box,deepcrack,0.85669910954649,0.9228195404862816,0.909830657576424,0.936184657162254,0.9228195404862816,oracle_gt_prompt_gt_alignment
deepcrack_0183,text+box,deepcrack,0.7553956834532374,0.860655737704918,0.8251996450754214,0.899295482801492,0.8606557377049181,oracle_gt_prompt_gt_alignment
deepcrack_0184,text+box,deepcrack,0.7485076063932217,0.8561674008810573,0.8057628524046434,0.9132988721804512,0.8561674008810574,oracle_gt_prompt_gt_alignment
deepcrack_0185,text+box,deepcrack,0.7379397272831443,0.8492121052284565,0.8456992777413,0.8527542372881356,0.8492121052284565,oracle_gt_prompt_gt_alignment
deepcrack_0186,text+box,deepcrack,0.7754914943465417,0.8735513482501435,0.9094492892127584,0.8403797328623468,0.8735513482501434,oracle_gt_prompt_gt_alignment
deepcrack_0187,text+box,deepcrack,0.7487831858407079,0.8563476500727434,0.971859296482412,0.765377657168702,0.8563476500727435,oracle_gt_prompt_gt_alignment
deepcrack_0188,text+box,deepcrack,0.8191475235692471,0.9005839416058394,0.9185527099463968,0.8833046964490263,0.9005839416058393,oracle_gt_prompt_gt_alignment
deepcrack_0189,text+box,deepcrack,0.686880182084214,0.8143793369313801,0.9084067942377984,0.7379912663755459,0.8143793369313803,oracle_gt_prompt_gt_alignment
deepcrack_0190,text+box,deepcrack,0.8114213197969543,0.8958946335995517,0.9009440608707904,0.890901490873624,0.8958946335995517,oracle_gt_prompt_gt_alignment
deepcrack_0191,text+box,deepcrack,0.8015225666122893,0.889827950498038,0.8779035139964264,0.9020807833537332,0.889827950498038,oracle_gt_prompt_gt_alignment
deepcrack_0192,text+box,deepcrack,0.7271745002701242,0.8420394119487019,0.7704636519748139,0.9282758620689656,0.8420394119487019,oracle_gt_prompt_gt_alignment
deepcrack_0193,text+box,deepcrack,0.7352880446004543,0.847453593526892,0.8492725971857858,0.8456423652339112,0.847453593526892,oracle_gt_prompt_gt_alignment
deepcrack_0194,text+box,deepcrack,0.8310852874040258,0.9077515865820488,0.9075458871515976,0.907957379279075,0.9077515865820488,oracle_gt_prompt_gt_alignment
deepcrack_0195,text+box,deepcrack,0.7190316765387587,0.8365543071161049,0.7322318384474167,0.9755415793151644,0.8365543071161048,oracle_gt_prompt_gt_alignment
deepcrack_0196,text+box,deepcrack,0.7513930561508787,0.8580518844836026,0.792316384180791,0.9356818788364024,0.8580518844836026,oracle_gt_prompt_gt_alignment
deepcrack_0197,text+box,deepcrack,0.7738486842105263,0.8725081131200741,0.8008510638297872,0.9582484725050916,0.8725081131200741,oracle_gt_prompt_gt_alignment
deepcrack_0198,text+box,deepcrack,0.5402772197669747,0.7015324421258559,0.717008797653959,0.686710072769054,0.7015324421258559,oracle_gt_prompt_gt_alignment
deepcrack_0199,text+box,deepcrack,0.3517814970736215,0.5204709456893277,0.7599822537710736,0.3957491047707058,0.5204709456893278,oracle_gt_prompt_gt_alignment
deepcrack_0200,text+box,deepcrack,0.6965402250937891,0.8211302211302212,0.8239644970414202,0.8183153770812929,0.821130221130221,oracle_gt_prompt_gt_alignment
deepcrack_0201,text+box,deepcrack,0.5856802693160358,0.7387116818558409,0.6978086480140873,0.7847084708470847,0.7387116818558409,oracle_gt_prompt_gt_alignment
deepcrack_0202,text+box,deepcrack,0.5979125248508946,0.7483670295489891,0.8339688041594454,0.6787023977433004,0.7483670295489891,oracle_gt_prompt_gt_alignment
deepcrack_0203,text+box,deepcrack,0.6051605160516051,0.7540186915887851,0.7431834929992631,0.7651745068285281,0.7540186915887851,oracle_gt_prompt_gt_alignment
deepcrack_0204,text+box,deepcrack,0.6048484848484849,0.7537764350453172,0.7610574478901881,0.7466334164588528,0.7537764350453172,oracle_gt_prompt_gt_alignment
deepcrack_0205,text+box,deepcrack,0.5020501138952164,0.6684865028814073,0.6489032827911085,0.6892885066458171,0.6684865028814073,oracle_gt_prompt_gt_alignment
deepcrack_0206,text+box,deepcrack,0.6075160983848834,0.7558444969792487,0.6683312042736035,0.8697294846607224,0.7558444969792488,oracle_gt_prompt_gt_alignment
deepcrack_0207,text+box,deepcrack,0.5154884829229547,0.6802935010482181,0.5250809061488673,0.9657738095238096,0.680293501048218,oracle_gt_prompt_gt_alignment
deepcrack_0208,text+box,deepcrack,0.5503519220357336,0.7099703160467958,0.5663741468171054,0.9511111111111112,0.7099703160467958,oracle_gt_prompt_gt_alignment
deepcrack_0209,text+box,deepcrack,0.4301014656144307,0.60149783208514,0.4432610379550736,0.9354311401716388,0.60149783208514,oracle_gt_prompt_gt_alignment
deepcrack_0210,text+box,deepcrack,0.4010850247872042,0.572534882168369,0.4171206225680934,0.9125345818259204,0.572534882168369,oracle_gt_prompt_gt_alignment
deepcrack_0211,text+box,deepcrack,0.4521436848203939,0.6227258218959464,0.7822774659182037,0.5172322375397667,0.6227258218959464,oracle_gt_prompt_gt_alignment
deepcrack_0212,text+box,deepcrack,0.3437333333333333,0.5116094463187141,0.3835168104730735,0.7681764004767581,0.5116094463187141,oracle_gt_prompt_gt_alignment
deepcrack_0213,text+box,deepcrack,0.61354041013269,0.7604896738622559,0.6696840026333114,0.8797837837837837,0.7604896738622559,oracle_gt_prompt_gt_alignment
deepcrack_0214,text+box,deepcrack,0.539626876139711,0.7009839650145773,0.5639935493329424,0.9258724428399518,0.7009839650145773,oracle_gt_prompt_gt_alignment
deepcrack_0215,text+box,deepcrack,0.6931580519868539,0.8187753661549321,0.832735104091888,0.8052759458521347,0.818775366154932,oracle_gt_prompt_gt_alignment
deepcrack_0216,text+box,deepcrack,0.6993453080409602,0.8230761631927295,0.7785460661558588,0.8730092204526404,0.8230761631927295,oracle_gt_prompt_gt_alignment
deepcrack_0217,text+box,deepcrack,0.8022395943376294,0.8902696365767878,0.882817949314113,0.8978481910617168,0.8902696365767878,oracle_gt_prompt_gt_alignment
deepcrack_0218,text+box,deepcrack,0.7392546245919478,0.850082114647689,0.8054238292827505,0.8999834409670475,0.8500821146476891,oracle_gt_prompt_gt_alignment
deepcrack_0219,text+box,deepcrack,0.4969437652811736,0.6639444671294406,0.5490769923457902,0.8395869191049914,0.6639444671294406,oracle_gt_prompt_gt_alignment
deepcrack_0220,text+box,deepcrack,0.6492706237424547,0.7873427373236752,0.6648210146793716,0.9652271452607964,0.7873427373236751,oracle_gt_prompt_gt_alignment
deepcrack_0221,text+box,deepcrack,0.7539855680483303,0.8597397627248373,0.8306526160103531,0.8909379337695816,0.8597397627248373,oracle_gt_prompt_gt_alignment
deepcrack_0222,text+box,deepcrack,0.7525678650036683,0.8588173731030874,0.8310715009114847,0.8884798614118666,0.8588173731030874,oracle_gt_prompt_gt_alignment
deepcrack_0223,text+box,deepcrack,0.692915270464337,0.8186059663509119,0.7253821097469306,0.9393251135626216,0.8186059663509119,oracle_gt_prompt_gt_alignment
deepcrack_0224,text+box,deepcrack,0.7173759366605401,0.8354326171071046,0.8004417100489036,0.8736225895316805,0.8354326171071047,oracle_gt_prompt_gt_alignment
deepcrack_0225,text+box,deepcrack,0.1900584795321637,0.3194103194103194,0.2690892364305428,0.3928811282740094,0.3194103194103194,oracle_gt_prompt_gt_alignment
deepcrack_0226,text+box,deepcrack,0.3547309833024119,0.5236921391399617,0.4411628980156899,0.6442048517520216,0.5236921391399617,oracle_gt_prompt_gt_alignment
deepcrack_0227,text+box,deepcrack,0.8453005546394843,0.916165718927701,0.8908372827804107,0.9429765886287624,0.9161657189277008,oracle_gt_prompt_gt_alignment
deepcrack_0228,text+box,deepcrack,0.7141983612571848,0.8332738817150603,0.7448979591836735,0.9454427715719604,0.8332738817150602,oracle_gt_prompt_gt_alignment
deepcrack_0229,text+box,deepcrack,0.8353062274832733,0.910263600673023,0.8555614127569847,0.9724385859796284,0.910263600673023,oracle_gt_prompt_gt_alignment
deepcrack_0230,text+box,deepcrack,0.901165347405453,0.9480136471404614,0.979213952932744,0.9187401927818876,0.9480136471404615,oracle_gt_prompt_gt_alignment
deepcrack_0231,text+box,deepcrack,0.8087152209492635,0.8942427327225427,0.8444776757103183,0.9502403846153846,0.8942427327225427,oracle_gt_prompt_gt_alignment
deepcrack_0232,text+box,deepcrack,0.6795164233576643,0.8091810403368193,0.6834136269786648,0.9916777629826896,0.8091810403368193,oracle_gt_prompt_gt_alignment
deepcrack_0233,text+box,deepcrack,0.8199612403100776,0.9010754978170588,0.9730910763569456,0.8389847313107277,0.9010754978170588,oracle_gt_prompt_gt_alignment
deepcrack_0234,text+box,deepcrack,0.827389838005197,0.9055427810722498,0.9951456310679612,0.8307427556345065,0.9055427810722496,oracle_gt_prompt_gt_alignment
deepcrack_0235,text+box,deepcrack,0.8578784757981462,0.9235033259423504,0.9952836121242612,0.8613802111679547,0.9235033259423504,oracle_gt_prompt_gt_alignment
deepcrack_0236,text+box,deepcrack,0.4740535440500059,0.6431971836620395,0.9967144008430971,0.4747954995127425,0.6431971836620395,oracle_gt_prompt_gt_alignment
deepcrack_0000,unet,deepcrack,0.4712021136063408,0.6405674777767801,0.4849762066621346,0.9431517715494449,0.6405674777767801,supervised_train_val_test
deepcrack_0001,unet,deepcrack,0.7096258695243467,0.8301534062792104,0.8431810566290628,0.8175222005631362,0.8301534062792104,supervised_train_val_test
deepcrack_0002,unet,deepcrack,0.7555494151238832,0.8607555089192025,0.8571577847439916,0.8643835616438356,0.8607555089192025,supervised_train_val_test
deepcrack_0003,unet,deepcrack,0.5422813036020583,0.7032197075015292,0.693311403508772,0.713415322125691,0.7032197075015292,supervised_train_val_test
deepcrack_0004,unet,deepcrack,0.6329715888306304,0.7752389486260454,0.7623733294169481,0.788546255506608,0.7752389486260454,supervised_train_val_test
deepcrack_0005,unet,deepcrack,0.6742616033755274,0.8054435483870968,0.7580645161290323,0.8591397849462366,0.8054435483870968,supervised_train_val_test
deepcrack_0006,unet,deepcrack,0.6680076963442365,0.8009647651006712,0.7401162790697674,0.8727148080438757,0.8009647651006712,supervised_train_val_test
deepcrack_0007,unet,deepcrack,0.7303748798462032,0.8441810943431164,0.8224788020927296,0.8670597185241536,0.8441810943431165,supervised_train_val_test
deepcrack_0008,unet,deepcrack,0.7719787887245325,0.87131831784533,0.8598072738576313,0.8831417624521073,0.87131831784533,supervised_train_val_test
deepcrack_0009,unet,deepcrack,0.567511135857461,0.7240919989343753,0.7339333933393339,0.7145110410094637,0.7240919989343753,supervised_train_val_test
deepcrack_0010,unet,deepcrack,0.5207170143990597,0.6848309178743961,0.6116672419744563,0.7778753292361721,0.6848309178743961,supervised_train_val_test
deepcrack_0011,unet,deepcrack,0.6853758011264324,0.8133210417146808,0.7139389034998989,0.9448460508701472,0.8133210417146808,supervised_train_val_test
deepcrack_0012,unet,deepcrack,0.7229068023409699,0.8391711047384951,0.932228458737864,0.7630059597715421,0.8391711047384952,supervised_train_val_test
deepcrack_0013,unet,deepcrack,0.7792448173741362,0.8759275955336708,0.8336083426836512,0.9227734346460144,0.8759275955336708,supervised_train_val_test
deepcrack_0014,unet,deepcrack,0.7968086987270155,0.8869154510344149,0.8723445439148318,0.9019813869708796,0.886915451034415,supervised_train_val_test
deepcrack_0015,unet,deepcrack,0.7985800057180977,0.8880116571731355,0.9299705898673768,0.849675522206449,0.8880116571731356,supervised_train_val_test
deepcrack_0016,unet,deepcrack,0.8162730785744955,0.8988439989598355,0.8975496907605873,0.9001420454545455,0.8988439989598355,supervised_train_val_test
deepcrack_0017,unet,deepcrack,0.7672149428491776,0.868275753273387,0.871506610719658,0.8650687622789784,0.8682757532733869,supervised_train_val_test
deepcrack_0018,unet,deepcrack,0.7687876271538302,0.8692820046360142,0.8433247936236835,0.8968878663114556,0.8692820046360141,supervised_train_val_test
deepcrack_0019,unet,deepcrack,0.7882911750292155,0.8816138960327163,0.8817997807202497,0.881428089698196,0.8816138960327164,supervised_train_val_test
deepcrack_0020,unet,deepcrack,0.8219494281817228,0.9022746904693348,0.9067654378146884,0.8978282046874104,0.9022746904693348,supervised_train_val_test
deepcrack_0021,unet,deepcrack,0.7741592920353982,0.872705506783719,0.8942956450623595,0.8521332554061952,0.872705506783719,supervised_train_val_test
deepcrack_0022,unet,deepcrack,0.793887838689351,0.88510309459412,0.9393126071721464,0.8368092454835282,0.88510309459412,supervised_train_val_test
deepcrack_0023,unet,deepcrack,0.7846915999782241,0.8793582039471678,0.841840906436164,0.9203754549517912,0.8793582039471677,supervised_train_val_test
deepcrack_0024,unet,deepcrack,0.7926064407188518,0.8843061396131203,0.8609327918249705,0.9089840237914102,0.8843061396131202,supervised_train_val_test
deepcrack_0025,unet,deepcrack,0.7464453028684146,0.8548166972563415,0.8047851129818343,0.9114813327980732,0.8548166972563416,supervised_train_val_test
deepcrack_0026,unet,deepcrack,0.7646390581431375,0.8666237490489846,0.8222098833981122,0.9161098737936154,0.8666237490489845,supervised_train_val_test
deepcrack_0027,unet,deepcrack,0.6290715710170618,0.7723068552774756,0.7200101445599797,0.8327955412144323,0.7723068552774754,supervised_train_val_test
deepcrack_0028,unet,deepcrack,0.648032599006749,0.7864317725235667,0.7813003761418592,0.7916310181224235,0.7864317725235667,supervised_train_val_test
deepcrack_0029,unet,deepcrack,0.7266249457835058,0.8416708533696978,0.9771685692858928,0.7391742830129215,0.8416708533696979,supervised_train_val_test
deepcrack_0030,unet,deepcrack,0.6270560251024849,0.7707860275591776,0.97882761889714,0.6356780052331845,0.7707860275591775,supervised_train_val_test
deepcrack_0031,unet,deepcrack,0.709809143364403,0.8302788017236904,0.93816731197935,0.7446451853231514,0.8302788017236904,supervised_train_val_test
deepcrack_0032,unet,deepcrack,0.4555075272022656,0.6259088581669227,0.475864216754905,0.9141489679928207,0.6259088581669227,supervised_train_val_test
deepcrack_0033,unet,deepcrack,0.7530463038180342,0.8591288229842446,0.7952985586822238,0.93409915356711,0.8591288229842446,supervised_train_val_test
deepcrack_0034,unet,deepcrack,0.7399935959013769,0.8505704821494295,0.7740746943560542,0.9438431692873188,0.8505704821494294,supervised_train_val_test
deepcrack_0035,unet,deepcrack,0.6437267500845452,0.7832527517745088,0.7094670145359672,0.8741676234213548,0.7832527517745088,supervised_train_val_test
deepcrack_0036,unet,deepcrack,0.9228126150447908,0.9598570425681282,0.9649685615295778,0.9547993905535804,0.959857042568128,supervised_train_val_test
deepcrack_0037,unet,deepcrack,0.8188360055548541,0.9003956410078434,0.970987155304051,0.8393726058598199,0.9003956410078434,supervised_train_val_test
deepcrack_0038,unet,deepcrack,0.865724037055095,0.928030105054095,0.9778340721975934,0.8830535869700361,0.928030105054095,supervised_train_val_test
deepcrack_0039,unet,deepcrack,0.7778578887176172,0.8750506929197723,0.977291185106516,0.7921762248385872,0.8750506929197724,supervised_train_val_test
deepcrack_0040,unet,deepcrack,0.6509803921568628,0.7885985748218527,0.6828153564899452,0.9331667707682698,0.7885985748218527,supervised_train_val_test
deepcrack_0041,unet,deepcrack,0.752830538885108,0.8589883872789524,0.9576577994648198,0.778752,0.8589883872789524,supervised_train_val_test
deepcrack_0042,unet,deepcrack,0.8750963102474103,0.9333881203488108,0.9403863845446182,0.9264932475301368,0.9333881203488108,supervised_train_val_test
deepcrack_0043,unet,deepcrack,0.8394216133942162,0.9127016963177492,0.92245115182848,0.9031561709096324,0.9127016963177492,supervised_train_val_test
deepcrack_0044,unet,deepcrack,0.8463583863060368,0.9167866786678668,0.9541451990632318,0.8822433954092681,0.9167866786678668,supervised_train_val_test
deepcrack_0045,unet,deepcrack,0.775965379494008,0.8738519212746017,0.7984243877376263,0.96501759470089,0.8738519212746017,supervised_train_val_test
deepcrack_0046,unet,deepcrack,0.6443542934415145,0.7837171052631579,0.7072881104349117,0.8786649456020653,0.7837171052631579,supervised_train_val_test
deepcrack_0047,unet,deepcrack,0.6408805992967436,0.7811422714991149,0.7001837314180724,0.8832701222081754,0.7811422714991147,supervised_train_val_test
deepcrack_0048,unet,deepcrack,0.6943413729128015,0.8196003284971256,0.7787411132304491,0.8649845916795069,0.8196003284971256,supervised_train_val_test
deepcrack_0049,unet,deepcrack,0.7599565532223027,0.8636083110471097,0.8339292808899483,0.8954778156996587,0.8636083110471096,supervised_train_val_test
deepcrack_0050,unet,deepcrack,0.694910514541387,0.819996700214486,0.7315278186635267,0.9328078078078078,0.819996700214486,supervised_train_val_test
deepcrack_0051,unet,deepcrack,0.6391787277011107,0.7798767967145791,0.7033333333333334,0.8751152073732719,0.7798767967145791,supervised_train_val_test
deepcrack_0052,unet,deepcrack,0.7454545454545455,0.8541666666666666,0.7999290528556225,0.9162941893539212,0.8541666666666666,supervised_train_val_test
deepcrack_0053,unet,deepcrack,0.7976969379743523,0.8874654243703596,0.8756104567652974,0.8996458087367178,0.8874654243703597,supervised_train_val_test
deepcrack_0054,unet,deepcrack,0.7590602349412647,0.863029269678886,0.8890515222482436,0.8384870237437879,0.8630292696788859,supervised_train_val_test
deepcrack_0055,unet,deepcrack,0.8255634039690548,0.9044478018940928,0.919664268585132,0.8897266729500471,0.9044478018940928,supervised_train_val_test
deepcrack_0056,unet,deepcrack,0.6029391376680993,0.7522919910050164,0.8236742424242425,0.692295447309774,0.7522919910050165,supervised_train_val_test
deepcrack_0057,unet,deepcrack,0.5375791139240507,0.6992539233341909,0.8504380475594493,0.5937090432503277,0.6992539233341909,supervised_train_val_test
deepcrack_0058,unet,deepcrack,0.4777241009125067,0.6465673810388667,0.7102952913008779,0.5933333333333334,0.6465673810388667,supervised_train_val_test
deepcrack_0059,unet,deepcrack,0.7919545903257651,0.8839002892163614,0.8875265050244308,0.8803035844915874,0.8839002892163613,supervised_train_val_test
deepcrack_0060,unet,deepcrack,0.7851239669421488,0.8796296296296297,0.8704188481675392,0.8890374331550802,0.8796296296296295,supervised_train_val_test
deepcrack_0061,unet,deepcrack,0.8111203913614127,0.8957111799196258,0.8994442974331834,0.8920089227135547,0.8957111799196259,supervised_train_val_test
deepcrack_0062,unet,deepcrack,0.7903682719546742,0.8829113924050633,0.904753080700454,0.8620994084929814,0.8829113924050633,supervised_train_val_test
deepcrack_0063,unet,deepcrack,0.7697346600331675,0.8698870824157804,0.8786559394226219,0.8612915197624791,0.8698870824157804,supervised_train_val_test
deepcrack_0064,unet,deepcrack,0.7101416685405891,0.8305062458908613,0.8185588387765682,0.8428075793968508,0.8305062458908613,supervised_train_val_test
deepcrack_0065,unet,deepcrack,0.7137327010548727,0.8329568556584594,0.8349371674402808,0.8309859154929577,0.8329568556584594,supervised_train_val_test
deepcrack_0066,unet,deepcrack,0.6523197963670022,0.7895805615853232,0.8030195128899017,0.7765840220385675,0.7895805615853232,supervised_train_val_test
deepcrack_0067,unet,deepcrack,0.6060683980457702,0.7547230227345502,0.967834656446756,0.6185269419174247,0.75472302273455,supervised_train_val_test
deepcrack_0068,unet,deepcrack,0.6812396236856668,0.8104015799868335,0.8188470066518847,0.802128583840139,0.8104015799868334,supervised_train_val_test
deepcrack_0069,unet,deepcrack,0.6565533980582524,0.7926739926739926,0.7293562521065049,0.8680304853590052,0.7926739926739925,supervised_train_val_test
deepcrack_0070,unet,deepcrack,0.5810656098634962,0.735030357043391,0.9485336400230018,0.5999818132217878,0.735030357043391,supervised_train_val_test
deepcrack_0071,unet,deepcrack,0.5644555694618273,0.7216,0.9582152974504248,0.5786997433704021,0.7216,supervised_train_val_test
deepcrack_0072,unet,deepcrack,0.3356709231735398,0.5026251861139409,0.9521971496437056,0.3414244650271478,0.5026251861139409,supervised_train_val_test
deepcrack_0073,unet,deepcrack,0.3918689320388349,0.5630830935565437,0.8285860918655376,0.4264395139989435,0.5630830935565437,supervised_train_val_test
deepcrack_0074,unet,deepcrack,0.5176314839330846,0.6821570182394925,0.8923236514522822,0.5521181001283697,0.6821570182394926,supervised_train_val_test
deepcrack_0075,unet,deepcrack,0.3903125,0.5614744886491346,0.8760813654430676,0.4131201764057332,0.5614744886491346,supervised_train_val_test
deepcrack_0076,unet,deepcrack,0.434695244474213,0.6059757236227824,0.9074807737124212,0.4548534049760542,0.6059757236227824,supervised_train_val_test
deepcrack_0077,unet,deepcrack,0.5949826989619377,0.7460679032433019,0.8343037360504609,0.6747106140867177,0.746067903243302,supervised_train_val_test
deepcrack_0078,unet,deepcrack,0.5260770975056689,0.6894502228826151,0.6505888951205833,0.7332490518331226,0.6894502228826151,supervised_train_val_test
deepcrack_0079,unet,deepcrack,0.6190646197786505,0.7647188533627343,0.8855975485188968,0.6728754365541327,0.7647188533627344,supervised_train_val_test
deepcrack_0080,unet,deepcrack,0.5140382317801673,0.6790293943578615,0.9445664105378704,0.53002771789344,0.6790293943578614,supervised_train_val_test
deepcrack_0081,unet,deepcrack,0.8042990054539622,0.8915362731152204,0.9083333333333332,0.8753491620111732,0.8915362731152205,supervised_train_val_test
deepcrack_0082,unet,deepcrack,0.8092147362647408,0.8945480268809055,0.8894694533762058,0.8996849273300133,0.8945480268809055,supervised_train_val_test
deepcrack_0083,unet,deepcrack,0.8001188589540412,0.8889622537691207,0.869724375538329,0.909070447895566,0.8889622537691206,supervised_train_val_test
deepcrack_0084,unet,deepcrack,0.8173413779680809,0.8994912985274431,0.8747136013330556,0.9257136559021272,0.899491298527443,supervised_train_val_test
deepcrack_0085,unet,deepcrack,0.8397858639149662,0.912916965377641,0.8859060402684564,0.9416267942583731,0.9129169653776412,supervised_train_val_test
deepcrack_0086,unet,deepcrack,0.8052164261931187,0.8920996003688902,0.8711226736041625,0.9141117177656448,0.8920996003688902,supervised_train_val_test
deepcrack_0087,unet,deepcrack,0.6801948051948052,0.8096618357487922,0.9108695652173912,0.7286956521739131,0.8096618357487924,supervised_train_val_test
deepcrack_0088,unet,deepcrack,0.75,0.8571428571428571,0.940060698027314,0.7876668785759695,0.8571428571428571,supervised_train_val_test
deepcrack_0089,unet,deepcrack,0.2820637035242824,0.4400151143019082,0.2852418860992039,0.9619991738950848,0.4400151143019081,supervised_train_val_test
deepcrack_0090,unet,deepcrack,0.3193727540019601,0.4841281632248799,0.3227680929741152,0.9681124975242622,0.4841281632248799,supervised_train_val_test
deepcrack_0091,unet,deepcrack,0.3708567288534686,0.5410583338838607,0.9585674157303372,0.3768982972848596,0.5410583338838607,supervised_train_val_test
deepcrack_0092,unet,deepcrack,0.4361357250918521,0.6073739653875094,0.9812788718696815,0.4397951400239729,0.6073739653875094,supervised_train_val_test
deepcrack_0093,unet,deepcrack,0.3933450429352069,0.564605364521325,0.98920245398773,0.3950411603292826,0.564605364521325,supervised_train_val_test
deepcrack_0094,unet,deepcrack,0.4838521627608721,0.6521568319321128,0.8642232403165347,0.5236593059936908,0.6521568319321128,supervised_train_val_test
deepcrack_0095,unet,deepcrack,0.5269366411285419,0.6901879579483912,0.8318295258206949,0.5897645297400299,0.6901879579483912,supervised_train_val_test
deepcrack_0096,unet,deepcrack,0.4056323691576893,0.5771528574014845,0.8939988782950085,0.4261272500445553,0.5771528574014845,supervised_train_val_test
deepcrack_0097,unet,deepcrack,0.5988049149974751,0.7490656419434648,0.8939565272019098,0.6445914114875884,0.7490656419434648,supervised_train_val_test
deepcrack_0098,unet,deepcrack,0.6217468205171397,0.7667618800311607,0.8806967310904319,0.67892945829118,0.7667618800311607,supervised_train_val_test
deepcrack_0099,unet,deepcrack,0.5720622698359558,0.727785763722515,0.8862811203319502,0.6173787372414417,0.7277857637225151,supervised_train_val_test
deepcrack_0100,unet,deepcrack,0.5308754993342211,0.6935580320739332,0.8842528416967008,0.5705214202665235,0.6935580320739331,supervised_train_val_test
deepcrack_0101,unet,deepcrack,0.6747592567475925,0.8057985098801426,0.7462126893655318,0.8757261045590565,0.8057985098801425,supervised_train_val_test
deepcrack_0102,unet,deepcrack,0.781578332944198,0.8773999082628924,0.8207674390094397,0.9424268018018018,0.8773999082628924,supervised_train_val_test
deepcrack_0103,unet,deepcrack,0.8758305195512471,0.9338055974915804,0.9198123999084876,0.9482311320754716,0.9338055974915804,supervised_train_val_test
deepcrack_0104,unet,deepcrack,0.8976753629073191,0.9460789558147,0.9357671957671958,0.9566205106014712,0.9460789558147,supervised_train_val_test
deepcrack_0105,unet,deepcrack,0.9049795759579848,0.9501199775361208,0.9559276761865626,0.944382421597483,0.9501199775361208,supervised_train_val_test
deepcrack_0106,unet,deepcrack,0.9086176443246258,0.952121182601919,0.94562693498452,0.9587052476704266,0.952121182601919,supervised_train_val_test
deepcrack_0107,unet,deepcrack,0.7097123080250919,0.8302125506072875,0.8031823745410037,0.8591254255040587,0.8302125506072875,supervised_train_val_test
deepcrack_0108,unet,deepcrack,0.6947687996263429,0.8198980294887694,0.7753453218660412,0.8698830409356725,0.8198980294887694,supervised_train_val_test
deepcrack_0109,unet,deepcrack,0.9052805943178396,0.9502858497773796,0.9890320811625994,0.914461008011358,0.9502858497773796,supervised_train_val_test
deepcrack_0110,unet,deepcrack,0.8656075220880279,0.927963156065346,0.9875161827260958,0.8751843960006557,0.927963156065346,supervised_train_val_test
deepcrack_0111,unet,deepcrack,0.7258392319013246,0.8411435068626655,0.8637311316820949,0.8197071626434508,0.8411435068626655,supervised_train_val_test
deepcrack_0112,unet,deepcrack,0.8223478194455053,0.902514668901928,0.9663435648896068,0.8465953766315458,0.902514668901928,supervised_train_val_test
deepcrack_0113,unet,deepcrack,0.8358196304458383,0.9105683549563692,0.9262633853090364,0.8953963497684555,0.9105683549563692,supervised_train_val_test
deepcrack_0114,unet,deepcrack,0.8643482877621449,0.927239071621814,0.956709108716944,0.8995303434938761,0.927239071621814,supervised_train_val_test
deepcrack_0115,unet,deepcrack,0.7858657243816255,0.8800949742777998,0.9350824083417424,0.8312154283151443,0.8800949742777997,supervised_train_val_test
deepcrack_0116,unet,deepcrack,0.7804333552199606,0.8766779761026701,0.8822743467933492,0.8711521547933158,0.8766779761026701,supervised_train_val_test
deepcrack_0117,unet,deepcrack,0.8446976493809438,0.9158114877681046,0.9221351616062684,0.909573954207323,0.9158114877681048,supervised_train_val_test
deepcrack_0118,unet,deepcrack,0.6313354786806115,0.774010602884971,0.8036354326676908,0.7464922711058264,0.774010602884971,supervised_train_val_test
deepcrack_0119,unet,deepcrack,0.6471418489767113,0.7857754927163667,0.8599562363238512,0.7233762818827242,0.7857754927163668,supervised_train_val_test
deepcrack_0120,unet,deepcrack,0.8268188302425107,0.9052006871778854,0.9081792541523034,0.902241594022416,0.9052006871778852,supervised_train_val_test
deepcrack_0121,unet,deepcrack,0.8177132146204311,0.8997164217581851,0.905239495071762,0.8942603348138025,0.899716421758185,supervised_train_val_test
deepcrack_0122,unet,deepcrack,0.8194427545930162,0.9007623378360304,0.9134680591346804,0.888405223585279,0.9007623378360304,supervised_train_val_test
deepcrack_0123,unet,deepcrack,0.5967008565084064,0.7474172185430463,0.9924375659514596,0.5994263862332696,0.7474172185430463,supervised_train_val_test
deepcrack_0124,unet,deepcrack,0.7271232876712329,0.8420050761421319,0.8577892695539754,0.8267912772585669,0.8420050761421319,supervised_train_val_test
deepcrack_0125,unet,deepcrack,0.7093970668115155,0.8299968223705116,0.8373584099166489,0.8227635447291054,0.8299968223705116,supervised_train_val_test
deepcrack_0126,unet,deepcrack,0.6576970512389281,0.7935069327020629,0.9860480753067744,0.6638750565866908,0.793506932702063,supervised_train_val_test
deepcrack_0127,unet,deepcrack,0.7286252016490411,0.8430111986727499,0.992431640625,0.7326964671953857,0.8430111986727499,supervised_train_val_test
deepcrack_0128,unet,deepcrack,0.7348610933299193,0.8471699505571545,0.9874419404782384,0.7417937451537865,0.8471699505571544,supervised_train_val_test
deepcrack_0129,unet,deepcrack,0.7442385901491189,0.8533678756476684,0.9454649827784156,0.7776203966005666,0.8533678756476685,supervised_train_val_test
deepcrack_0130,unet,deepcrack,0.8447989671707857,0.9158710322419396,0.9409408381265408,0.8921024442496835,0.9158710322419396,supervised_train_val_test
deepcrack_0131,unet,deepcrack,0.8444895199459094,0.9156891495601172,0.96280593563307,0.8729687226978857,0.9156891495601172,supervised_train_val_test
deepcrack_0132,unet,deepcrack,0.765150184437028,0.8669519355159717,0.9160883280757098,0.8228182848507745,0.8669519355159717,supervised_train_val_test
deepcrack_0133,unet,deepcrack,0.7499481650425046,0.8571090047393365,0.859961959106039,0.8542749173358526,0.8571090047393365,supervised_train_val_test
deepcrack_0134,unet,deepcrack,0.4601904761904762,0.6303156796243151,0.5193465176268272,0.8015925680159257,0.6303156796243151,supervised_train_val_test
deepcrack_0135,unet,deepcrack,0.6117411607738492,0.7591059602649006,0.6361429066944155,0.9409953822473064,0.7591059602649006,supervised_train_val_test
deepcrack_0136,unet,deepcrack,0.7237582005623243,0.8397444610574962,0.9578294573643412,0.7475798644724104,0.8397444610574963,supervised_train_val_test
deepcrack_0137,unet,deepcrack,0.6802143814202769,0.8096757044125465,0.8564198687910028,0.7677701226684591,0.8096757044125465,supervised_train_val_test
deepcrack_0138,unet,deepcrack,0.6724367509986684,0.804140127388535,0.7965299684542587,0.8118971061093248,0.804140127388535,supervised_train_val_test
deepcrack_0139,unet,deepcrack,0.6955607476635514,0.820449221441367,0.9252525252525252,0.7369723975739572,0.8204492214413669,supervised_train_val_test
deepcrack_0140,unet,deepcrack,0.7964951950254381,0.8867212083071114,0.8873913591132384,0.8860520689221482,0.8867212083071113,supervised_train_val_test
deepcrack_0141,unet,deepcrack,0.7731082080354942,0.8720372558559811,0.8095238095238095,0.945013558300693,0.8720372558559811,supervised_train_val_test
deepcrack_0142,unet,deepcrack,0.7412392077196547,0.8513927373486948,0.7841504365345869,0.9312490030307864,0.8513927373486947,supervised_train_val_test
deepcrack_0143,unet,deepcrack,0.6474025974025974,0.785967678360268,0.74775,0.8283024093049017,0.785967678360268,supervised_train_val_test
deepcrack_0144,unet,deepcrack,0.5147058823529411,0.6796116504854369,0.6030405405405406,0.7784561709550807,0.6796116504854368,supervised_train_val_test
deepcrack_0145,unet,deepcrack,0.6557283763277694,0.7920724023370375,0.8219210651450309,0.7643157196550961,0.7920724023370375,supervised_train_val_test
deepcrack_0146,unet,deepcrack,0.7410126582278481,0.8512432746837284,0.782620320855615,0.933057060886197,0.8512432746837284,supervised_train_val_test
deepcrack_0147,unet,deepcrack,0.7065349749695575,0.8280345675097122,0.9971357647508116,0.7079718004338394,0.8280345675097123,supervised_train_val_test
deepcrack_0148,unet,deepcrack,0.7434173669467787,0.852827763496144,0.8178736517719568,0.8909029875797247,0.8528277634961439,supervised_train_val_test
deepcrack_0149,unet,deepcrack,0.7759942501197892,0.8738702279778767,0.8445893089960886,0.9052543320290664,0.8738702279778768,supervised_train_val_test
deepcrack_0150,unet,deepcrack,0.6393006461421513,0.7799675399953628,0.8855738855738856,0.6968650738848226,0.7799675399953628,supervised_train_val_test
deepcrack_0151,unet,deepcrack,0.6852589641434262,0.8132387706855791,0.9048490393412626,0.7384730259473586,0.8132387706855793,supervised_train_val_test
deepcrack_0152,unet,deepcrack,0.7069195284469503,0.8282986006846436,0.9528810280502972,0.7325260250690461,0.8282986006846434,supervised_train_val_test
deepcrack_0153,unet,deepcrack,0.7347762700459796,0.8471135820027151,0.9574747917580008,0.7595641085091583,0.8471135820027151,supervised_train_val_test
deepcrack_0154,unet,deepcrack,0.8102316363185929,0.8951690160120432,0.9166199551569508,0.8746991174110724,0.8951690160120432,supervised_train_val_test
deepcrack_0155,unet,deepcrack,0.6762928139691068,0.8068910256410257,0.9884662576687115,0.6816720257234726,0.8068910256410255,supervised_train_val_test
deepcrack_0156,unet,deepcrack,0.783934548159167,0.8788826349801959,0.8323790720631786,0.9308898211525723,0.8788826349801959,supervised_train_val_test
deepcrack_0157,unet,deepcrack,0.733875128998968,0.846514396250279,0.8782031491200988,0.8170328881229355,0.846514396250279,supervised_train_val_test
deepcrack_0158,unet,deepcrack,0.8163878163878164,0.89891355692017,0.9046826717375802,0.8932175545646562,0.8989135569201702,supervised_train_val_test
deepcrack_0159,unet,deepcrack,0.7056292577984941,0.8274122346016397,0.724728410974038,0.9639970609845702,0.8274122346016397,supervised_train_val_test
deepcrack_0160,unet,deepcrack,0.9138437267189624,0.954982597545338,0.9538032292000184,0.9561648860562152,0.954982597545338,supervised_train_val_test
deepcrack_0161,unet,deepcrack,0.9410214402735236,0.9696146788990826,0.9759178547684124,0.9633924013709618,0.9696146788990826,supervised_train_val_test
deepcrack_0162,unet,deepcrack,0.8227386524436704,0.902749992535308,0.9829957408069708,0.8346169772256729,0.902749992535308,supervised_train_val_test
deepcrack_0163,unet,deepcrack,0.9290827928914344,0.9632378623821166,0.965387476480112,0.9610978000435636,0.9632378623821166,supervised_train_val_test
deepcrack_0164,unet,deepcrack,0.772216773703692,0.8714698846799243,0.9787089013632718,0.7854109016024197,0.8714698846799243,supervised_train_val_test
deepcrack_0165,unet,deepcrack,0.8234891229901178,0.903201573958147,0.9824513618677044,0.8357828533598146,0.9032015739581472,supervised_train_val_test
deepcrack_0166,unet,deepcrack,0.9149944134078212,0.9556105302464526,0.9681736498628584,0.943369274721224,0.9556105302464526,supervised_train_val_test
deepcrack_0167,unet,deepcrack,0.9441813877253687,0.971289400964826,0.974667481317855,0.9679346557759628,0.971289400964826,supervised_train_val_test
deepcrack_0168,unet,deepcrack,0.6911610329624186,0.8173805090006208,0.7271924011486636,0.9331065759637188,0.8173805090006208,supervised_train_val_test
deepcrack_0169,unet,deepcrack,0.4350855461794534,0.6063548578518638,0.8931977113795295,0.4589628419763168,0.6063548578518637,supervised_train_val_test
deepcrack_0170,unet,deepcrack,0.43216805644644,0.6035158436905161,0.9531388152077808,0.4415499303678217,0.6035158436905163,supervised_train_val_test
deepcrack_0171,unet,deepcrack,0.3382638215324927,0.5055263634716434,0.3700265251989389,0.7975986277873071,0.5055263634716435,supervised_train_val_test
deepcrack_0172,unet,deepcrack,0.3084525055226136,0.471476808245957,0.3369744697065922,0.7846790890269151,0.4714768082459569,supervised_train_val_test
deepcrack_0173,unet,deepcrack,0.592809364548495,0.7443569553805774,0.7450609499789828,0.7436542899097965,0.7443569553805774,supervised_train_val_test
deepcrack_0174,unet,deepcrack,0.6720044174489233,0.8038309114927344,0.7687934301958307,0.8422145328719723,0.8038309114927344,supervised_train_val_test
deepcrack_0175,unet,deepcrack,0.1388235294117647,0.2438016528925619,0.6573816155988857,0.1496512365250475,0.243801652892562,supervised_train_val_test
deepcrack_0176,unet,deepcrack,0.1712398373983739,0.2924078091106291,0.7819025522041764,0.17982924226254,0.2924078091106291,supervised_train_val_test
deepcrack_0177,unet,deepcrack,0.1495570609692548,0.2601994560290118,0.875,0.1528221512247071,0.2601994560290117,supervised_train_val_test
deepcrack_0178,unet,deepcrack,0.6401561144839549,0.7806038813389032,0.6826674065852756,0.9113470798864056,0.7806038813389033,supervised_train_val_test
deepcrack_0179,unet,deepcrack,0.6159174876847291,0.7623130418214727,0.6508866113551326,0.9197701149425288,0.762313041821473,supervised_train_val_test
deepcrack_0180,unet,deepcrack,0.8086309835550435,0.8941912318295013,0.8941394486912208,0.8942430209660605,0.8941912318295013,supervised_train_val_test
deepcrack_0181,unet,deepcrack,0.6557673348669076,0.7921008236578346,0.6788569484606225,0.9506908051453072,0.7921008236578345,supervised_train_val_test
deepcrack_0182,unet,deepcrack,0.7553522099447514,0.8606275204091669,0.761134307585247,0.9900429961529758,0.8606275204091669,supervised_train_val_test
deepcrack_0183,unet,deepcrack,0.6116774791473587,0.7590569292696953,0.9363599513579246,0.6382096974720265,0.7590569292696954,supervised_train_val_test
deepcrack_0184,unet,deepcrack,0.6943396226415094,0.8195991091314031,0.96304520222046,0.7133458646616542,0.8195991091314031,supervised_train_val_test
deepcrack_0185,unet,deepcrack,0.6685363944690843,0.8013446954890158,0.9782401221607177,0.6786281779661016,0.8013446954890158,supervised_train_val_test
deepcrack_0186,unet,deepcrack,0.7010754849733641,0.8242732214606476,0.8868404322949778,0.7699525333922066,0.8242732214606476,supervised_train_val_test
deepcrack_0187,unet,deepcrack,0.8082964601769912,0.8939866642197345,0.9738771158203384,0.8262098597919494,0.8939866642197346,supervised_train_val_test
deepcrack_0188,unet,deepcrack,0.8327228327228328,0.9087275149900068,0.9406896551724138,0.8788659793814433,0.9087275149900066,supervised_train_val_test
deepcrack_0189,unet,deepcrack,0.8210578348986654,0.9017372421281216,0.9354233151867845,0.8703930131004367,0.9017372421281216,supervised_train_val_test
deepcrack_0190,unet,deepcrack,0.7558813501534265,0.8609708737864078,0.8039405294330956,0.9267103246481816,0.8609708737864078,supervised_train_val_test
deepcrack_0191,unet,deepcrack,0.472779805352798,0.6420237480640165,0.484494311983793,0.951346389228886,0.6420237480640165,supervised_train_val_test
deepcrack_0192,unet,deepcrack,0.3455949731640267,0.5136686448098065,0.3577720558341238,0.9103448275862068,0.5136686448098065,supervised_train_val_test
deepcrack_0193,unet,deepcrack,0.7359540477472626,0.847895770861338,0.7509157509157509,0.9736404654476372,0.8478957708613379,supervised_train_val_test
deepcrack_0194,unet,deepcrack,0.6576560865015696,0.7934771173066807,0.7402826855123675,0.8549081840852415,0.7934771173066807,supervised_train_val_test
deepcrack_0195,unet,deepcrack,0.415234488785319,0.5868066275599465,0.4159008023340627,0.9961565338923828,0.5868066275599465,supervised_train_val_test
deepcrack_0196,unet,deepcrack,0.707876370887338,0.8289550496205488,0.7368202573682026,0.947424606351748,0.8289550496205487,supervised_train_val_test
deepcrack_0197,unet,deepcrack,0.7286603735689897,0.8430347391657953,0.7753793545629408,0.9236252545824848,0.8430347391657953,supervised_train_val_test
deepcrack_0198,unet,deepcrack,0.5405502607444704,0.7017625773316213,0.6463821094505967,0.7675220222137112,0.7017625773316214,supervised_train_val_test
deepcrack_0199,unet,deepcrack,0.6068347149382507,0.7553169088229101,0.6938775510204082,0.8286935427977359,0.75531690882291,supervised_train_val_test
deepcrack_0200,unet,deepcrack,0.3251465534667475,0.4907329723133247,0.6508193404814889,0.3938540646425073,0.4907329723133246,supervised_train_val_test
deepcrack_0201,unet,deepcrack,0.4339988590986879,0.6052987508950592,0.4740777666999003,0.836963696369637,0.6052987508950594,supervised_train_val_test
deepcrack_0202,unet,deepcrack,0.3270029985796202,0.4928444003964321,0.3427626137303556,0.8767277856135401,0.4928444003964322,supervised_train_val_test
deepcrack_0203,unet,deepcrack,0.3300123138923094,0.4962545240299638,0.7420085577649131,0.3727870510875063,0.4962545240299637,supervised_train_val_test
deepcrack_0204,unet,deepcrack,0.3229551451187335,0.4882329477463103,0.6777408637873754,0.3815461346633416,0.4882329477463104,supervised_train_val_test
deepcrack_0205,unet,deepcrack,0.4625761012295571,0.6325497877897486,0.6616015024756702,0.6059421422986708,0.6325497877897487,supervised_train_val_test
deepcrack_0206,unet,deepcrack,0.5340056573607183,0.6962238435019642,0.7414617486338798,0.656188605108055,0.6962238435019642,supervised_train_val_test
deepcrack_0207,unet,deepcrack,0.6213271064409418,0.7664426308209313,0.7425581395348837,0.7919146825396826,0.7664426308209313,supervised_train_val_test
deepcrack_0208,unet,deepcrack,0.6272974812797821,0.7709684166492365,0.6971817665973141,0.8622222222222222,0.7709684166492364,supervised_train_val_test
deepcrack_0209,unet,deepcrack,0.5419571391686031,0.702947086403215,0.5954609929078014,0.8577850429096854,0.7029470864032151,supervised_train_val_test
deepcrack_0210,unet,deepcrack,0.5742200328407225,0.7295295712944613,0.7154255319148937,0.744200893807193,0.7295295712944613,supervised_train_val_test
deepcrack_0211,unet,deepcrack,0.0295541401273885,0.0574115317990596,0.4312267657992565,0.0307529162248144,0.0574115317990596,supervised_train_val_test
deepcrack_0212,unet,deepcrack,0.2601291837933059,0.412861136999068,0.2792016806722689,0.7920143027413588,0.412861136999068,supervised_train_val_test
deepcrack_0213,unet,deepcrack,0.5481874447391689,0.7081667618503712,0.5686582809224319,0.9383783783783785,0.7081667618503713,supervised_train_val_test
deepcrack_0214,unet,deepcrack,0.3339968483038898,0.5007460830639144,0.3375806857238662,0.9691937424789412,0.5007460830639144,supervised_train_val_test
deepcrack_0215,unet,deepcrack,0.4911060948081264,0.6587138185781761,0.505859375,0.943943075321069,0.6587138185781761,supervised_train_val_test
deepcrack_0216,unet,deepcrack,0.4477554179566563,0.6185511895215183,0.4540816326530612,0.9698239731768652,0.6185511895215183,supervised_train_val_test
deepcrack_0217,unet,deepcrack,0.5887524420876361,0.7411506368028107,0.5895751816657351,0.9976353747930952,0.7411506368028108,supervised_train_val_test
deepcrack_0218,unet,deepcrack,0.6008150789607744,0.7506364562118126,0.6096350666804508,0.9764861732074848,0.7506364562118126,supervised_train_val_test
deepcrack_0219,unet,deepcrack,0.5020117044623262,0.668452453427493,0.5171439336850038,0.9449225473321858,0.6684524534274929,supervised_train_val_test
deepcrack_0220,unet,deepcrack,0.5869838728125357,0.7397477477477478,0.6019235280319024,0.9594316694709292,0.7397477477477478,supervised_train_val_test
deepcrack_0221,unet,deepcrack,0.6190416457601605,0.7647013248624778,0.6275432349949135,0.9785841760856632,0.7647013248624777,supervised_train_val_test
deepcrack_0222,unet,deepcrack,0.6197450501762951,0.7652377762893503,0.6238056238056238,0.9896058899956692,0.7652377762893503,supervised_train_val_test
deepcrack_0223,unet,deepcrack,0.6808938547486033,0.8101568731720287,0.6862612612612613,0.9886437378325762,0.8101568731720287,supervised_train_val_test
deepcrack_0224,unet,deepcrack,0.6069878713697563,0.755435535244426,0.6318044938614779,0.9392217630853994,0.755435535244426,supervised_train_val_test
deepcrack_0225,unet,deepcrack,0.2837338262476894,0.4420446364290856,0.4763382467028704,0.412357286769644,0.4420446364290856,supervised_train_val_test
deepcrack_0226,unet,deepcrack,0.4559106661532537,0.6262893414440625,0.5154549412276883,0.7978436657681941,0.6262893414440623,supervised_train_val_test
deepcrack_0227,unet,deepcrack,0.8525449101796407,0.9204040404040404,0.890539483971853,0.9523411371237458,0.9204040404040404,supervised_train_val_test
deepcrack_0228,unet,deepcrack,0.8540556542332741,0.9212837298419287,0.9088045361474248,0.9341104095839404,0.9212837298419287,supervised_train_val_test
deepcrack_0229,unet,deepcrack,0.7893042832384254,0.8822471288224712,0.8197480071997942,0.9550629119233074,0.8822471288224714,supervised_train_val_test
deepcrack_0230,unet,deepcrack,0.8276380829572318,0.9056914393226716,0.9525105119960424,0.8632593588881416,0.9056914393226716,supervised_train_val_test
deepcrack_0231,unet,deepcrack,0.8017222820236813,0.8899510096785757,0.8847707293894037,0.8951923076923077,0.8899510096785758,supervised_train_val_test
deepcrack_0232,unet,deepcrack,0.7684268426842684,0.8690513219284604,0.8155283129013426,0.930093209054594,0.8690513219284604,supervised_train_val_test
deepcrack_0233,unet,deepcrack,0.8496178285293305,0.9186955439382624,0.9226922692269228,0.9147332936744,0.9186955439382624,supervised_train_val_test
deepcrack_0234,unet,deepcrack,0.8593090003249215,0.924331566377352,0.9723039215686274,0.8808704341068058,0.9243315663773518,supervised_train_val_test
deepcrack_0235,unet,deepcrack,0.8794076914882284,0.93583493934928,0.9763453577764636,0.8985523021661043,0.93583493934928,supervised_train_val_test
deepcrack_0236,unet,deepcrack,0.4988022902547324,0.6656011850234861,0.9788465948177024,0.504237663526563,0.6656011850234861,supervised_train_val_test
deepcrack_0000,deeplabv3plus,deepcrack,0.528999064546305,0.6919547262159682,0.5631535269709543,0.8971443680592279,0.6919547262159683,supervised_train_val_test
deepcrack_0001,deeplabv3plus,deepcrack,0.6550188081568006,0.7915545188109336,0.8840347361389446,0.7165908598657137,0.7915545188109336,supervised_train_val_test
deepcrack_0002,deeplabv3plus,deepcrack,0.7147301895964998,0.8336357450669086,0.9024060888779768,0.7746048472075869,0.8336357450669085,supervised_train_val_test
deepcrack_0003,deeplabv3plus,deepcrack,0.5059097421203438,0.6718991556665478,0.71024512884978,0.6374816653503328,0.6718991556665477,supervised_train_val_test
deepcrack_0004,deeplabv3plus,deepcrack,0.6131295414683037,0.7601739670705188,0.7776894962656921,0.7434300470909919,0.7601739670705188,supervised_train_val_test
deepcrack_0005,deeplabv3plus,deepcrack,0.6688409433015554,0.8015634395670475,0.7505630630630631,0.86,0.8015634395670476,supervised_train_val_test
deepcrack_0006,deeplabv3plus,deepcrack,0.6928772919605077,0.8185794626119558,0.7520091848450058,0.8980804387568556,0.8185794626119558,supervised_train_val_test
deepcrack_0007,deeplabv3plus,deepcrack,0.6898479818277128,0.816461586185503,0.8946295037389531,0.7508558387219475,0.8164615861855031,supervised_train_val_test
deepcrack_0008,deeplabv3plus,deepcrack,0.7577995478522984,0.8622138386349996,0.9312835710316726,0.8026819923371648,0.8622138386349996,supervised_train_val_test
deepcrack_0009,deeplabv3plus,deepcrack,0.5563877897117016,0.7149732134749841,0.7418503862822687,0.689975464423414,0.7149732134749842,supervised_train_val_test
deepcrack_0010,deeplabv3plus,deepcrack,0.4661132075471698,0.6358488623494286,0.5987977506302113,0.6777875329236172,0.6358488623494285,supervised_train_val_test
deepcrack_0011,deeplabv3plus,deepcrack,0.7006625175667537,0.8239877228190297,0.7369087837837838,0.934404283801874,0.8239877228190295,supervised_train_val_test
deepcrack_0012,deeplabv3plus,deepcrack,0.772719298245614,0.871789796625266,0.9301678927176094,0.8203066799106035,0.871789796625266,supervised_train_val_test
deepcrack_0013,deeplabv3plus,deepcrack,0.7701075407302467,0.8701251455180442,0.8665314107673358,0.873748812742018,0.8701251455180443,supervised_train_val_test
deepcrack_0014,deeplabv3plus,deepcrack,0.7867650346523586,0.8806586421761217,0.88090112640801,0.8804162914039828,0.8806586421761218,supervised_train_val_test
deepcrack_0015,deeplabv3plus,deepcrack,0.8143944767579325,0.897703875524512,0.9236792705819254,0.8731494625836544,0.897703875524512,supervised_train_val_test
deepcrack_0016,deeplabv3plus,deepcrack,0.7820730671197961,0.8777115613825983,0.8838214114258282,0.8716856060606061,0.8777115613825983,supervised_train_val_test
deepcrack_0017,deeplabv3plus,deepcrack,0.766942612599972,0.8681013261335663,0.877297167161544,0.8590962671905698,0.8681013261335662,supervised_train_val_test
deepcrack_0018,deeplabv3plus,deepcrack,0.7638911257851506,0.8661431701972242,0.8708078335373317,0.8615282150641802,0.8661431701972243,supervised_train_val_test
deepcrack_0019,deeplabv3plus,deepcrack,0.7627492739593418,0.8654086945060738,0.9036194320840404,0.8302984319676278,0.8654086945060738,supervised_train_val_test
deepcrack_0020,deeplabv3plus,deepcrack,0.7628822121776123,0.8654942535670116,0.9137579617834396,0.8220732336255802,0.8654942535670115,supervised_train_val_test
deepcrack_0021,deeplabv3plus,deepcrack,0.7738707308116048,0.872522126183945,0.9308669243511872,0.8210598090785116,0.872522126183945,supervised_train_val_test
deepcrack_0022,deeplabv3plus,deepcrack,0.8153430275913497,0.8982798459563544,0.9268180694380672,0.8714465993623804,0.8982798459563544,supervised_train_val_test
deepcrack_0023,deeplabv3plus,deepcrack,0.771331828442438,0.8709060787562126,0.8690786545431424,0.8727412042653726,0.8709060787562125,supervised_train_val_test
deepcrack_0024,deeplabv3plus,deepcrack,0.7446646341463414,0.8536478811708169,0.9012222307633178,0.8108444567397469,0.853647881170817,supervised_train_val_test
deepcrack_0025,deeplabv3plus,deepcrack,0.7128165240687927,0.8323326101216005,0.836935565702689,0.8277800080289041,0.8323326101216004,supervised_train_val_test
deepcrack_0026,deeplabv3plus,deepcrack,0.7818419333768779,0.8775659824046921,0.8667632150615496,0.888641425389755,0.8775659824046921,supervised_train_val_test
deepcrack_0027,deeplabv3plus,deepcrack,0.5963484818416352,0.7471407260069617,0.6483279395900755,0.8814901730712819,0.7471407260069618,supervised_train_val_test
deepcrack_0028,deeplabv3plus,deepcrack,0.5988566289825282,0.7491061026073681,0.7747216220707994,0.7251302792253247,0.7491061026073682,supervised_train_val_test
deepcrack_0029,deeplabv3plus,deepcrack,0.708695112875217,0.8295161700119777,0.9778367277083688,0.7202647336905137,0.8295161700119777,supervised_train_val_test
deepcrack_0030,deeplabv3plus,deepcrack,0.6459536108578953,0.7848989261868865,0.9803996925441968,0.6544045969934842,0.7848989261868866,supervised_train_val_test
deepcrack_0031,deeplabv3plus,deepcrack,0.7670327707831056,0.8681590782758098,0.9490664015025964,0.7999627491152915,0.8681590782758097,supervised_train_val_test
deepcrack_0032,deeplabv3plus,deepcrack,0.4874363606503531,0.6554046593794854,0.5194259712985649,0.8878253066108286,0.6554046593794854,supervised_train_val_test
deepcrack_0033,deeplabv3plus,deepcrack,0.7479742020836778,0.8558183538315989,0.8065263908701854,0.911527609834744,0.8558183538315988,supervised_train_val_test
deepcrack_0034,deeplabv3plus,deepcrack,0.7683798502382573,0.8690212684053508,0.8218056061157627,0.9219930569736572,0.8690212684053509,supervised_train_val_test
deepcrack_0035,deeplabv3plus,deepcrack,0.6419667590027701,0.7819485449177562,0.7229479430688244,0.8514351320321469,0.7819485449177563,supervised_train_val_test
deepcrack_0036,deeplabv3plus,deepcrack,0.9191687801685348,0.9578821723932134,0.9648746135348676,0.9509903504316912,0.9578821723932134,supervised_train_val_test
deepcrack_0037,deeplabv3plus,deepcrack,0.8060168593205794,0.8925906257860756,0.9700504222100724,0.8265866031680298,0.8925906257860756,supervised_train_val_test
deepcrack_0038,deeplabv3plus,deepcrack,0.8043573302244243,0.8915721035415741,0.9719140693784116,0.8234986945169713,0.8915721035415741,supervised_train_val_test
deepcrack_0039,deeplabv3plus,deepcrack,0.7184970102610793,0.8361923308227612,0.96229772929506,0.7393087732624383,0.8361923308227612,supervised_train_val_test
deepcrack_0040,deeplabv3plus,deepcrack,0.66862652869238,0.8014094432699084,0.7302851271512972,0.8878825733916302,0.8014094432699085,supervised_train_val_test
deepcrack_0041,deeplabv3plus,deepcrack,0.76461898313431,0.8666108553090554,0.9523882542359886,0.795008,0.8666108553090554,supervised_train_val_test
deepcrack_0042,deeplabv3plus,deepcrack,0.8620371969827835,0.9259076009648092,0.9482218070114324,0.9046194749086076,0.9259076009648092,supervised_train_val_test
deepcrack_0043,deeplabv3plus,deepcrack,0.8221446657086157,0.9023923085589814,0.910634427347836,0.8942980497245794,0.9023923085589814,supervised_train_val_test
deepcrack_0044,deeplabv3plus,deepcrack,0.8369767835960007,0.9112546125461256,0.9746423285643808,0.8556084885231702,0.9112546125461254,supervised_train_val_test
deepcrack_0045,deeplabv3plus,deepcrack,0.7408741201505975,0.8511518570756935,0.7798070296347347,0.9368660732767544,0.8511518570756935,supervised_train_val_test
deepcrack_0046,deeplabv3plus,deepcrack,0.6238818107888316,0.768383273516401,0.7018908203720646,0.8487921814493823,0.7683832735164011,supervised_train_val_test
deepcrack_0047,deeplabv3plus,deepcrack,0.6497652582159624,0.7877063175867957,0.7163561076604554,0.8748419721871049,0.7877063175867955,supervised_train_val_test
deepcrack_0048,deeplabv3plus,deepcrack,0.676868655798216,0.8073007429147941,0.7706181054106112,0.8476502311248074,0.8073007429147941,supervised_train_val_test
deepcrack_0049,deeplabv3plus,deepcrack,0.7401362984218077,0.8506647428630321,0.8229312063808575,0.8803327645051194,0.8506647428630321,supervised_train_val_test
deepcrack_0050,deeplabv3plus,deepcrack,0.7403949181080668,0.8508355321020229,0.8005627275736511,0.9078453453453452,0.8508355321020229,supervised_train_val_test
deepcrack_0051,deeplabv3plus,deepcrack,0.6899168774846404,0.8165098374679213,0.7617717478052674,0.8797235023041474,0.8165098374679212,supervised_train_val_test
deepcrack_0052,deeplabv3plus,deepcrack,0.6912504190412336,0.8174430128840436,0.7979876160990712,0.8378707842340511,0.8174430128840435,supervised_train_val_test
deepcrack_0053,deeplabv3plus,deepcrack,0.7649453065377766,0.8668204093398674,0.8470422535211267,0.8875442739079102,0.8668204093398673,supervised_train_val_test
deepcrack_0054,deeplabv3plus,deepcrack,0.7947118982289848,0.8856150104239054,0.8916876574307305,0.879624516841524,0.8856150104239056,supervised_train_val_test
deepcrack_0055,deeplabv3plus,deepcrack,0.8131244936537942,0.8969317843312481,0.9219934165199418,0.8731965489741174,0.8969317843312482,supervised_train_val_test
deepcrack_0056,deeplabv3plus,deepcrack,0.6011458191242668,0.7508945305844267,0.8077346041055719,0.7015281757402101,0.7508945305844268,supervised_train_val_test
deepcrack_0057,deeplabv3plus,deepcrack,0.5048335123523093,0.6709493219129193,0.7366771159874608,0.6159895150720839,0.6709493219129192,supervised_train_val_test
deepcrack_0058,deeplabv3plus,deepcrack,0.4134419551934827,0.5850144092219021,0.6363636363636364,0.5413333333333333,0.5850144092219021,supervised_train_val_test
deepcrack_0059,deeplabv3plus,deepcrack,0.794400197060514,0.88542143314725,0.8861513097636929,0.8846927578639356,0.8854214331472499,supervised_train_val_test
deepcrack_0060,deeplabv3plus,deepcrack,0.7898794228108322,0.8826062948647156,0.8749726297350559,0.8903743315508021,0.8826062948647155,supervised_train_val_test
deepcrack_0061,deeplabv3plus,deepcrack,0.8112045481463934,0.8957624901909496,0.892843175596402,0.8987009578795434,0.8957624901909496,supervised_train_val_test
deepcrack_0062,deeplabv3plus,deepcrack,0.8111753371868978,0.8957446808510638,0.8994925665450013,0.8920278979429681,0.8957446808510637,supervised_train_val_test
deepcrack_0063,deeplabv3plus,deepcrack,0.7900966988996332,0.882741920461954,0.8861256544502618,0.8793839302282427,0.882741920461954,supervised_train_val_test
deepcrack_0064,deeplabv3plus,deepcrack,0.7347841266146864,0.8471188032467968,0.8517469310670444,0.8425406992260475,0.8471188032467968,supervised_train_val_test
deepcrack_0065,deeplabv3plus,deepcrack,0.6981460023174971,0.8222449675878539,0.8299850763402594,0.8146478873239437,0.8222449675878539,supervised_train_val_test
deepcrack_0066,deeplabv3plus,deepcrack,0.6630588235294118,0.7973967176004527,0.8196625945317044,0.7763085399449036,0.7973967176004527,supervised_train_val_test
deepcrack_0067,deeplabv3plus,deepcrack,0.6187382458539922,0.7644697929869032,0.9645522388059702,0.6331350594821553,0.7644697929869032,supervised_train_val_test
deepcrack_0068,deeplabv3plus,deepcrack,0.6808201778261659,0.8101047176940516,0.8053230306932818,0.8149435273675065,0.8101047176940517,supervised_train_val_test
deepcrack_0069,deeplabv3plus,deepcrack,0.6272335181762169,0.7709201060204468,0.730010756543564,0.816686722823907,0.7709201060204467,supervised_train_val_test
deepcrack_0070,deeplabv3plus,deepcrack,0.5648575659900689,0.7219284083950342,0.930806775768016,0.5896153496408111,0.7219284083950341,supervised_train_val_test
deepcrack_0071,deeplabv3plus,deepcrack,0.6115247322794493,0.758939307638757,0.9297565514033184,0.6411462788708298,0.758939307638757,supervised_train_val_test
deepcrack_0072,deeplabv3plus,deepcrack,0.4945191313340227,0.6617769166897315,0.9452460960664164,0.5091025231555414,0.6617769166897316,supervised_train_val_test
deepcrack_0073,deeplabv3plus,deepcrack,0.4876907927129493,0.6556346185669369,0.8777137793531237,0.52324352879028,0.6556346185669369,supervised_train_val_test
deepcrack_0074,deeplabv3plus,deepcrack,0.5454654080535309,0.7058914488943869,0.8874416796267496,0.5860077021822849,0.7058914488943868,supervised_train_val_test
deepcrack_0075,deeplabv3plus,deepcrack,0.2802238411994509,0.4377731958762886,0.8687397708674305,0.2926130099228224,0.4377731958762887,supervised_train_val_test
deepcrack_0076,deeplabv3plus,deepcrack,0.4334677419354839,0.6047819971870605,0.9133821099834788,0.4520499941595608,0.6047819971870605,supervised_train_val_test
deepcrack_0077,deeplabv3plus,deepcrack,0.6222990492653414,0.7671816728822589,0.8395522388059702,0.7062978222483814,0.767181672882259,supervised_train_val_test
deepcrack_0078,deeplabv3plus,deepcrack,0.439877568867512,0.6109930154873975,0.5879602571595558,0.6359039190897599,0.6109930154873975,supervised_train_val_test
deepcrack_0079,deeplabv3plus,deepcrack,0.6159122085048011,0.7623089983022071,0.8412177985948478,0.6969344198680636,0.762308998302207,supervised_train_val_test
deepcrack_0080,deeplabv3plus,deepcrack,0.6045319665497707,0.7535305985205111,0.8296927064050351,0.6901755466584539,0.753530598520511,supervised_train_val_test
deepcrack_0081,deeplabv3plus,deepcrack,0.8296788482834995,0.906911996126377,0.9447667087011348,0.8719739292364991,0.9069119961263769,supervised_train_val_test
deepcrack_0082,deeplabv3plus,deepcrack,0.8055822906641001,0.8923240938166311,0.93823562380899,0.8506962089643256,0.8923240938166311,supervised_train_val_test
deepcrack_0083,deeplabv3plus,deepcrack,0.8141375253983532,0.8975477481726009,0.942436246595692,0.8567409408057619,0.8975477481726007,supervised_train_val_test
deepcrack_0084,deeplabv3plus,deepcrack,0.7930929405789741,0.8846088483543874,0.91002331002331,0.8605753334068115,0.8846088483543875,supervised_train_val_test
deepcrack_0085,deeplabv3plus,deepcrack,0.8327374872318692,0.9087362407691236,0.9747907532881626,0.8510656807307525,0.9087362407691236,supervised_train_val_test
deepcrack_0086,deeplabv3plus,deepcrack,0.8313709838355617,0.907921978860194,0.9436013590033976,0.8748425031499371,0.907921978860194,supervised_train_val_test
deepcrack_0087,deeplabv3plus,deepcrack,0.6898434655988351,0.8164584230934941,0.9223655390605988,0.7323671497584541,0.8164584230934941,supervised_train_val_test
deepcrack_0088,deeplabv3plus,deepcrack,0.7268763625038929,0.8418394950405771,0.9729053772405168,0.7418944691671965,0.8418394950405771,supervised_train_val_test
deepcrack_0089,deeplabv3plus,deepcrack,0.3175811870100783,0.4820669726330103,0.3321620988521902,0.8785625774473358,0.4820669726330104,supervised_train_val_test
deepcrack_0090,deeplabv3plus,deepcrack,0.3585641192235848,0.5278574844571975,0.3780289408339755,0.8744305803129333,0.5278574844571976,supervised_train_val_test
deepcrack_0091,deeplabv3plus,deepcrack,0.357051282051282,0.5262163438828531,0.9860900354071828,0.3588587206626783,0.5262163438828531,supervised_train_val_test
deepcrack_0092,deeplabv3plus,deepcrack,0.4934196332254584,0.6607916787055764,0.9800728519391472,0.4984199629508554,0.6607916787055764,supervised_train_val_test
deepcrack_0093,deeplabv3plus,deepcrack,0.4634716540035067,0.6333865814696485,0.987136929460581,0.4662877303018424,0.6333865814696485,supervised_train_val_test
deepcrack_0094,deeplabv3plus,deepcrack,0.5051722039673847,0.671248382923674,0.9342786405581814,0.5237854889589906,0.6712483829236742,supervised_train_val_test
deepcrack_0095,deeplabv3plus,deepcrack,0.5737488445794269,0.7291491861050512,0.950557864799825,0.5913978494623656,0.7291491861050513,supervised_train_val_test
deepcrack_0096,deeplabv3plus,deepcrack,0.3726490010866839,0.5429632787284575,0.8574725908828621,0.3972553911958653,0.5429632787284575,supervised_train_val_test
deepcrack_0097,deeplabv3plus,deepcrack,0.584745055495285,0.7379673512374935,0.8811619718309859,0.6348070302591049,0.7379673512374934,supervised_train_val_test
deepcrack_0098,deeplabv3plus,deepcrack,0.5962011362672772,0.7470250743731407,0.8842912841152056,0.6466476593396486,0.7470250743731407,supervised_train_val_test
deepcrack_0099,deeplabv3plus,deepcrack,0.4898232682804255,0.6575588913251251,0.8707564026206075,0.5282268991057718,0.657558891325125,supervised_train_val_test
deepcrack_0100,deeplabv3plus,deepcrack,0.5609595793624712,0.7187368421052631,0.8732574498017649,0.6106788301583043,0.718736842105263,supervised_train_val_test
deepcrack_0101,deeplabv3plus,deepcrack,0.7245635159542444,0.8402862628731017,0.8333044832958283,0.8473860235873966,0.8402862628731017,supervised_train_val_test
deepcrack_0102,deeplabv3plus,deepcrack,0.7585179890397903,0.8626786803062123,0.8315267075878281,0.8962556306306306,0.8626786803062123,supervised_train_val_test
deepcrack_0103,deeplabv3plus,deepcrack,0.8950892857142857,0.944640753828033,0.9435294117647058,0.945754716981132,0.944640753828033,supervised_train_val_test
deepcrack_0104,deeplabv3plus,deepcrack,0.9172838218420778,0.9568576247211796,0.9624603261464376,0.9513197749891822,0.9568576247211794,supervised_train_val_test
deepcrack_0105,deeplabv3plus,deepcrack,0.9275604482012976,0.9624190505328644,0.9671039147366264,0.957779356541155,0.962419050532864,supervised_train_val_test
deepcrack_0106,deeplabv3plus,deepcrack,0.8981455332768521,0.9463400119024004,0.9570669074129804,0.9358509073075036,0.9463400119024004,supervised_train_val_test
deepcrack_0107,deeplabv3plus,deepcrack,0.729723991507431,0.8437461642322327,0.7941312384473198,0.8999738151348521,0.8437461642322327,supervised_train_val_test
deepcrack_0108,deeplabv3plus,deepcrack,0.7285452042221202,0.8429576529934952,0.7719426209579382,0.9283625730994152,0.8429576529934952,supervised_train_val_test
deepcrack_0109,deeplabv3plus,deepcrack,0.881962931337586,0.9372798121063308,0.9894624140651416,0.8903255247946456,0.9372798121063306,supervised_train_val_test
deepcrack_0110,deeplabv3plus,deepcrack,0.8619602134885977,0.9258631921824104,0.984847084911762,0.8735453204392722,0.9258631921824104,supervised_train_val_test
deepcrack_0111,deeplabv3plus,deepcrack,0.7893888206388207,0.8822999356361296,0.9635426429240862,0.8136921250494658,0.8822999356361296,supervised_train_val_test
deepcrack_0112,deeplabv3plus,deepcrack,0.8386901152213463,0.912269129287599,0.9589183567342694,0.8699481050479635,0.9122691292875988,supervised_train_val_test
deepcrack_0113,deeplabv3plus,deepcrack,0.8436136538626059,0.9151740139211136,0.935845117206036,0.8953963497684555,0.9151740139211136,supervised_train_val_test
deepcrack_0114,deeplabv3plus,deepcrack,0.8374307479224377,0.911523603128239,0.9331532748143146,0.8908739294594346,0.911523603128239,supervised_train_val_test
deepcrack_0115,deeplabv3plus,deepcrack,0.7517477528891425,0.8582831079980453,0.942744677044194,0.7877111675885783,0.8582831079980453,supervised_train_val_test
deepcrack_0116,deeplabv3plus,deepcrack,0.7842687533729088,0.8790926275992439,0.9078556926440732,0.8520961594840223,0.8790926275992439,supervised_train_val_test
deepcrack_0117,deeplabv3plus,deepcrack,0.8194006309148265,0.9007368877329864,0.8980983480599308,0.9033909767172252,0.9007368877329864,supervised_train_val_test
deepcrack_0118,deeplabv3plus,deepcrack,0.578391551584078,0.7328872876994339,0.7984300532660499,0.6772889417360285,0.7328872876994339,supervised_train_val_test
deepcrack_0119,deeplabv3plus,deepcrack,0.6472142699845849,0.7858288770053476,0.7992929018221376,0.7728109387325796,0.7858288770053476,supervised_train_val_test
deepcrack_0120,deeplabv3plus,deepcrack,0.8258164852255054,0.9045996592844976,0.9,0.9092465753424658,0.9045996592844974,supervised_train_val_test
deepcrack_0121,deeplabv3plus,deepcrack,0.8032078963602715,0.8908655490933972,0.8920863309352518,0.8896481038606081,0.8908655490933971,supervised_train_val_test
deepcrack_0122,deeplabv3plus,deepcrack,0.8057247259439708,0.8924114671163575,0.9131695196024296,0.8725761772853186,0.8924114671163574,supervised_train_val_test
deepcrack_0123,deeplabv3plus,deepcrack,0.6313349488989569,0.7740102047406834,0.9873125720876584,0.6364988315275122,0.7740102047406834,supervised_train_val_test
deepcrack_0124,deeplabv3plus,deepcrack,0.7322848879248012,0.8454554941041428,0.8496224832214765,0.8413291796469367,0.8454554941041428,supervised_train_val_test
deepcrack_0125,deeplabv3plus,deepcrack,0.7406672678088367,0.8510153336096146,0.839877300613497,0.8624527509449811,0.8510153336096146,supervised_train_val_test
deepcrack_0126,deeplabv3plus,deepcrack,0.6919901829540384,0.8179600448341795,0.979782024956563,0.7020144861928475,0.8179600448341795,supervised_train_val_test
deepcrack_0127,deeplabv3plus,deepcrack,0.7410571276027763,0.8512726157620362,0.9832349468713104,0.7505407354001442,0.8512726157620362,supervised_train_val_test
deepcrack_0128,deeplabv3plus,deepcrack,0.7380526450293892,0.8492868695780033,0.984993178717599,0.7464461101059705,0.8492868695780033,supervised_train_val_test
deepcrack_0129,deeplabv3plus,deepcrack,0.7328736321391096,0.8458477508650519,0.9391087207068768,0.7694365753855839,0.8458477508650519,supervised_train_val_test
deepcrack_0130,deeplabv3plus,deepcrack,0.8369253538063084,0.9112241301173272,0.9434827945776852,0.8810984516505989,0.9112241301173272,supervised_train_val_test
deepcrack_0131,deeplabv3plus,deepcrack,0.841817416912074,0.9141160347190498,0.9579662964381463,0.8741044906517561,0.91411603471905,supervised_train_val_test
deepcrack_0132,deeplabv3plus,deepcrack,0.7391077030324155,0.8499849684337107,0.9052294557097118,0.8010955799017756,0.8499849684337109,supervised_train_val_test
deepcrack_0133,deeplabv3plus,deepcrack,0.7515138859887242,0.8581306628516929,0.8663938372652865,0.8500236183278224,0.8581306628516929,supervised_train_val_test
deepcrack_0134,deeplabv3plus,deepcrack,0.4404420794105608,0.6115373685706167,0.5347912524850894,0.7140013271400133,0.6115373685706166,supervised_train_val_test
deepcrack_0135,deeplabv3plus,deepcrack,0.6121698428619191,0.7594359187059312,0.6373129133310129,0.93945613134941,0.7594359187059311,supervised_train_val_test
deepcrack_0136,deeplabv3plus,deepcrack,0.689413414349147,0.8161571448333103,0.9525347110106556,0.7139399806389157,0.8161571448333101,supervised_train_val_test
deepcrack_0137,deeplabv3plus,deepcrack,0.6098257640674093,0.7576295244854506,0.8024807367036272,0.7175264661401445,0.7576295244854506,supervised_train_val_test
deepcrack_0138,deeplabv3plus,deepcrack,0.6624966004895295,0.7969900212661541,0.8111888111888111,0.7832797427652733,0.7969900212661541,supervised_train_val_test
deepcrack_0139,deeplabv3plus,deepcrack,0.7021761421898143,0.8250334672021419,0.8982655589564204,0.7628419358831539,0.825033467202142,supervised_train_val_test
deepcrack_0140,deeplabv3plus,deepcrack,0.7765437583296313,0.8742185546386597,0.86911124922312,0.8793862407244372,0.8742185546386597,supervised_train_val_test
deepcrack_0141,deeplabv3plus,deepcrack,0.7889453621346887,0.8820228709425385,0.8344308560677328,0.9353721000301296,0.8820228709425385,supervised_train_val_test
deepcrack_0142,deeplabv3plus,deepcrack,0.7537899296155929,0.8596125646368759,0.8326854066985646,0.8883394480778434,0.8596125646368759,supervised_train_val_test
deepcrack_0143,deeplabv3plus,deepcrack,0.658703071672355,0.7942386831275721,0.7868986137537374,0.801716975906951,0.7942386831275721,supervised_train_val_test
deepcrack_0144,deeplabv3plus,deepcrack,0.5064724919093851,0.6723952738990333,0.6625740897544454,0.6825119930222416,0.6723952738990333,supervised_train_val_test
deepcrack_0145,deeplabv3plus,deepcrack,0.6610927474236826,0.7959733114830856,0.845771144278607,0.7517134645147027,0.7959733114830857,supervised_train_val_test
deepcrack_0146,deeplabv3plus,deepcrack,0.7253912165572943,0.8408425980105325,0.7769667477696675,0.9161619381574752,0.8408425980105324,supervised_train_val_test
deepcrack_0147,deeplabv3plus,deepcrack,0.6972551130247578,0.8216267639131124,0.9893088965253912,0.7025488069414316,0.8216267639131123,supervised_train_val_test
deepcrack_0148,deeplabv3plus,deepcrack,0.7619190404797601,0.8648740639891083,0.877114256127028,0.8529707955689829,0.8648740639891083,supervised_train_val_test
deepcrack_0149,deeplabv3plus,deepcrack,0.7739434858714679,0.8725683676346208,0.8802616609783845,0.8650083845723868,0.8725683676346209,supervised_train_val_test
deepcrack_0150,deeplabv3plus,deepcrack,0.7025607353906763,0.8252988816043193,0.93466107617051,0.7388482253832344,0.8252988816043193,supervised_train_val_test
deepcrack_0151,deeplabv3plus,deepcrack,0.7119770156221943,0.8317600167820433,0.9492458702418004,0.7401530707485533,0.8317600167820431,supervised_train_val_test
deepcrack_0152,deeplabv3plus,deepcrack,0.6381950868537363,0.7791441837118835,0.9517167381974247,0.659549606968345,0.7791441837118834,supervised_train_val_test
deepcrack_0153,deeplabv3plus,deepcrack,0.7150005559879906,0.8338196200479803,0.9460055907017804,0.745420820774403,0.8338196200479803,supervised_train_val_test
deepcrack_0154,deeplabv3plus,deepcrack,0.8071911196911197,0.8933101882761383,0.892,0.8946242310778283,0.8933101882761384,supervised_train_val_test
deepcrack_0155,deeplabv3plus,deepcrack,0.6726606726606726,0.8043002189926339,0.9765530577713318,0.6837028261973261,0.8043002189926338,supervised_train_val_test
deepcrack_0156,deeplabv3plus,deepcrack,0.7669216061185469,0.8680878692782167,0.8512308998302207,0.8856259659969088,0.8680878692782167,supervised_train_val_test
deepcrack_0157,deeplabv3plus,deepcrack,0.7482984118510609,0.8560305343511451,0.913638585628157,0.8052563550193882,0.856030534351145,supervised_train_val_test
deepcrack_0158,deeplabv3plus,deepcrack,0.7810102301790282,0.8770418237300305,0.8947625442558906,0.8600093874677306,0.8770418237300306,supervised_train_val_test
deepcrack_0159,deeplabv3plus,deepcrack,0.6963006004261089,0.8209636903402603,0.7689839572192514,0.8804800391868723,0.8209636903402603,supervised_train_val_test
deepcrack_0160,deeplabv3plus,deepcrack,0.906373721992604,0.9508877630197636,0.9465673133718024,0.9552478334632492,0.9508877630197636,supervised_train_val_test
deepcrack_0161,deeplabv3plus,deepcrack,0.8456402060024862,0.9163651758910014,0.9702909772597604,0.8681178443812441,0.9163651758910014,supervised_train_val_test
deepcrack_0162,deeplabv3plus,deepcrack,0.8069121165977812,0.89313930565379,0.9817706610203136,0.8191856452726018,0.89313930565379,supervised_train_val_test
deepcrack_0163,deeplabv3plus,deepcrack,0.919927855375194,0.9582941908985646,0.961171005346656,0.9554345458505772,0.9582941908985648,supervised_train_val_test
deepcrack_0164,deeplabv3plus,deepcrack,0.7714656454726715,0.870991370839512,0.979152440249046,0.7843490572108888,0.870991370839512,supervised_train_val_test
deepcrack_0165,deeplabv3plus,deepcrack,0.8326012689116642,0.9086551264980026,0.9798966111430212,0.8470705064548163,0.9086551264980028,supervised_train_val_test
deepcrack_0166,deeplabv3plus,deepcrack,0.9306321787103192,0.964069892724973,0.980373475609756,0.948299695880564,0.964069892724973,supervised_train_val_test
deepcrack_0167,deeplabv3plus,deepcrack,0.9261229314420804,0.961644676281068,0.9727342183172571,0.9508051341890316,0.9616446762810678,supervised_train_val_test
deepcrack_0168,deeplabv3plus,deepcrack,0.6830566198382291,0.8116858479828001,0.7328157113496232,0.9095804988662132,0.8116858479828,supervised_train_val_test
deepcrack_0169,deeplabv3plus,deepcrack,0.3945381526104418,0.5658334293284184,0.959937463357436,0.4011433238056349,0.5658334293284184,supervised_train_val_test
deepcrack_0170,deeplabv3plus,deepcrack,0.3723788864786695,0.5426765015806112,0.9507692307692308,0.3797001720324404,0.5426765015806111,supervised_train_val_test
deepcrack_0171,deeplabv3plus,deepcrack,0.2958424507658643,0.4566024991556906,0.3239875389408099,0.773013150371641,0.4566024991556907,supervised_train_val_test
deepcrack_0172,deeplabv3plus,deepcrack,0.2609651418402596,0.4139133322264652,0.2877091748413156,0.7373558118899733,0.4139133322264652,supervised_train_val_test
deepcrack_0173,deeplabv3plus,deepcrack,0.5897038567493113,0.7419040398570346,0.7669055082848186,0.7184812250891546,0.7419040398570346,supervised_train_val_test
deepcrack_0174,deeplabv3plus,deepcrack,0.586851950828434,0.7396429774334793,0.7204724409448819,0.7598615916955017,0.7396429774334792,supervised_train_val_test
deepcrack_0175,deeplabv3plus,deepcrack,0.2650602409638554,0.419047619047619,0.660300136425648,0.3069118579581484,0.419047619047619,supervised_train_val_test
deepcrack_0176,deeplabv3plus,deepcrack,0.2556390977443609,0.4071856287425149,0.681704260651629,0.2902881536819637,0.4071856287425149,supervised_train_val_test
deepcrack_0177,deeplabv3plus,deepcrack,0.239766081871345,0.3867924528301887,0.7387387387387387,0.2619808306709265,0.3867924528301886,supervised_train_val_test
deepcrack_0178,deeplabv3plus,deepcrack,0.5101365923795831,0.6756164905265162,0.5497791895870457,0.8761575503148537,0.6756164905265162,supervised_train_val_test
deepcrack_0179,deeplabv3plus,deepcrack,0.4016343825665859,0.5730943640682358,0.4171644137063816,0.9151724137931034,0.5730943640682358,supervised_train_val_test
deepcrack_0180,deeplabv3plus,deepcrack,0.8116346463453902,0.8960246460098347,0.9170506912442395,0.8759411560291903,0.8960246460098348,supervised_train_val_test
deepcrack_0181,deeplabv3plus,deepcrack,0.6559839759639459,0.7922588448745086,0.6867027782631487,0.9361600762267748,0.7922588448745087,supervised_train_val_test
deepcrack_0182,deeplabv3plus,deepcrack,0.8176785032455135,0.8996954101459931,0.8394747157977264,0.969223806291016,0.8996954101459931,supervised_train_val_test
deepcrack_0183,deeplabv3plus,deepcrack,0.4801901743264659,0.6488222698072805,0.9160997732426304,0.5022793203481144,0.6488222698072805,supervised_train_val_test
deepcrack_0184,deeplabv3plus,deepcrack,0.5420624928465149,0.703035701031693,0.9546462406772828,0.556390977443609,0.703035701031693,supervised_train_val_test
deepcrack_0185,deeplabv3plus,deepcrack,0.3882553414602176,0.5593428382588991,0.974662717999342,0.3922139830508475,0.5593428382588991,supervised_train_val_test
deepcrack_0186,deeplabv3plus,deepcrack,0.5331064356435643,0.6954591321897073,0.890285911126421,0.570592780660117,0.6954591321897073,supervised_train_val_test
deepcrack_0187,deeplabv3plus,deepcrack,0.7069445992642961,0.8283158100959969,0.9803679084866286,0.7170963364993216,0.8283158100959969,supervised_train_val_test
deepcrack_0188,deeplabv3plus,deepcrack,0.800110588885817,0.8889571494394102,0.9585955614441868,0.8287514318442154,0.8889571494394103,supervised_train_val_test
deepcrack_0189,deeplabv3plus,deepcrack,0.7563895179553543,0.8613004236507644,0.9109682446912136,0.8167685589519651,0.8613004236507644,supervised_train_val_test
deepcrack_0190,deeplabv3plus,deepcrack,0.7803117121246849,0.8766012230447376,0.8146685810002393,0.9487250940504388,0.8766012230447376,supervised_train_val_test
deepcrack_0191,deeplabv3plus,deepcrack,0.5521916790490342,0.7114993418690918,0.5842012183140106,0.9097307221542228,0.7114993418690918,supervised_train_val_test
deepcrack_0192,deeplabv3plus,deepcrack,0.3995717344753747,0.5709914320685434,0.4054171494785631,0.9651724137931036,0.5709914320685435,supervised_train_val_test
deepcrack_0193,deeplabv3plus,deepcrack,0.7961028525512254,0.8864780225925512,0.8378435517970402,0.9411066255046308,0.8864780225925513,supervised_train_val_test
deepcrack_0194,deeplabv3plus,deepcrack,0.6912132282253413,0.8174170077307867,0.8198403648802737,0.8150079347086828,0.8174170077307867,supervised_train_val_test
deepcrack_0195,deeplabv3plus,deepcrack,0.6495273230343556,0.787531450936539,0.6563373718546133,0.9842767295597484,0.7875314509365391,supervised_train_val_test
deepcrack_0196,deeplabv3plus,deepcrack,0.6833399760860901,0.811885876642595,0.7295744680851064,0.9151321056845476,0.8118858766425949,supervised_train_val_test
deepcrack_0197,deeplabv3plus,deepcrack,0.7271448663853727,0.8420195439739414,0.7752784918594687,0.9213340122199593,0.8420195439739413,supervised_train_val_test
deepcrack_0198,deeplabv3plus,deepcrack,0.5765941624837331,0.7314427215376452,0.6795574057843996,0.7919060385548321,0.7314427215376451,supervised_train_val_test
deepcrack_0199,deeplabv3plus,deepcrack,0.6391732663704849,0.77987273155786,0.7959110042092604,0.7644680605290516,0.77987273155786,supervised_train_val_test
deepcrack_0200,deeplabv3plus,deepcrack,0.6397226349678058,0.7802815199661692,0.7701848539057842,0.7906464250734574,0.7802815199661693,supervised_train_val_test
deepcrack_0201,deeplabv3plus,deepcrack,0.6202888925784493,0.7656522184650066,0.7165324127349444,0.822002200220022,0.7656522184650068,supervised_train_val_test
deepcrack_0202,deeplabv3plus,deepcrack,0.4879993286337697,0.6559133720602335,0.5464711963161357,0.8201692524682651,0.6559133720602335,supervised_train_val_test
deepcrack_0203,deeplabv3plus,deepcrack,0.4899344569288389,0.6576590730557738,0.8681045209456657,0.5293373798684876,0.6576590730557738,supervised_train_val_test
deepcrack_0204,deeplabv3plus,deepcrack,0.5902977353718818,0.7423738615006505,0.8832129342965256,0.6402743142144638,0.7423738615006505,supervised_train_val_test
deepcrack_0205,deeplabv3plus,deepcrack,0.5092344924213476,0.6748248797366866,0.733039970663733,0.6251759186864738,0.6748248797366867,supervised_train_val_test
deepcrack_0206,deeplabv3plus,deepcrack,0.6183599146050484,0.7641809575541243,0.7853269537480064,0.7441438718452471,0.7641809575541243,supervised_train_val_test
deepcrack_0207,deeplabv3plus,deepcrack,0.6137514608492404,0.7606517803258902,0.7408887843874912,0.7814980158730159,0.7606517803258901,supervised_train_val_test
deepcrack_0208,deeplabv3plus,deepcrack,0.6429522541373407,0.782679171008452,0.774873911049977,0.7906432748538011,0.7826791710084521,supervised_train_val_test
deepcrack_0209,deeplabv3plus,deepcrack,0.5749783299624386,0.7301412584846817,0.6624500665778962,0.8132407029015121,0.7301412584846816,supervised_train_val_test
deepcrack_0210,deeplabv3plus,deepcrack,0.5096443107414617,0.6751846207947486,0.7515657620041754,0.612896360927857,0.6751846207947486,supervised_train_val_test
deepcrack_0211,deeplabv3plus,deepcrack,0.1294908245024554,0.2292906178489702,0.8377926421404682,0.1328207847295864,0.2292906178489702,supervised_train_val_test
deepcrack_0212,deeplabv3plus,deepcrack,0.3862947240751971,0.5573053368328958,0.4402211472011057,0.7592371871275327,0.5573053368328958,supervised_train_val_test
deepcrack_0213,deeplabv3plus,deepcrack,0.6401285930408472,0.7805834198086014,0.8362154150197628,0.7318918918918919,0.7805834198086014,supervised_train_val_test
deepcrack_0214,deeplabv3plus,deepcrack,0.5227846222354163,0.6866166293011015,0.5769986893840104,0.8476534296028881,0.6866166293011015,supervised_train_val_test
deepcrack_0215,deeplabv3plus,deepcrack,0.4970562260818369,0.6640448333497198,0.7659333182127467,0.5860812217979868,0.6640448333497199,supervised_train_val_test
deepcrack_0216,deeplabv3plus,deepcrack,0.5939802476877254,0.745279307631786,0.7021868050407709,0.7940067057837384,0.7452793076317861,supervised_train_val_test
deepcrack_0217,deeplabv3plus,deepcrack,0.6840295685061027,0.8123723968966925,0.7147476199029998,0.9408843698273824,0.8123723968966925,supervised_train_val_test
deepcrack_0218,deeplabv3plus,deepcrack,0.6911099949773983,0.8173448173448173,0.7408803338268946,0.9114091737042556,0.8173448173448173,supervised_train_val_test
deepcrack_0219,deeplabv3plus,deepcrack,0.4541484716157205,0.6246246246246246,0.6867519603796945,0.5728055077452667,0.6246246246246246,supervised_train_val_test
deepcrack_0220,deeplabv3plus,deepcrack,0.6486628902647873,0.7868957251298442,0.6871336868545911,0.9205458964292392,0.7868957251298441,supervised_train_val_test
deepcrack_0221,deeplabv3plus,deepcrack,0.736686875307226,0.8483819228229078,0.8092152627789777,0.8915328177672021,0.8483819228229078,supervised_train_val_test
deepcrack_0222,deeplabv3plus,deepcrack,0.7200464653169598,0.8372407139411481,0.7550026100574213,0.9395842355998268,0.8372407139411482,supervised_train_val_test
deepcrack_0223,deeplabv3plus,deepcrack,0.7004410683655967,0.8238345702139923,0.7410239792611795,0.9274821544451656,0.8238345702139923,supervised_train_val_test
deepcrack_0224,deeplabv3plus,deepcrack,0.6691851052347545,0.8018105399288716,0.7556368068251066,0.8539944903581267,0.8018105399288715,supervised_train_val_test
deepcrack_0225,deeplabv3plus,deepcrack,0.1511085180863477,0.2625443487075519,0.5351239669421488,0.1739422431161853,0.262544348707552,supervised_train_val_test
deepcrack_0226,deeplabv3plus,deepcrack,0.453081876724931,0.6236150680595125,0.5880597014925373,0.6637466307277629,0.6236150680595125,supervised_train_val_test
deepcrack_0227,deeplabv3plus,deepcrack,0.8321328825518154,0.9083761232349166,0.8730721776681061,0.9466555183946488,0.9083761232349165,supervised_train_val_test
deepcrack_0228,deeplabv3plus,deepcrack,0.8190976163450624,0.9005537789563997,0.8689042745334136,0.93459608224057,0.9005537789563997,supervised_train_val_test
deepcrack_0229,deeplabv3plus,deepcrack,0.7919662782048104,0.8839075688390757,0.8212908202622782,0.956860395446375,0.8839075688390757,supervised_train_val_test
deepcrack_0230,deeplabv3plus,deepcrack,0.817100371747212,0.8993453355155483,0.9397752259956024,0.8622506164537099,0.8993453355155484,supervised_train_val_test
deepcrack_0231,deeplabv3plus,deepcrack,0.7891832229580574,0.8821714990746453,0.906210392902408,0.859375,0.8821714990746453,supervised_train_val_test
deepcrack_0232,deeplabv3plus,deepcrack,0.7643564356435644,0.8664421997755332,0.8357562635323229,0.8994673768308922,0.8664421997755332,supervised_train_val_test
deepcrack_0233,deeplabv3plus,deepcrack,0.7939996352361846,0.8851725715447568,0.9082090330656096,0.86327582788023,0.8851725715447568,supervised_train_val_test
deepcrack_0234,deeplabv3plus,deepcrack,0.8112508849316561,0.8957907396271798,0.9771087498360226,0.8269679138447874,0.8957907396271798,supervised_train_val_test
deepcrack_0235,deeplabv3plus,deepcrack,0.8410891878955485,0.9136865214628228,0.973590248707215,0.8607271144007838,0.9136865214628228,supervised_train_val_test
deepcrack_0236,deeplabv3plus,deepcrack,0.3897043743224634,0.5608449991566875,0.9802490972068686,0.3927885893157724,0.5608449991566875,supervised_train_val_test
deepcrack_0000,yolov8seg,deepcrack,0.2448509485094851,0.3933819527593338,0.3343200740055504,0.4777895293495505,0.3933819527593338,supervised_train_val_test
deepcrack_0001,yolov8seg,deepcrack,0.3409909549347634,0.5085656300364114,0.5665647027530256,0.4613385315139701,0.5085656300364113,supervised_train_val_test
deepcrack_0002,yolov8seg,deepcrack,0.2839423148770829,0.4422976197404411,0.4939555440010399,0.4004214963119072,0.4422976197404411,supervised_train_val_test
deepcrack_0003,yolov8seg,deepcrack,0.1571338780641106,0.271591526344378,0.3410059676044331,0.2256572266726842,0.271591526344378,supervised_train_val_test
deepcrack_0004,yolov8seg,deepcrack,0.4155711550733886,0.5871427283382923,0.7222715173025732,0.4946073218897159,0.5871427283382923,supervised_train_val_test
deepcrack_0005,yolov8seg,deepcrack,0.2051809210526315,0.3404981235073354,0.3613323678493845,0.3219354838709677,0.3404981235073354,supervised_train_val_test
deepcrack_0006,yolov8seg,deepcrack,0.4273919378338999,0.5988431439265056,0.5944607070479622,0.603290676416819,0.5988431439265057,supervised_train_val_test
deepcrack_0007,yolov8seg,deepcrack,0.3868603230623049,0.5578937065674856,0.5747126436781609,0.5420311905667554,0.5578937065674856,supervised_train_val_test
deepcrack_0008,yolov8seg,deepcrack,0.3836682541526309,0.5545668233713902,0.5848087818696884,0.5272988505747126,0.5545668233713902,supervised_train_val_test
deepcrack_0009,yolov8seg,deepcrack,0.2047265002655337,0.3398721622217324,0.2925996204933586,0.4053627760252365,0.3398721622217324,supervised_train_val_test
deepcrack_0010,yolov8seg,deepcrack,0.2552671181339352,0.4067136220590439,0.3087599544937429,0.5956979806848113,0.4067136220590439,supervised_train_val_test
deepcrack_0011,yolov8seg,deepcrack,0.5091333074232414,0.6747360288436776,0.6499627883899777,0.7014725568942436,0.6747360288436776,supervised_train_val_test
deepcrack_0012,yolov8seg,deepcrack,0.522926751422948,0.6867392025707749,0.7850896458092081,0.6102868140054631,0.6867392025707748,supervised_train_val_test
deepcrack_0013,yolov8seg,deepcrack,0.5314367816091954,0.6940368521784817,0.7135030864197531,0.6756045882954629,0.6940368521784817,supervised_train_val_test
deepcrack_0014,yolov8seg,deepcrack,0.3657103782674913,0.5355606636473292,0.4912119567486327,0.5887120984689282,0.5355606636473293,supervised_train_val_test
deepcrack_0015,yolov8seg,deepcrack,0.3463332647321122,0.514483707421467,0.5170789163722026,0.5119144189819509,0.514483707421467,supervised_train_val_test
deepcrack_0016,yolov8seg,deepcrack,0.4235461781778998,0.5950578698051472,0.6143490975093274,0.5769412878787878,0.5950578698051473,supervised_train_val_test
deepcrack_0017,yolov8seg,deepcrack,0.4731710308456491,0.6423843816342671,0.6829527349973447,0.6063654223968565,0.6423843816342671,supervised_train_val_test
deepcrack_0018,yolov8seg,deepcrack,0.4304761085544707,0.601864101022249,0.5977663640707119,0.6060184063938,0.601864101022249,supervised_train_val_test
deepcrack_0019,yolov8seg,deepcrack,0.4364019919767603,0.6076321174912724,0.7084947504351243,0.5319086157477659,0.6076321174912723,supervised_train_val_test
deepcrack_0020,yolov8seg,deepcrack,0.4169297643559826,0.588497432750993,0.6741639538324948,0.5221477279239012,0.588497432750993,supervised_train_val_test
deepcrack_0021,yolov8seg,deepcrack,0.4292594347070898,0.6006739214494835,0.693760367487559,0.5296123124878239,0.6006739214494834,supervised_train_val_test
deepcrack_0022,yolov8seg,deepcrack,0.4435926676803514,0.6145676375499217,0.5492221205386325,0.6975624335812965,0.6145676375499218,supervised_train_val_test
deepcrack_0023,yolov8seg,deepcrack,0.4361285848729506,0.6073670414568532,0.6603915097877447,0.562224634442245,0.6073670414568532,supervised_train_val_test
deepcrack_0024,yolov8seg,deepcrack,0.5193163193631468,0.6836184311912468,0.7716795685831086,0.6135970675703714,0.6836184311912468,supervised_train_val_test
deepcrack_0025,yolov8seg,deepcrack,0.3403678882076144,0.5078723404255319,0.5402897238569488,0.4791248494580489,0.5078723404255319,supervised_train_val_test
deepcrack_0026,yolov8seg,deepcrack,0.4837611824192921,0.6520741857264565,0.6931865682039849,0.6155654540955209,0.6520741857264565,supervised_train_val_test
deepcrack_0027,yolov8seg,deepcrack,0.1452320058458165,0.2536289679374701,0.2779720279720279,0.2332062188325022,0.2536289679374701,supervised_train_val_test
deepcrack_0028,yolov8seg,deepcrack,0.1772748459267699,0.301161358437445,0.346632911392405,0.2662362915143501,0.3011613584374449,supervised_train_val_test
deepcrack_0029,yolov8seg,deepcrack,0.532075027929676,0.6945809026711698,0.8879403395152585,0.5703750393948944,0.6945809026711699,supervised_train_val_test
deepcrack_0030,yolov8seg,deepcrack,0.5231544274365433,0.6869355043887546,0.9035388605371036,0.5541018931814684,0.6869355043887547,supervised_train_val_test
deepcrack_0031,yolov8seg,deepcrack,0.6812186196919411,0.810386717959101,0.8876691062319805,0.745483330229093,0.8103867179591011,supervised_train_val_test
deepcrack_0032,yolov8seg,deepcrack,0.4899041403222516,0.6576317590691307,0.6062594649167087,0.7185163027221059,0.6576317590691307,supervised_train_val_test
deepcrack_0033,yolov8seg,deepcrack,0.4104100106496273,0.5819726285983955,0.5473104917450736,0.6213220475614671,0.5819726285983954,supervised_train_val_test
deepcrack_0034,yolov8seg,deepcrack,0.3379899633798996,0.5052204764318297,0.501610305958132,0.5088829895854605,0.5052204764318297,supervised_train_val_test
deepcrack_0035,yolov8seg,deepcrack,0.3900831183720263,0.5612371134020618,0.5092609915809168,0.6250287026406429,0.5612371134020618,supervised_train_val_test
deepcrack_0036,yolov8seg,deepcrack,0.622614383783201,0.7674212554822133,0.8050469374477182,0.7331555781276452,0.7674212554822132,supervised_train_val_test
deepcrack_0037,yolov8seg,deepcrack,0.5918401332223148,0.7435924259859817,0.8797963008805744,0.6439072367739932,0.7435924259859817,supervised_train_val_test
deepcrack_0038,yolov8seg,deepcrack,0.4383721472908013,0.609539260220636,0.8768261376896149,0.4671391271913465,0.609539260220636,supervised_train_val_test
deepcrack_0039,yolov8seg,deepcrack,0.4079082792790636,0.5794529164754084,0.8818172410224568,0.4314976579313837,0.5794529164754085,supervised_train_val_test
deepcrack_0040,yolov8seg,deepcrack,0.3167307692307692,0.4810866072732583,0.4518518518518518,0.514366021236727,0.4810866072732583,supervised_train_val_test
deepcrack_0041,yolov8seg,deepcrack,0.6786037416455069,0.8085335744340508,0.8852802314955833,0.744032,0.8085335744340508,supervised_train_val_test
deepcrack_0042,yolov8seg,deepcrack,0.8065225977543306,0.8929006465315301,0.9241312429287216,0.8637118946191727,0.8929006465315301,supervised_train_val_test
deepcrack_0043,yolov8seg,deepcrack,0.4887060252940851,0.6565514171242024,0.6544150273628162,0.6587018013994342,0.6565514171242025,supervised_train_val_test
deepcrack_0044,yolov8seg,deepcrack,0.7397549978053549,0.8504128440366973,0.9039005363237446,0.8029016890428757,0.8504128440366973,supervised_train_val_test
deepcrack_0045,yolov8seg,deepcrack,0.6634082763115021,0.7976493633692459,0.7570180330916527,0.8428896708755951,0.7976493633692457,supervised_train_val_test
deepcrack_0046,yolov8seg,deepcrack,0.3525378745991374,0.5212983402828878,0.4682726204465335,0.5878664945602066,0.5212983402828878,supervised_train_val_test
deepcrack_0047,yolov8seg,deepcrack,0.3065702378033831,0.4692747912562154,0.4229663453407745,0.5269700800674252,0.4692747912562154,supervised_train_val_test
deepcrack_0048,yolov8seg,deepcrack,0.3943387018057589,0.5656282814140707,0.5182809493264914,0.6224961479198767,0.5656282814140706,supervised_train_val_test
deepcrack_0049,yolov8seg,deepcrack,0.4293090356871678,0.6007224819379515,0.5984335309060118,0.6030290102389079,0.6007224819379514,supervised_train_val_test
deepcrack_0050,yolov8seg,deepcrack,0.4590583418628454,0.6292528937215013,0.5905200789993417,0.6734234234234234,0.6292528937215013,supervised_train_val_test
deepcrack_0051,yolov8seg,deepcrack,0.0835423983943803,0.1542023616577911,0.1549557933922754,0.1534562211981567,0.1542023616577911,supervised_train_val_test
deepcrack_0052,yolov8seg,deepcrack,0.5411383868357162,0.7022580080518117,0.6168511685116851,0.81511580658269,0.7022580080518117,supervised_train_val_test
deepcrack_0053,yolov8seg,deepcrack,0.5963322091062394,0.7471279545754654,0.6759856630824372,0.8350059031877214,0.7471279545754655,supervised_train_val_test
deepcrack_0054,yolov8seg,deepcrack,0.5429726996966633,0.7038007863695938,0.6699101796407185,0.7413031474323578,0.7038007863695938,supervised_train_val_test
deepcrack_0055,yolov8seg,deepcrack,0.4284610232366428,0.5998917944093778,0.5968992248062015,0.6029145218589139,0.5998917944093779,supervised_train_val_test
deepcrack_0056,yolov8seg,deepcrack,0.1214351425942962,0.2165709598031173,0.2533589251439539,0.1891117478510028,0.2165709598031173,supervised_train_val_test
deepcrack_0057,yolov8seg,deepcrack,0.0062810782517665,0.012483745123537,0.0154241645244215,0.0104849279161205,0.012483745123537,supervised_train_val_test
deepcrack_0058,yolov8seg,deepcrack,0.0330940988835725,0.0640679274411424,0.076076993583868,0.0553333333333333,0.0640679274411424,supervised_train_val_test
deepcrack_0059,yolov8seg,deepcrack,0.4266399599399099,0.5981045981045982,0.5748987854251012,0.6232626188734455,0.598104598104598,supervised_train_val_test
deepcrack_0060,yolov8seg,deepcrack,0.468689094144564,0.6382414031848603,0.6619195787458114,0.616198752228164,0.6382414031848603,supervised_train_val_test
deepcrack_0061,yolov8seg,deepcrack,0.5579856115107914,0.7162910971555227,0.6747477090824731,0.7632856580501246,0.7162910971555227,supervised_train_val_test
deepcrack_0062,yolov8seg,deepcrack,0.2598485261265188,0.4125075685494334,0.4043238660449343,0.4210293987816721,0.4125075685494334,supervised_train_val_test
deepcrack_0063,yolov8seg,deepcrack,0.4057052297939778,0.5772266065388951,0.5615512854259893,0.5938021896455743,0.5772266065388951,supervised_train_val_test
deepcrack_0064,yolov8seg,deepcrack,0.55602793805041,0.7146760343481655,0.6972581873571972,0.732986389111289,0.7146760343481654,supervised_train_val_test
deepcrack_0065,yolov8seg,deepcrack,0.4431469485168769,0.6141397436654658,0.6453574975173784,0.5858028169014085,0.6141397436654658,supervised_train_val_test
deepcrack_0066,yolov8seg,deepcrack,0.2593654611044306,0.4118986412045538,0.4412273800157356,0.3862258953168044,0.4118986412045537,supervised_train_val_test
deepcrack_0067,yolov8seg,deepcrack,0.5326655373057376,0.6950838579460811,0.7712488002559454,0.6326102169349195,0.695083857946081,supervised_train_val_test
deepcrack_0068,yolov8seg,deepcrack,0.3980176552578597,0.5694029024038995,0.5810535835405833,0.5582102519548219,0.5694029024038993,supervised_train_val_test
deepcrack_0069,yolov8seg,deepcrack,0.084372003835091,0.1556145004420866,0.173313638601674,0.1411953469715202,0.1556145004420866,supervised_train_val_test
deepcrack_0070,yolov8seg,deepcrack,0.4068609092951838,0.5783953575041261,0.6976624711019779,0.4939528962444303,0.5783953575041261,supervised_train_val_test
deepcrack_0071,yolov8seg,deepcrack,0.439524358860591,0.6106522007150783,0.7209606986899564,0.5296193327630453,0.6106522007150782,supervised_train_val_test
deepcrack_0072,yolov8seg,deepcrack,0.3905822069087375,0.5617534942820839,0.6965495509689618,0.4706696476099223,0.5617534942820839,supervised_train_val_test
deepcrack_0073,yolov8seg,deepcrack,0.1439412484700122,0.2516584635138027,0.6629086809470124,0.1553090332805071,0.2516584635138026,supervised_train_val_test
deepcrack_0074,yolov8seg,deepcrack,0.3685035842293906,0.5385496807988214,0.7429990966576332,0.4223363286264441,0.5385496807988214,supervised_train_val_test
deepcrack_0075,yolov8seg,deepcrack,0.1595820229278685,0.2752405949256343,0.6665254237288135,0.1734288864388092,0.2752405949256343,supervised_train_val_test
deepcrack_0076,yolov8seg,deepcrack,0.3374352331606217,0.5046004842615012,0.816401149125098,0.3651442588482654,0.5046004842615012,supervised_train_val_test
deepcrack_0077,yolov8seg,deepcrack,0.2361720807726075,0.3821022727272727,0.6922285126093669,0.2638807141455758,0.3821022727272727,supervised_train_val_test
deepcrack_0078,yolov8seg,deepcrack,0.4047294224647567,0.5762382648106184,0.5905773059057731,0.5625790139064475,0.5762382648106184,supervised_train_val_test
deepcrack_0079,yolov8seg,deepcrack,0.5481309956996361,0.7081196581196582,0.7879220161673799,0.6429957314707023,0.708119658119658,supervised_train_val_test
deepcrack_0080,yolov8seg,deepcrack,0.5504966887417219,0.7100907634810465,0.8410623946037099,0.6144133045888512,0.7100907634810465,supervised_train_val_test
deepcrack_0081,yolov8seg,deepcrack,0.3974380726162199,0.5688095671705214,0.5944677071437635,0.5452746741154563,0.5688095671705214,supervised_train_val_test
deepcrack_0082,yolov8seg,deepcrack,0.4174035817789998,0.5889692775505925,0.6082295614510016,0.5708913507470271,0.5889692775505924,supervised_train_val_test
deepcrack_0083,yolov8seg,deepcrack,0.5173748570423155,0.6819341372912802,0.7033006457785219,0.6618275939680396,0.6819341372912802,supervised_train_val_test
deepcrack_0084,yolov8seg,deepcrack,0.4957609334340636,0.6628879286155227,0.6752801280585411,0.6509423564421911,0.6628879286155228,supervised_train_val_test
deepcrack_0085,yolov8seg,deepcrack,0.6984501612776336,0.8224558803094169,0.8795323954824649,0.7723357981731187,0.8224558803094169,supervised_train_val_test
deepcrack_0086,yolov8seg,deepcrack,0.5108204888681301,0.6762159934047816,0.6639012545528127,0.6889962200755985,0.6762159934047816,supervised_train_val_test
deepcrack_0087,yolov8seg,deepcrack,0.3093000420816383,0.4724662524105421,0.5301755229622506,0.4260869565217391,0.4724662524105421,supervised_train_val_test
deepcrack_0088,yolov8seg,deepcrack,0.3535700649102711,0.522425952045134,0.6396500115127792,0.4415130324221233,0.522425952045134,supervised_train_val_test
deepcrack_0089,yolov8seg,deepcrack,0.2601398601398601,0.4128745837957824,0.3108418633799875,0.6146220570012392,0.4128745837957824,supervised_train_val_test
deepcrack_0090,yolov8seg,deepcrack,0.3265056844874565,0.4922793596826746,0.3831734480097034,0.6882551000198059,0.4922793596826746,supervised_train_val_test
deepcrack_0091,yolov8seg,deepcrack,0.1617784920316057,0.2785014409221902,0.3725520431765613,0.2223653934652554,0.2785014409221902,supervised_train_val_test
deepcrack_0092,yolov8seg,deepcrack,0.220442536327609,0.361250169124611,0.4763603925066904,0.2909447531873161,0.361250169124611,supervised_train_val_test
deepcrack_0093,yolov8seg,deepcrack,0.3542205187628131,0.5231356545777661,0.7965524153136901,0.3894551156409251,0.5231356545777661,supervised_train_val_test
deepcrack_0094,yolov8seg,deepcrack,0.5245002855511136,0.6880947029294973,0.8469199557358909,0.5794321766561514,0.6880947029294973,supervised_train_val_test
deepcrack_0095,yolov8seg,deepcrack,0.6101589667163437,0.7578866178172001,0.8745105019579922,0.6687083163195863,0.7578866178172002,supervised_train_val_test
deepcrack_0096,yolov8seg,deepcrack,0.2207854080174232,0.3617104309527791,0.4830975428145942,0.2890750311887364,0.3617104309527792,supervised_train_val_test
deepcrack_0097,yolov8seg,deepcrack,0.4350287188878715,0.6062996693543709,0.8427672955974843,0.4734553361116144,0.606299669354371,supervised_train_val_test
deepcrack_0098,yolov8seg,deepcrack,0.4614878750513769,0.6315315822037235,0.8129163046626122,0.5163248413501333,0.6315315822037234,supervised_train_val_test
deepcrack_0099,yolov8seg,deepcrack,0.4162632375189107,0.5878331463974791,0.7191583899634083,0.4970644024929997,0.5878331463974791,supervised_train_val_test
deepcrack_0100,yolov8seg,deepcrack,0.3098512881379599,0.4731091093225308,0.5854881266490766,0.3969233521151954,0.4731091093225308,supervised_train_val_test
deepcrack_0101,yolov8seg,deepcrack,0.3545657539076272,0.5235120596911331,0.5161676646706587,0.5310684738602359,0.5235120596911331,supervised_train_val_test
deepcrack_0102,yolov8seg,deepcrack,0.3408471870010331,0.5084057158868031,0.5059955382041271,0.510838963963964,0.508405715886803,supervised_train_val_test
deepcrack_0103,yolov8seg,deepcrack,0.6489108910891089,0.7870781794163564,0.8018106190359677,0.772877358490566,0.7870781794163564,supervised_train_val_test
deepcrack_0104,yolov8seg,deepcrack,0.8648376033891466,0.9275205538727824,0.9275205538727824,0.9275205538727824,0.9275205538727824,supervised_train_val_test
deepcrack_0105,yolov8seg,deepcrack,0.7967540341386065,0.8868815864610912,0.9077577045696068,0.8669440779458033,0.8868815864610913,supervised_train_val_test
deepcrack_0106,yolov8seg,deepcrack,0.6313703284258211,0.7740367927802846,0.7826915363016446,0.7655713585090731,0.7740367927802846,supervised_train_val_test
deepcrack_0107,yolov8seg,deepcrack,0.4108956602031394,0.5824607329842932,0.5823082962575242,0.5826132495417649,0.5824607329842932,supervised_train_val_test
deepcrack_0108,yolov8seg,deepcrack,0.3919235271166602,0.5631394533987386,0.5407806191117093,0.5874269005847953,0.5631394533987385,supervised_train_val_test
deepcrack_0109,yolov8seg,deepcrack,0.8261015970752357,0.9047706857037486,0.9415538132573058,0.8707534732785721,0.9047706857037486,supervised_train_val_test
deepcrack_0110,yolov8seg,deepcrack,0.7980651105651105,0.88769322743189,0.9267118402282454,0.8518275692509425,0.88769322743189,supervised_train_val_test
deepcrack_0111,yolov8seg,deepcrack,0.7354391481455014,0.8475539449843519,0.8834234698257362,0.8144835773644638,0.8475539449843518,supervised_train_val_test
deepcrack_0112,yolov8seg,deepcrack,0.7424305846239709,0.8521780909673287,0.8681677271985642,0.8367667872306966,0.8521780909673287,supervised_train_val_test
deepcrack_0113,yolov8seg,deepcrack,0.6695295878969348,0.8020577685482349,0.8350859950859951,0.7715427222373559,0.8020577685482349,supervised_train_val_test
deepcrack_0114,yolov8seg,deepcrack,0.686077807682897,0.8138151211725438,0.8571428571428571,0.7746569665715075,0.8138151211725438,supervised_train_val_test
deepcrack_0115,yolov8seg,deepcrack,0.2974578037091061,0.4585240504296153,0.4953157529493407,0.4268201524891613,0.4585240504296153,supervised_train_val_test
deepcrack_0116,yolov8seg,deepcrack,0.3915343915343915,0.5627376425855514,0.5847029077117573,0.5423629434183523,0.5627376425855514,supervised_train_val_test
deepcrack_0117,yolov8seg,deepcrack,0.5700468258232901,0.7261526426441108,0.7351019600079193,0.7174186068978843,0.7261526426441111,supervised_train_val_test
deepcrack_0118,yolov8seg,deepcrack,0.3773131014063656,0.5478973532177885,0.6297096973440395,0.4848989298454221,0.5478973532177885,supervised_train_val_test
deepcrack_0119,yolov8seg,deepcrack,0.462204894953433,0.6322026366464227,0.7238805970149254,0.5611359453063371,0.6322026366464227,supervised_train_val_test
deepcrack_0120,yolov8seg,deepcrack,0.4857176033441709,0.6538491598280578,0.6565688274996075,0.6511519302615193,0.6538491598280577,supervised_train_val_test
deepcrack_0121,yolov8seg,deepcrack,0.2986370630907892,0.459923825645366,0.4557960073813119,0.4641270925862658,0.4599238256453661,supervised_train_val_test
deepcrack_0122,yolov8seg,deepcrack,0.4062736205593348,0.5778016662187584,0.588799123647816,0.5672074924152486,0.5778016662187583,supervised_train_val_test
deepcrack_0123,yolov8seg,deepcrack,0.4913501316284317,0.6589332997099987,0.8104838709677419,0.5551306564690885,0.6589332997099986,supervised_train_val_test
deepcrack_0124,yolov8seg,deepcrack,0.3236219395431541,0.4889945230960008,0.4866310160427807,0.4913811007268951,0.4889945230960008,supervised_train_val_test
deepcrack_0125,yolov8seg,deepcrack,0.4681384061374667,0.6377306174682734,0.647887323943662,0.627887442251155,0.6377306174682734,supervised_train_val_test
deepcrack_0126,yolov8seg,deepcrack,0.3908204562178072,0.5619998677336155,0.6760540970564837,0.4808736985061113,0.5619998677336155,supervised_train_val_test
deepcrack_0127,yolov8seg,deepcrack,0.5069159446724426,0.6727859592495461,0.7638570774163994,0.6011175198269647,0.6727859592495461,supervised_train_val_test
deepcrack_0128,yolov8seg,deepcrack,0.4091387660560118,0.5806933652121936,0.6882748848742473,0.5021969501163092,0.5806933652121937,supervised_train_val_test
deepcrack_0129,yolov8seg,deepcrack,0.352610153256705,0.5213773568203948,0.595792029132106,0.4634875668870003,0.5213773568203948,supervised_train_val_test
deepcrack_0130,yolov8seg,deepcrack,0.5666292495189224,0.7233737652899329,0.7623516720604099,0.6881877495374428,0.7233737652899329,supervised_train_val_test
deepcrack_0131,yolov8seg,deepcrack,0.5760813499373665,0.7310299686754874,0.7862818062958865,0.6830333741044906,0.7310299686754873,supervised_train_val_test
deepcrack_0132,yolov8seg,deepcrack,0.4121295658166781,0.5836993655441679,0.603918400323167,0.5647903286739705,0.5836993655441679,supervised_train_val_test
deepcrack_0133,yolov8seg,deepcrack,0.42429368973101,0.5957952250861147,0.5992831541218638,0.5923476617855455,0.5957952250861147,supervised_train_val_test
deepcrack_0134,yolov8seg,deepcrack,0.0319920844327176,0.0620006391818472,0.0598027127003699,0.0643662906436629,0.0620006391818472,supervised_train_val_test
deepcrack_0135,yolov8seg,deepcrack,0.2077047413793103,0.3439660941333928,0.3042620363062352,0.3955874807593638,0.3439660941333928,supervised_train_val_test
deepcrack_0136,yolov8seg,deepcrack,0.328165857302951,0.4941639713120517,0.589795233299765,0.425217812197483,0.4941639713120517,supervised_train_val_test
deepcrack_0137,yolov8seg,deepcrack,0.1229560416224251,0.2189863842662632,0.2503783783783784,0.1945891446815661,0.2189863842662632,supervised_train_val_test
deepcrack_0138,yolov8seg,deepcrack,0.2382528833831695,0.3848210435532557,0.4150697674418604,0.3586816720257235,0.3848210435532557,supervised_train_val_test
deepcrack_0139,yolov8seg,deepcrack,0.4292554230994723,0.6006699938469953,0.670891875381796,0.5437554152741676,0.6006699938469953,supervised_train_val_test
deepcrack_0140,yolov8seg,deepcrack,0.3016619103575625,0.4635027082795976,0.4755855498213577,0.4520186140108162,0.4635027082795976,supervised_train_val_test
deepcrack_0141,yolov8seg,deepcrack,0.4954672635702294,0.6626253554857058,0.6583878643664486,0.6669177463091293,0.6626253554857058,supervised_train_val_test
deepcrack_0142,yolov8seg,deepcrack,0.4107042253521126,0.5822683706070287,0.5831067029275316,0.5814324453660871,0.5822683706070287,supervised_train_val_test
deepcrack_0143,yolov8seg,deepcrack,0.1528056112224448,0.2651021295089091,0.2779465370595382,0.2533924120742176,0.2651021295089091,supervised_train_val_test
deepcrack_0144,yolov8seg,deepcrack,0.3367515712868011,0.5038356842365751,0.5823798627002288,0.4439598778892281,0.503835684236575,supervised_train_val_test
deepcrack_0145,yolov8seg,deepcrack,0.1461614871576557,0.2550451900458091,0.2898142937535171,0.2277249613088658,0.255045190045809,supervised_train_val_test
deepcrack_0146,yolov8seg,deepcrack,0.5421004979628792,0.7030676647585499,0.6515233949945594,0.763468281797896,0.7030676647585498,supervised_train_val_test
deepcrack_0147,yolov8seg,deepcrack,0.3228475130221632,0.4881099444101297,0.5668938307030129,0.4285520607375271,0.4881099444101297,supervised_train_val_test
deepcrack_0148,yolov8seg,deepcrack,0.5524387161991408,0.7117043789679309,0.690897597977244,0.7338032896945283,0.711704378967931,supervised_train_val_test
deepcrack_0149,yolov8seg,deepcrack,0.5571049136786188,0.7155650319829424,0.7280879375180792,0.703465623253214,0.7155650319829424,supervised_train_val_test
deepcrack_0150,yolov8seg,deepcrack,0.2306623931623931,0.3748589287264519,0.5046750818139317,0.2981632371219445,0.3748589287264519,supervised_train_val_test
deepcrack_0151,yolov8seg,deepcrack,0.2238762405137186,0.3658478416408299,0.5064377682403434,0.2863543027814075,0.3658478416408299,supervised_train_val_test
deepcrack_0152,yolov8seg,deepcrack,0.6304793517524163,0.7733668642596252,0.886235762316454,0.6859995751009136,0.7733668642596252,supervised_train_val_test
deepcrack_0153,yolov8seg,deepcrack,0.5959534028203556,0.7468305800998848,0.834096109839817,0.6760955251565036,0.7468305800998847,supervised_train_val_test
deepcrack_0154,yolov8seg,deepcrack,0.4686245717082721,0.6381815757898947,0.6362307283359915,0.6401444236426852,0.6381815757898948,supervised_train_val_test
deepcrack_0155,yolov8seg,deepcrack,0.4806265457543281,0.6492204899777283,0.7187178960345182,0.5919783381282789,0.6492204899777283,supervised_train_val_test
deepcrack_0156,yolov8seg,deepcrack,0.4377315933623328,0.6089197669206634,0.618202502844141,0.5999116802826231,0.6089197669206633,supervised_train_val_test
deepcrack_0157,yolov8seg,deepcrack,0.2956817479130166,0.4564110722239898,0.5114993760028526,0.4120350423667959,0.4564110722239898,supervised_train_val_test
deepcrack_0158,yolov8seg,deepcrack,0.2794553464156988,0.4368348566420433,0.4681964573268921,0.4094109363999061,0.4368348566420432,supervised_train_val_test
deepcrack_0159,yolov8seg,deepcrack,0.2878378378378378,0.44700944386149,0.4265687583444593,0.4695077149155033,0.44700944386149,supervised_train_val_test
deepcrack_0160,yolov8seg,deepcrack,0.6782302270947533,0.8082683962484252,0.8227806013394766,0.7942592507680315,0.8082683962484251,supervised_train_val_test
deepcrack_0161,yolov8seg,deepcrack,0.9296030812025248,0.963517409625194,0.9769507533168428,0.9504484795449574,0.963517409625194,supervised_train_val_test
deepcrack_0162,yolov8seg,deepcrack,0.7586033991343819,0.8627339165928838,0.9451861107457582,0.7935127674258109,0.8627339165928838,supervised_train_val_test
deepcrack_0163,yolov8seg,deepcrack,0.8354631319946028,0.9103567567567568,0.9037132431852328,0.9170986713134394,0.9103567567567566,supervised_train_val_test
deepcrack_0164,yolov8seg,deepcrack,0.7404481243877002,0.8508706625751276,0.9764534277974578,0.7539095179870005,0.8508706625751276,supervised_train_val_test
deepcrack_0165,yolov8seg,deepcrack,0.7551786057846469,0.8605148254380035,0.9602071186855302,0.7795762992386627,0.8605148254380036,supervised_train_val_test
deepcrack_0166,yolov8seg,deepcrack,0.853163566834695,0.92076445069762,0.9374492670582056,0.9046631646852824,0.9207644506976198,supervised_train_val_test
deepcrack_0167,yolov8seg,deepcrack,0.8296679225444669,0.9069054688248251,0.9311175574020356,0.8839206534422404,0.9069054688248251,supervised_train_val_test
deepcrack_0168,yolov8seg,deepcrack,0.4927617973303252,0.6602015113350126,0.594061650045331,0.7429138321995464,0.6602015113350126,supervised_train_val_test
deepcrack_0169,yolov8seg,deepcrack,0.2917752442996743,0.4517430498644644,0.9903261470425648,0.2926092282564312,0.4517430498644645,supervised_train_val_test
deepcrack_0170,yolov8seg,deepcrack,0.3226419577096697,0.4878749775462547,0.9065420560747663,0.333742934381912,0.4878749775462546,supervised_train_val_test
deepcrack_0171,yolov8seg,deepcrack,0.1173069750093248,0.2099816391253547,0.2523064580826313,0.1798170383076043,0.2099816391253547,supervised_train_val_test
deepcrack_0172,yolov8seg,deepcrack,0.0528150601359595,0.1003311258278145,0.1139526137645731,0.0896184560780834,0.1003311258278145,supervised_train_val_test
deepcrack_0173,yolov8seg,deepcrack,0.1856472166331321,0.3131575970132368,0.3398821218074656,0.29032934759807,0.3131575970132368,supervised_train_val_test
deepcrack_0174,yolov8seg,deepcrack,0.0,0.0,0.0,0.0,0.0,supervised_train_val_test
deepcrack_0175,yolov8seg,deepcrack,0.0,0.0,0.0,0.0,0.0,supervised_train_val_test
deepcrack_0176,yolov8seg,deepcrack,0.0016570008285004,0.0033085194375516,0.0073529411764705,0.0021344717182497,0.0033085194375516,supervised_train_val_test
deepcrack_0177,yolov8seg,deepcrack,0.0,0.0,0.0,0.0,0.0,supervised_train_val_test
deepcrack_0178,yolov8seg,deepcrack,0.4547754034016572,0.6252173391690149,0.6076923076923076,0.6437831831090258,0.6252173391690149,supervised_train_val_test
deepcrack_0179,yolov8seg,deepcrack,0.3409898824172819,0.5085644371941273,0.4569439355075119,0.5733333333333334,0.5085644371941273,supervised_train_val_test
deepcrack_0180,yolov8seg,deepcrack,0.6835151636472826,0.8120095124851368,0.8341272749480885,0.7910344028726978,0.8120095124851366,supervised_train_val_test
deepcrack_0181,yolov8seg,deepcrack,0.630189334722946,0.773148641449121,0.6994409099672257,0.8642210576464984,0.7731486414491211,supervised_train_val_test
deepcrack_0182,yolov8seg,deepcrack,0.5938147892190739,0.7451490514905149,0.7151477320016646,0.7777777777777778,0.7451490514905149,supervised_train_val_test
deepcrack_0183,yolov8seg,deepcrack,0.4107864100736517,0.5823509599191647,0.745740780677162,0.4776902887139108,0.5823509599191646,supervised_train_val_test
deepcrack_0184,yolov8seg,deepcrack,0.3907407407407407,0.5619174434087882,0.6484326982175783,0.4957706766917293,0.5619174434087882,supervised_train_val_test
deepcrack_0185,yolov8seg,deepcrack,0.3931192660550459,0.5643727362528811,0.7458659704090513,0.4539194915254237,0.5643727362528812,supervised_train_val_test
deepcrack_0186,yolov8seg,deepcrack,0.4988471825140643,0.6656411518582328,0.7519810927290421,0.597085771056408,0.6656411518582329,supervised_train_val_test
deepcrack_0187,yolov8seg,deepcrack,0.4573002754820937,0.6275992438563327,0.7087959009393681,0.5630936227951153,0.6275992438563327,supervised_train_val_test
deepcrack_0188,yolov8seg,deepcrack,0.4537493158182813,0.6242469879518072,0.6583545108005082,0.5934994272623139,0.6242469879518071,supervised_train_val_test
deepcrack_0189,yolov8seg,deepcrack,0.6275610866595842,0.7711674748228273,0.8271654330866173,0.7222707423580786,0.7711674748228273,supervised_train_val_test
deepcrack_0190,yolov8seg,deepcrack,0.6530632911392406,0.7901249693702523,0.7050399037935935,0.8985648599693465,0.7901249693702523,supervised_train_val_test
deepcrack_0191,yolov8seg,deepcrack,0.0,0.0,0.0,0.0,0.0,supervised_train_val_test
deepcrack_0192,yolov8seg,deepcrack,0.3302039020096817,0.4964711071901191,0.3649481193255512,0.7762068965517241,0.4964711071901191,supervised_train_val_test
deepcrack_0193,yolov8seg,deepcrack,0.5513956209259568,0.7108381814264167,0.6505620193255768,0.7834243647589646,0.7108381814264166,supervised_train_val_test
deepcrack_0194,yolov8seg,deepcrack,0.6390622364648338,0.7797900802634287,0.7139626907857547,0.8589888914078441,0.7797900802634287,supervised_train_val_test
deepcrack_0195,yolov8seg,deepcrack,0.4877901109989909,0.6557243624525231,0.535920177383592,0.8445143256464012,0.6557243624525231,supervised_train_val_test
deepcrack_0196,yolov8seg,deepcrack,0.3864767461815686,0.5574947394479515,0.5198522622345337,0.6010141446490526,0.5574947394479515,supervised_train_val_test
deepcrack_0197,yolov8seg,deepcrack,0.5411340544083907,0.7022543598468737,0.6029948867786705,0.8406313645621182,0.7022543598468737,supervised_train_val_test
deepcrack_0198,yolov8seg,deepcrack,0.4940428109854604,0.6613502737041292,0.7026134405514073,0.6246648793565683,0.6613502737041292,supervised_train_val_test
deepcrack_0199,yolov8seg,deepcrack,0.3906200063918185,0.5617925883366849,0.5588705989940558,0.5647452928266143,0.5617925883366849,supervised_train_val_test
deepcrack_0200,yolov8seg,deepcrack,0.3797193580897744,0.550429847727145,0.5086717208432859,0.5996571988246817,0.550429847727145,supervised_train_val_test
deepcrack_0201,yolov8seg,deepcrack,0.648389822551873,0.7866947656205502,0.8156371796385969,0.7597359735973598,0.7866947656205503,supervised_train_val_test
deepcrack_0202,yolov8seg,deepcrack,0.426804777507663,0.5982665382620935,0.6300514900920581,0.5695345557122709,0.5982665382620935,supervised_train_val_test
deepcrack_0203,yolov8seg,deepcrack,0.1876016039882952,0.3159335645190728,0.5675409836065574,0.2188922610015174,0.3159335645190728,supervised_train_val_test
deepcrack_0204,yolov8seg,deepcrack,0.4395717052056043,0.610697895236588,0.8356431355565179,0.4811720698254364,0.610697895236588,supervised_train_val_test
deepcrack_0205,yolov8seg,deepcrack,0.2852737085582112,0.4439112177564487,0.6154699196007762,0.3471462079749804,0.4439112177564487,supervised_train_val_test
deepcrack_0206,yolov8seg,deepcrack,0.5250718203186211,0.6885863515711962,0.7943500592651126,0.6076771951035213,0.6885863515711962,supervised_train_val_test
deepcrack_0207,yolov8seg,deepcrack,0.5835193829916785,0.7369905152524994,0.7625994694960212,0.7130456349206349,0.7369905152524993,supervised_train_val_test
deepcrack_0208,yolov8seg,deepcrack,0.4687206462521134,0.6382706574571502,0.7042054755856618,0.583625730994152,0.6382706574571501,supervised_train_val_test
deepcrack_0209,yolov8seg,deepcrack,0.2435519528371407,0.3917037037037037,0.7122844827586207,0.2701266857376379,0.3917037037037036,supervised_train_val_test
deepcrack_0210,yolov8seg,deepcrack,0.1024440216595931,0.1858489313686446,0.247000705716302,0.1489678655032985,0.1858489313686446,supervised_train_val_test
deepcrack_0211,yolov8seg,deepcrack,0.3142356767575682,0.4782029316581001,0.8480756245779878,0.3329798515376458,0.4782029316581001,supervised_train_val_test
deepcrack_0212,yolov8seg,deepcrack,0.3471711976487877,0.5154076902099809,0.4751131221719457,0.5631704410011918,0.5154076902099809,supervised_train_val_test
deepcrack_0213,yolov8seg,deepcrack,0.3384546539379475,0.5057394405438538,0.5218491260349586,0.4905945945945946,0.5057394405438538,supervised_train_val_test
deepcrack_0214,yolov8seg,deepcrack,0.4002410053365467,0.5716744529136956,0.5843176677557175,0.5595667870036101,0.5716744529136957,supervised_train_val_test
deepcrack_0215,yolov8seg,deepcrack,0.2558441558441558,0.4074457083764219,0.4445128205128205,0.3760846928149948,0.4074457083764218,supervised_train_val_test
deepcrack_0216,yolov8seg,deepcrack,0.0,0.0,0.0,0.0,0.0,supervised_train_val_test
deepcrack_0217,yolov8seg,deepcrack,0.5465465465465466,0.7067961165048544,0.6498710573298948,0.7746512177819815,0.7067961165048543,supervised_train_val_test
deepcrack_0218,yolov8seg,deepcrack,0.5477902180318208,0.7078352242442701,0.6552015787989851,0.7696638516310648,0.7078352242442701,supervised_train_val_test
deepcrack_0219,yolov8seg,deepcrack,0.070409982174688,0.1315570358034971,0.1664033701948394,0.1087779690189328,0.1315570358034971,supervised_train_val_test
deepcrack_0220,yolov8seg,deepcrack,0.3763091368725171,0.5468381002361585,0.5138067061143984,0.5844083006169377,0.5468381002361584,supervised_train_val_test
deepcrack_0221,yolov8seg,deepcrack,0.4690183643810279,0.6385466318913572,0.5842659644502962,0.7039460638508824,0.6385466318913571,supervised_train_val_test
deepcrack_0222,yolov8seg,deepcrack,0.3474887709269089,0.5157575757575757,0.4833396440742143,0.5528367258553486,0.5157575757575756,supervised_train_val_test
deepcrack_0223,yolov8seg,deepcrack,0.4405218726016884,0.6116142781033564,0.5760573476702509,0.6518494484101233,0.6116142781033564,supervised_train_val_test
deepcrack_0224,yolov8seg,deepcrack,0.5189330793045963,0.6832862966447162,0.627230857800806,0.7503443526170799,0.6832862966447162,supervised_train_val_test
deepcrack_0225,yolov8seg,deepcrack,0.0366795366795366,0.0707635009310986,0.4672131147540984,0.038280725319006,0.0707635009310987,supervised_train_val_test
deepcrack_0226,yolov8seg,deepcrack,0.2976415094339623,0.4587422755361686,0.4980268350434096,0.4252021563342318,0.4587422755361686,supervised_train_val_test
deepcrack_0227,yolov8seg,deepcrack,0.3610641891891892,0.5305615885820664,0.4947916666666667,0.5719063545150501,0.5305615885820664,supervised_train_val_test
deepcrack_0228,yolov8seg,deepcrack,0.3578670306102554,0.5271017302031732,0.4735552115583075,0.5943014408288814,0.5271017302031733,supervised_train_val_test
deepcrack_0229,yolov8seg,deepcrack,0.4389995933306222,0.6101455418962838,0.577427119550682,0.6467944877171959,0.6101455418962838,supervised_train_val_test
deepcrack_0230,yolov8seg,deepcrack,0.6612994885394962,0.7961231470923603,0.8101647714086795,0.7825599641336023,0.7961231470923602,supervised_train_val_test
deepcrack_0231,yolov8seg,deepcrack,0.4464492633669922,0.6173037308308538,0.5891218872870249,0.6483173076923077,0.6173037308308538,supervised_train_val_test
deepcrack_0232,yolov8seg,deepcrack,0.2248928637972796,0.3672041375114085,0.3380952380952381,0.401797603195739,0.3672041375114086,supervised_train_val_test
deepcrack_0233,yolov8seg,deepcrack,0.6774779449922159,0.8077339520494973,0.8414437640992588,0.7766210588935157,0.8077339520494973,supervised_train_val_test
deepcrack_0234,yolov8seg,deepcrack,0.6954080111320943,0.8203429576432655,0.869076454878579,0.7767847229932275,0.8203429576432654,supervised_train_val_test
deepcrack_0235,yolov8seg,deepcrack,0.7360045031214819,0.8479292557111275,0.9248922898848948,0.782790900185044,0.8479292557111275,supervised_train_val_test
deepcrack_0236,yolov8seg,deepcrack,0.2827400368742022,0.4408376268712823,0.8774647887323944,0.2943625786256386,0.4408376268712822,supervised_train_val_test
