dataset,image_id,method,candidate_id,prompt_mode,detection_score,stability_score,boundary_score,composite_confidence,candidate_iou
deepcrack,deepcrack_0000,text,0,text,0.95068359375,0.4818593136417961,0.8093956112861633,0.7512731000961694,0.5898070262246413
deepcrack,deepcrack_0000,box,0,box,0.98876953125,0.7107324699762696,0.8183224201202393,0.8488447820217542,0.5909317389138017
deepcrack,deepcrack_0000,point,0,point,0.7661290764808655,0.9877657520711848,0.7962614893913269,0.8512350161650926,0.5924759695061319
deepcrack,deepcrack_0000,point,1,point,0.8360308408737183,0.8810612740577817,0.7360284328460693,0.8267908904812282,0.5448071216617211
deepcrack,deepcrack_0000,point,2,point,0.6517229676246643,0.9578521560539185,0.8609403967857361,0.8111725408651712,0.6026605986346928
deepcrack,deepcrack_0001,text,0,text,0.8095703125,0.25,0.6714748740196228,0.5791968435049057,0.05070569785676947
deepcrack,deepcrack_0001,text,1,text,0.77392578125,0.25,0.6242210268974304,0.5531255692243576,0.3408611863896417
deepcrack,deepcrack_0001,text,2,text,0.712890625,0.25,0.7000839710235596,0.5476772427558899,0.14465937762825903
deepcrack,deepcrack_0001,text,3,text,0.6474609375,0.25,0.6141085624694824,0.5000115156173706,0.2985971943887776
deepcrack,deepcrack_0001,text,4,text,0.63427734375,0.25,0.5482296943664551,0.47826836109161375,0.09496144501954157
deepcrack,deepcrack_0001,text,5,text,0.6025390625,0.25,0.4429624080657959,0.43925622701644895,0.010161956176563989
deepcrack,deepcrack_0001,text,6,text,0.6005859375,0.25,0.6055346727371216,0.4791180431842804,0.21374277896017027
deepcrack,deepcrack_0001,text,7,text,0.57421875,0.25,0.5384076833724976,0.4517894208431244,0.09449238308298712
deepcrack,deepcrack_0001,text,8,text,0.54931640625,0.25,0.5144549012184143,0.4358402878046036,0.0044184134812988085
deepcrack,deepcrack_0001,text,9,text,0.50830078125,0.25,0.4294807016849518,0.39819048792123796,0.010119979134063642
deepcrack,deepcrack_0001,text,10,text,0.47900390625,0.25,0.5078537464141846,0.40606499910354615,0.015861187992335532
deepcrack,deepcrack_0001,text,11,text,0.470703125,0.25,0.5674892663955688,0.4176535665988922,0.11365079365079366
deepcrack,deepcrack_0001,text,12,text,0.435302734375,0.25,0.5079472661018372,0.38860791027545927,0.0
deepcrack,deepcrack_0001,text,13,text,0.412353515625,0.25,0.6733221411705017,0.4207719415426254,0.5384691358024691
deepcrack,deepcrack_0001,text,14,text,0.3974609375,0.25,0.6255548596382141,0.4028730899095535,0.18045506972842612
deepcrack,deepcrack_0001,text,15,text,0.39013671875,0.25,0.6759086847305298,0.4125318586826324,0.07745664739884393
deepcrack,deepcrack_0001,text,16,text,0.376953125,0.25,0.6585158705711365,0.4029102176427841,0.1005213764337852
deepcrack,deepcrack_0001,text,17,text,0.367919921875,0.25,0.4494095742702484,0.3470203623175621,0.0
deepcrack,deepcrack_0001,text,18,text,0.336181640625,0.25,0.43799155950546265,0.3314705461263657,0.018890797050207093
deepcrack,deepcrack_0001,text,19,text,0.327880859375,0.25,0.4731419086456299,0.33693782091140745,0.0042828685258964145
deepcrack,deepcrack_0001,text,20,text,0.3203125,0.25,0.42759057879447937,0.32252264469861985,0.0
deepcrack,deepcrack_0001,text,21,text,0.318603515625,0.25,0.7191053032875061,0.39471773207187655,0.08833922261484099
deepcrack,deepcrack_0001,text,22,text,0.30419921875,0.25,0.5464134216308594,0.34578304290771483,0.11607520067596114
deepcrack,deepcrack_0001,text,23,text,0.300048828125,0.25,0.4442749321460724,0.3185882642865181,0.0
deepcrack,deepcrack_0001,text,24,text,0.29736328125,0.25,0.6617921590805054,0.3718933522701263,0.10033977489912933
deepcrack,deepcrack_0001,text,25,text,0.28271484375,0.25,0.555059552192688,0.339350825548172,0.0
deepcrack,deepcrack_0001,text,26,text,0.278076171875,0.25,0.379666268825531,0.29364703595638275,0.0
deepcrack,deepcrack_0001,text,27,text,0.2724609375,0.25,0.4123385548591614,0.29956901371479033,0.006868131868131868
deepcrack,deepcrack_0001,text,28,text,0.268310546875,0.25,0.6924800276756287,0.36794422566890717,0.3355918283543784
deepcrack,deepcrack_0001,text,29,text,0.259521484375,0.25,0.5779122114181519,0.33578664660453794,0.0490301724137931
deepcrack,deepcrack_0001,text,30,text,0.25634765625,0.25,0.4197876453399658,0.2949859738349915,0.009991673605328892
deepcrack,deepcrack_0001,text,31,text,0.252197265625,0.25,0.3964642882347107,0.28749497830867765,0.0
deepcrack,deepcrack_0001,box,0,box,0.994140625,0.0038208595888936103,0.39528176188468933,0.49781399132728515,0.007677972418934029
deepcrack,deepcrack_0001,point,0,point,0.5818235278129578,0.7813902609214092,0.6892838478088379,0.6785369643998858,0.29283914321713567
deepcrack,deepcrack_0001,point,1,point,0.4880107343196869,0.969743622286782,0.4440827965736389,0.6456352606716582,0.010346989966555184
deepcrack,deepcrack_0001,point,2,point,0.7026199102401733,0.9339587431717558,0.466610848903656,0.7245862364320979,0.010179196267628036
deepcrack,deepcrack_0001,point,3,point,0.4663535952568054,0.9253904562985115,0.45942071080207825,0.6252832755077207,0.00849166755121537
deepcrack,deepcrack_0001,point,4,point,0.32001766562461853,0.3882380408005539,0.4460696876049042,0.3754078024312673,0.009272918861959958
deepcrack,deepcrack_0001,point,5,point,0.5058701634407043,0.7383245070271032,0.6709759831428528,0.6285056386214811,0.18086680761099366
deepcrack,deepcrack_0001,point,6,point,0.281779408454895,0.21314875740314204,0.6509252786636353,0.35004514813896653,0.184303006638032
deepcrack,deepcrack_0001,point,7,point,0.4581293761730194,0.7404711300890201,0.6156538724899292,0.5963301141228471,0.01567701063030173
deepcrack,deepcrack_0001,point,8,point,0.6574689149856567,0.9902238511715756,0.7394389510154724,0.7944256516581822,0.10574761853794284
deepcrack,deepcrack_0001,point,10,point,0.740585207939148,0.8919635464837757,0.7106196284294128,0.786076231552334,0.04975384937676757
deepcrack,deepcrack_0002,text,0,text,0.7041015625,0.25,0.6848732233047485,0.5403589308261871,0.5247937802218641
deepcrack,deepcrack_0002,text,1,text,0.69287109375,0.25,0.6047852635383606,0.5158447533845901,0.15514639299728342
deepcrack,deepcrack_0002,text,2,text,0.6728515625,0.25,0.6600798964500427,0.5216605991125107,0.24779185867895545
deepcrack,deepcrack_0002,text,3,text,0.658203125,0.25,0.7275825142860413,0.5326768785715104,0.7307904411764706
deepcrack,deepcrack_0002,text,4,text,0.63623046875,0.25,0.49348610639572144,0.4653637140989304,0.0
deepcrack,deepcrack_0002,text,5,text,0.58984375,0.25,0.2870006561279297,0.39518766403198247,0.005671272427304599
deepcrack,deepcrack_0002,text,6,text,0.53466796875,0.25,0.4446870684623718,0.412538954615593,0.005163688939378292
deepcrack,deepcrack_0002,text,7,text,0.517578125,0.25,0.3605484068393707,0.3846683517098427,0.02177587749825992
deepcrack,deepcrack_0002,text,8,text,0.49853515625,0.25,0.38936159014701843,0.3842544600367546,0.005661140315406389
deepcrack,deepcrack_0002,text,9,text,0.4921875,0.25,0.7116385698318481,0.4622846424579621,0.04653331951497564
deepcrack,deepcrack_0002,text,10,text,0.455078125,0.25,0.4100200831890106,0.37203627079725266,0.0
deepcrack,deepcrack_0002,text,11,text,0.453369140625,0.25,0.3489100933074951,0.3560751795768738,0.01710715017414464
deepcrack,deepcrack_0002,text,12,text,0.439697265625,0.25,0.42990630865097046,0.37085548341274266,0.007547169811320755
deepcrack,deepcrack_0002,text,13,text,0.43017578125,0.25,0.7322514057159424,0.4426331639289856,0.34960552268244577
deepcrack,deepcrack_0002,text,14,text,0.405517578125,0.25,0.3176531493663788,0.32912031859159474,0.02092325014073935
deepcrack,deepcrack_0002,text,15,text,0.380859375,0.25,0.34581637382507324,0.32629784345626833,0.021641206423815118
deepcrack,deepcrack_0002,text,16,text,0.294189453125,0.25,0.5978363156318665,0.35463486015796664,0.0
deepcrack,deepcrack_0002,text,17,text,0.2939453125,0.25,0.3395712077617645,0.28997092694044113,0.0043718122202560635
deepcrack,deepcrack_0002,text,18,text,0.287109375,0.25,0.2864082455635071,0.27394581139087676,0.0
deepcrack,deepcrack_0002,text,19,text,0.2783203125,0.25,0.6521531343460083,0.3618664085865021,0.0021763913358897294
deepcrack,deepcrack_0002,text,20,text,0.2685546875,0.25,0.8152939677238464,0.39874536693096163,0.3308473171742283
deepcrack,deepcrack_0002,box,0,box,0.994140625,0.1433435693733689,0.4029596149921417,0.5485664030287145,0.0012410818435829964
deepcrack,deepcrack_0002,point,0,point,0.7342111468315125,0.920707556292337,0.687586784362793,0.7878287995256212,0.7549096622152396
deepcrack,deepcrack_0002,point,2,point,0.421237051486969,0.7447304974427942,0.6579138040542603,0.5936289457133306,0.03516303792292753
deepcrack,deepcrack_0002,point,3,point,0.555987536907196,0.615889774222309,0.741004228591919,0.6232074928886663,0.25215752405515324
deepcrack,deepcrack_0002,point,4,point,0.4765807092189789,0.847208470737567,0.4567663371562958,0.6013468327348139,0.005483903727023459
deepcrack,deepcrack_0002,point,5,point,0.4430266320705414,0.7823942804185293,0.4914710819721222,0.5739164214677324,0.005077194073153041
deepcrack,deepcrack_0002,point,6,point,0.4595543146133423,0.5255047679352004,0.755950391292572,0.5567359924458001,0.19919028340080971
deepcrack,deepcrack_0002,point,7,point,0.5315715670585632,0.8382781927229759,0.4732761085033417,0.6243450214023023,0.005639868744872847
deepcrack,deepcrack_0002,point,8,point,0.6066842675209045,0.7488464094621234,0.41627514362335205,0.6088387362259431,0.005678884873515746
deepcrack,deepcrack_0002,point,9,point,0.5446292757987976,0.9796775378266037,0.3990006148815155,0.6604890022792091,0.022009374363154678
deepcrack,deepcrack_0002,point,10,point,0.28147265315055847,0.30245617801076696,0.6299390196800232,0.3759334784839976,0.06821435876457353
deepcrack,deepcrack_0002,point,11,point,0.2805635929107666,0.48399720475192176,0.6388310790061951,0.44133222857902804,0.0021001785151737898
deepcrack,deepcrack_0003,text,0,text,0.8134765625,0.25,0.8681178092956543,0.6299200773239136,0.1375096333810415
deepcrack,deepcrack_0003,text,1,text,0.75390625,0.25,0.7942567467689514,0.5876266866922378,0.06740343582448846
deepcrack,deepcrack_0003,text,2,text,0.693359375,0.25,0.5108925104141235,0.4925668776035309,0.04352487135506004
deepcrack,deepcrack_0003,text,3,text,0.6748046875,0.25,0.8564350605010986,0.5715306401252747,0.08157752566180443
deepcrack,deepcrack_0003,text,4,text,0.66552734375,0.25,0.8006592392921448,0.5538757473230362,0.03182672118466129
deepcrack,deepcrack_0003,text,5,text,0.64111328125,0.25,0.5204302668571472,0.47405287921428685,0.0319634703196347
deepcrack,deepcrack_0003,text,6,text,0.62451171875,0.25,0.8377069234848022,0.5467314183712005,0.10051125856630044
deepcrack,deepcrack_0003,text,7,text,0.57177734375,0.25,0.8072462677955627,0.5180225044488906,0.10194018651516776
deepcrack,deepcrack_0003,text,8,text,0.56982421875,0.25,0.696553647518158,0.4895680993795395,0.06852203246890154
deepcrack,deepcrack_0003,text,9,text,0.56298828125,0.25,0.8396415114402771,0.5226056903600693,0.04014558288298224
deepcrack,deepcrack_0003,text,10,text,0.5107421875,0.25,0.8736013770103455,0.5101972192525863,0.049158399286590125
deepcrack,deepcrack_0003,text,11,text,0.509765625,0.25,0.7476105093955994,0.4783088773488998,0.12094155844155845
deepcrack,deepcrack_0003,text,12,text,0.5087890625,0.25,0.6384885907173157,0.4506377726793289,0.015721877767936227
deepcrack,deepcrack_0003,text,13,text,0.49658203125,0.25,0.8392553329467773,0.49594664573669434,0.11207618250313939
deepcrack,deepcrack_0003,text,14,text,0.490966796875,0.25,0.593971848487854,0.43237968087196355,0.012840380783706
deepcrack,deepcrack_0003,text,15,text,0.474609375,0.25,0.7653492093086243,0.46868105232715607,0.14082901554404145
deepcrack,deepcrack_0003,text,16,text,0.463623046875,0.25,0.8049761652946472,0.4741932600736618,0.049229074889867844
deepcrack,deepcrack_0003,text,17,text,0.452880859375,0.25,0.4026884436607361,0.36932445466518404,0.008488410055501142
deepcrack,deepcrack_0003,text,18,text,0.452392578125,0.25,0.6928093433380127,0.44165936708450315,0.04158730158730159
deepcrack,deepcrack_0003,text,19,text,0.452392578125,0.25,0.323515921831131,0.3493360117077827,0.007456957999780678
deepcrack,deepcrack_0003,text,20,text,0.429443359375,0.25,0.5676752328872681,0.401196151971817,0.03980724910957469
deepcrack,deepcrack_0003,text,21,text,0.4267578125,0.25,0.8088629245758057,0.4604188561439514,0.08986737400530503
deepcrack,deepcrack_0003,text,22,text,0.411376953125,0.25,0.49523624777793884,0.37585984319448473,0.021595744680851063
deepcrack,deepcrack_0003,text,23,text,0.390625,0.25,0.7387173175811768,0.4284293293952942,0.02733560215171808
deepcrack,deepcrack_0003,text,24,text,0.380126953125,0.25,0.7159683108329773,0.41854285895824433,0.03806830541657603
deepcrack,deepcrack_0003,text,25,text,0.377197265625,0.25,0.43179574608802795,0.346327842772007,0.011382799325463743
deepcrack,deepcrack_0003,text,26,text,0.369384765625,0.25,0.3850538432598114,0.33151736706495283,0.005296724678413144
deepcrack,deepcrack_0003,text,27,text,0.365234375,0.25,0.4365125596523285,0.3427218899130821,0.009730538922155689
deepcrack,deepcrack_0003,text,28,text,0.36328125,0.25,0.7582985162734985,0.4223871290683746,0.07907555187066018
deepcrack,deepcrack_0003,text,29,text,0.35498046875,0.25,0.4816634953022003,0.3499080613255501,0.006331877729257642
deepcrack,deepcrack_0003,text,30,text,0.333984375,0.25,0.882810115814209,0.4417962789535522,0.041426032874278096
deepcrack,deepcrack_0003,text,31,text,0.28076171875,0.25,0.3310195207595825,0.28255956768989565,0.010611735330836454
deepcrack,deepcrack_0003,text,32,text,0.279296875,0.25,0.47643938660621643,0.3183285966515541,0.007112375533428165
deepcrack,deepcrack_0003,text,33,text,0.275634765625,0.25,0.5751712322235107,0.3415467143058777,0.0053404539385847796
deepcrack,deepcrack_0003,text,34,text,0.27392578125,0.25,0.5537816882133484,0.3355157345533371,0.005320917858330562
deepcrack,deepcrack_0003,text,35,text,0.271240234375,0.25,0.6707185506820679,0.36367573142051696,0.076158940397351
deepcrack,deepcrack_0003,text,36,text,0.2666015625,0.25,0.9457291960716248,0.4305729240179062,0.00011279043537108053
deepcrack,deepcrack_0003,text,37,text,0.2509765625,0.25,1.0,0.437890625,0.043444006752954414
deepcrack,deepcrack_0003,box,0,box,0.99462890625,0.03451614774081474,0.44964399933815,0.5223432140438227,0.034982511331415445
deepcrack,deepcrack_0003,point,0,point,0.5303451418876648,0.5150552883375303,0.6014429926872253,0.5427681558450079,0.02931129476584022
deepcrack,deepcrack_0003,point,1,point,0.5531304478645325,0.5417687489556112,0.6326082944869995,0.5690233149020267,0.04586457993696337
deepcrack,deepcrack_0003,point,2,point,0.2598320245742798,0.1837837837837838,0.40954992175102234,0.27064461459179184,0.006536671836915578
deepcrack,deepcrack_0003,point,3,point,0.3677782416343689,0.3561672110324805,0.7767288684844971,0.46595203763624,0.011023451853452933
deepcrack,deepcrack_0003,point,4,point,0.686768651008606,0.9134982761519919,0.6445150375366211,0.7555606164407949,0.05625742360436238
deepcrack,deepcrack_0003,point,5,point,0.7029387354850769,0.75667139979341,0.6447197794914246,0.7071904289945804,0.042190403322767515
deepcrack,deepcrack_0003,point,6,point,0.4926784932613373,0.7071325264980584,0.7109071612358093,0.6222945718878077,0.004515643479195785
deepcrack,deepcrack_0003,point,7,point,0.5332677364349365,0.7088336530026613,0.8015370965003967,0.6617831472500053,0.01290820829655781
deepcrack,deepcrack_0003,point,8,point,0.7722316980361938,0.9998664115155051,0.5006608366966248,0.7840111324190605,0.0418469517612313
deepcrack,deepcrack_0003,point,9,point,0.32720619440078735,0.432693885914325,0.6631088852882385,0.4481025591523883,0.029574468085106383
deepcrack,deepcrack_0003,point,12,point,0.6319413781166077,0.9459525897729375,0.6021044254302979,0.7343860640247456,0.016943558147210915
deepcrack,deepcrack_0003,point,14,point,0.4950083792209625,0.9999462387480955,0.6452175974845886,0.7092889346213656,0.04195472056572906
deepcrack,deepcrack_0003,point,15,point,0.465541809797287,0.7719289805787344,0.8192163705825806,0.661195959767117,0.108889605503601
deepcrack,deepcrack_0003,point,16,point,0.5096552968025208,0.8162966617084508,0.7702568173408508,0.6821301546541788,0.06986946287181682
deepcrack,deepcrack_0003,point,17,point,0.6279667019844055,0.8746676668819149,0.4052555561065674,0.6586342532290743,0.0077957762228825205
deepcrack,deepcrack_0003,point,18,point,0.6502495408058167,0.781919047830763,0.3214055895805359,0.6141228804582277,0.004886423666138405
deepcrack,deepcrack_0003,point,19,point,0.3127797245979309,0.46016987362114037,0.3463161289691925,0.3727503778488696,0.005200520052005201
deepcrack,deepcrack_0003,point,20,point,0.301741361618042,0.3109572045866303,0.4283345937728882,0.33661521469575945,0.006496236004432726
deepcrack,deepcrack_0003,point,21,point,0.32487237453460693,0.8994515000560277,0.5635599493980408,0.5856469621829626,0.022899114279542016
deepcrack,deepcrack_0003,point,22,point,0.269284188747406,0.21654656447427398,0.5356325507164001,0.3174131107440583,0.025295285878540817
deepcrack,deepcrack_0003,point,23,point,0.665928304195404,0.9517311688440557,0.8676456809043884,0.8163886509996783,0.1132014271813169
deepcrack,deepcrack_0003,point,24,point,0.5637516379356384,0.7000753069132621,0.7923500537872314,0.668614526040705,0.07259100642398288
deepcrack,deepcrack_0003,point,25,point,0.2724328637123108,0.5802851908665912,0.7359183430671692,0.4960525480550235,0.04715866365882479
deepcrack,deepcrack_0003,point,26,point,0.4494408369064331,0.9527207555368189,0.5323236584663391,0.6463095138170447,0.005877349006264017
deepcrack,deepcrack_0003,point,28,point,0.7459412813186646,0.9673568777394564,0.8772981762886047,0.8562759638084267,0.09899585243396639
deepcrack,deepcrack_0003,point,30,point,0.5244964957237244,0.9556311660876556,0.430448055267334,0.6518815202370027,0.007614742698191933
deepcrack,deepcrack_0003,point,32,point,0.6299527883529663,0.7638790843295717,0.6716872453689575,0.687260606198776,0.004020998547972747
deepcrack,deepcrack_0003,point,34,point,0.5059767365455627,0.8935890463397893,0.5014342069625854,0.6405054125777977,0.001778436457947388
deepcrack,deepcrack_0003,point,36,point,0.4519921541213989,0.9086987784200385,0.8390929698944092,0.7086146765691753,0.047475832438238455
deepcrack,deepcrack_0003,point,38,point,0.777760922908783,0.9541369654063931,0.8860977292060852,0.8665767393572721,0.0679902395740905
deepcrack,deepcrack_0003,point,39,point,0.43304333090782166,0.859755140923611,0.8522842526435852,0.6872026948472888,0.04479258605472198
deepcrack,deepcrack_0003,point,40,point,0.6008462309837341,0.9614567970377896,0.8984197378158569,0.8014533058106843,0.09226932668329177
deepcrack,deepcrack_0003,point,41,point,0.8081504106521606,0.9737702054937051,0.8766143918037415,0.8832333341345964,0.1474980922271885
deepcrack,deepcrack_0003,point,42,point,0.5569940209388733,0.9809661612595028,0.8717126846313477,0.7840639359742122,0.09792985090636061
deepcrack,deepcrack_0003,point,43,point,0.7872196435928345,0.9495646825955015,0.8193640112876892,0.8520764991674816,0.0323721135786101
deepcrack,deepcrack_0004,text,0,text,0.681640625,0.25,0.8880221247673035,0.5821617811918258,0.3995147016842706
deepcrack,deepcrack_0004,text,1,text,0.60986328125,0.25,0.8416798114776611,0.5418652653694153,0.09301283965362794
deepcrack,deepcrack_0004,text,2,text,0.5810546875,0.25,0.6796125173568726,0.48982500433921816,0.22442824830359387
deepcrack,deepcrack_0004,text,3,text,0.564453125,0.25,0.800159752368927,0.5133211880922317,0.36033557970017877
deepcrack,deepcrack_0004,text,4,text,0.53076171875,0.25,0.6729215383529663,0.4680350720882416,0.08940444192955156
deepcrack,deepcrack_0004,text,5,text,0.5224609375,0.25,0.6667658090591431,0.4631758272647858,0.1257723465604833
deepcrack,deepcrack_0004,text,6,text,0.515625,0.25,0.8303346037864685,0.5013336509466171,0.6494090441932169
deepcrack,deepcrack_0004,text,7,text,0.40771484375,0.25,0.6625391840934753,0.41622073352336886,0.10862750442960338
deepcrack,deepcrack_0004,text,8,text,0.385498046875,0.25,0.8148317933082581,0.4454071670770645,0.11192930780559647
deepcrack,deepcrack_0004,text,9,text,0.37255859375,0.25,0.7325330376625061,0.4196566969156265,0.3315815204106575
deepcrack,deepcrack_0004,text,10,text,0.370361328125,0.25,0.7114076018333435,0.4134964317083359,0.18535867237687367
deepcrack,deepcrack_0004,text,11,text,0.347900390625,0.25,0.8936658501625061,0.45007661879062655,0.2813953488372093
deepcrack,deepcrack_0004,text,12,text,0.3408203125,0.25,0.5255441665649414,0.35521416664123534,0.0
deepcrack,deepcrack_0004,text,13,text,0.292724609375,0.25,0.7347984313964844,0.3882894515991211,0.08792803250145095
deepcrack,deepcrack_0004,box,0,box,0.96826171875,0.648129489103068,0.8319785594940186,0.8221446485595785,0.6518928901200369
deepcrack,deepcrack_0004,box,1,box,0.29638671875,0.5012821460677483,0.7225033640861511,0.4746292796452497,0.17584833081467235
deepcrack,deepcrack_0004,box,2,box,0.265380859375,0.2940897931129129,0.43640780448913574,0.31818572246180343,9.237235295476064e-05
deepcrack,deepcrack_0004,box,3,box,0.2646484375,0.4486536343370585,0.6902488470077515,0.43545035876990834,0.22173407416978938
deepcrack,deepcrack_0004,box,4,box,0.260498046875,0.7819054660654639,0.8361040949821472,0.5868921556184491,0.09032642718736027
deepcrack,deepcrack_0004,point,0,point,0.8262346982955933,0.950885450865641,0.8212466239929199,0.8686154431194416,0.41491370010787487
deepcrack,deepcrack_0004,point,1,point,0.2924763858318329,0.1996388905890278,0.41815128922462463,0.29140198834504905,0.0013617531995430048
deepcrack,deepcrack_0005,text,0,text,0.80322265625,0.3149527067820487,0.7056542038917542,0.6079360608466555,0.2748318163830629
deepcrack,deepcrack_0005,text,1,text,0.734375,0.2687713310580205,0.5990405082702637,0.5375800929378731,0.07270486752926679
deepcrack,deepcrack_0005,text,2,text,0.6845703125,0.3140444810543657,0.5937194228172302,0.5321735490733356,0.17990610328638498
deepcrack,deepcrack_0005,text,3,text,0.64013671875,0.2743684210526316,0.6083512902259827,0.5041714574249168,0.11120263591433278
deepcrack,deepcrack_0005,text,4,text,0.56640625,0.36650821944939593,0.6813173294067383,0.5251697091589731,0.46118281641302256
deepcrack,deepcrack_0005,text,5,text,0.5634765625,0.2917434951854128,0.6042128801345825,0.47855406834854014,0.17345309381237525
deepcrack,deepcrack_0005,text,6,text,0.54931640625,0.30580543933054394,0.6163057088851929,0.4808348934869886,0.2196601941747573
deepcrack,deepcrack_0005,text,7,text,0.491943359375,0.4664676616915423,0.6504806280136108,0.5226611823454426,0.6832188765627751
deepcrack,deepcrack_0005,text,8,text,0.4345703125,0.3814483161378236,0.6192668676376343,0.46215175255764684,0.4216589861751152
deepcrack,deepcrack_0005,text,9,text,0.40478515625,0.3331270234241097,0.6020274758338928,0.4290153896569116,0.2667607621736062
deepcrack,deepcrack_0005,text,10,text,0.39599609375,0.3674835255354201,0.6154555678367615,0.4408815633965874,0.3577522255192878
deepcrack,deepcrack_0005,text,11,text,0.322509765625,0.31657413119473576,0.6040401458740234,0.39081488863666336,0.23992960500586624
deepcrack,deepcrack_0005,text,12,text,0.320556640625,0.28584135621598994,0.702055037021637,0.4037808901810057,0.16340407995054607
deepcrack,deepcrack_0005,text,13,text,0.270751953125,0.2821091065292096,0.6471709609031677,0.3688317087610153,0.1322365680966264
deepcrack,deepcrack_0005,box,0,box,0.9912109375,0.6980787925494598,0.6402708292007446,0.8008796596924971,0.6167675329298683
deepcrack,deepcrack_0005,point,0,point,0.5549982190132141,0.5545764322205246,0.5906535387039185,0.5637644235584488,0.016952789699570814
deepcrack,deepcrack_0006,text,0,text,0.78173828125,0.2961938841899805,0.5995181798934937,0.5662427169398666,0.17422334172963896
deepcrack,deepcrack_0006,text,1,text,0.7197265625,0.2755036433776254,0.7006748914718628,0.5594856230501346,0.13568813267284083
deepcrack,deepcrack_0006,text,2,text,0.63720703125,0.3893770747900801,0.6245446801185608,0.5473009587061682,0.44612914734213344
deepcrack,deepcrack_0006,text,3,text,0.61865234375,0.3098486463440631,0.6295809149742126,0.5133031924639753,0.2214916786521471
deepcrack,deepcrack_0006,text,4,text,0.59912109375,0.4553174282248281,0.6403735876083374,0.5591029342807742,0.6445924059744467
deepcrack,deepcrack_0006,text,5,text,0.463623046875,0.35086424957841483,0.6300530433654785,0.4657649669438148,0.36106655974338414
deepcrack,deepcrack_0006,text,6,text,0.407470703125,0.2795100222717149,0.5859890580177307,0.4073140535495329,0.13783962889330684
deepcrack,deepcrack_0006,text,7,text,0.380126953125,0.340885362288578,0.5990087985992432,0.4211128577008131,0.2999609679937549
deepcrack,deepcrack_0006,text,8,text,0.37158203125,0.29465020576131684,0.6482759714126587,0.41382937736962555,0.22984886649874056
deepcrack,deepcrack_0006,text,9,text,0.297607421875,0.38966423948220064,0.6344135403633118,0.4140288376595982,0.46130896886071227
deepcrack,deepcrack_0006,box,0,box,0.9912109375,0.47608866714762355,0.5933316946029663,0.7114483321524098,0.40094966761633427
deepcrack,deepcrack_0006,point,0,point,0.5456446409225464,0.7194687932891662,0.62345951795578,0.6259368135091717,0.42582368655387354
deepcrack,deepcrack_0007,text,0,text,0.92041015625,0.25,0.6052663326263428,0.6069806456565857,0.7054263565891473
deepcrack,deepcrack_0007,box,0,box,0.97265625,0.9593034697981061,0.6118443012237549,0.8777797897352759,0.7179056888739721
deepcrack,deepcrack_0007,point,0,point,0.7393545508384705,0.7917900028761473,0.6252772212028503,0.7291876266427524,0.7487852283770651
deepcrack,deepcrack_0007,point,1,point,0.7524089813232422,0.9638478110434303,0.6241797208786011,0.7943552566141477,0.7572721396250808
deepcrack,deepcrack_0008,text,0,text,0.94921875,0.25,0.632266640663147,0.6252541601657867,0.7312177121771217
deepcrack,deepcrack_0008,box,0,box,0.98046875,0.9287812375860746,0.6330126523971558,0.875514096254415,0.7394242068155111
deepcrack,deepcrack_0008,point,0,point,0.8203928470611572,0.9670173313833873,0.647777259349823,0.8285575196461041,0.8105941302791696
deepcrack,deepcrack_0008,point,1,point,0.7143659591674805,0.9900665879305734,0.6604509353637695,0.7973824232836353,0.7894270525694034
deepcrack,deepcrack_0008,point,2,point,0.4100874662399292,0.39641620415055157,0.6548164486885071,0.4664847701207915,0.768799764081392
deepcrack,deepcrack_0009,text,0,text,0.84375,0.4743814777666332,1.0,0.7535335172183216,0.6616674018526687
deepcrack,deepcrack_0009,text,1,text,0.8095703125,0.4904926534140017,1.0,0.7455005536949006,0.10750080827675396
deepcrack,deepcrack_0009,text,2,text,0.52587890625,0.2829557157569516,1.0,0.559386063014933,0.08542046773926024
deepcrack,deepcrack_0009,text,3,text,0.43505859375,0.29717698980368285,1.0,0.528035383931289,0.3225971370143149
deepcrack,deepcrack_0009,text,4,text,0.374755859375,0.40125,1.0,0.54033984375,0.42819682245873825
deepcrack,deepcrack_0009,text,5,text,0.345458984375,0.25,0.24203473329544067,0.2861922770738602,0.0
deepcrack,deepcrack_0009,text,6,text,0.315673828125,0.36814128943758573,1.0,0.505118982553155,0.36739269698910954
deepcrack,deepcrack_0009,box,0,box,0.9794921875,0.7780766255248899,1.0,0.9141236939337114,0.6560310123751305
deepcrack,deepcrack_0009,box,1,box,0.513671875,0.9766822464779885,1.0,0.797307536267296,0.11017224569385765
deepcrack,deepcrack_0009,point,0,point,0.4999393820762634,0.9715526195814217,1.0,0.790019169684003,0.5750071983875612
deepcrack,deepcrack_0009,point,1,point,0.7141030430793762,0.9287795372672075,1.0,0.8607140552752731,0.5637130801687764
deepcrack,deepcrack_0009,point,2,point,0.6889773011207581,0.9049587866610459,1.0,0.8423264957796692,0.5807334428024084
deepcrack,deepcrack_0009,point,3,point,0.5861029028892517,0.9888090418355336,1.0,0.8305243257981374,0.6354510451045104
deepcrack,deepcrack_0010,text,0,text,0.86962890625,0.25,1.0,0.6853515625000001,0.4438430311231394
deepcrack,deepcrack_0010,text,1,text,0.85205078125,0.25,1.0,0.6783203125,0.23911723020854425
deepcrack,deepcrack_0010,text,2,text,0.82080078125,0.25,0.5737589001655579,0.5592600375413895,0.05416826738378794
deepcrack,deepcrack_0010,text,3,text,0.71728515625,0.25,0.6968200206756592,0.5486190676689148,0.07156273478587528
deepcrack,deepcrack_0010,text,4,text,0.5126953125,0.25,0.5037145614624023,0.4185067653656006,0.0
deepcrack,deepcrack_0010,text,5,text,0.36962890625,0.25,1.0,0.4853515625,0.45775357935067557
deepcrack,deepcrack_0010,text,6,text,0.330078125,0.25,0.6622354388237,0.385090109705925,0.11329332605928351
deepcrack,deepcrack_0010,text,7,text,0.259033203125,0.25,1.0,0.44111328125,0.6394326807830604
deepcrack,deepcrack_0010,box,0,box,0.98583984375,0.37345554008271886,1.0,0.7750453765289516,0.3940526762956669
deepcrack,deepcrack_0010,box,1,box,0.279296875,0.8898792913170517,0.5993959903717041,0.5730254995538941,0.00017861927301955882
deepcrack,deepcrack_0010,box,2,box,0.260986328125,0.9197228758851015,0.3874080181121826,0.5231495423378312,0.0
deepcrack,deepcrack_0010,box,3,box,0.25390625,0.9386984556703986,0.4033617377281189,0.5309473939166691,0.0
deepcrack,deepcrack_0010,point,0,point,0.9525797963142395,0.9749243776968248,0.9008899927139282,0.9474779488980666,0.0058502039873758755
deepcrack,deepcrack_0010,point,1,point,0.7546489238739014,0.9724883696711497,1.0,0.8922304989344629,0.42799113737075334
deepcrack,deepcrack_0010,point,2,point,0.5545685291290283,0.3179925992109563,0.6479736566543579,0.49511823553903556,0.0571920428462127
deepcrack,deepcrack_0010,point,3,point,0.5591462850570679,0.5799815445333729,0.6338784694671631,0.5851216719762984,0.05641330166270784
deepcrack,deepcrack_0010,point,4,point,0.7844763398170471,0.985834539842298,0.9045079350471497,0.8849596086334106,0.020543597437820995
deepcrack,deepcrack_0010,point,5,point,0.5909630060195923,0.7595140316168518,0.745337724685669,0.6885495446451523,0.04170616113744076
deepcrack,deepcrack_0010,point,6,point,0.7567470669746399,0.674038938453543,0.7839789390563965,0.7346071900126951,0.039450441609421
deepcrack,deepcrack_0011,text,0,text,0.87939453125,0.25,0.9023711085319519,0.664850589632988,0.7216721672167217
deepcrack,deepcrack_0011,text,1,text,0.366455078125,0.25,0.8410865068435669,0.4443536579608917,0.27159855147439216
deepcrack,deepcrack_0011,text,2,text,0.2861328125,0.25,1.0,0.451953125,0.20337197049525815
deepcrack,deepcrack_0011,text,3,text,0.272705078125,0.25,0.9463111758232117,0.43315982520580293,0.30589123867069484
deepcrack,deepcrack_0011,box,0,box,0.9814453125,0.8817355506126605,0.9037424325942993,0.927121175863006,0.7332020135697089
deepcrack,deepcrack_0011,point,0,point,0.6793997287750244,0.9460585476099788,0.8637595772743225,0.818820277492083,0.7038693369628621
deepcrack,deepcrack_0012,text,0,text,0.72998046875,0.25,0.5953750610351562,0.5283359527587891,0.15247163570037406
deepcrack,deepcrack_0012,text,1,text,0.72509765625,0.25,0.7557978630065918,0.566488528251648,0.06930420414907289
deepcrack,deepcrack_0012,text,2,text,0.66796875,0.25,0.7824246883392334,0.5502936720848084,0.08260614843822268
deepcrack,deepcrack_0012,text,3,text,0.6083984375,0.25,0.6001383662223816,0.4808939665555954,0.10212976414948534
deepcrack,deepcrack_0012,text,4,text,0.6015625,0.25,0.5924151539802551,0.4762287884950638,0.013276257832371735
deepcrack,deepcrack_0012,text,5,text,0.55810546875,0.25,0.6051005721092224,0.46201733052730565,0.16205106014712245
deepcrack,deepcrack_0012,text,6,text,0.55322265625,0.25,0.6438359618186951,0.4697480529546738,0.05725699067909454
deepcrack,deepcrack_0012,text,7,text,0.5283203125,0.25,0.552123486995697,0.43685899674892426,0.058418817987417486
deepcrack,deepcrack_0012,text,8,text,0.5029296875,0.25,0.5874279141426086,0.4355288535356522,0.11883366385721368
deepcrack,deepcrack_0012,text,9,text,0.49267578125,0.25,0.6542052030563354,0.44812161326408384,0.06741712407355722
deepcrack,deepcrack_0012,text,10,text,0.439697265625,0.25,0.5365737080574036,0.39752233326435094,0.10806786811005305
deepcrack,deepcrack_0012,text,11,text,0.40380859375,0.25,0.5487423539161682,0.38620902597904205,0.016227117592305305
deepcrack,deepcrack_0012,text,12,text,0.3759765625,0.25,0.7639259696006775,0.4288721174001694,0.04851301115241636
deepcrack,deepcrack_0012,text,13,text,0.359375,0.25,0.7771313786506653,0.42553284466266633,0.03664905287228454
deepcrack,deepcrack_0012,text,14,text,0.354248046875,0.25,0.5171537399291992,0.3584876537322998,0.018507628980842437
deepcrack,deepcrack_0012,text,15,text,0.339599609375,0.25,0.768877387046814,0.4155591905117035,0.1191690624130576
deepcrack,deepcrack_0012,text,16,text,0.312255859375,0.25,0.5597291588783264,0.3523346334695816,0.0324451750984832
deepcrack,deepcrack_0012,text,17,text,0.3095703125,0.25,0.7772398591041565,0.4056380897760391,0.06247687183915135
deepcrack,deepcrack_0012,text,18,text,0.303466796875,0.25,0.7897667288780212,0.4063284009695053,0.06294028978373889
deepcrack,deepcrack_0012,text,19,text,0.29052734375,0.25,0.5180881023406982,0.3332329630851746,0.026050550472941542
deepcrack,deepcrack_0012,text,20,text,0.287841796875,0.25,0.7791221737861633,0.39741726219654083,0.11484947361940528
deepcrack,deepcrack_0012,text,21,text,0.2841796875,0.25,0.8190814256668091,0.40594223141670227,0.02112676056338028
deepcrack,deepcrack_0012,text,22,text,0.267578125,0.25,0.7220662236213684,0.3750478059053421,0.06976024748646559
deepcrack,deepcrack_0012,text,23,text,0.256591796875,0.25,0.7809317708015442,0.38536966145038604,0.09323025748429223
deepcrack,deepcrack_0012,box,0,box,0.98681640625,0.3617757092626063,0.59407639503479,0.6698671595006098,0.4116575591985428
deepcrack,deepcrack_0012,point,0,point,0.8578470349311829,0.9700011628756429,0.5816258788108826,0.8280456906816688,0.1785626836434868
deepcrack,deepcrack_0012,point,1,point,0.8595372438430786,0.9860747101713896,0.5808348655700684,0.8341497624897349,0.005911578723630373
deepcrack,deepcrack_0013,text,0,text,0.71923828125,0.25,0.919931173324585,0.6051781058311463,0.06919739696312364
deepcrack,deepcrack_0013,text,1,text,0.712890625,0.25,0.9441591501235962,0.6086960375308991,0.07022792022792022
deepcrack,deepcrack_0013,text,2,text,0.7099609375,0.25,0.7622248530387878,0.5620405882596969,0.06919012810306145
deepcrack,deepcrack_0013,text,3,text,0.650390625,0.25,0.7644661068916321,0.538772776722908,0.1083279811603511
deepcrack,deepcrack_0013,text,4,text,0.62353515625,0.25,0.9925369024276733,0.5850482881069183,0.3069042637616334
deepcrack,deepcrack_0013,text,5,text,0.60791015625,0.25,0.8843665719032288,0.5517557054758072,0.2197962154294032
deepcrack,deepcrack_0013,text,6,text,0.5302734375,0.25,0.9035507440567017,0.5254970610141754,0.16321627923408466
deepcrack,deepcrack_0013,text,7,text,0.51318359375,0.25,1.0,0.5427734375,0.07837915647041889
deepcrack,deepcrack_0013,text,8,text,0.46826171875,0.25,0.785865306854248,0.471271014213562,0.14584949573312644
deepcrack,deepcrack_0013,text,9,text,0.462890625,0.25,0.9010633230209351,0.4979220807552338,0.3383023373616036
deepcrack,deepcrack_0013,text,10,text,0.458740234375,0.25,0.9032994508743286,0.49682095646858215,0.12508054700365145
deepcrack,deepcrack_0013,text,11,text,0.42236328125,0.25,0.8766647577285767,0.4756115019321442,0.5017726647854713
deepcrack,deepcrack_0013,text,12,text,0.40234375,0.25,0.8373032212257385,0.4577633053064346,0.03618421052631579
deepcrack,deepcrack_0013,text,13,text,0.4013671875,0.25,0.7520508766174316,0.4360595941543579,0.019327852300591374
deepcrack,deepcrack_0013,text,14,text,0.384033203125,0.25,0.5854743719100952,0.3874818742275238,0.012595876433748505
deepcrack,deepcrack_0013,text,15,text,0.366455078125,0.25,0.850051760673523,0.4465949714183807,0.03327583728618658
deepcrack,deepcrack_0013,text,16,text,0.359375,0.25,1.0,0.48125,0.23509369676320271
deepcrack,deepcrack_0013,text,17,text,0.313232421875,0.25,1.0,0.46279296875,0.10081821415866239
deepcrack,deepcrack_0013,text,18,text,0.31005859375,0.25,0.786525309085846,0.4081547647714615,0.009672727272727272
deepcrack,deepcrack_0013,text,19,text,0.306396484375,0.25,0.9432055354118347,0.4458599776029587,0.03485002173598029
deepcrack,deepcrack_0013,text,20,text,0.28857421875,0.25,0.9014931321144104,0.4283029705286026,0.1947239792984474
deepcrack,deepcrack_0013,text,21,text,0.2783203125,0.25,1.0,0.448828125,0.12880016928828383
deepcrack,deepcrack_0013,box,0,box,0.99267578125,0.2673482208771267,0.8405141234397888,0.7007707206669416,0.3925637699956766
deepcrack,deepcrack_0013,point,0,point,0.6836504936218262,0.15204511568058038,0.8575787544250488,0.5410706765431958,0.0941987363584147
deepcrack,deepcrack_0013,point,1,point,0.35348984599113464,0.9634406549062984,0.8665375113487244,0.6952345454508393,0.07465818329497767
deepcrack,deepcrack_0013,point,2,point,0.9318544864654541,0.9957767705304432,0.8187072277069092,0.9259404711985642,0.00774146724996472
deepcrack,deepcrack_0014,text,0,text,0.6796875,0.25,0.9122051000595093,0.5874262750148773,0.039978094194961664
deepcrack,deepcrack_0014,text,1,text,0.63427734375,0.25,0.8549039363861084,0.5549369215965271,0.0553647000248942
deepcrack,deepcrack_0014,text,2,text,0.6337890625,0.25,0.8096991181373596,0.54344040453434,0.09540212670360941
deepcrack,deepcrack_0014,text,3,text,0.63232421875,0.25,0.6844115853309631,0.5115325838327408,0.014746772591857001
deepcrack,deepcrack_0014,text,4,text,0.62890625,0.25,0.8079681396484375,0.5410545349121094,0.07478020349698707
deepcrack,deepcrack_0014,text,5,text,0.56591796875,0.25,0.9997701644897461,0.5638097286224365,0.06370311569755904
deepcrack,deepcrack_0014,text,6,text,0.5615234375,0.25,0.7773929834365845,0.5064576208591461,0.15532919254658384
deepcrack,deepcrack_0014,text,7,text,0.52392578125,0.25,0.8427883386611938,0.5077673971652985,0.04679522133544837
deepcrack,deepcrack_0014,text,8,text,0.52392578125,0.25,0.757578432559967,0.4864649206399918,0.04763322417386127
deepcrack,deepcrack_0014,text,9,text,0.50341796875,0.25,0.9013053178787231,0.5141935169696807,0.01476161978854977
deepcrack,deepcrack_0014,text,10,text,0.50341796875,0.25,0.9095985889434814,0.5162668347358703,0.12705280755236503
deepcrack,deepcrack_0014,text,11,text,0.48828125,0.25,0.6497725248336792,0.4452556312084198,0.13697880386108072
deepcrack,deepcrack_0014,text,12,text,0.464599609375,0.25,0.6585190892219543,0.43796961605548856,0.07857462352765768
deepcrack,deepcrack_0014,text,13,text,0.456298828125,0.25,0.8290619850158691,0.4772850275039673,0.015572307081928189
deepcrack,deepcrack_0014,text,14,text,0.43603515625,0.25,0.7443115711212158,0.447991955280304,0.16316446219116545
deepcrack,deepcrack_0014,text,15,text,0.428466796875,0.25,0.9180130958557129,0.48838999271392824,0.024094006122247456
deepcrack,deepcrack_0014,text,16,text,0.415283203125,0.25,0.7444174289703369,0.4397176384925843,0.009835576970840991
deepcrack,deepcrack_0014,text,17,text,0.41162109375,0.25,0.8244066834449768,0.45825010836124425,0.019726328405912905
deepcrack,deepcrack_0014,text,18,text,0.408935546875,0.25,0.7900111675262451,0.4485770106315613,0.0550153785097728
deepcrack,deepcrack_0014,text,19,text,0.399658203125,0.25,0.8108339905738831,0.4500717788934708,0.055464194946927795
deepcrack,deepcrack_0014,text,20,text,0.377197265625,0.25,0.7789880633354187,0.4331259220838547,0.03764917361561891
deepcrack,deepcrack_0014,text,21,text,0.361572265625,0.25,0.8401350378990173,0.4421626657247543,0.029333998503367424
deepcrack,deepcrack_0014,text,22,text,0.359375,0.25,0.9293279051780701,0.46358197629451753,0.11089225920819382
deepcrack,deepcrack_0014,text,23,text,0.359375,0.25,0.7777709364891052,0.4256927341222763,0.01102922993224195
deepcrack,deepcrack_0014,text,24,text,0.358154296875,0.25,1.0,0.48076171875,0.023708721422523286
deepcrack,deepcrack_0014,text,25,text,0.3564453125,0.25,0.8018305897712708,0.4305357724428177,0.058524426719840476
deepcrack,deepcrack_0014,text,26,text,0.355224609375,0.25,0.6737979054450989,0.39803932011127474,0.1065268181140329
deepcrack,deepcrack_0014,text,27,text,0.3544921875,0.25,0.8363156318664551,0.4383757829666138,0.10192052654845522
deepcrack,deepcrack_0014,text,28,text,0.349853515625,0.25,0.9602568745613098,0.46750562489032743,0.09481057616416733
deepcrack,deepcrack_0014,text,29,text,0.337646484375,0.25,0.8958058953285217,0.4465100675821304,0.07591053048297704
deepcrack,deepcrack_0014,text,30,text,0.330810546875,0.25,0.8297213315963745,0.42725455164909365,0.18294990538790956
deepcrack,deepcrack_0014,text,31,text,0.32958984375,0.25,0.7890328764915466,0.4165941566228867,0.02276108301100863
deepcrack,deepcrack_0014,text,32,text,0.3251953125,0.25,0.7952502965927124,0.4163906991481781,0.006088128150107291
deepcrack,deepcrack_0014,text,33,text,0.318359375,0.25,0.7928347587585449,0.41305243968963623,0.06474712815157392
deepcrack,deepcrack_0014,text,34,text,0.31396484375,0.25,0.5407311320304871,0.34826872050762175,0.055081999900304074
deepcrack,deepcrack_0014,text,35,text,0.3076171875,0.25,0.9355120658874512,0.4444248914718628,0.059571088165210485
deepcrack,deepcrack_0014,text,36,text,0.30615234375,0.25,0.8086274862289429,0.4121178090572357,0.10106277314263011
deepcrack,deepcrack_0014,text,37,text,0.29638671875,0.25,0.7900207042694092,0.4035598635673523,0.008355013007804684
deepcrack,deepcrack_0014,text,38,text,0.291748046875,0.25,0.7656906247138977,0.39562187492847445,0.03510526578986848
deepcrack,deepcrack_0014,text,39,text,0.280517578125,0.25,0.8231690526008606,0.40549929440021515,0.04216146093204271
deepcrack,deepcrack_0014,text,40,text,0.27734375,0.25,0.8019593358039856,0.3989273339509964,0.06490348831439488
deepcrack,deepcrack_0014,text,41,text,0.27587890625,0.25,0.7224916219711304,0.3784744679927826,0.13666915608663183
deepcrack,deepcrack_0014,text,42,text,0.264892578125,0.25,0.8026261329650879,0.394113564491272,0.034934497816593885
deepcrack,deepcrack_0014,text,43,text,0.263916015625,0.25,0.6285344362258911,0.35020001530647277,0.06091244147823489
deepcrack,deepcrack_0014,text,44,text,0.257080078125,0.25,0.7860670685768127,0.38684879839420316,0.020209059233449476
deepcrack,deepcrack_0014,text,45,text,0.256103515625,0.25,0.7386680245399475,0.3746084123849869,0.1300493101558998
deepcrack,deepcrack_0014,text,46,text,0.251220703125,0.25,0.8821249604225159,0.40851952135562897,0.01051163254122453
deepcrack,deepcrack_0014,box,0,box,0.98876953125,0.16778360884975216,0.9910197854042053,0.7019870219484645,0.00025017512258581004
deepcrack,deepcrack_0014,point,0,point,0.9297250509262085,0.9949539750051317,0.868007481098175,0.9371257818968233,0.03552064078866297
deepcrack,deepcrack_0014,point,1,point,0.8672665357589722,0.7861130415689787,0.7712626457214355,0.8148618402830903,0.01815648355360385
deepcrack,deepcrack_0014,point,2,point,0.9288162589073181,0.9697245353120529,0.6501750946044922,0.8734738645732688,0.048237407379687146
deepcrack,deepcrack_0014,point,3,point,0.9061251878738403,0.9750054545149365,0.6517188549041748,0.8666316979558075,0.06731200478397369
deepcrack,deepcrack_0014,point,4,point,0.510591983795166,0.5233518994471609,0.8151646852493286,0.5912011296369049,0.04387224560534786
deepcrack,deepcrack_0014,point,5,point,0.861665666103363,0.9859082785223162,0.7483287453651428,0.8768163502654416,0.0036910544960862095
deepcrack,deepcrack_0015,text,0,text,0.61328125,0.25,0.8562623858451843,0.546878096461296,0.04825737265415549
deepcrack,deepcrack_0015,text,1,text,0.5615234375,0.25,0.8426608443260193,0.5227745860815048,0.22277476391400441
deepcrack,deepcrack_0015,text,2,text,0.5615234375,0.25,0.7318618297576904,0.49507483243942263,0.2864588604392268
deepcrack,deepcrack_0015,text,3,text,0.492919921875,0.25,0.8693771958351135,0.5020122677087784,0.04759511484143338
deepcrack,deepcrack_0015,text,4,text,0.491943359375,0.25,0.744179904460907,0.47032231986522677,0.21765123112777385
deepcrack,deepcrack_0015,text,5,text,0.482421875,0.25,0.7973833680152893,0.47981459200382237,0.06053268765133172
deepcrack,deepcrack_0015,text,6,text,0.48193359375,0.25,0.9941819906234741,0.5288189351558685,0.03948692152917505
deepcrack,deepcrack_0015,text,7,text,0.472900390625,0.25,0.7793037295341492,0.4714860886335373,0.08680502954097864
deepcrack,deepcrack_0015,text,8,text,0.442626953125,0.25,0.7238631248474121,0.445516562461853,0.1889950943205381
deepcrack,deepcrack_0015,text,9,text,0.441162109375,0.25,0.4961819052696228,0.3880103200674057,0.05972032914331869
deepcrack,deepcrack_0015,text,10,text,0.43701171875,0.25,0.7018492221832275,0.4377669930458069,0.11896342695494039
deepcrack,deepcrack_0015,text,11,text,0.428466796875,0.25,0.5626336336135864,0.39954512715339663,0.04830062714950435
deepcrack,deepcrack_0015,text,12,text,0.42724609375,0.25,0.7421148419380188,0.4439271479845047,0.09276166456494325
deepcrack,deepcrack_0015,text,13,text,0.412841796875,0.25,1.0,0.50263671875,0.03663151521267471
deepcrack,deepcrack_0015,text,14,text,0.40771484375,0.25,0.8006741404533386,0.4507544726133347,0.11644251188188896
deepcrack,deepcrack_0015,text,15,text,0.4013671875,0.25,0.9768509864807129,0.4922596216201782,0.006059687926071807
deepcrack,deepcrack_0015,text,16,text,0.3974609375,0.25,0.7880762815475464,0.4435034453868866,0.12614794631143406
deepcrack,deepcrack_0015,text,17,text,0.3798828125,0.25,0.7517552375793457,0.42739193439483647,0.1310978689021311
deepcrack,deepcrack_0015,text,18,text,0.36767578125,0.25,1.0,0.4845703125,0.01873228027541515
deepcrack,deepcrack_0015,text,19,text,0.34765625,0.25,0.8449654579162598,0.43780386447906494,0.08030775419893392
deepcrack,deepcrack_0015,text,20,text,0.3359375,0.25,0.9868218898773193,0.4685804724693298,0.04327720532797185
deepcrack,deepcrack_0015,text,21,text,0.3349609375,0.25,0.964367687702179,0.46257629692554475,0.034171209368059764
deepcrack,deepcrack_0015,text,22,text,0.334228515625,0.25,0.5985387563705444,0.3708260953426361,0.0949870748644128
deepcrack,deepcrack_0015,text,23,text,0.327880859375,0.25,0.8155922889709473,0.4225504159927368,0.1798723810480832
deepcrack,deepcrack_0015,text,24,text,0.3017578125,0.25,1.0,0.458203125,0.043504471013764694
deepcrack,deepcrack_0015,text,25,text,0.29150390625,0.25,0.9991552829742432,0.4538903832435608,0.03125630167372454
deepcrack,deepcrack_0015,text,26,text,0.26953125,0.25,0.949728786945343,0.43274469673633575,0.02558268871024824
deepcrack,deepcrack_0015,text,27,text,0.2646484375,0.25,0.736523449420929,0.37749023735523224,0.1355066969926712
deepcrack,deepcrack_0015,text,28,text,0.2607421875,0.25,0.8234465718269348,0.3976585179567337,0.010088781275221953
deepcrack,deepcrack_0015,box,0,box,0.98291015625,0.36509995165927434,0.6584197878837585,0.6855539925516857,0.23555623069522508
deepcrack,deepcrack_0015,box,1,box,0.341796875,0.38805026088159844,0.44973981380462646,0.38497129475971603,0.05451046427712292
deepcrack,deepcrack_0015,point,0,point,0.9282618761062622,0.9963802048696027,0.6103049516677856,0.8726140600638121,0.003144493301973617
deepcrack,deepcrack_0015,point,1,point,0.2880111038684845,0.5844832531766834,0.9286524653434753,0.5519366964951018,0.021845947187952915
deepcrack,deepcrack_0015,point,2,point,0.9189498424530029,0.9769160316250651,0.7193179726600647,0.88933004121499,0.05318826294639472
deepcrack,deepcrack_0015,point,3,point,0.5587531328201294,0.4751776952001777,0.582055926322937,0.5353274280288483,0.147151051625239
deepcrack,deepcrack_0016,text,0,text,0.7783203125,0.25,0.8886438012123108,0.6209890753030777,0.08227223605694686
deepcrack,deepcrack_0016,text,1,text,0.64306640625,0.25,0.9053131341934204,0.5710548460483551,0.06849830636055702
deepcrack,deepcrack_0016,text,2,text,0.5595703125,0.25,0.5985243320465088,0.4609592080116272,0.06671710246347345
deepcrack,deepcrack_0016,text,3,text,0.5283203125,0.25,0.9492881894111633,0.5361501723527908,0.06031164930066648
deepcrack,deepcrack_0016,text,4,text,0.48193359375,0.25,0.6750438213348389,0.4490343928337097,0.1273675800159797
deepcrack,deepcrack_0016,text,5,text,0.457763671875,0.25,0.7694364786148071,0.4629645884037018,0.16733500023588244
deepcrack,deepcrack_0016,text,6,text,0.457763671875,0.25,1.0,0.52060546875,0.03625990192380234
deepcrack,deepcrack_0016,text,7,text,0.42724609375,0.0,0.0,0.1708984375,0.0
deepcrack,deepcrack_0016,text,8,text,0.423583984375,0.25,0.6102129817008972,0.4094868391752243,0.06962621222107146
deepcrack,deepcrack_0016,text,9,text,0.40966796875,0.25,0.6386365294456482,0.411026319861412,0.13459724580267873
deepcrack,deepcrack_0016,text,10,text,0.409423828125,0.25,0.9064740538597107,0.4778880447149277,0.12106104787884489
deepcrack,deepcrack_0016,text,11,text,0.353271484375,0.25,0.7342516779899597,0.41237151324748994,0.13456626619998108
deepcrack,deepcrack_0016,text,12,text,0.34814453125,0.25,0.5519760847091675,0.36475183367729186,0.048982278004982845
deepcrack,deepcrack_0016,text,13,text,0.34228515625,0.25,0.6248162388801575,0.3806181222200394,0.0723941406433988
deepcrack,deepcrack_0016,text,14,text,0.3251953125,0.25,0.5909508466720581,0.36531583666801454,0.132770493349684
deepcrack,deepcrack_0016,text,15,text,0.309326171875,0.25,0.6368478536605835,0.3704424321651459,0.09371893785203768
deepcrack,deepcrack_0016,text,16,text,0.28857421875,0.25,0.5915257334709167,0.3508111208677292,0.11812848897719747
deepcrack,deepcrack_0016,text,17,text,0.284912109375,0.25,0.674827516078949,0.37017172276973725,0.033653393579967994
deepcrack,deepcrack_0016,text,18,text,0.28466796875,0.25,0.6888018250465393,0.3735676437616348,0.08108491234702074
deepcrack,deepcrack_0016,text,19,text,0.27392578125,0.25,0.9406126737594604,0.4322234809398651,0.060141509433962265
deepcrack,deepcrack_0016,text,20,text,0.272705078125,0.25,0.6913225054740906,0.36941265761852266,0.13443474156242624
deepcrack,deepcrack_0016,text,21,text,0.27197265625,0.25,0.9405227899551392,0.4314197599887848,0.04774962178517398
deepcrack,deepcrack_0016,text,22,text,0.264892578125,0.25,0.8332788348197937,0.40177673995494845,0.03068181818181818
deepcrack,deepcrack_0016,text,23,text,0.25390625,0.25,0.8433973789215088,0.3999118447303772,0.008996212121212122
deepcrack,deepcrack_0016,box,0,box,0.9814453125,0.342609542795798,0.628768265247345,0.6696835312903655,0.2154980851969174
deepcrack,deepcrack_0016,point,0,point,0.3452055752277374,0.3169253714815692,0.6744870543479919,0.41762787369664217,0.18818198631403735
deepcrack,deepcrack_0016,point,1,point,0.9072479009628296,0.9948940543864129,0.6763123869895935,0.8801901761677747,0.06470927716058289
deepcrack,deepcrack_0016,point,2,point,0.4350942373275757,0.5642565783574032,0.6047991514205933,0.5227272852112697,0.0980975242735839
deepcrack,deepcrack_0016,point,3,point,0.7534107565879822,0.9684511820711649,0.8655442595481873,0.8567082812471474,0.08988869142269199
deepcrack,deepcrack_0016,point,4,point,0.47858351469039917,0.7437575810534102,0.6727607846260071,0.619938755401355,0.13207901280908366
deepcrack,deepcrack_0017,text,0,text,0.63232421875,0.25,1.0,0.5904296875,0.026713984868574993
deepcrack,deepcrack_0017,text,1,text,0.62744140625,0.25,0.5375410318374634,0.47286182045936587,0.0420102080879466
deepcrack,deepcrack_0017,text,2,text,0.58837890625,0.25,0.7159997224807739,0.5018514931201935,0.022520233021855574
deepcrack,deepcrack_0017,text,3,text,0.5673828125,0.25,0.9317783713340759,0.547397717833519,0.05298271624205064
deepcrack,deepcrack_0017,text,4,text,0.55419921875,0.25,0.8618630170822144,0.5246454417705536,0.06883873743497478
deepcrack,deepcrack_0017,text,5,text,0.52392578125,0.25,0.8447040319442749,0.5082463204860688,0.08146734685930138
deepcrack,deepcrack_0017,text,6,text,0.49853515625,0.25,0.8779670000076294,0.5064058125019073,0.03798904538341158
deepcrack,deepcrack_0017,text,7,text,0.485595703125,0.25,0.6037217974662781,0.4326687306165695,0.06950321266259207
deepcrack,deepcrack_0017,text,8,text,0.45263671875,0.25,0.9467421770095825,0.5052402317523956,0.0351804022853565
deepcrack,deepcrack_0017,text,9,text,0.44140625,0.0,0.0,0.1765625,0.0
deepcrack,deepcrack_0017,text,10,text,0.441162109375,0.25,0.7351219058036804,0.4477453202009201,0.03180184403813096
deepcrack,deepcrack_0017,text,11,text,0.431396484375,0.25,0.6220979690551758,0.41558308601379396,0.021040759178593653
deepcrack,deepcrack_0017,text,12,text,0.427490234375,0.25,0.542780339717865,0.3941911786794663,0.04819135609145005
deepcrack,deepcrack_0017,text,13,text,0.426513671875,0.25,0.6837446093559265,0.42904162108898164,0.09607466373867692
deepcrack,deepcrack_0017,text,14,text,0.424560546875,0.25,0.8414908647537231,0.4676969349384308,0.06509223358007285
deepcrack,deepcrack_0017,text,15,text,0.41943359375,0.25,0.8809788823127747,0.47551815807819364,0.07211875633133329
deepcrack,deepcrack_0017,text,16,text,0.4189453125,0.25,0.7613748908042908,0.44542184770107274,0.0313333075764015
deepcrack,deepcrack_0017,text,17,text,0.41162109375,0.25,0.56746906042099,0.39401570260524754,0.0628343812238841
deepcrack,deepcrack_0017,text,18,text,0.410400390625,0.25,0.5534390211105347,0.3900199115276337,0.0808932614976185
deepcrack,deepcrack_0017,text,19,text,0.402587890625,0.25,0.8306280970573425,0.45619218051433563,0.047457362525855674
deepcrack,deepcrack_0017,text,20,text,0.388916015625,0.25,0.6746216416358948,0.41172181665897367,0.0980591641884489
deepcrack,deepcrack_0017,text,21,text,0.378173828125,0.25,0.8181009292602539,0.4432947635650635,0.05479558225150165
deepcrack,deepcrack_0017,text,22,text,0.3759765625,0.25,0.5732529163360596,0.3812038540840149,0.051109458771964156
deepcrack,deepcrack_0017,text,23,text,0.363037109375,0.25,1.0,0.48271484375,0.026016827575510836
deepcrack,deepcrack_0017,text,24,text,0.359619140625,0.25,0.8463624119758606,0.4429382592439651,0.06023199310290775
deepcrack,deepcrack_0017,text,25,text,0.351318359375,0.25,0.7638087868690491,0.41897954046726227,0.02965339175338393
deepcrack,deepcrack_0017,text,26,text,0.3505859375,0.25,0.633151113986969,0.38602215349674224,0.06644986874583708
deepcrack,deepcrack_0017,text,27,text,0.346435546875,0.25,0.9388034343719482,0.46077507734298706,0.0574245939675174
deepcrack,deepcrack_0017,text,28,text,0.332763671875,0.25,0.8875354528427124,0.4424893319606781,0.00868369351669941
deepcrack,deepcrack_0017,text,29,text,0.32373046875,0.25,0.5467700362205505,0.3536846965551376,0.04690255084048431
deepcrack,deepcrack_0017,text,30,text,0.318115234375,0.25,0.551914632320404,0.352724751830101,0.07154611707546431
deepcrack,deepcrack_0017,text,31,text,0.31201171875,0.25,0.6553192138671875,0.37613449096679685,0.05799428280534127
deepcrack,deepcrack_0017,text,32,text,0.310791015625,0.25,0.8139958381652832,0.4153153657913208,0.03312661904388099
deepcrack,deepcrack_0017,text,33,text,0.2841796875,0.25,1.0,0.451171875,0.013556030297145076
deepcrack,deepcrack_0017,text,34,text,0.277587890625,0.0,0.0,0.11103515625,0.0
deepcrack,deepcrack_0017,text,35,text,0.2666015625,0.25,0.6056452989578247,0.3455519497394562,0.0418915747477118
deepcrack,deepcrack_0017,text,36,text,0.265380859375,0.25,0.9471463561058044,0.4304389327764511,0.04168131567639361
deepcrack,deepcrack_0017,text,37,text,0.263427734375,0.25,0.5915581583976746,0.34076063334941864,0.05637504903883876
deepcrack,deepcrack_0017,text,38,text,0.26318359375,0.25,0.7779229879379272,0.3872541844844818,0.07351275340807
deepcrack,deepcrack_0017,text,39,text,0.2548828125,0.25,0.5456687211990356,0.3258703052997589,0.05347719010202885
deepcrack,deepcrack_0017,text,40,text,0.251953125,0.25,0.7952117919921875,0.3870841979980469,0.08832598259240466
deepcrack,deepcrack_0017,text,41,text,0.251953125,0.25,0.21612240374088287,0.24231185093522073,7.858546168958742e-05
deepcrack,deepcrack_0017,text,42,text,0.251220703125,0.25,0.8953983187675476,0.4118378609418869,0.06957324816254282
deepcrack,deepcrack_0017,box,0,box,0.98876953125,0.0012037833190025795,0.7520773410797119,0.5839484719315788,0.000825147347740668
deepcrack,deepcrack_0017,point,0,point,0.3576519787311554,0.5287872806584687,0.7087056040763855,0.5053127407420226,0.06492031794510357
deepcrack,deepcrack_0017,point,1,point,0.9463565945625305,0.9955646884847459,0.753850519657135,0.915452908708957,0.0036694041586580466
deepcrack,deepcrack_0017,point,2,point,0.8230814933776855,0.8620024891623285,1.0,0.8809334685578891,0.01876841941988522
deepcrack,deepcrack_0017,point,3,point,0.8117358088493347,0.18949096979175567,0.6856695413589478,0.5624335483065853,0.0693996526916398
deepcrack,deepcrack_0017,point,4,point,0.6224938631057739,0.8968901120772974,0.6141388416290283,0.7164437948766207,0.06258051922701542
deepcrack,deepcrack_0018,text,0,text,0.56396484375,0.25,0.7083184719085693,0.49016555547714236,0.06703474429758519
deepcrack,deepcrack_0018,text,1,text,0.552734375,0.25,0.6815512180328369,0.47898155450820923,0.23478155633547138
deepcrack,deepcrack_0018,text,2,text,0.53125,0.25,0.9589051008224487,0.5397262752056122,0.08886631207792985
deepcrack,deepcrack_0018,text,3,text,0.51806640625,0.25,0.6867730021476746,0.46641981303691865,0.020076150917272412
deepcrack,deepcrack_0018,text,4,text,0.50634765625,0.25,0.8279651999473572,0.4970303624868393,0.04600844082506093
deepcrack,deepcrack_0018,text,5,text,0.44482421875,0.25,0.906603991985321,0.4920806854963303,0.15275847483231617
deepcrack,deepcrack_0018,text,6,text,0.426025390625,0.25,0.846657395362854,0.4695745050907135,0.04369337148307106
deepcrack,deepcrack_0018,text,7,text,0.4169921875,0.25,0.7935407161712646,0.45268205404281614,0.15844516987063234
deepcrack,deepcrack_0018,text,8,text,0.412841796875,0.25,0.8876714706420898,0.4745545864105225,0.057091237579042456
deepcrack,deepcrack_0018,text,9,text,0.38330078125,0.25,0.6284520030021667,0.3979333132505417,0.05120135568601344
deepcrack,deepcrack_0018,text,10,text,0.38232421875,0.25,0.7965741157531738,0.4395732164382935,0.10863843024647045
deepcrack,deepcrack_0018,text,11,text,0.376220703125,0.25,0.7850367426872253,0.4342474669218064,0.07739864463202949
deepcrack,deepcrack_0018,text,12,text,0.37451171875,0.25,0.7691192626953125,0.4295845031738281,0.041893264806071834
deepcrack,deepcrack_0018,text,13,text,0.36328125,0.25,0.635293185710907,0.3916357964277267,0.07063977913815868
deepcrack,deepcrack_0018,text,14,text,0.358154296875,0.25,0.6787856221199036,0.4004581242799759,0.042753055940266155
deepcrack,deepcrack_0018,text,15,text,0.35107421875,0.25,0.8577957153320312,0.4423786163330078,0.10698806625898
deepcrack,deepcrack_0018,text,16,text,0.341064453125,0.25,0.7083976864814758,0.40102520287036897,0.028788484606157537
deepcrack,deepcrack_0018,text,17,text,0.326171875,0.25,0.7564511299133301,0.4070815324783325,0.04802160385112129
deepcrack,deepcrack_0018,text,18,text,0.323974609375,0.25,0.7659870982170105,0.40858661830425264,0.039010294383240024
deepcrack,deepcrack_0018,text,19,text,0.29541015625,0.25,0.9423709511756897,0.44125680029392245,0.048694007800496396
deepcrack,deepcrack_0018,text,20,text,0.29443359375,0.25,0.7775591611862183,0.39966322779655455,0.10730484602530437
deepcrack,deepcrack_0018,text,21,text,0.292236328125,0.25,0.815839946269989,0.40835451781749726,0.046200395670894914
deepcrack,deepcrack_0018,text,22,text,0.28759765625,0.25,0.9204671382904053,0.4326558470726013,0.018118094332897707
deepcrack,deepcrack_0018,text,23,text,0.28369140625,0.25,0.9107186794281006,0.42865623235702516,0.04055402312342274
deepcrack,deepcrack_0018,text,24,text,0.277587890625,0.25,0.7954739928245544,0.3974036544561386,0.02184742812556269
deepcrack,deepcrack_0018,text,25,text,0.2724609375,0.25,0.6982375979423523,0.37104377448558806,0.13729384856145418
deepcrack,deepcrack_0018,text,26,text,0.265869140625,0.25,0.8518602848052979,0.40681272745132446,0.17087308296099504
deepcrack,deepcrack_0018,text,27,text,0.255615234375,0.25,0.6321504712104797,0.34778371155261995,0.11917692493362297
deepcrack,deepcrack_0018,text,28,text,0.254150390625,0.25,0.554103434085846,0.3276860147714615,0.02723227528923168
deepcrack,deepcrack_0018,text,29,text,0.253662109375,0.25,0.6444025635719299,0.3500654846429825,0.0808013958245593
deepcrack,deepcrack_0018,box,0,box,0.98876953125,0.3701125245924062,0.7799014449119568,0.7200225573353314,0.4686973202348428
deepcrack,deepcrack_0018,point,0,point,0.9466785788536072,0.991128038516762,0.8025290966033936,0.926198519173158,0.02168262428848748
deepcrack,deepcrack_0018,point,1,point,0.7765087485313416,0.8867576045112682,1.0,0.8709686609914804,0.03454814814814815
deepcrack,deepcrack_0018,point,2,point,0.48721179366111755,0.7489508021324961,0.7417425513267517,0.6424531360425085,0.06384190443647132
deepcrack,deepcrack_0018,point,3,point,0.2831050157546997,0.18517821985233798,0.75458163022995,0.36669979080768567,0.06766702801392138
deepcrack,deepcrack_0018,point,6,point,0.5697142481803894,0.9340082918741013,0.6913834810256958,0.7276344716845151,0.03670091324200913
deepcrack,deepcrack_0018,point,7,point,0.4902937412261963,0.702738315940963,0.7248227000236511,0.6232815820757284,0.02571676802780191
deepcrack,deepcrack_0018,point,8,point,0.6679738759994507,0.949291026891,0.7612046599388123,0.7897425747963334,0.028587962962962964
deepcrack,deepcrack_0018,point,9,point,0.6504631638526917,0.9290175204348454,0.7419710159301758,0.7708341516758165,0.02436754870601919
deepcrack,deepcrack_0018,point,10,point,0.6316547393798828,0.9390858769158227,0.7789977192878723,0.7760913824944591,0.023731778425655978
deepcrack,deepcrack_0018,point,11,point,0.5024058222770691,0.8183561806518254,0.8193755149841309,0.6922308708849992,0.01739595084011162
deepcrack,deepcrack_0019,text,0,text,0.716796875,0.25,0.8927461504936218,0.5974052876234055,0.023958333333333335
deepcrack,deepcrack_0019,text,1,text,0.70068359375,0.25,0.728819727897644,0.549978369474411,0.09267706087244983
deepcrack,deepcrack_0019,text,2,text,0.69189453125,0.25,0.7525060176849365,0.5523843169212341,0.13281087164950603
deepcrack,deepcrack_0019,text,3,text,0.677734375,0.25,0.8479584455490112,0.5705833613872529,0.0909624659257706
deepcrack,deepcrack_0019,text,4,text,0.65087890625,0.25,0.7511433362960815,0.5356373965740204,0.25791054602312474
deepcrack,deepcrack_0019,text,5,text,0.591796875,0.25,0.9105080366134644,0.5518457591533661,0.0946267039059569
deepcrack,deepcrack_0019,text,6,text,0.5693359375,0.25,0.7480581998825073,0.5022489249706268,0.15949619653323358
deepcrack,deepcrack_0019,text,7,text,0.53662109375,0.25,0.5008051991462708,0.42734973728656767,0.042863733590571655
deepcrack,deepcrack_0019,text,8,text,0.517578125,0.25,0.8953218460083008,0.5183617115020752,0.17028471236536696
deepcrack,deepcrack_0019,text,9,text,0.51318359375,0.25,0.7280294895172119,0.474780809879303,0.13152844985816786
deepcrack,deepcrack_0019,text,10,text,0.50439453125,0.25,0.7270865440368652,0.47102944850921635,0.3339624224123469
deepcrack,deepcrack_0019,text,11,text,0.447265625,0.25,0.6839616298675537,0.43739665746688844,0.08258102092607231
deepcrack,deepcrack_0019,text,12,text,0.3857421875,0.25,0.7389664649963379,0.4265384912490845,0.050932146456163924
deepcrack,deepcrack_0019,text,13,text,0.374267578125,0.25,0.7043266892433167,0.41328870356082914,0.08958359594940964
deepcrack,deepcrack_0019,text,14,text,0.358154296875,0.25,0.7892869710922241,0.42808346152305604,0.03150002094416286
deepcrack,deepcrack_0019,text,15,text,0.356201171875,0.25,0.7511796355247498,0.41777537763118744,0.06826452503450872
deepcrack,deepcrack_0019,text,16,text,0.337646484375,0.25,0.47754526138305664,0.34194490909576414,0.049781181619256015
deepcrack,deepcrack_0019,text,17,text,0.337158203125,0.25,0.7573732137680054,0.41170658469200133,0.0059521314498889215
deepcrack,deepcrack_0019,text,18,text,0.310791015625,0.25,0.7358552813529968,0.3957802265882492,0.07205888503199365
deepcrack,deepcrack_0019,text,19,text,0.293212890625,0.25,0.4376256763935089,0.3141915753483772,0.014371812702828002
deepcrack,deepcrack_0019,text,20,text,0.291748046875,0.25,0.8113707900047302,0.4070419162511826,0.01922836808590336
deepcrack,deepcrack_0019,text,21,text,0.289794921875,0.25,0.5811285376548767,0.3487001031637192,0.037098791162984576
deepcrack,deepcrack_0019,text,22,text,0.263671875,0.25,0.7159138321876526,0.37194720804691317,0.1765540850832881
deepcrack,deepcrack_0019,text,23,text,0.260009765625,0.25,0.7924895286560059,0.3896262884140015,0.23129223150207748
deepcrack,deepcrack_0019,text,24,text,0.251953125,0.25,0.6885930895805359,0.360429522395134,0.06028932184965298
deepcrack,deepcrack_0019,box,0,box,0.9873046875,0.25807239093489565,0.7428438067436218,0.670958163513119,0.4176940114505412
deepcrack,deepcrack_0019,point,0,point,0.5264881253242493,0.7740495457604515,0.5252575278282166,0.6128269731029119,0.01408415407362855
deepcrack,deepcrack_0019,point,1,point,0.9376147985458374,0.9938854760212774,0.7096428871154785,0.9003165578046517,0.004891229990422767
deepcrack,deepcrack_0020,text,0,text,0.82275390625,0.25,0.7911372780799866,0.6143858820199967,0.21182513539165876
deepcrack,deepcrack_0020,text,1,text,0.77197265625,0.25,0.9118667840957642,0.6242557585239411,0.013062986312262168
deepcrack,deepcrack_0020,text,2,text,0.5927734375,0.25,0.7217175960540771,0.5050387740135193,0.17607916737758061
deepcrack,deepcrack_0020,text,3,text,0.5751953125,0.25,0.7825806140899658,0.5132232785224915,0.47927078600636075
deepcrack,deepcrack_0020,text,4,text,0.5361328125,0.25,0.922425389289856,0.532559472322464,0.11518592108998013
deepcrack,deepcrack_0020,text,5,text,0.51708984375,0.25,0.7915753126144409,0.4922297656536102,0.16234357224118318
deepcrack,deepcrack_0020,text,6,text,0.49169921875,0.25,0.7941815257072449,0.4827250689268112,0.3666496395936205
deepcrack,deepcrack_0020,text,7,text,0.379638671875,0.25,0.8696628212928772,0.4567711740732193,0.2768033387851785
deepcrack,deepcrack_0020,text,8,text,0.360595703125,0.25,0.7578138709068298,0.42119174897670747,0.23260708800273053
deepcrack,deepcrack_0020,text,9,text,0.33154296875,0.25,0.8434440493583679,0.43097819983959196,0.3961858412087601
deepcrack,deepcrack_0020,text,10,text,0.327392578125,0.25,1.0,0.46845703125,0.012392210610473417
deepcrack,deepcrack_0020,text,11,text,0.31005859375,0.25,0.8052346706390381,0.41283210515975954,0.01626481873890384
deepcrack,deepcrack_0020,text,12,text,0.29931640625,0.25,0.7136576771736145,0.3856409817934036,0.05824469597861327
deepcrack,deepcrack_0020,text,13,text,0.296142578125,0.25,0.43751102685928345,0.31533478796482084,0.010707128542799885
deepcrack,deepcrack_0020,text,14,text,0.27099609375,0.25,0.8464235663414001,0.40750432908535006,0.021067575241340147
deepcrack,deepcrack_0020,text,15,text,0.26123046875,0.25,0.5223060250282288,0.3225686937570572,0.008986320187739682
deepcrack,deepcrack_0020,box,0,box,0.984375,0.3324089769055413,0.8168849945068359,0.7143143905436484,0.610494169905608
deepcrack,deepcrack_0020,box,1,box,0.2998046875,0.5936020725835272,0.8867905735969543,0.5493802438034731,0.01282633371169126
deepcrack,deepcrack_0020,box,2,box,0.26318359375,0.5366154342169563,0.4088539481163025,0.39530232650501035,0.01917455456570156
deepcrack,deepcrack_0020,point,0,point,0.8817447423934937,0.9750187065765136,0.4724056124687195,0.812055847376357,0.0019853679112184198
deepcrack,deepcrack_0021,text,0,text,0.958984375,0.47940655447298497,0.819858968257904,0.7563507861300207,0.6971508640822046
deepcrack,deepcrack_0021,text,1,text,0.281005859375,0.25265322366675513,0.6517421007156372,0.3637664972122736,0.031535028138948186
deepcrack,deepcrack_0021,text,2,text,0.2666015625,0.2560867791077258,0.7437409162521362,0.3822062267507381,0.025680933852140077
deepcrack,deepcrack_0021,box,0,box,0.986328125,0.6382280927864068,0.8177077770233154,0.8223380267310713,0.7058548884116164
deepcrack,deepcrack_0021,point,0,point,0.778737485408783,0.9815531451521867,0.766031801700592,0.8465465453919265,0.7304202272927496
deepcrack,deepcrack_0021,point,1,point,0.8097143769264221,0.9833267133173568,0.7634565830230713,0.8589142461874115,0.009863649550333623
deepcrack,deepcrack_0022,text,0,text,0.72119140625,0.25,0.8543792963027954,0.5895713865756989,0.06159243738427054
deepcrack,deepcrack_0022,text,1,text,0.61376953125,0.25,0.6687628030776978,0.5001985132694244,0.0886955371025904
deepcrack,deepcrack_0022,text,2,text,0.5908203125,0.25,0.6713795065879822,0.49167300164699557,0.091715193223928
deepcrack,deepcrack_0022,text,3,text,0.583984375,0.25,0.6188750267028809,0.4758125066757202,0.014560047759609963
deepcrack,deepcrack_0022,text,4,text,0.57421875,0.25,0.668093740940094,0.4842109352350235,0.3027781461344649
deepcrack,deepcrack_0022,text,5,text,0.568359375,0.25,0.6800750494003296,0.4848625123500824,0.09855379422179568
deepcrack,deepcrack_0022,text,6,text,0.52978515625,0.25,0.8319752812385559,0.507407882809639,0.015106841146264701
deepcrack,deepcrack_0022,text,7,text,0.52734375,0.25,0.6843761205673218,0.46953153014183047,0.2029816133841312
deepcrack,deepcrack_0022,text,8,text,0.51220703125,0.25,0.7329404354095459,0.47561792135238645,0.07077239412330448
deepcrack,deepcrack_0022,text,9,text,0.4111328125,0.25,0.7660115957260132,0.4434560239315033,0.1019611733968317
deepcrack,deepcrack_0022,text,10,text,0.37890625,0.25,1.0,0.4890625,0.023666092943201378
deepcrack,deepcrack_0022,text,11,text,0.369140625,0.25,0.6307045817375183,0.3928323954343796,0.14741973998408064
deepcrack,deepcrack_0022,text,12,text,0.368896484375,0.25,0.5527976155281067,0.37325799763202666,0.04314115308151093
deepcrack,deepcrack_0022,text,13,text,0.30615234375,0.25,0.43164321780204773,0.31787174195051193,0.024518911745189116
deepcrack,deepcrack_0022,text,14,text,0.305908203125,0.25,0.9517398476600647,0.44779824316501615,0.03731811132741611
deepcrack,deepcrack_0022,text,15,text,0.303955078125,0.25,0.5413898825645447,0.3444295018911362,0.0650629481545121
deepcrack,deepcrack_0022,text,16,text,0.301025390625,0.25,0.5121510028839111,0.33594790697097776,0.010243320294371146
deepcrack,deepcrack_0022,text,17,text,0.29833984375,0.25,0.617906391620636,0.361312535405159,0.11293580107936298
deepcrack,deepcrack_0022,text,18,text,0.274169921875,0.25,0.49497976899147034,0.32091291099786756,0.03457796476465948
deepcrack,deepcrack_0022,text,19,text,0.25927734375,0.25,0.6651962995529175,0.3575100123882294,0.1088124129699622
deepcrack,deepcrack_0022,box,0,box,0.9873046875,0.32787867477971117,0.6932933926582336,0.6830027593374574,0.5045753361302897
deepcrack,deepcrack_0022,box,1,box,0.289306640625,0.9597963808050141,0.660044252872467,0.6166624527498716,0.012776690007632827
deepcrack,deepcrack_0022,box,2,box,0.27978515625,0.8159324921168217,0.9534235000610352,0.6358463097561464,0.04730596009073276
deepcrack,deepcrack_0022,point,0,point,0.9056350588798523,0.973516264805433,0.6198079586029053,0.8579367058845688,0.023468322854888386
deepcrack,deepcrack_0022,point,1,point,0.4289979040622711,0.6177547900254207,0.9414591789245605,0.6231781328649458,0.045199040136747644
deepcrack,deepcrack_0023,text,0,text,0.6875,0.25,0.7869524955749512,0.5592381238937378,0.12675540359018195
deepcrack,deepcrack_0023,text,1,text,0.681640625,0.25,1.0,0.61015625,0.06931444472552492
deepcrack,deepcrack_0023,text,2,text,0.6708984375,0.25,0.9178912043571472,0.5853321760892868,0.03501945525291829
deepcrack,deepcrack_0023,text,3,text,0.6591796875,0.25,0.7532060146331787,0.5394733786582947,0.03045298819946707
deepcrack,deepcrack_0023,text,4,text,0.6259765625,0.25,0.8034522533416748,0.5387536883354187,0.225437543438428
deepcrack,deepcrack_0023,text,5,text,0.61181640625,0.25,0.8595892190933228,0.5471238672733307,0.12319116527037319
deepcrack,deepcrack_0023,text,6,text,0.599609375,0.25,0.78501957654953,0.5235986441373826,0.13641853664738415
deepcrack,deepcrack_0023,text,7,text,0.59716796875,0.25,0.8440276980400085,0.5373741120100022,0.12581564776686727
deepcrack,deepcrack_0023,text,8,text,0.58154296875,0.25,0.8146371841430664,0.5237764835357666,0.058530510585305104
deepcrack,deepcrack_0023,text,9,text,0.58154296875,0.25,0.8179909586906433,0.5246149271726608,0.08943238935883291
deepcrack,deepcrack_0023,text,10,text,0.580078125,0.25,0.7989811897277832,0.5192765474319458,0.05892073984618318
deepcrack,deepcrack_0023,text,11,text,0.492431640625,0.25,0.8099573254585266,0.48696198761463166,0.2910103118871386
deepcrack,deepcrack_0023,text,12,text,0.461669921875,0.25,0.806371808052063,0.4737609207630158,0.17117060234878143
deepcrack,deepcrack_0023,text,13,text,0.43896484375,0.25,0.8220932483673096,0.46860924959182737,0.25317097919837644
deepcrack,deepcrack_0023,text,14,text,0.423828125,0.25,0.8319466710090637,0.465017917752266,0.5262326169405815
deepcrack,deepcrack_0023,text,15,text,0.41162109375,0.25,0.7026992440223694,0.4278232485055924,0.06648719714518249
deepcrack,deepcrack_0023,text,16,text,0.400146484375,0.25,0.8425317406654358,0.45819152891635895,0.08603927050899154
deepcrack,deepcrack_0023,text,17,text,0.400146484375,0.25,0.904543399810791,0.47369444370269775,0.18079979973715501
deepcrack,deepcrack_0023,text,18,text,0.352783203125,0.25,0.8373026847839355,0.4379389524459839,0.24202295371421365
deepcrack,deepcrack_0023,text,19,text,0.330810546875,0.25,0.7861024737358093,0.41634983718395235,0.16387832699619773
deepcrack,deepcrack_0023,text,20,text,0.30810546875,0.25,0.8495578765869141,0.4231316566467285,0.16996448503297817
deepcrack,deepcrack_0023,text,21,text,0.2978515625,0.25,0.732581615447998,0.38978602886199953,0.05102364201052165
deepcrack,deepcrack_0023,text,22,text,0.296630859375,0.25,0.8647690415382385,0.42234460413455965,0.15603920071274024
deepcrack,deepcrack_0023,text,23,text,0.273681640625,0.25,0.9122622609138489,0.4250382214784622,0.11795256867530192
deepcrack,deepcrack_0023,text,24,text,0.267578125,0.25,0.7609999179840088,0.3847812294960022,0.25575480096655223
deepcrack,deepcrack_0023,text,25,text,0.264892578125,0.25,0.8337672352790833,0.40189884006977084,0.30844483716233273
deepcrack,deepcrack_0023,box,0,box,0.99072265625,0.4715016129744103,0.852745532989502,0.7745010102884191,0.6451060707953781
deepcrack,deepcrack_0023,point,0,point,0.8440161347389221,0.9843031040430942,0.7871313095092773,0.8788953676879712,0.013266285945317632
deepcrack,deepcrack_0023,point,1,point,0.9422472715377808,0.7739954104079112,0.7106912136077881,0.8254701056598283,0.017762054125027356
deepcrack,deepcrack_0024,text,0,text,0.8330078125,0.25,0.8265528678894043,0.6273413419723511,0.17610837438423646
deepcrack,deepcrack_0024,text,1,text,0.78466796875,0.25,0.9172840714454651,0.6306882053613663,0.14361702127659576
deepcrack,deepcrack_0024,text,2,text,0.76611328125,0.25,0.9013771414756775,0.6192895978689194,0.015130768177461318
deepcrack,deepcrack_0024,text,3,text,0.6923828125,0.25,1.0,0.614453125,0.008971085501345663
deepcrack,deepcrack_0024,text,4,text,0.658203125,0.25,0.8535058498382568,0.5641577124595643,0.4793073477301598
deepcrack,deepcrack_0024,text,5,text,0.64453125,0.25,0.7683301568031311,0.5373950392007828,0.2947673243989494
deepcrack,deepcrack_0024,text,6,text,0.5947265625,0.25,0.7227944135665894,0.5060892283916474,0.11663807890222985
deepcrack,deepcrack_0024,text,7,text,0.55615234375,0.25,1.0,0.5599609375,0.0687667284331892
deepcrack,deepcrack_0024,text,8,text,0.4384765625,0.25,0.8020198941230774,0.4633955985307694,0.17550236609286057
deepcrack,deepcrack_0024,text,9,text,0.421875,0.25,0.8759267926216125,0.4752316981554031,0.23223350253807107
deepcrack,deepcrack_0024,text,10,text,0.38525390625,0.25,0.8404663801193237,0.4517181575298309,0.2560118886787355
deepcrack,deepcrack_0024,text,11,text,0.339111328125,0.25,0.6308577060699463,0.3808589577674866,0.013268998793727383
deepcrack,deepcrack_0024,text,12,text,0.276123046875,0.25,0.8353980779647827,0.40679873824119567,0.126798375438838
deepcrack,deepcrack_0024,box,0,box,0.9853515625,0.003394165757922115,0.8156968951225281,0.5992528067959048,0.0009682550660488278
deepcrack,deepcrack_0024,box,1,box,0.264404296875,0.3289366577617464,0.45426735281944275,0.3344563871714719,0.0007632559601311004
deepcrack,deepcrack_0024,box,2,box,0.263916015625,0.22094616636157785,0.4097239077091217,0.2853285414038327,0.002831616462432261
deepcrack,deepcrack_0024,point,0,point,0.93227618932724,0.9981014167727539,0.6118046641349792,0.8751971376351046,0.005874023181412912
deepcrack,deepcrack_0024,point,1,point,0.7963062524795532,0.9725274725274726,1.0,0.9089071163764367,0.008889195148842337
deepcrack,deepcrack_0025,text,0,text,0.77880859375,0.25,1.0,0.6490234375,0.14560862865947613
deepcrack,deepcrack_0025,text,1,text,0.72216796875,0.25,0.9516193270683289,0.6142720192670822,0.07796775769418661
deepcrack,deepcrack_0025,text,2,text,0.70654296875,0.25,0.6511560678482056,0.5329062044620514,0.20617138364779874
deepcrack,deepcrack_0025,text,3,text,0.7060546875,0.25,0.8764020204544067,0.5890223801136016,0.20794590025359255
deepcrack,deepcrack_0025,text,4,text,0.7001953125,0.25,0.7970768809318542,0.5668473452329635,0.40200220426157235
deepcrack,deepcrack_0025,text,5,text,0.66748046875,0.25,0.9805259108543396,0.5996236652135849,0.21598639455782312
deepcrack,deepcrack_0025,text,6,text,0.59375,0.25,0.8708102703094482,0.542702567577362,0.049731314118221785
deepcrack,deepcrack_0025,text,7,text,0.57861328125,0.25,1.0,0.5689453125,0.34354749120533234
deepcrack,deepcrack_0025,text,8,text,0.5556640625,0.25,0.9573371410369873,0.5490999102592469,0.04549500543962021
deepcrack,deepcrack_0025,text,9,text,0.54296875,0.25,0.8822217583656311,0.5252429395914078,0.09725948639325412
deepcrack,deepcrack_0025,text,10,text,0.40625,0.25,0.6250271201133728,0.4062567800283432,0.01967275134777263
deepcrack,deepcrack_0025,text,11,text,0.375244140625,0.25,0.9196503162384033,0.46751023530960084,0.05662983425414365
deepcrack,deepcrack_0025,text,12,text,0.372314453125,0.25,1.0,0.48642578125,0.12856306130417805
deepcrack,deepcrack_0025,text,13,text,0.337158203125,0.25,0.8277863264083862,0.42930986285209655,0.21673248232160897
deepcrack,deepcrack_0025,text,14,text,0.333740234375,0.25,0.6051289439201355,0.3722783297300339,0.1288196524865189
deepcrack,deepcrack_0025,text,15,text,0.316650390625,0.25,0.9059281349182129,0.44064218997955323,0.11121782558586246
deepcrack,deepcrack_0025,text,16,text,0.269287109375,0.25,1.0,0.44521484375,0.5112745098039215
deepcrack,deepcrack_0025,box,0,box,0.98876953125,0.01565610442746434,0.4759926199913025,0.5199856040474382,0.011541549578482538
deepcrack,deepcrack_0025,box,1,box,0.275390625,0.33038240130084995,0.3993493318557739,0.32562742341924095,0.0
deepcrack,deepcrack_0025,box,2,box,0.25634765625,0.3594283917793556,0.3803524374961853,0.3234271089968208,0.0
deepcrack,deepcrack_0025,point,0,point,0.725192666053772,0.9163054521791782,0.7629225254058838,0.8015146060356921,0.3011456628477905
deepcrack,deepcrack_0025,point,1,point,0.7125356197357178,0.9460009513541963,1.0,0.8661145808682558,0.1993358633776091
deepcrack,deepcrack_0026,text,0,text,0.7451171875,0.25,0.919996976852417,0.6155461192131042,0.10783040037793788
deepcrack,deepcrack_0026,text,1,text,0.68994140625,0.25,1.0,0.6134765625,0.6354154459158561
deepcrack,deepcrack_0026,text,2,text,0.658203125,0.25,1.0,0.60078125,0.11428230236446142
deepcrack,deepcrack_0026,text,3,text,0.5537109375,0.25,0.8653271794319153,0.5253161698579788,0.24393233635695025
deepcrack,deepcrack_0026,text,4,text,0.50537109375,0.25,1.0,0.5396484375,0.2741317226158671
deepcrack,deepcrack_0026,text,5,text,0.46533203125,0.25,1.0,0.5236328125,0.18747016706443914
deepcrack,deepcrack_0026,text,6,text,0.4130859375,0.25,0.6636713743209839,0.418652218580246,0.018396846254927726
deepcrack,deepcrack_0026,text,7,text,0.333740234375,0.25,1.0,0.47099609375,0.47257971014492756
deepcrack,deepcrack_0026,text,8,text,0.316162109375,0.25,0.9364491105079651,0.4480771213769913,0.30240801857963573
deepcrack,deepcrack_0026,text,9,text,0.303955078125,0.25,1.0,0.45908203125,0.11372214781444052
deepcrack,deepcrack_0026,text,10,text,0.263916015625,0.25,0.6772507429122925,0.3623790919780731,0.02066862435057601
deepcrack,deepcrack_0026,box,0,box,0.98779296875,0.7009321241376785,1.0,0.8904434309481875,0.755050226294293
deepcrack,deepcrack_0026,point,0,point,0.3656720519065857,0.954067513971349,0.978969931602478,0.7249349335532259,0.09651533472573376
deepcrack,deepcrack_0026,point,1,point,0.5258154273033142,0.21516266621942415,1.0,0.5356331040981241,0.3368843069873998
deepcrack,deepcrack_0027,text,0,text,0.71435546875,0.25,1.0,0.6232421875,0.34006801360272054
deepcrack,deepcrack_0027,text,1,text,0.69970703125,0.25,1.0,0.6173828125,0.19146067415730336
deepcrack,deepcrack_0027,text,2,text,0.66552734375,0.25,1.0,0.6037109375,0.34087346024636056
deepcrack,deepcrack_0027,text,3,text,0.63720703125,0.25,1.0,0.5923828125,0.532714765637498
deepcrack,deepcrack_0027,text,4,text,0.58984375,0.25,1.0,0.5734375,0.23631205673758865
deepcrack,deepcrack_0027,text,5,text,0.47119140625,0.25,1.0,0.5259765625,0.4556541019955654
deepcrack,deepcrack_0027,text,6,text,0.4326171875,0.25,1.0,0.510546875,0.1626093122193335
deepcrack,deepcrack_0027,text,7,text,0.427978515625,0.25,1.0,0.50869140625,0.20677200902934537
deepcrack,deepcrack_0027,text,8,text,0.42236328125,0.25,1.0,0.5064453125,0.17108721624850656
deepcrack,deepcrack_0027,box,0,box,0.984375,0.6255240904777346,1.0,0.8626834316672072,0.5345139139862667
deepcrack,deepcrack_0027,box,1,box,0.5712890625,0.5671284284335478,0.504334568977356,0.5530942171960807,0.0
deepcrack,deepcrack_0027,box,2,box,0.2802734375,0.24325265812108046,0.35163021087646484,0.2851553580614944,0.0
deepcrack,deepcrack_0027,point,0,point,0.6824247241020203,0.7583251530403559,1.0,0.7883836932049326,0.20141049574777017
deepcrack,deepcrack_0027,point,1,point,0.7215526700019836,0.9809739541954965,1.0,0.8819619519692172,0.1858426005132592
deepcrack,deepcrack_0027,point,2,point,0.5886572003364563,0.8659216603368698,1.0,0.788535461252487,0.21303258145363407
deepcrack,deepcrack_0027,point,3,point,0.42761528491973877,0.5948733792596776,1.0,0.6292517967087827,0.021536670547147845
deepcrack,deepcrack_0027,point,4,point,0.6153589487075806,0.5025136630954253,1.0,0.672023361566431,0.037717601547388784
deepcrack,deepcrack_0027,point,5,point,0.6410405039787292,0.974675599043392,1.0,0.8475526612566788,0.22438465941614197
deepcrack,deepcrack_0028,text,0,text,0.70703125,0.25,1.0,0.6203125,0.06953790937640197
deepcrack,deepcrack_0028,text,1,text,0.69775390625,0.25,0.7428486943244934,0.5523137360811233,0.031079854809437386
deepcrack,deepcrack_0028,text,2,text,0.681640625,0.25,1.0,0.61015625,0.021040462427745665
deepcrack,deepcrack_0028,text,3,text,0.646484375,0.25,1.0,0.59609375,0.03035413153456998
deepcrack,deepcrack_0028,text,4,text,0.62841796875,0.25,0.9678018689155579,0.5808176547288895,0.11527524608093329
deepcrack,deepcrack_0028,text,5,text,0.62060546875,0.25,0.9711736440658569,0.5785355985164642,0.04333507970960258
deepcrack,deepcrack_0028,text,6,text,0.60888671875,0.25,0.8873404264450073,0.5528897941112518,0.06768710099223137
deepcrack,deepcrack_0028,text,7,text,0.5712890625,0.25,0.8497469425201416,0.5284523606300354,0.02638623326959847
deepcrack,deepcrack_0028,text,8,text,0.5546875,0.25,0.7880997061729431,0.5063999265432357,0.03572809527492073
deepcrack,deepcrack_0028,text,9,text,0.55322265625,0.25,0.9317427277565002,0.5417247444391251,0.20304454891426013
deepcrack,deepcrack_0028,text,10,text,0.533203125,0.25,0.8912724852561951,0.5235993713140488,0.02264848624913335
deepcrack,deepcrack_0028,text,11,text,0.52490234375,0.25,0.8145990371704102,0.5011106967926026,0.011853448275862068
deepcrack,deepcrack_0028,text,12,text,0.5078125,0.25,0.889910876750946,0.5131027191877365,0.02526575258049607
deepcrack,deepcrack_0028,text,13,text,0.50732421875,0.25,0.7609821557998657,0.4806752264499664,0.023517695725448137
deepcrack,deepcrack_0028,text,14,text,0.493408203125,0.25,0.8112815618515015,0.4876836717128754,0.003170675121800325
deepcrack,deepcrack_0028,text,15,text,0.4736328125,0.25,0.8393275141716003,0.4867850035429001,0.031336618417000306
deepcrack,deepcrack_0028,text,16,text,0.456787109375,0.25,0.8709372878074646,0.4879491657018662,0.031443139678615575
deepcrack,deepcrack_0028,text,17,text,0.413330078125,0.25,0.9400817155838013,0.4878524601459503,0.08092485549132948
deepcrack,deepcrack_0028,text,18,text,0.4091796875,0.25,0.8656455874443054,0.4675832718610764,0.08782495997560417
deepcrack,deepcrack_0028,text,19,text,0.37158203125,0.25,0.9969653487205505,0.48537414968013765,0.08099568434032059
deepcrack,deepcrack_0028,text,20,text,0.366455078125,0.25,0.931096613407135,0.46685618460178374,0.051353593243345146
deepcrack,deepcrack_0028,text,21,text,0.3603515625,0.25,0.9381056427955627,0.4661670356988907,0.05405812377653968
deepcrack,deepcrack_0028,text,22,text,0.35791015625,0.25,1.0,0.4806640625,0.0386439623668455
deepcrack,deepcrack_0028,text,23,text,0.3466796875,0.25,1.0,0.476171875,0.12518706973959892
deepcrack,deepcrack_0028,text,24,text,0.341552734375,0.25,0.9881335496902466,0.47115448117256165,0.14635375422935715
deepcrack,deepcrack_0028,text,25,text,0.318115234375,0.25,1.0,0.46474609375,0.08186244674376142
deepcrack,deepcrack_0028,text,26,text,0.317138671875,0.25,1.0,0.46435546875,0.16367893466013025
deepcrack,deepcrack_0028,text,27,text,0.31298828125,0.25,0.9701695442199707,0.4552376985549927,0.05945862574226884
deepcrack,deepcrack_0028,text,28,text,0.295654296875,0.25,0.7342256307601929,0.3893181264400482,0.027975779872767687
deepcrack,deepcrack_0028,text,29,text,0.292236328125,0.25,0.8208968639373779,0.4096187472343445,0.033876370280146166
deepcrack,deepcrack_0028,text,30,text,0.287353515625,0.25,1.0,0.45244140625,0.15631613515288623
deepcrack,deepcrack_0028,text,31,text,0.28369140625,0.25,1.0,0.4509765625,0.02263771923047207
deepcrack,deepcrack_0028,text,32,text,0.276123046875,0.25,0.849947452545166,0.4104360818862915,0.02785536933581626
deepcrack,deepcrack_0028,text,33,text,0.275390625,0.25,0.8678758144378662,0.41462520360946653,0.04807910030945732
deepcrack,deepcrack_0028,text,34,text,0.266845703125,0.25,0.8565182685852051,0.40836784839630125,0.019359814886232164
deepcrack,deepcrack_0028,text,35,text,0.2568359375,0.25,1.0,0.440234375,0.01820847156855181
deepcrack,deepcrack_0028,text,36,text,0.255615234375,0.25,1.0,0.43974609375,0.005055611729019211
deepcrack,deepcrack_0028,text,37,text,0.251708984375,0.25,0.8876619935035706,0.41009909212589263,0.13092619282409163
deepcrack,deepcrack_0028,box,0,box,0.99267578125,0.2671766784656999,0.9303585886955261,0.7231717971368765,0.5526392195575169
deepcrack,deepcrack_0028,point,0,point,0.6897053718566895,0.7583188900777693,1.0,0.7912937602698951,0.05131657690005984
deepcrack,deepcrack_0028,point,1,point,0.7662195563316345,0.935558512892283,1.0,0.8839333020449529,0.009004113948614454
deepcrack,deepcrack_0028,point,2,point,0.8701286911964417,0.9992727272727272,1.0,0.9477969310240313,0.019171064886681154
deepcrack,deepcrack_0029,text,0,text,0.9189453125,0.44120668721397216,1.0,0.7720004655248902,0.6657889787474139
deepcrack,deepcrack_0029,text,1,text,0.43310546875,0.2996692454311021,0.9486107230186462,0.5152791041555473,0.1571320564516129
deepcrack,deepcrack_0029,text,2,text,0.26904296875,0.40745087336244545,1.0,0.5002249931768559,0.4247715096123542
deepcrack,deepcrack_0029,text,3,text,0.266357421875,0.3140416498180348,0.7969955801963806,0.41570644123540734,0.2364519899120379
deepcrack,deepcrack_0029,text,4,text,0.25537109375,0.28858024691358025,0.9408397674560547,0.4383614657837668,0.10847778127954617
deepcrack,deepcrack_0029,box,0,box,0.9873046875,0.7754315320527562,1.0,0.9163229112184647,0.5359258792386234
deepcrack,deepcrack_0029,point,0,point,0.8106865286827087,0.870792573313449,0.9084620475769043,0.8561675240270167,0.582738130964528
deepcrack,deepcrack_0030,text,0,text,0.93310546875,0.46965832245818007,1.0,0.787622600360363,0.7712790518700939
deepcrack,deepcrack_0030,text,1,text,0.288330078125,0.36948761024779503,0.8237639665603638,0.4505936864768192,0.4102406238776871
deepcrack,deepcrack_0030,text,2,text,0.27001953125,0.2917460979387585,1.0,0.46011894677856546,0.1513954442848348
deepcrack,deepcrack_0030,box,0,box,0.97607421875,0.7183524111668663,1.0,0.8918530314084032,0.43579087784105486
deepcrack,deepcrack_0030,box,1,box,0.255615234375,0.9826735016184076,0.9482427835464478,0.6832425152030546,0.458803611738149
deepcrack,deepcrack_0030,point,0,point,0.7954555153846741,0.9966854488721728,1.0,0.9170221132591301,0.6177315147164394
deepcrack,deepcrack_0031,text,0,text,0.943359375,0.4947346027018402,1.0,0.8005008609456441,0.8695692622569542
deepcrack,deepcrack_0031,box,0,box,0.9853515625,0.8498470401181766,1.0,0.9415870890413618,0.8800372266170312
deepcrack,deepcrack_0031,point,0,point,0.8316725492477417,0.9971603005240844,1.0,0.9316751248825262,0.9239663305892147
deepcrack,deepcrack_0032,text,0,text,0.80517578125,0.4834566826295168,0.8847816586494446,0.712475566082692,0.6179293444966306
deepcrack,deepcrack_0032,text,1,text,0.466064453125,0.2860254691689008,0.8688234686851501,0.5037405626304028,0.14505917974126067
deepcrack,deepcrack_0032,text,2,text,0.3828125,0.2913876702839991,0.7673467993736267,0.44694738444280635,0.18981077147016012
deepcrack,deepcrack_0032,box,0,box,0.9765625,0.8825966562948973,0.8793839812278748,0.9193798250101828,0.6264809810850135
deepcrack,deepcrack_0032,box,1,box,0.394287109375,0.9873008745814944,0.9312666058540344,0.7360868013170316,0.14265850945494996
deepcrack,deepcrack_0032,point,0,point,0.4734121561050415,0.8848780852095214,1.0,0.7490721922653492,0.11895161290322581
deepcrack,deepcrack_0032,point,1,point,0.46970269083976746,0.8730020042494958,1.0,0.7434317778232304,0.12177650429799428
deepcrack,deepcrack_0032,point,2,point,0.398704469203949,0.9297579503606406,0.9491260647773743,0.7221785865021473,0.15762854734475976
deepcrack,deepcrack_0032,point,3,point,0.46527254581451416,0.5577692795735824,0.7185539603233337,0.5609667562573929,0.05835010060362173
deepcrack,deepcrack_0032,point,4,point,0.8635871410369873,0.7959586946073928,0.48717883229255676,0.7458151076005215,0.04788064269319051
deepcrack,deepcrack_0032,point,5,point,0.4122282862663269,0.7908570665619624,1.0,0.6916912878032175,0.3152960085721939
deepcrack,deepcrack_0032,point,6,point,0.6300184726715088,0.9414054031451761,1.0,0.8314992801694152,0.5714285714285714
deepcrack,deepcrack_0032,point,7,point,0.6167756915092468,0.9314474693469492,1.0,0.8227168908751309,0.5738636363636364
deepcrack,deepcrack_0032,point,8,point,0.7332570552825928,0.9308859671679155,0.9960790872573853,0.8681326824361538,0.55703125
deepcrack,deepcrack_0032,point,10,point,0.6038275361061096,0.9251357502477309,0.903231143951416,0.7911363130170037,0.5400274473924978
deepcrack,deepcrack_0032,point,11,point,0.25407662987709045,0.7795104426413908,0.4449727237224579,0.48570248780593744,0.048861368244039666
deepcrack,deepcrack_0032,point,12,point,0.618029773235321,0.8722224307723515,1.0,0.8024897600644514,0.456324056213833
deepcrack,deepcrack_0032,point,13,point,0.6963623762130737,0.8782155224781839,0.1960788518190384,0.6349400963073535,0.014644351464435146
deepcrack,deepcrack_0033,text,0,text,0.9384765625,0.48941302599839187,1.0,0.7966851840994371,0.6182055100521221
deepcrack,deepcrack_0033,text,1,text,0.779296875,0.32130314232902035,0.8479150533676147,0.6361536131570609,0.2401400663472171
deepcrack,deepcrack_0033,text,2,text,0.5068359375,0.4783374427615358,0.9338347911834717,0.6036111777624055,0.7924528301886793
deepcrack,deepcrack_0033,text,3,text,0.35400390625,0.25126945126945127,0.53373122215271,0.36297867598248545,0.014065180102915952
deepcrack,deepcrack_0033,text,4,text,0.306396484375,0.2509650735294118,0.6129529476165771,0.3636346063894384,0.013547513063673312
deepcrack,deepcrack_0033,text,5,text,0.298828125,0.251480384900074,0.6124611496925354,0.3606646721381598,0.01618249171378436
deepcrack,deepcrack_0033,box,0,box,0.986328125,0.47851715271587436,0.8863612413406372,0.7836025637857154,0.4855100463678516
deepcrack,deepcrack_0033,box,1,box,0.6533203125,0.46102179359457107,0.4886264204978943,0.5448423578825734,0.0
deepcrack,deepcrack_0033,box,2,box,0.4677734375,0.9642521841588962,0.4575378894805908,0.6389821118257614,7.593975446146057e-05
deepcrack,deepcrack_0033,box,3,box,0.3916015625,0.5906220791930243,0.46226537227630615,0.47892469578663505,0.0
deepcrack,deepcrack_0033,box,4,box,0.382568359375,0.9300970980445005,0.875709056854248,0.6974885922791372,0.23183520599250937
deepcrack,deepcrack_0033,box,5,box,0.29931640625,0.8876371311336679,1.0,0.6803995583967838,0.5686427457098284
deepcrack,deepcrack_0033,point,0,point,0.8256155252456665,0.9860993229111706,0.9428895115852356,0.9111033510134852,0.6060017652250662
deepcrack,deepcrack_0033,point,1,point,0.7410387396812439,0.7415252880499738,0.8930906653404236,0.7792220130250942,0.2608534322820037
deepcrack,deepcrack_0034,text,0,text,0.92431640625,0.25,1.0,0.7072265625,0.581871852752214
deepcrack,deepcrack_0034,text,1,text,0.80712890625,0.25,0.8763334155082703,0.6294349163770676,0.2465955097534045
deepcrack,deepcrack_0034,text,2,text,0.5517578125,0.25,1.0,0.558203125,0.7700826446280992
deepcrack,deepcrack_0034,text,3,text,0.3583984375,0.25,0.6437420845031738,0.39179489612579343,0.015255231762174849
deepcrack,deepcrack_0034,text,4,text,0.32373046875,0.25,0.6185458302497864,0.3716286450624466,0.013927576601671309
deepcrack,deepcrack_0034,text,5,text,0.310546875,0.25,0.49825143814086914,0.3362816095352173,0.0
deepcrack,deepcrack_0034,box,0,box,0.9912109375,0.683571471845352,1.0,0.8857343901458732,0.736950658416627
deepcrack,deepcrack_0034,box,1,box,0.4423828125,0.7993581562959349,0.9444819092750549,0.692848957022341,0.2369371081132434
deepcrack,deepcrack_0034,box,2,box,0.322509765625,0.9342816946750526,1.0,0.7060024993862684,0.5912475031777737
deepcrack,deepcrack_0034,box,3,box,0.304443359375,0.561185552080109,0.47983118891716003,0.43815008420732815,0.0
deepcrack,deepcrack_0034,point,0,point,0.8341466188430786,0.9598828395380057,1.0,0.9196176413755335,0.5464445868033312
deepcrack,deepcrack_0034,point,1,point,0.6285821199417114,0.5371034982397198,0.9691358804702759,0.6817030424781555,0.23378872426399847
deepcrack,deepcrack_0034,point,2,point,0.8341573476791382,0.9807946151340159,1.0,0.9269410543685608,0.5600195982361588
deepcrack,deepcrack_0035,text,0,text,0.94970703125,0.25,1.0,0.7173828125,0.6201834862385321
deepcrack,deepcrack_0035,text,1,text,0.85888671875,0.25,0.6040561199188232,0.5820687174797058,0.1172285802660068
deepcrack,deepcrack_0035,text,2,text,0.60546875,0.25,0.9123924970626831,0.5577856242656708,0.02490859232175503
deepcrack,deepcrack_0035,text,3,text,0.463623046875,0.25,0.579558253288269,0.41783878207206726,0.00022461814914645105
deepcrack,deepcrack_0035,text,4,text,0.4267578125,0.25,0.5424501299858093,0.3938156574964523,0.007615230460921844
deepcrack,deepcrack_0035,text,5,text,0.3173828125,0.25,0.6450576186180115,0.3757175296545029,0.028072502210433246
deepcrack,deepcrack_0035,text,6,text,0.26123046875,0.25,0.4874589145183563,0.3138569161295891,0.000790670092903736
deepcrack,deepcrack_0035,box,0,box,0.9775390625,0.0,0.0,0.39101562500000003,0.0
deepcrack,deepcrack_0035,box,1,box,0.77783203125,0.9798605821572524,0.4970059394836426,0.778335501125949,0.00025231994168605794
deepcrack,deepcrack_0035,box,2,box,0.73388671875,0.5557482337695404,0.4941086173057556,0.611593723645778,0.0015453246639647782
deepcrack,deepcrack_0035,box,3,box,0.377685546875,0.6234470547730362,0.46899110078811646,0.4865284631175918,0.0
deepcrack,deepcrack_0035,box,4,box,0.365234375,0.9327463258315749,0.7412002682685852,0.6578550311081975,0.015597235932872655
deepcrack,deepcrack_0035,box,5,box,0.2861328125,0.7366535869213469,0.5117349028587341,0.500215606137155,0.0
deepcrack,deepcrack_0035,point,0,point,0.836733341217041,0.9608656622672431,0.9516296982765198,0.9089037428494815,0.6064036794622324
deepcrack,deepcrack_0035,point,1,point,0.6054063439369202,0.9663184766902086,0.5960500836372375,0.7293865253256504,0.11675051790470553
deepcrack,deepcrack_0035,point,2,point,0.5137742161750793,0.7937495826358625,0.5892623662948608,0.6306376319662987,0.10673143650242888
deepcrack,deepcrack_0035,point,3,point,0.6781569719314575,0.96133914929037,0.6052473187446594,0.7590433207103774,0.11524445794108716
deepcrack,deepcrack_0035,point,4,point,0.4661834239959717,0.8554027066768691,0.6926688551902771,0.6590315307328621,0.10687812446129978
deepcrack,deepcrack_0035,point,5,point,0.535832941532135,0.9039075822619604,0.6724807024002075,0.6988210060045921,0.11747404844290657
deepcrack,deepcrack_0035,point,6,point,0.8495801091194153,0.9835755090775496,1.0,0.9340834718249085,0.6175887547305821
deepcrack,deepcrack_0035,point,7,point,0.6449466943740845,0.954340171696406,0.602361261844635,0.7425880533045346,0.1136535838763449
deepcrack,deepcrack_0036,text,0,text,0.6904296875,0.4469532554257095,0.6317073106765747,0.590532342068142,0.4607245640765194
deepcrack,deepcrack_0036,text,1,text,0.64599609375,0.4925964702363147,0.7814435958862305,0.6261681010542678,0.27719713959294207
deepcrack,deepcrack_0036,text,2,text,0.59765625,0.4461249505733491,0.4010738134384155,0.49547468606027606,0.5092686642965972
deepcrack,deepcrack_0036,text,3,text,0.423095703125,0.4261915961116337,0.7032995820045471,0.4942302353902086,0.47460639918740477
deepcrack,deepcrack_0036,text,4,text,0.401611328125,0.43720408671816596,0.5891412496566772,0.4609512740155274,0.44531911291687826
deepcrack,deepcrack_0036,text,5,text,0.344482421875,0.25,0.7089065909385681,0.402519616484642,0.0
deepcrack,deepcrack_0036,text,6,text,0.287841796875,0.25603411513859275,1.0,0.4547486590485075,0.0588830774422136
deepcrack,deepcrack_0036,text,7,text,0.271484375,0.25598678777869527,1.0,0.4481891257225433,0.07374184038744999
deepcrack,deepcrack_0036,text,8,text,0.259521484375,0.25,1.0,0.44130859375,0.0034453302961275625
deepcrack,deepcrack_0036,box,0,box,0.94140625,0.6653013604748994,0.2833399474620819,0.6802529630317353,0.5672083968173354
deepcrack,deepcrack_0036,box,1,box,0.292236328125,0.9760532786573968,0.6867048740386963,0.630189397289763,0.25994414353419093
deepcrack,deepcrack_0036,box,2,box,0.276123046875,0.0,0.3825981616973877,0.20609875917434695,0.0
deepcrack,deepcrack_0036,box,3,box,0.266357421875,0.7991458573514875,0.29118621349334717,0.4590405721963574,0.47202471643812427
deepcrack,deepcrack_0036,point,0,point,0.8158619999885559,0.5895162295074081,1.0,0.7826754803230151,0.00813515122310723
deepcrack,deepcrack_0037,text,0,text,0.63330078125,0.3050420168067227,1.0,0.610085018382353,0.015218572870564485
deepcrack,deepcrack_0037,text,1,text,0.440185546875,0.25737250554323726,0.905221700668335,0.4924600208572168,0.11205052197448125
deepcrack,deepcrack_0037,text,2,text,0.367431640625,0.270516717325228,1.0,0.4916535073138298,0.026113552831110082
deepcrack,deepcrack_0037,text,3,text,0.3427734375,0.25,0.5155584216117859,0.35349898040294647,0.0
deepcrack,deepcrack_0037,text,4,text,0.332275390625,0.25,0.8956702351570129,0.4443277150392532,0.004462903725105769
deepcrack,deepcrack_0037,text,5,text,0.328857421875,0.27183650615901456,1.0,0.4766857459056551,0.01734670206459262
deepcrack,deepcrack_0037,text,6,text,0.322998046875,0.25,0.5413786172866821,0.3520438730716705,0.24099285640335438
deepcrack,deepcrack_0037,text,7,text,0.314208984375,0.25,0.44233807921409607,0.32376811355352403,0.09865238871213884
deepcrack,deepcrack_0037,text,8,text,0.313720703125,0.25,0.6571667194366455,0.3772799611091614,0.0030725112658746417
deepcrack,deepcrack_0037,text,9,text,0.294677734375,0.25,0.6250166296958923,0.3616252511739731,0.0
deepcrack,deepcrack_0037,text,10,text,0.29443359375,0.263768115942029,1.0,0.46009227807971015,0.056278950077200206
deepcrack,deepcrack_0037,text,11,text,0.2919921875,0.25018758206715436,0.6534171104431152,0.36771680633428283,0.13453773682575837
deepcrack,deepcrack_0037,text,12,text,0.2724609375,0.25,0.2922409772872925,0.2695446193218231,0.16875452945439487
deepcrack,deepcrack_0037,text,13,text,0.26123046875,0.25,0.8612048029899597,0.40729338824748995,0.057450442523678896
deepcrack,deepcrack_0037,text,14,text,0.260986328125,0.2532894736842105,1.0,0.4430458470394737,0.00044000414121544675
deepcrack,deepcrack_0037,text,15,text,0.253662109375,0.25,0.8057762384414673,0.3904089033603668,0.010683152694068651
deepcrack,deepcrack_0037,text,16,text,0.25146484375,0.25,0.9689489006996155,0.4303231626749039,0.003539228603167222
deepcrack,deepcrack_0037,box,0,box,0.982421875,0.4626468056161762,0.42942097783088684,0.6622503764233834,0.2658765074271518
deepcrack,deepcrack_0037,point,0,point,0.92752605676651,0.9936002566262951,0.5725752115249634,0.8619143154070481,0.0409070961773392
deepcrack,deepcrack_0037,point,1,point,0.687280535697937,0.49531961518116485,1.0,0.6982740795925826,0.02193129397211556
deepcrack,deepcrack_0038,text,0,text,0.7744140625,0.4407983761840325,1.0,0.7140450566644114,0.04918032786885246
deepcrack,deepcrack_0038,text,1,text,0.6103515625,0.2635050251256281,0.20641696453094482,0.38797162492670606,0.03660325749098595
deepcrack,deepcrack_0038,text,2,text,0.491943359375,0.25,0.5025031566619873,0.40990313291549685,0.186255252492603
deepcrack,deepcrack_0038,text,3,text,0.4873046875,0.25107520458753957,0.30433669686317444,0.3588823708214325,0.4129553649135895
deepcrack,deepcrack_0038,text,4,text,0.388916015625,0.25,0.5325543284416199,0.37620498836040495,0.0
deepcrack,deepcrack_0038,text,5,text,0.345703125,0.2512196774630709,0.43017905950546265,0.33375290198844043,0.36364540594305605
deepcrack,deepcrack_0038,text,6,text,0.3359375,0.25,0.40011534094810486,0.3219038352370262,0.004544896204397494
deepcrack,deepcrack_0038,text,7,text,0.285400390625,0.25,0.8308466076850891,0.4093718081712723,0.0023044828255385213
deepcrack,deepcrack_0038,text,8,text,0.258544921875,0.2511545862732521,0.4458637535572052,0.3027880123349395,0.3842997811816193
deepcrack,deepcrack_0038,box,0,box,0.9833984375,0.29995054174753133,0.6457933187484741,0.6597903942987545,0.018399721517728382
deepcrack,deepcrack_0038,box,1,box,0.30126953125,0.16838029395608076,0.4223349690437317,0.2850246576455612,2.7664813124187345e-05
deepcrack,deepcrack_0038,box,2,box,0.293212890625,0.6394542175993476,1.0,0.5910941324097716,0.03245269901176938
deepcrack,deepcrack_0038,point,0,point,0.7985953688621521,0.2899315387383551,1.0,0.6709141861032851,0.018892281720910602
deepcrack,deepcrack_0038,point,1,point,0.5122408270835876,0.7362729358642547,1.0,0.7125918583859242,0.009193917105655501
deepcrack,deepcrack_0038,point,2,point,0.8262512683868408,0.969864466046457,0.19350111484527588,0.7183283491823153,0.06403083426582121
deepcrack,deepcrack_0038,point,3,point,0.85603266954422,0.9761689481689482,0.7400193214416504,0.8690770300372324,0.001815243068506776
deepcrack,deepcrack_0039,text,0,text,0.58984375,0.25,0.5669410824775696,0.46517277061939244,0.0
deepcrack,deepcrack_0039,text,1,text,0.5888671875,0.25,0.7430247068405151,0.5088030517101287,0.09714011419332019
deepcrack,deepcrack_0039,text,2,text,0.5673828125,0.25,0.8952028751373291,0.5382538437843323,0.005626624277748341
deepcrack,deepcrack_0039,text,3,text,0.5498046875,0.25,0.7973040342330933,0.5067478835582733,0.0034604698156100026
deepcrack,deepcrack_0039,text,4,text,0.51025390625,0.25,0.37029746174812317,0.3841759279370308,0.04653753639701228
deepcrack,deepcrack_0039,text,5,text,0.501953125,0.25,0.44541633129119873,0.3996353328227997,0.045142669063473174
deepcrack,deepcrack_0039,text,6,text,0.4931640625,0.25,0.1757960468530655,0.3287146367132664,0.024205595645018358
deepcrack,deepcrack_0039,text,7,text,0.489990234375,0.25,0.5228798985481262,0.41421606838703157,0.01793789568887549
deepcrack,deepcrack_0039,text,8,text,0.4638671875,0.25,0.749226987361908,0.460353621840477,0.006562304320601127
deepcrack,deepcrack_0039,text,9,text,0.4609375,0.25,0.17902697622776031,0.31663174405694006,0.046005823521964806
deepcrack,deepcrack_0039,text,10,text,0.360595703125,0.25,0.4929800033569336,0.3549832820892334,0.039188424922235836
deepcrack,deepcrack_0039,text,11,text,0.35107421875,0.0,0.0,0.1404296875,0.0
deepcrack,deepcrack_0039,text,12,text,0.3134765625,0.25,0.566837728023529,0.35460005700588226,0.09802891590374706
deepcrack,deepcrack_0039,text,13,text,0.28955078125,0.25,0.6753018498420715,0.37214577496051787,0.0006304534221011752
deepcrack,deepcrack_0039,text,14,text,0.287841796875,0.25,0.5978609919548035,0.35210196673870087,0.0034014425976407014
deepcrack,deepcrack_0039,text,15,text,0.27001953125,0.25,0.7679315209388733,0.3874906927347183,0.01051939513477975
deepcrack,deepcrack_0039,text,16,text,0.266845703125,0.25,0.49833452701568604,0.3188219130039215,0.017341474400680647
deepcrack,deepcrack_0039,text,17,text,0.26318359375,0.25,0.612180233001709,0.3458184957504272,0.0
deepcrack,deepcrack_0039,text,18,text,0.25341796875,0.25,0.7481328845024109,0.3759004086256027,0.015298816791016655
deepcrack,deepcrack_0039,text,19,text,0.252197265625,0.25,0.6452385187149048,0.3496885359287262,0.006129032258064516
deepcrack,deepcrack_0039,box,0,box,0.97509765625,0.36924201123071426,0.17958833277225494,0.5641708496238138,0.03577668059248006
deepcrack,deepcrack_0039,box,1,box,0.26904296875,0.0,0.44952160120010376,0.21999758780002593,0.005301524188204109
deepcrack,deepcrack_0039,point,0,point,0.7504199147224426,0.9277793236263537,0.6943937540054321,0.7984891676595589,0.05618119701379223
deepcrack,deepcrack_0039,point,1,point,0.9062216281890869,0.37407921493442203,0.8627661466598511,0.7091079131676452,0.005102669657603471
deepcrack,deepcrack_0039,point,2,point,0.4151667356491089,0.34134482719301246,0.335364431142807,0.3693784915628997,0.0005570325357640208
deepcrack,deepcrack_0039,point,3,point,0.6637636423110962,0.5912529315574393,0.8881253600120544,0.6944753229725559,0.0037186005919405025
deepcrack,deepcrack_0039,point,4,point,0.6777178049087524,0.5768155972697993,0.9260955452919006,0.7044964673309059,0.003086575924707787
deepcrack,deepcrack_0040,text,0,text,0.8984375,0.48103868413036854,1.0,0.777738539445629,0.6610299769408148
deepcrack,deepcrack_0040,text,1,text,0.6875,0.25,0.6219320893287659,0.5179830223321915,0.05485586342009516
deepcrack,deepcrack_0040,text,2,text,0.473388671875,0.25,0.823674201965332,0.482774019241333,0.015835929387331256
deepcrack,deepcrack_0040,text,3,text,0.44091796875,0.25,0.8723795413970947,0.4819620728492737,0.0
deepcrack,deepcrack_0040,text,4,text,0.421630859375,0.25,0.7628756165504456,0.4468712478876114,0.015170355632927133
deepcrack,deepcrack_0040,text,5,text,0.417236328125,0.25,0.8369495272636414,0.46363191306591034,0.017168589924007882
deepcrack,deepcrack_0040,text,6,text,0.403076171875,0.25,0.45317864418029785,0.3620251297950745,0.0
deepcrack,deepcrack_0040,text,7,text,0.3935546875,0.25,0.48144933581352234,0.3652842089533806,0.0
deepcrack,deepcrack_0040,text,8,text,0.34423828125,0.25,0.49082568287849426,0.3479017332196236,0.0
deepcrack,deepcrack_0040,text,9,text,0.3173828125,0.25,0.7262283563613892,0.3960102140903473,0.0
deepcrack,deepcrack_0040,text,10,text,0.306640625,0.25,0.7342576384544373,0.3937206596136093,0.0
deepcrack,deepcrack_0040,text,11,text,0.305419921875,0.33861940298507465,1.0,0.4906847597947761,0.3547034152186938
deepcrack,deepcrack_0040,text,12,text,0.294189453125,0.25,0.5297645330429077,0.33761691451072695,0.0
deepcrack,deepcrack_0040,text,13,text,0.281982421875,0.25,0.729307234287262,0.3826197773218155,0.0
deepcrack,deepcrack_0040,text,14,text,0.264892578125,0.25,0.6344082951545715,0.3520591050386429,0.04618986802894849
deepcrack,deepcrack_0040,text,15,text,0.25927734375,0.3285327816677276,1.0,0.46869741108370466,0.24745861167586408
deepcrack,deepcrack_0040,text,16,text,0.256591796875,0.25,0.5595648288726807,0.33002792596817015,0.013773314203730272
deepcrack,deepcrack_0040,text,17,text,0.2548828125,0.25,0.7803366184234619,0.3845372796058655,0.07718383311603651
deepcrack,deepcrack_0040,text,18,text,0.25439453125,0.25,0.9972699284553528,0.4385752946138382,0.05550416281221091
deepcrack,deepcrack_0040,box,0,box,0.97998046875,0.8613377723618056,1.0,0.943460407826632,0.688321935823251
deepcrack,deepcrack_0040,box,1,box,0.385009765625,0.8733939531700038,1.0,0.7096917898595013,0.6566959385290889
deepcrack,deepcrack_0040,box,2,box,0.379150390625,0.23647200291350093,0.518355667591095,0.3640142741674991,0.0
deepcrack,deepcrack_0040,box,3,box,0.315185546875,0.1321409049271408,0.5330911874771118,0.30559633234377725,0.0
deepcrack,deepcrack_0040,box,4,box,0.27685546875,0.4827241163958037,0.6074956655502319,0.43156954462608926,0.0
deepcrack,deepcrack_0040,point,0,point,0.8395780324935913,0.8633749599152146,1.0,0.8880124489677617,0.6707317073170732
deepcrack,deepcrack_0040,point,1,point,0.8172393441200256,0.9660008136954767,1.0,0.9149960224414271,0.6617000488519785
deepcrack,deepcrack_0040,point,2,point,0.6075499653816223,0.710583182772346,0.9959931373596191,0.7407223844628747,0.0173682661171622
deepcrack,deepcrack_0040,point,3,point,0.7238174080848694,0.7682287213980322,0.7336156368255615,0.7418109249296494,0.06068679692125518
deepcrack,deepcrack_0041,text,0,text,0.869140625,0.4946095731774567,0.7165206670761108,0.6998997673811376,0.542061037703433
deepcrack,deepcrack_0041,text,1,text,0.623046875,0.48832831325301207,0.4024725556373596,0.5207517985478941,0.063296
deepcrack,deepcrack_0041,text,2,text,0.6103515625,0.4642556179775281,0.6071370244026184,0.5584143473927894,0.09667856687492031
deepcrack,deepcrack_0041,text,3,text,0.580078125,0.45011697860962563,0.47275102138519287,0.5077599478596672,0.08732241136567259
deepcrack,deepcrack_0041,text,4,text,0.5625,0.25,0.44868203997612,0.42467050999403,0.0
deepcrack,deepcrack_0041,text,5,text,0.400634765625,0.48834541746912885,0.5119667053222656,0.4591664786947615,0.5216418850806451
deepcrack,deepcrack_0041,text,6,text,0.363037109375,0.25,0.4494713544845581,0.34508268237113954,0.0
deepcrack,deepcrack_0041,text,7,text,0.353759765625,0.39573539288112825,0.5630602240562439,0.4207763497724558,0.14084191670398566
deepcrack,deepcrack_0041,text,8,text,0.348388671875,0.26005530417295125,0.731500506401062,0.41324995181079843,0.027224159442080682
deepcrack,deepcrack_0041,text,9,text,0.338134765625,0.4286084477844001,0.4838007688522339,0.4062170551875985,0.08923427558481846
deepcrack,deepcrack_0041,text,10,text,0.272216796875,0.25,0.6002469062805176,0.3464484453201294,0.0093186634540018
deepcrack,deepcrack_0041,text,11,text,0.27197265625,0.25,0.5993027091026306,0.34611473977565765,0.0
deepcrack,deepcrack_0041,text,12,text,0.264892578125,0.25,0.5754358172416687,0.3373159855604172,0.0
deepcrack,deepcrack_0041,text,13,text,0.260498046875,0.26008999181892556,0.6534950733184814,0.3586044842162443,0.09903201787043932
deepcrack,deepcrack_0041,box,0,box,0.97607421875,0.9429990041464658,0.5831202864646912,0.8662594105674357,0.5118333859261597
deepcrack,deepcrack_0041,box,1,box,0.416015625,0.9854844316767016,0.45104026794433594,0.6240858680729295,0.0
deepcrack,deepcrack_0041,box,2,box,0.394287109375,0.9744213814231053,0.4244563579559326,0.6048764167370699,0.057984
deepcrack,deepcrack_0041,box,3,box,0.361328125,0.9446198159631715,0.6497896909713745,0.6375956083299537,0.5068126750369741
deepcrack,deepcrack_0041,box,4,box,0.2646484375,0.5813990515930658,0.4854268729686737,0.4307057612997415,0.03935104354132531
deepcrack,deepcrack_0041,point,0,point,0.8664125204086304,0.9968904699971516,0.728874683380127,0.8776953435074869,0.5290405626020344
deepcrack,deepcrack_0041,point,1,point,0.6446587443351746,0.94166131538759,0.7095517516136169,0.7648328960231305,0.013640238704177323
deepcrack,deepcrack_0042,text,0,text,0.724609375,0.4671331636980492,0.9708364605903625,0.6960494724419078,0.03108449687048628
deepcrack,deepcrack_0042,text,1,text,0.6904296875,0.4910946649316851,0.827156126499176,0.6548440393508838,0.34993599094941796
deepcrack,deepcrack_0042,text,2,text,0.638671875,0.25,0.5536746382713318,0.481387409567833,0.0
deepcrack,deepcrack_0042,text,3,text,0.53857421875,0.25,0.5337958335876465,0.43637864589691167,0.0018098205014092864
deepcrack,deepcrack_0042,text,4,text,0.53173828125,0.3049956586454974,0.5567260384559631,0.45862530263991486,0.21500407719488993
deepcrack,deepcrack_0042,text,5,text,0.51318359375,0.25,1.0,0.5427734375,0.020079959118646105
deepcrack,deepcrack_0042,text,6,text,0.50537109375,0.4798887122416534,0.7281098365783691,0.552136945929171,0.3554877866475319
deepcrack,deepcrack_0042,text,7,text,0.473388671875,0.26041210795040115,0.892250120639801,0.5035622366925907,0.04968214274954054
deepcrack,deepcrack_0042,text,8,text,0.45361328125,0.25,0.5019010901451111,0.39442058503627775,0.0
deepcrack,deepcrack_0042,text,9,text,0.408447265625,0.3026754906951751,0.46383988857269287,0.3852753001364845,0.2673431790039564
deepcrack,deepcrack_0042,text,10,text,0.40771484375,0.36852690775599467,0.33341947197914124,0.37542522320938343,0.1908313955244164
deepcrack,deepcrack_0042,text,11,text,0.4052734375,0.25,0.3557626008987427,0.3385500252246857,0.0016731401254855094
deepcrack,deepcrack_0042,text,12,text,0.403564453125,0.25,0.5340589284896851,0.38244051337242124,0.001823344791510985
deepcrack,deepcrack_0042,text,13,text,0.400634765625,0.3023899332179075,0.5750305652618408,0.40984802419172783,0.2089071021785639
deepcrack,deepcrack_0042,text,14,text,0.367919921875,0.25,0.5905949473381042,0.3823167055845261,0.013082463618991621
deepcrack,deepcrack_0042,text,15,text,0.316162109375,0.2581056208410024,0.7113584876060486,0.39464143294586296,0.06172205438066465
deepcrack,deepcrack_0042,text,16,text,0.314697265625,0.26182194778802564,0.8598031997680664,0.4324673879178256,0.02542577605991062
deepcrack,deepcrack_0042,text,17,text,0.28271484375,0.2575318855567046,0.4782777726650238,0.32279154061110255,0.06068120705109053
deepcrack,deepcrack_0042,text,18,text,0.2783203125,0.25,0.34189122915267944,0.2843009322881699,0.07909604519774012
deepcrack,deepcrack_0042,text,19,text,0.27783203125,0.25666084297881636,0.7038283348083496,0.37692119124467316,0.0427797833935018
deepcrack,deepcrack_0042,text,20,text,0.2744140625,0.25,0.42746490240097046,0.3041318506002426,0.0
deepcrack,deepcrack_0042,text,21,text,0.273681640625,0.25,0.5199958086013794,0.32697160840034484,0.09588256571015191
deepcrack,deepcrack_0042,text,22,text,0.265869140625,0.25,0.44862625002861023,0.30600421875715256,0.039021443672606466
deepcrack,deepcrack_0042,text,23,text,0.254638671875,0.25,0.34035739302635193,0.27444481700658796,0.0023253734013057867
deepcrack,deepcrack_0042,box,0,box,0.99169921875,0.08325534388581621,0.3791634738445282,0.5206099263211678,0.06229109988340459
deepcrack,deepcrack_0042,box,1,box,0.255615234375,0.21605441109790585,0.38825374841690063,0.2749285747384922,0.004225887360340503
deepcrack,deepcrack_0042,point,0,point,0.5878655314445496,0.8080743206870166,0.4088757336139679,0.6201911582217676,0.08748564867967853
deepcrack,deepcrack_0042,point,1,point,0.7274356484413147,0.9890699176280868,0.41001471877098083,0.7396524102391014,0.07324589939389789
deepcrack,deepcrack_0042,point,2,point,0.7584324479103088,0.9499966614833241,0.9226412773132324,0.8665321300115951,0.03473096994781357
deepcrack,deepcrack_0042,point,3,point,0.7238943576812744,0.6442648593508074,0.9295270442962646,0.7474322049193585,0.027901383042693927
deepcrack,deepcrack_0043,text,0,text,0.87451171875,0.39729241877256316,0.8650783896446228,0.7051266314815529,0.5631200575125809
deepcrack,deepcrack_0043,text,1,text,0.625,0.4725465158701204,1.0,0.6653912805545421,0.19261116436840942
deepcrack,deepcrack_0043,text,2,text,0.5380859375,0.3976942734347776,0.8526850938796997,0.567598644172097,0.6037104401600581
deepcrack,deepcrack_0043,text,3,text,0.48779296875,0.30379227317500274,0.9269090294837952,0.5331717404821997,0.4264962231260895
deepcrack,deepcrack_0043,text,4,text,0.376220703125,0.3269886061122351,0.8790920972824097,0.48470731770988473,0.5178781636256622
deepcrack,deepcrack_0043,text,5,text,0.27294921875,0.37,0.9856188297271729,0.48508439493179323,0.1762655240031956
deepcrack,deepcrack_0043,box,0,box,0.97119140625,0.6793324433137874,0.8932310938835144,0.8495506911307042,0.5072358373936441
deepcrack,deepcrack_0043,box,1,box,0.357177734375,0.8701993505348937,0.8723953366279602,0.6655397005942029,0.3182350358554076
deepcrack,deepcrack_0043,point,0,point,0.883782148361206,0.5931376600940035,0.8540982604026794,0.7746356054780535,0.0028874305906108027
deepcrack,deepcrack_0044,text,0,text,0.9169921875,0.4854615066225165,0.6958181858062744,0.7106629487694494,0.2055795847750865
deepcrack,deepcrack_0044,text,1,text,0.87255859375,0.4815335286200617,0.6325802206993103,0.6757052276918492,0.5248890027322405
deepcrack,deepcrack_0044,text,2,text,0.332275390625,0.25,0.5866023302078247,0.36706073880195617,0.0
deepcrack,deepcrack_0044,text,3,text,0.29052734375,0.25,0.6599699258804321,0.36870341897010805,0.0
deepcrack,deepcrack_0044,text,4,text,0.25732421875,0.25,0.546735942363739,0.32711367309093475,0.0
deepcrack,deepcrack_0044,text,5,text,0.252197265625,0.25,0.6124061942100525,0.3414804548025131,0.0
deepcrack,deepcrack_0044,text,6,text,0.25146484375,0.25,0.6660153865814209,0.35458978414535525,0.0
deepcrack,deepcrack_0044,box,0,box,0.97216796875,0.0,0.0,0.38886718750000004,0.0
deepcrack,deepcrack_0044,box,1,box,0.7978515625,0.8295875532922988,0.4246540665626526,0.7156597852929678,0.0031927023945267957
deepcrack,deepcrack_0044,box,2,box,0.72119140625,0.9164212581633995,0.654076874256134,0.7727432214212233,0.18434016074669432
deepcrack,deepcrack_0044,box,3,box,0.445068359375,0.8468721129912691,0.5263069868087769,0.6060093299991384,0.48420332606558075
deepcrack,deepcrack_0044,point,0,point,0.9001278281211853,0.9863390563996403,0.8235359787940979,0.9111537956868727,0.5627293046008518
deepcrack,deepcrack_0044,point,1,point,0.9592195153236389,0.9662192599101951,0.43499955534935,0.8306144359353613,0.11511515013688566
deepcrack,deepcrack_0045,text,0,text,0.923828125,0.25,1.0,0.70703125,0.8293686281523878
deepcrack,deepcrack_0045,text,1,text,0.377197265625,0.25,1.0,0.48837890625,0.01185366850602902
deepcrack,deepcrack_0045,box,0,box,0.9853515625,0.8892672512349457,1.0,0.955384162932231,0.8392300641613198
deepcrack,deepcrack_0045,point,0,point,0.8379122018814087,0.9429304683845817,1.0,0.9151905446871671,0.8003410059676044
deepcrack,deepcrack_0045,point,1,point,0.598167359828949,0.8791845616251415,0.9447097778320312,0.7831589849583869,0.011791014433828014
deepcrack,deepcrack_0046,text,0,text,0.8173828125,0.25,1.0,0.664453125,0.642874814448293
deepcrack,deepcrack_0046,text,1,text,0.48974609375,0.25,1.0,0.5333984375,0.6105455098009421
deepcrack,deepcrack_0046,text,2,text,0.47021484375,0.25,1.0,0.5255859375,0.2711140322050608
deepcrack,deepcrack_0046,text,3,text,0.43017578125,0.25,1.0,0.5095703125,0.10666890643373089
deepcrack,deepcrack_0046,text,4,text,0.3349609375,0.25,1.0,0.471484375,0.009079353550027237
deepcrack,deepcrack_0046,text,5,text,0.29150390625,0.25,1.0,0.4541015625,0.47519426180514046
deepcrack,deepcrack_0046,text,6,text,0.2841796875,0.25,0.6334150433540344,0.3595256358385086,0.0
deepcrack,deepcrack_0046,text,7,text,0.273681640625,0.25,1.0,0.44697265625,0.09335170513262142
deepcrack,deepcrack_0046,box,0,box,0.98583984375,0.5289522884742656,1.0,0.829469238465993,0.6576691825508507
deepcrack,deepcrack_0046,point,0,point,0.6332139372825623,0.9649606177199423,0.9220970273017883,0.8215460479404517,0.5810276679841897
deepcrack,deepcrack_0046,point,1,point,0.5654629468917847,0.9484894611724488,1.0,0.8081564901670709,0.10462163534789233
deepcrack,deepcrack_0047,text,0,text,0.703125,0.25,1.0,0.61875,0.6162107976514392
deepcrack,deepcrack_0047,text,1,text,0.62646484375,0.25,1.0,0.5880859375,0.3107922454587086
deepcrack,deepcrack_0047,text,2,text,0.58251953125,0.25,1.0,0.5705078125,0.31193171274819076
deepcrack,deepcrack_0047,text,3,text,0.53466796875,0.25,0.998991847038269,0.5511151492595673,0.4201012292118583
deepcrack,deepcrack_0047,text,4,text,0.53271484375,0.25,0.5857320427894592,0.4470189481973648,0.0
deepcrack,deepcrack_0047,text,5,text,0.476318359375,0.25,1.0,0.52802734375,0.010743801652892562
deepcrack,deepcrack_0047,text,6,text,0.407958984375,0.25,1.0,0.50068359375,0.09917028842354801
deepcrack,deepcrack_0047,text,7,text,0.348388671875,0.25,0.9822654724121094,0.47242183685302735,0.10482594936708861
deepcrack,deepcrack_0047,box,0,box,0.97607421875,0.0,0.30750855803489685,0.4673068270087242,0.0
deepcrack,deepcrack_0047,box,1,box,0.83056640625,0.1429350048324593,0.4035210907459259,0.48313408687784226,0.0
deepcrack,deepcrack_0047,box,2,box,0.443359375,0.7987566771891759,0.9903147220611572,0.7044872675315008,0.29720853858784896
deepcrack,deepcrack_0047,box,3,box,0.311767578125,0.5700104015698968,1.0,0.574210671799464,0.006031185642836129
deepcrack,deepcrack_0047,box,4,box,0.295166015625,0.7596318308060171,0.4331890940666199,0.492234820548761,0.0
deepcrack,deepcrack_0047,box,5,box,0.283447265625,0.8791516533128867,0.6630231142044067,0.586837763460612,0.0
deepcrack,deepcrack_0047,box,6,box,0.25927734375,0.7149875752614543,0.9913336634635925,0.6017900047074072,0.3101160862354892
deepcrack,deepcrack_0047,point,0,point,0.6885250806808472,0.9850860449739965,1.0,0.8701901480132377,0.3190521327014218
deepcrack,deepcrack_0047,point,1,point,0.5507988929748535,0.9719140449296628,1.0,0.8104894729153234,0.2636227295450758
deepcrack,deepcrack_0048,text,0,text,0.90234375,0.25,0.9639507532119751,0.6894251883029938,0.6120867143030156
deepcrack,deepcrack_0048,box,0,box,0.98876953125,0.909532813026345,1.0,0.9638442970592207,0.7289678461312583
deepcrack,deepcrack_0048,point,0,point,0.7549974322319031,0.8848276414986429,0.7528548836708069,0.799902368334988,0.5374596227987913
deepcrack,deepcrack_0049,text,0,text,0.92138671875,0.25,1.0,0.7060546875,0.8150611071171819
deepcrack,deepcrack_0049,text,1,text,0.466552734375,0.25,1.0,0.52412109375,0.10890269151138716
deepcrack,deepcrack_0049,box,0,box,0.98876953125,0.9050308630204583,1.0,0.9622686145571604,0.8228977065890062
deepcrack,deepcrack_0049,box,1,box,0.26611328125,0.9499727246829945,1.0,0.6889357661390481,0.10743285446595878
deepcrack,deepcrack_0049,point,0,point,0.7203696966171265,0.9532820319396684,1.0,0.8717965898257345,0.7569558101472995
deepcrack,deepcrack_0050,text,0,text,0.92919921875,0.25,1.0,0.7091796875,0.5201606156934917
deepcrack,deepcrack_0050,text,1,text,0.90673828125,0.25,0.9629547595977783,0.6909340023994446,0.322782874617737
deepcrack,deepcrack_0050,text,2,text,0.56689453125,0.25,1.0,0.5642578125,0.7526615137815371
deepcrack,deepcrack_0050,text,3,text,0.494873046875,0.25,0.5393345952033997,0.4202828675508499,0.0
deepcrack,deepcrack_0050,text,4,text,0.26318359375,0.25,1.0,0.4427734375,0.18699472759226712
deepcrack,deepcrack_0050,box,0,box,0.98583984375,0.7965002444744933,1.0,0.9231110230660726,0.7529289633694202
deepcrack,deepcrack_0050,box,1,box,0.68212890625,0.986937977872536,1.0,0.8682798547553876,0.5241118929123048
deepcrack,deepcrack_0050,box,2,box,0.529296875,0.9780655543320969,1.0,0.8040416940162338,0.3275233718903502
deepcrack,deepcrack_0050,box,3,box,0.38623046875,0.980606078830553,0.5368251800537109,0.6319106101041213,0.0
deepcrack,deepcrack_0050,point,0,point,0.7013825178146362,0.9344131220721887,1.0,0.8575975998511205,0.5237366003062787
deepcrack,deepcrack_0050,point,1,point,0.639096200466156,0.9259750711409955,0.9413726329803467,0.8150729133308975,0.32678355501813783
deepcrack,deepcrack_0051,text,0,text,0.94775390625,0.25,1.0,0.7166015625000001,0.527923866766842
deepcrack,deepcrack_0051,box,0,box,0.97607421875,0.8178004502158307,1.0,0.9266598450755408,0.5421968319916904
deepcrack,deepcrack_0051,point,0,point,0.7494247555732727,0.9516783752539251,0.970278263092041,0.8754268993411931,0.47736441057821605
deepcrack,deepcrack_0051,point,1,point,0.5449702143669128,0.9667655206996184,1.0,0.8063560179916316,0.5009765625
deepcrack,deepcrack_0052,text,0,text,0.92724609375,0.4902225219150371,1.0,0.7924763201702629,0.7990049751243781
deepcrack,deepcrack_0052,text,1,text,0.5234375,0.25,0.8430251479148865,0.5076312869787216,0.0
deepcrack,deepcrack_0052,text,2,text,0.33837890625,0.25,0.5390598177909851,0.35761651694774627,0.0
deepcrack,deepcrack_0052,text,3,text,0.3134765625,0.25,0.5258448719978333,0.3443518429994583,0.0
deepcrack,deepcrack_0052,text,4,text,0.30322265625,0.25,0.4942772686481476,0.3323583796620369,0.0
deepcrack,deepcrack_0052,text,5,text,0.292724609375,0.25,0.5156744122505188,0.3335084468126297,0.0
deepcrack,deepcrack_0052,text,6,text,0.284912109375,0.25,0.5934286713600159,0.349822011590004,0.0
deepcrack,deepcrack_0052,box,0,box,0.96435546875,0.9721237275715483,1.0,0.9759854921500419,0.8033932135728543
deepcrack,deepcrack_0052,box,1,box,0.327392578125,0.991666264769713,0.846894383430481,0.6897638197770197,0.0
deepcrack,deepcrack_0052,point,0,point,0.8430317640304565,0.9213921379767257,1.0,0.9096999539040367,0.7499234771962044
deepcrack,deepcrack_0053,text,0,text,0.76708984375,0.25,1.0,0.6443359375000001,0.8335078534031414
deepcrack,deepcrack_0053,text,1,text,0.75537109375,0.25,1.0,0.6396484375,0.5831697054698457
deepcrack,deepcrack_0053,text,2,text,0.68115234375,0.25,1.0,0.6099609375,0.29708580679978414
deepcrack,deepcrack_0053,text,3,text,0.322509765625,0.25,0.780122697353363,0.41153458058834075,0.0
deepcrack,deepcrack_0053,text,4,text,0.272705078125,0.25,1.0,0.44658203125,0.275909592061742
deepcrack,deepcrack_0053,text,5,text,0.26220703125,0.25,0.8373841047286987,0.4017288386821747,0.0
deepcrack,deepcrack_0053,box,0,box,0.97216796875,0.9518378092544204,1.0,0.9720104207390472,0.825110937092143
deepcrack,deepcrack_0053,box,1,box,0.44677734375,0.9928504527129125,1.0,0.7762085959495193,0.5816755393667694
deepcrack,deepcrack_0053,box,2,box,0.316162109375,0.9692168931982863,1.0,0.7156907563694002,0.28353658536585363
deepcrack,deepcrack_0053,box,3,box,0.258056640625,0.9890405817499414,0.7975426912307739,0.648772532670173,0.0
deepcrack,deepcrack_0053,point,0,point,0.5667358636856079,0.9524902808182558,1.0,0.8100659437606327,0.7908982035928144
deepcrack,deepcrack_0053,point,1,point,0.852286159992218,0.9469507719752533,1.0,0.922347234188226,0.5857484711512896
deepcrack,deepcrack_0054,text,0,text,0.953125,0.25,1.0,0.71875,0.8207432596550887
deepcrack,deepcrack_0054,text,1,text,0.29736328125,0.25,0.6778524518013,0.375908425450325,0.0
deepcrack,deepcrack_0054,box,0,box,0.982421875,0.9577988322881559,1.0,0.9781983413008546,0.8167883211678832
deepcrack,deepcrack_0054,point,0,point,0.8171200156211853,0.9537723582974579,0.8617474436759949,0.876105192571583,0.7552895917931182
deepcrack,deepcrack_0055,text,0,text,0.89892578125,0.25,0.7384867668151855,0.6316920042037965,0.48364469257748194
deepcrack,deepcrack_0055,text,1,text,0.8828125,0.25,0.7352970242500305,0.6244492560625077,0.1005672666153092
deepcrack,deepcrack_0055,text,2,text,0.82177734375,0.25,0.9087493419647217,0.6433982729911805,0.17513559805880674
deepcrack,deepcrack_0055,text,3,text,0.38330078125,0.25,0.8767175674438477,0.45999970436096194,0.2526181715256156
deepcrack,deepcrack_0055,text,4,text,0.370849609375,0.25,0.5067888498306274,0.36253705620765686,0.15090528745581763
deepcrack,deepcrack_0055,box,0,box,0.97265625,0.13594906229105208,0.3653654158115387,0.527986025754753,0.01798013485101138
deepcrack,deepcrack_0055,box,1,box,0.6748046875,0.27955742743390144,0.3859345018863678,0.4642506000734575,0.0
deepcrack,deepcrack_0055,box,2,box,0.5888671875,0.7024211152751253,0.7728472352027893,0.6746060741469911,0.0910974564161189
deepcrack,deepcrack_0055,box,3,box,0.5107421875,0.6275768134780206,0.5456910729408264,0.5603715279525139,0.00040797295722112137
deepcrack,deepcrack_0055,box,4,box,0.496826171875,0.8724457026996827,0.7066254615783691,0.6807428300894812,0.4680284830612098
deepcrack,deepcrack_0055,box,5,box,0.417724609375,0.8778723297570906,0.8377096652984619,0.6837725754895971,0.16602918260376823
deepcrack,deepcrack_0055,box,6,box,0.253662109375,0.3829100821199365,1.0,0.48548337249197776,0.005051223676721684
deepcrack,deepcrack_0055,point,0,point,0.7526124715805054,0.9412694672078732,0.7105306386947632,0.8081219618286486,0.41055634807417973
deepcrack,deepcrack_0055,point,1,point,0.5169708132743835,0.6579616308166389,0.7116677761077881,0.6149918401225241,0.11812526509260568
deepcrack,deepcrack_0055,point,2,point,0.588040828704834,0.8561171161745189,0.7580064535140991,0.72435893552154,0.18028643639427128
deepcrack,deepcrack_0055,point,3,point,0.7070209383964539,0.8716262326710966,0.7959659695625305,0.786869049184098,0.21527973010964296
deepcrack,deepcrack_0055,point,4,point,0.6881065964698792,0.759263428416437,0.7328458428382874,0.7241962992432764,0.16891844097050293
deepcrack,deepcrack_0055,point,5,point,0.631860077381134,0.5304642399606154,0.7384104132652283,0.6230091182549761,0.12069331446763354
deepcrack,deepcrack_0055,point,6,point,0.5908094644546509,0.8191592604850628,0.9257750511169434,0.7544732897308681,0.19005972696245735
deepcrack,deepcrack_0055,point,7,point,0.46304160356521606,0.9020868932483784,0.8975367546081543,0.7253312427150574,0.1825796833960389
deepcrack,deepcrack_0056,text,0,text,0.71142578125,0.25,0.7746024131774902,0.5657209157943726,0.4412503488696623
deepcrack,deepcrack_0056,text,1,text,0.67919921875,0.25,0.7674271464347839,0.5510364741086959,0.08980027443207807
deepcrack,deepcrack_0056,text,2,text,0.662109375,0.25,0.7711569666862488,0.5451329916715622,0.2191386108583561
deepcrack,deepcrack_0056,text,3,text,0.65380859375,0.25,0.7507748007774353,0.5367171376943588,0.2851501903821746
deepcrack,deepcrack_0056,text,4,text,0.6474609375,0.25,0.7421684265136719,0.5320264816284179,0.14079776067179847
deepcrack,deepcrack_0056,text,5,text,0.487060546875,0.25,0.5683743953704834,0.42441781759262087,0.030806020537347024
deepcrack,deepcrack_0056,text,6,text,0.468994140625,0.25,0.7848950028419495,0.4713214069604874,0.3594602789569436
deepcrack,deepcrack_0056,text,7,text,0.46240234375,0.25,0.8656204342842102,0.48886604607105255,0.055469715698393075
deepcrack,deepcrack_0056,text,8,text,0.4462890625,0.25,0.5554183125495911,0.40487020313739774,0.032204561161022806
deepcrack,deepcrack_0056,text,9,text,0.42333984375,0.25,0.749719500541687,0.44426581263542175,0.06710605152786099
deepcrack,deepcrack_0056,text,10,text,0.418701171875,0.25,0.5192673802375793,0.38479731380939486,0.02202330207445297
deepcrack,deepcrack_0056,text,11,text,0.400390625,0.25,0.763322651386261,0.43848691284656527,0.16870642912470954
deepcrack,deepcrack_0056,text,12,text,0.382080078125,0.25,0.5202077627182007,0.3703839719295502,0.016362028301886794
deepcrack,deepcrack_0056,text,13,text,0.30859375,0.25,0.5377769470214844,0.3453817367553711,0.01329590781503915
deepcrack,deepcrack_0056,text,14,text,0.30712890625,0.25,0.595704972743988,0.359277805685997,0.013194231359312672
deepcrack,deepcrack_0056,text,15,text,0.304443359375,0.25,0.5339202880859375,0.3427574157714844,0.005952380952380952
deepcrack,deepcrack_0056,text,16,text,0.2998046875,0.25,0.6493054628372192,0.3697482407093048,0.006056841124398199
deepcrack,deepcrack_0056,text,17,text,0.2890625,0.25,0.6972086429595947,0.3774271607398987,0.06462131317622648
deepcrack,deepcrack_0056,text,18,text,0.28466796875,0.25,0.5706254243850708,0.3440235435962677,0.017889908256880735
deepcrack,deepcrack_0056,text,19,text,0.280517578125,0.25,0.566249430179596,0.341269388794899,0.013690295101916642
deepcrack,deepcrack_0056,text,20,text,0.275146484375,0.25,0.6085796356201172,0.3497035026550293,0.035243640821330066
deepcrack,deepcrack_0056,text,21,text,0.271728515625,0.25,0.7605563998222351,0.38633050620555875,0.06541648495420846
deepcrack,deepcrack_0056,box,0,box,0.986328125,0.39541059817171204,0.7325200438499451,0.7160549703225855,0.45088880238744
deepcrack,deepcrack_0056,box,1,box,0.3056640625,0.14777553477049254,0.4246608316898346,0.28015227009213106,9.76657876745776e-05
deepcrack,deepcrack_0056,point,0,point,0.46898773312568665,0.8372251624889355,0.8618794083595276,0.696093752211284,0.06251920122887865
deepcrack,deepcrack_0056,point,1,point,0.633700430393219,0.28728140373464045,0.7670052647590637,0.5457799796541777,0.018138566755872734
deepcrack,deepcrack_0056,point,8,point,0.304030179977417,0.6049845207094966,0.6985120177268982,0.5079846586710152,0.0958327283287353
deepcrack,deepcrack_0056,point,9,point,0.2677571475505829,0.5460462095202747,0.5765522122383118,0.4423570854119072,0.028296382730455077
deepcrack,deepcrack_0056,point,10,point,0.6667773127555847,0.9157503385433545,0.7321016192436218,0.7702489484033134,0.3327671620665251
deepcrack,deepcrack_0056,point,11,point,0.337233304977417,0.9133872192577916,0.6172283291816711,0.6088859310266116,0.0179467680608365
deepcrack,deepcrack_0056,point,12,point,0.6132596135139465,0.9007937421513708,0.7272436022758484,0.7423925557275205,0.09993988578298768
deepcrack,deepcrack_0057,text,0,text,0.77880859375,0.25,0.7616115212440491,0.5894263178110123,0.4956923076923077
deepcrack,deepcrack_0057,text,1,text,0.548828125,0.25,0.588158369064331,0.45407084226608274,0.09455081001472754
deepcrack,deepcrack_0057,text,2,text,0.4736328125,0.25,0.5718294382095337,0.41991048455238345,0.07306955966815572
deepcrack,deepcrack_0057,text,3,text,0.427734375,0.25,0.645200252532959,0.41989381313323976,0.034976152623211444
deepcrack,deepcrack_0057,text,4,text,0.3662109375,0.25,0.5199575424194336,0.3639737606048584,0.0
deepcrack,deepcrack_0057,text,5,text,0.331298828125,0.25,0.6109427213668823,0.3727552115917206,0.07191780821917808
deepcrack,deepcrack_0057,text,6,text,0.306396484375,0.25,0.7556268572807312,0.3989653080701828,0.5086383601756954
deepcrack,deepcrack_0057,text,7,text,0.302978515625,0.25,0.536352813243866,0.3427796095609665,0.01588628762541806
deepcrack,deepcrack_0057,text,8,text,0.272216796875,0.25,0.48801976442337036,0.3183916598558426,0.0
deepcrack,deepcrack_0057,text,9,text,0.260498046875,0.25,0.5890286564826965,0.33895638287067414,0.03362296939931998
deepcrack,deepcrack_0057,text,10,text,0.258544921875,0.25,0.4641832709312439,0.306963786482811,0.0
deepcrack,deepcrack_0057,text,11,text,0.2509765625,0.25,0.4691554605960846,0.3051794901490211,0.0
deepcrack,deepcrack_0057,box,0,box,0.978515625,0.7681062931858209,0.6971386075019836,0.8345281044905333,0.4727746212121212
deepcrack,deepcrack_0057,box,1,box,0.476806640625,0.9034206367121362,0.7623409032821655,0.6975051049197891,0.5447690857681433
deepcrack,deepcrack_0057,box,2,box,0.25830078125,0.7606380265006502,0.618803083896637,0.5242443927493867,0.08748824082784572
deepcrack,deepcrack_0057,point,0,point,0.45233964920043945,0.5874358161975639,0.7773465514183044,0.5808750332038992,0.015584415584415584
deepcrack,deepcrack_0057,point,2,point,0.3808143734931946,0.8010560404387717,0.5966206789016724,0.581850533276266,0.06940509915014165
deepcrack,deepcrack_0057,point,3,point,0.31309574842453003,0.580820586780267,0.6379147171974182,0.48800418404226,0.09069767441860466
deepcrack,deepcrack_0057,point,4,point,0.32571983337402344,0.7489246301690284,0.644622802734375,0.5535672545923631,0.0825593395252838
deepcrack,deepcrack_0057,point,5,point,0.34646904468536377,0.7382755267197368,0.6415353417396545,0.557367887660967,0.06678765880217785
deepcrack,deepcrack_0057,point,6,point,0.40889787673950195,0.9199855764090838,0.6754199862480164,0.6544090990009842,0.05976398934145413
deepcrack,deepcrack_0057,point,7,point,0.7809833288192749,0.9760458458143597,0.7684966325759888,0.846133535706733,0.5038520801232665
deepcrack,deepcrack_0057,point,8,point,0.6123634576797485,0.8085903357140817,0.6325184106826782,0.6860816032424976,0.039965620971207566
deepcrack,deepcrack_0058,text,0,text,0.89013671875,0.25,0.7797724008560181,0.6384977877140046,0.3097913322632424
deepcrack,deepcrack_0058,text,1,text,0.75732421875,0.25,0.6840385794639587,0.5614393323659898,0.23344191096634093
deepcrack,deepcrack_0058,text,2,text,0.666015625,0.25,0.5840258598327637,0.4999127149581909,0.06888246628131021
deepcrack,deepcrack_0058,text,3,text,0.51171875,0.25,0.5057418942451477,0.41862297356128697,0.0
deepcrack,deepcrack_0058,text,4,text,0.461669921875,0.25,0.7459111213684082,0.4586457490921021,0.1473053892215569
deepcrack,deepcrack_0058,text,5,text,0.37353515625,0.25,0.5321769118309021,0.36995829045772555,0.0
deepcrack,deepcrack_0058,text,6,text,0.318115234375,0.25,0.7824409604072571,0.41035633385181425,0.19009504752376188
deepcrack,deepcrack_0058,text,7,text,0.2841796875,0.25,0.6715137958526611,0.3690503239631653,0.10665804783451842
deepcrack,deepcrack_0058,text,8,text,0.262939453125,0.25,0.6225574016571045,0.34831513166427613,0.025246305418719212
deepcrack,deepcrack_0058,box,0,box,0.9951171875,0.1827263605207592,0.49654731154441833,0.5861379290683704,0.005069768668724117
deepcrack,deepcrack_0058,point,0,point,0.5582877397537231,0.8414879430300808,1.0,0.7678358759620175,0.06115810019518542
deepcrack,deepcrack_0058,point,1,point,0.2875700294971466,0.6130420738108697,0.8890178799629211,0.5518472076233933,0.022397891963109356
deepcrack,deepcrack_0058,point,2,point,0.6548057794570923,0.9689348943025771,0.7483112812042236,0.7881273450897948,0.2998859749144812
deepcrack,deepcrack_0058,point,3,point,0.37983956933021545,0.9000051443815493,0.6166067123413086,0.6210893063509556,0.0738492665655033
deepcrack,deepcrack_0058,point,4,point,0.4179614186286926,0.901896468056839,0.5876597166061401,0.6297632604229058,0.07386363636363637
deepcrack,deepcrack_0058,point,5,point,0.6774255633354187,0.922247587658131,0.8212438821792603,0.7990678515593284,0.31472933277381454
deepcrack,deepcrack_0058,point,6,point,0.38536229729652405,0.364220931007901,0.8525354266166687,0.49475610142554216,0.3162393162393162
deepcrack,deepcrack_0058,point,7,point,0.3880423307418823,0.49748572305394545,0.7252873778343201,0.5106587798242138,0.03681710213776722
deepcrack,deepcrack_0058,point,8,point,0.6579563617706299,0.9079249017029755,0.6819331049919128,0.7514395365522716,0.16835585585585586
deepcrack,deepcrack_0058,point,9,point,0.512342631816864,0.8943303414562231,0.7011427283287048,0.6932383543185999,0.10189418680600915
deepcrack,deepcrack_0059,text,0,text,0.88818359375,0.25,0.9276657700538635,0.6746898800134659,0.5578219226676127
deepcrack,deepcrack_0059,text,1,text,0.83154296875,0.25,0.8994134068489075,0.6449705392122269,0.19460621808081713
deepcrack,deepcrack_0059,text,2,text,0.7705078125,0.25,0.7522679567337036,0.583770114183426,0.09694238246730294
deepcrack,deepcrack_0059,text,3,text,0.6572265625,0.25,0.8659932017326355,0.5668889254331588,0.2828688739407705
deepcrack,deepcrack_0059,text,4,text,0.4619140625,0.25,0.8414505124092102,0.48262825310230256,0.2948475856487726
deepcrack,deepcrack_0059,text,5,text,0.403564453125,0.25,0.9577651619911194,0.4883670717477798,0.230338094377147
deepcrack,deepcrack_0059,text,6,text,0.364501953125,0.25,0.8512677550315857,0.4461177200078964,0.6993422830885665
deepcrack,deepcrack_0059,text,7,text,0.26611328125,0.25,0.6435182094573975,0.3548248648643494,0.0
deepcrack,deepcrack_0059,text,8,text,0.25830078125,0.25,0.7816116809844971,0.38622323274612425,0.049888243182834156
deepcrack,deepcrack_0059,box,0,box,0.9697265625,0.0,0.0,0.38789062500000004,0.0
deepcrack,deepcrack_0059,box,1,box,0.76318359375,0.2875554270718482,0.40935245156288147,0.5082559498658672,0.0
deepcrack,deepcrack_0059,box,2,box,0.53173828125,0.21141140857990043,0.47373902797698975,0.4051240624972126,0.001131678926521704
deepcrack,deepcrack_0059,box,3,box,0.52490234375,0.43703245755358233,0.570371150970459,0.5055150853863686,0.00455531453362256
deepcrack,deepcrack_0059,box,4,box,0.4697265625,0.8796583793588489,0.8695402145385742,0.7131561114102407,0.49950535120064754
deepcrack,deepcrack_0059,box,5,box,0.459228515625,0.5551699534363447,0.768241822719574,0.5700613456326141,0.13173760460721679
deepcrack,deepcrack_0059,point,0,point,0.4691755771636963,0.9983360640681826,0.5247124433517456,0.6682659641272788,0.0490060012282933
deepcrack,deepcrack_0059,point,1,point,0.6293096542358398,0.9783224122664821,0.7999574542045593,0.7941260695387445,0.10644677661169415
deepcrack,deepcrack_0059,point,2,point,0.7498894929885864,0.9514553520850683,0.9349639415740967,0.8667061558187326,0.193001443001443
deepcrack,deepcrack_0059,point,3,point,0.5338538885116577,0.30798475979308004,0.6998891234397888,0.4963085021921883,0.22754338210275604
deepcrack,deepcrack_0060,text,0,text,0.7705078125,0.25,0.9220020174980164,0.6262036293745041,0.6593512471898084
deepcrack,deepcrack_0060,text,1,text,0.677734375,0.25,0.8037086725234985,0.5595209181308747,0.14354424967935014
deepcrack,deepcrack_0060,text,2,text,0.489013671875,0.25,0.8545178771018982,0.4967349380254745,0.17167808976343135
deepcrack,deepcrack_0060,text,3,text,0.456298828125,0.25,0.7365379929542542,0.45415402948856354,0.19648342336616884
deepcrack,deepcrack_0060,text,4,text,0.433349609375,0.25,0.8016483187675476,0.4612519234418869,0.1503935332907892
deepcrack,deepcrack_0060,text,5,text,0.413330078125,0.25,0.8051778674125671,0.45412649810314176,0.147954278389061
deepcrack,deepcrack_0060,text,6,text,0.381591796875,0.25,0.8677547574043274,0.4570754081010818,0.7132001736864959
deepcrack,deepcrack_0060,text,7,text,0.34912109375,0.25,0.9129840731620789,0.45539445579051974,0.0054541406945681215
deepcrack,deepcrack_0060,text,8,text,0.27197265625,0.25,0.8325063586235046,0.40441565215587616,0.00600400266844563
deepcrack,deepcrack_0060,text,9,text,0.25146484375,0.25,0.8656148910522461,0.40448966026306155,0.07232978029149445
deepcrack,deepcrack_0060,box,0,box,0.98193359375,0.8886340551138122,0.8756103515625,0.9226979446804593,0.723486891789837
deepcrack,deepcrack_0060,box,1,box,0.421630859375,0.710765162096987,0.45390698313713074,0.5308968962682281,0.0
deepcrack,deepcrack_0060,box,2,box,0.31005859375,0.8799023439470502,0.7746618986129761,0.6256547325347116,0.10706125557610706
deepcrack,deepcrack_0060,box,3,box,0.27099609375,0.796548345056098,0.8198046088218689,0.5921415104751016,0.1425800193986421
deepcrack,deepcrack_0060,point,0,point,0.3878196179866791,0.7126342688487683,0.9067922830581665,0.6312479120562822,0.0004428697962798937
deepcrack,deepcrack_0060,point,1,point,0.7290095686912537,0.9252140700923805,0.8904232978820801,0.8380345764793546,0.0059000333964154515
deepcrack,deepcrack_0060,point,2,point,0.6171834468841553,0.85429051124518,0.7099158763885498,0.7233540267866125,0.006776271939568985
deepcrack,deepcrack_0060,point,3,point,0.39487189054489136,0.5948183444822341,0.5218027234077454,0.49658585763867485,0.009262286150158004
deepcrack,deepcrack_0061,text,0,text,0.72119140625,0.25,0.8593555688858032,0.5908154547214508,0.7539713289422705
deepcrack,deepcrack_0061,text,1,text,0.669921875,0.25,0.9024322032928467,0.5810768008232117,0.0655083655083655
deepcrack,deepcrack_0061,text,2,text,0.6142578125,0.25,0.8418073654174805,0.5436549663543702,0.7664261788198918
deepcrack,deepcrack_0061,text,3,text,0.544921875,0.25,0.7678577303886414,0.49743318259716035,0.5044167316186022
deepcrack,deepcrack_0061,text,4,text,0.5390625,0.25,0.9973191618919373,0.5524547904729843,0.2484109482423142
deepcrack,deepcrack_0061,text,5,text,0.432861328125,0.25,0.747057318687439,0.4474088609218597,0.2655109489051095
deepcrack,deepcrack_0061,text,6,text,0.329345703125,0.25,0.9244831800460815,0.4503590762615204,0.05258386219401632
deepcrack,deepcrack_0061,box,0,box,0.96923828125,0.8729417985212302,0.8742797374725342,0.9117948763505641,0.8079631289207528
deepcrack,deepcrack_0061,box,1,box,0.465576171875,0.9635492318813224,0.9160564541816711,0.7524868134538806,0.06454522030404534
deepcrack,deepcrack_0061,point,0,point,0.6313325762748718,0.6572939517486311,0.708395779132843,0.6596848584051804,0.659967544626139
deepcrack,deepcrack_0062,text,0,text,0.8671875,0.25,0.8192294239997864,0.6391823559999467,0.2833994976909989
deepcrack,deepcrack_0062,text,1,text,0.7998046875,0.25,0.8246735334396362,0.6135902583599091,0.5051939058171745
deepcrack,deepcrack_0062,text,2,text,0.67919921875,0.25,0.8765078783035278,0.5783066570758819,0.044253173361154585
deepcrack,deepcrack_0062,text,3,text,0.56103515625,0.25,0.8836382031440735,0.5328236132860183,0.0356581017304667
deepcrack,deepcrack_0062,text,4,text,0.5078125,0.25,0.9192067980766296,0.5204266995191574,0.14890446976336547
deepcrack,deepcrack_0062,text,5,text,0.492919921875,0.25,0.7389669418334961,0.469409704208374,0.057183286166139505
deepcrack,deepcrack_0062,text,6,text,0.48828125,0.25,0.8977012038230896,0.5072378009557724,0.2328588786668981
deepcrack,deepcrack_0062,text,7,text,0.423095703125,0.25,0.7546748518943787,0.44540699422359464,0.3439084076210453
deepcrack,deepcrack_0062,text,8,text,0.389404296875,0.25,0.709942102432251,0.42074724435806277,0.1740958052368859
deepcrack,deepcrack_0062,text,9,text,0.384765625,0.25,0.8315751552581787,0.4493000388145447,0.5124412737080216
deepcrack,deepcrack_0062,text,10,text,0.38330078125,0.25,0.47606518864631653,0.35983660966157915,0.008167827357922793
deepcrack,deepcrack_0062,text,11,text,0.28076171875,0.25,0.5047622323036194,0.32599524557590487,0.012388336423394573
deepcrack,deepcrack_0062,box,0,box,0.99169921875,0.3232219005347027,0.5997976064682007,0.6597567543041961,0.0018071324544213746
deepcrack,deepcrack_0062,box,1,box,0.477783203125,0.9593225868040122,0.7853360176086426,0.7232101910335649,0.025909626231946942
deepcrack,deepcrack_0062,box,2,box,0.410888671875,0.5047929488426565,0.47815701365470886,0.460572254258607,0.0038966860926238837
deepcrack,deepcrack_0062,box,3,box,0.38134765625,0.8507317834811998,0.4015507400035858,0.5506828717193164,0.16730161679985134
deepcrack,deepcrack_0062,point,0,point,0.4465065598487854,0.9545286542265916,0.7240856885910034,0.6937090750665721,0.4481746785190299
deepcrack,deepcrack_0062,point,1,point,0.8310473561286926,0.9864558187378976,0.915926992893219,0.906660227233046,0.2871747211895911
deepcrack,deepcrack_0062,point,2,point,0.8332622051239014,0.9996399374309457,0.8431116938591003,0.8939567836151666,0.004979189147525821
deepcrack,deepcrack_0062,point,3,point,0.6795451641082764,0.9496917880487,0.8757556080818176,0.8231490934808099,0.2906735320986629
deepcrack,deepcrack_0062,point,4,point,0.7841541171073914,0.9982699528159014,0.6931250691413879,0.836337397613869,0.004210035730930557
deepcrack,deepcrack_0062,point,5,point,0.5988258123397827,0.5991584973832805,0.804623007774353,0.6503915509636495,0.2832870186581977
deepcrack,deepcrack_0062,point,6,point,0.8915770053863525,0.9956778581164777,0.7050246000289917,0.8813742025025562,0.0042597354317048235
deepcrack,deepcrack_0062,point,7,point,0.6651619076728821,0.9843392359815268,0.6203539967536926,0.7656719948511104,0.004648871648040393
deepcrack,deepcrack_0062,point,8,point,0.5485809445381165,0.86089935807245,0.6957791447639465,0.6946919393315907,0.10526315789473684
deepcrack,deepcrack_0062,point,9,point,0.40159401297569275,0.6091275162685287,0.8519430160522461,0.5868179898973237,0.01601950200243775
deepcrack,deepcrack_0062,point,10,point,0.8061699867248535,0.995205213570115,0.6119090914726257,0.8237670923076381,0.004295559195277975
deepcrack,deepcrack_0063,text,0,text,0.76123046875,0.25,0.8989792466163635,0.6167369991540909,0.30657666697071967
deepcrack,deepcrack_0063,text,1,text,0.71630859375,0.46445016251354276,0.858169436454773,0.6636233534934333,0.2755926724137931
deepcrack,deepcrack_0063,text,2,text,0.68798828125,0.4632889112396279,0.8061650991439819,0.6388877062198652,0.3076239559267816
deepcrack,deepcrack_0063,text,3,text,0.57373046875,0.25620130386388934,0.816577136516571,0.523306927981504,0.2276126045931992
deepcrack,deepcrack_0063,text,4,text,0.55615234375,0.25,0.8538470268249512,0.5234226942062378,0.14343657817109146
deepcrack,deepcrack_0063,text,5,text,0.54931640625,0.25,0.7912836074829102,0.5050474643707276,0.07916066282420749
deepcrack,deepcrack_0063,text,6,text,0.54443359375,0.25,0.9159867167472839,0.534270116686821,0.15530757170524762
deepcrack,deepcrack_0063,text,7,text,0.495361328125,0.25845435684647305,0.8410078883171082,0.4988555282255426,0.1383067122149386
deepcrack,deepcrack_0063,text,8,text,0.4658203125,0.25,0.8270972371101379,0.48060243427753446,0.06631731116732924
deepcrack,deepcrack_0063,text,9,text,0.399169921875,0.2537014360458644,0.8287443518638611,0.4556495593320178,0.47787054493222014
deepcrack,deepcrack_0063,text,10,text,0.367919921875,0.25606107104495934,0.8136085867881775,0.44019149031278015,0.23980900168007782
deepcrack,deepcrack_0063,text,11,text,0.367919921875,0.25,0.442399263381958,0.3452677845954895,0.006889674553530958
deepcrack,deepcrack_0063,text,12,text,0.36279296875,0.33919288645690837,0.7451346516609192,0.4501183606751477,0.5658956916099773
deepcrack,deepcrack_0063,text,13,text,0.297607421875,0.25,0.7755597829818726,0.40043291449546814,0.09425349087003222
deepcrack,deepcrack_0063,text,14,text,0.2939453125,0.2577666224663762,0.8397320508956909,0.4177294555871544,0.16922654964344488
deepcrack,deepcrack_0063,text,15,text,0.26806640625,0.4378774805867127,0.8493993878364563,0.4728335276644635,0.2320953690967446
deepcrack,deepcrack_0063,box,0,box,0.99365234375,0.19640861279521107,0.5724517107009888,0.6093168796535711,0.016598350023348727
deepcrack,deepcrack_0063,box,1,box,0.281982421875,0.20289316000825547,0.4904296100139618,0.30641297725637984,0.002429174695584437
deepcrack,deepcrack_0063,box,2,box,0.262939453125,0.5427393115172998,0.6485767364501953,0.45727872439360373,0.0008604400053988392
deepcrack,deepcrack_0063,point,0,point,0.6989860534667969,0.7936931248237948,0.9504497647285461,0.7949994562571834,0.005659152054921607
deepcrack,deepcrack_0063,point,1,point,0.43170586228370667,0.906246507184048,0.7857715487480164,0.6863115096149035,0.19895852038067877
deepcrack,deepcrack_0063,point,2,point,0.7222035527229309,0.9107372502991972,0.8622548580169678,0.8232031731981333,0.2932236724477025
deepcrack,deepcrack_0063,point,3,point,0.5105424523353577,0.6123268700813136,0.5448499917984009,0.554743883412203,0.004706099474024177
deepcrack,deepcrack_0063,point,4,point,0.9130271673202515,0.9995223411031807,0.7002745866775513,0.8901123329836016,0.002926887543803759
deepcrack,deepcrack_0063,point,5,point,0.5866743326187134,0.653167692248152,0.9031515717506409,0.6890663182719987,0.004254138536946268
deepcrack,deepcrack_0063,point,6,point,0.8811871409416199,0.9986770561326658,0.6181565523147583,0.8565509641017706,0.002522421524663677
deepcrack,deepcrack_0063,point,7,point,0.9247240424156189,0.9996050448413039,0.6037294864654541,0.8706837542770673,0.002446916884725246
deepcrack,deepcrack_0063,point,8,point,0.30432355403900146,0.7131577282378363,0.45957598090171814,0.48622862172427284,0.006602152482590214
deepcrack,deepcrack_0063,point,9,point,0.741779625415802,0.9986081969673462,0.6261669993400574,0.8027664689399063,0.0030307218448902226
deepcrack,deepcrack_0064,text,0,text,0.62451171875,0.25,0.8809257745742798,0.5575361311435699,0.553950508730059
deepcrack,deepcrack_0064,text,1,text,0.61181640625,0.25,0.7858085632324219,0.5286787033081055,0.08489596712047265
deepcrack,deepcrack_0064,text,2,text,0.56591796875,0.25,0.8680062294006348,0.5308687448501587,0.5294796206101
deepcrack,deepcrack_0064,text,3,text,0.55517578125,0.25,0.7487208247184753,0.49675051867961884,0.14114368790889265
deepcrack,deepcrack_0064,text,4,text,0.498291015625,0.25,0.8703922033309937,0.5044144570827485,0.10338541666666666
deepcrack,deepcrack_0064,text,5,text,0.44775390625,0.25,0.7202794551849365,0.44667142629623413,0.07298636926889715
deepcrack,deepcrack_0064,text,6,text,0.43994140625,0.25,0.8539742827415466,0.47697013318538667,0.4487097188342534
deepcrack,deepcrack_0064,text,7,text,0.435302734375,0.25,0.8685570955276489,0.4787603676319122,0.6605721393034826
deepcrack,deepcrack_0064,text,8,text,0.42578125,0.25,0.8647475838661194,0.47399939596652985,0.08359830418653948
deepcrack,deepcrack_0064,text,9,text,0.36865234375,0.25,0.709087073802948,0.412232705950737,0.023197903014416776
deepcrack,deepcrack_0064,text,10,text,0.352783203125,0.25,0.7366148829460144,0.4127670019865036,0.07564484126984126
deepcrack,deepcrack_0064,text,11,text,0.337158203125,0.25,0.7517921328544617,0.4103113144636154,0.09085149518499747
deepcrack,deepcrack_0064,text,12,text,0.331298828125,0.25,0.8028081655502319,0.420721572637558,0.06021449799715726
deepcrack,deepcrack_0064,text,13,text,0.325927734375,0.25,0.6858348846435547,0.3893298149108887,0.00648760866744518
deepcrack,deepcrack_0064,text,14,text,0.31005859375,0.25,0.8085290789604187,0.4136557072401047,0.22414451087647883
deepcrack,deepcrack_0064,text,15,text,0.297607421875,0.25,0.7412837743759155,0.3918639123439789,0.15540944411237298
deepcrack,deepcrack_0064,text,16,text,0.295654296875,0.25,0.8887715935707092,0.4279546171426773,0.07067609014535271
deepcrack,deepcrack_0064,text,17,text,0.27978515625,0.25,0.685402512550354,0.3707646906375885,0.025575118879321426
deepcrack,deepcrack_0064,text,18,text,0.259765625,0.25,0.9120674133300781,0.41942310333251953,0.06224341146867964
deepcrack,deepcrack_0064,text,19,text,0.258544921875,0.25,0.7763348817825317,0.38500168919563293,0.11855341907551255
deepcrack,deepcrack_0064,text,20,text,0.256591796875,0.25,0.8085569739341736,0.3922759622335434,0.050860518880041096
deepcrack,deepcrack_0064,text,21,text,0.256103515625,0.25,0.7997437119483948,0.3898773342370987,0.10395913154533844
deepcrack,deepcrack_0064,text,22,text,0.253662109375,0.25,0.7993564009666443,0.38880394399166107,0.11762481089258699
deepcrack,deepcrack_0064,box,0,box,0.97705078125,0.7573326346661637,0.8522677421569824,0.868953670172403,0.625921004952289
deepcrack,deepcrack_0064,box,1,box,0.267578125,0.08871147818010125,0.42579540610313416,0.24452911888881898,0.0
deepcrack,deepcrack_0064,point,0,point,0.3209630250930786,0.3860549564349827,0.8519740104675293,0.4764979474063577,0.5887429643527204
deepcrack,deepcrack_0064,point,2,point,0.8151229619979858,0.9819015632382321,0.7921662330627441,0.8677562901982616,0.012100926879505664
deepcrack,deepcrack_0064,point,3,point,0.5043208599090576,0.654414749091068,0.8798015117645264,0.6507238840866284,0.052535760728218465
deepcrack,deepcrack_0064,point,4,point,0.3788767158985138,0.1899279038925008,0.5930938124656677,0.36629890583819774,0.0026498422712933753
deepcrack,deepcrack_0064,point,5,point,0.7096052169799805,0.948249974063293,0.45267191529273987,0.7288975565373297,0.010439512237915607
deepcrack,deepcrack_0065,text,0,text,0.8212890625,0.25,0.7333173751831055,0.5993449687957764,0.14341252699784018
deepcrack,deepcrack_0065,text,1,text,0.80517578125,0.25,0.5899330973625183,0.5570535868406296,0.07718233906302663
deepcrack,deepcrack_0065,text,2,text,0.69287109375,0.25,0.6894091367721558,0.5370007216930389,0.02837747607389272
deepcrack,deepcrack_0065,text,3,text,0.60107421875,0.25,0.8594738245010376,0.5427981436252594,0.2874835598421745
deepcrack,deepcrack_0065,text,4,text,0.5751953125,0.25,0.7919077277183533,0.5155550569295884,0.34834669889047565
deepcrack,deepcrack_0065,text,5,text,0.5673828125,0.25,0.8021538257598877,0.5149915814399719,0.12787061994609164
deepcrack,deepcrack_0065,text,6,text,0.53662109375,0.25,0.8224546909332275,0.5077621102333069,0.36913337699192317
deepcrack,deepcrack_0065,text,7,text,0.5341796875,0.25,0.7538031339645386,0.4896226584911346,0.12461673236968901
deepcrack,deepcrack_0065,text,8,text,0.53125,0.25,0.7245618104934692,0.48114045262336735,0.05640345056403451
deepcrack,deepcrack_0065,text,9,text,0.45263671875,0.25,0.8763499855995178,0.48764218389987946,0.06083136194660358
deepcrack,deepcrack_0065,text,10,text,0.423095703125,0.25,0.7958338260650635,0.45569673776626585,0.05567427735912721
deepcrack,deepcrack_0065,text,11,text,0.403076171875,0.25,0.8036023378372192,0.44963105320930485,0.3575032909170689
deepcrack,deepcrack_0065,text,12,text,0.399169921875,0.25,0.7566657066345215,0.4363343954086304,0.05520146915847467
deepcrack,deepcrack_0065,text,13,text,0.34130859375,0.25,0.792208194732666,0.4220754861831665,0.39037194236568745
deepcrack,deepcrack_0065,text,14,text,0.3369140625,0.25,0.6959483027458191,0.3962527006864548,0.015997315135921245
deepcrack,deepcrack_0065,text,15,text,0.33203125,0.25,0.7609450221061707,0.4105487555265427,0.010621645796064401
deepcrack,deepcrack_0065,text,16,text,0.316162109375,0.25,0.7675536870956421,0.40585326552391054,0.05629389519178822
deepcrack,deepcrack_0065,text,17,text,0.279541015625,0.25,0.8126496076583862,0.4024788081645966,0.04552916712268797
deepcrack,deepcrack_0065,text,18,text,0.267822265625,0.25,0.8428036570549011,0.4053298205137253,0.041822997130876186
deepcrack,deepcrack_0065,text,19,text,0.267578125,0.25,0.8565987348556519,0.40868093371391295,0.10611074343701743
deepcrack,deepcrack_0065,text,20,text,0.261962890625,0.25,0.7340705394744873,0.3758027911186218,0.11095274640938493
deepcrack,deepcrack_0065,text,21,text,0.259765625,0.25,0.8271259069442749,0.3981877267360687,0.0817490494296578
deepcrack,deepcrack_0065,text,22,text,0.25830078125,0.25,0.7620164752006531,0.38132443130016325,0.003600765162597052
deepcrack,deepcrack_0065,box,0,box,0.990234375,0.08396674667383879,0.46239280700683594,0.5410803130875526,0.036241999059776514
deepcrack,deepcrack_0065,box,1,box,0.325439453125,0.7586603184751078,0.4549843966960907,0.5094529918903103,0.02609727164887307
deepcrack,deepcrack_0065,box,2,box,0.27197265625,0.47407799910928966,0.5066899657249451,0.4013888536194876,0.0120345462268158
deepcrack,deepcrack_0065,point,0,point,0.6420183777809143,0.5535156681010702,0.7560616135597229,0.639553238337671,0.09814382571968434
deepcrack,deepcrack_0065,point,1,point,0.7459657192230225,0.9360858173575928,0.8779312968254089,0.8454991479707187,0.005179013735645125
deepcrack,deepcrack_0065,point,2,point,0.5725586414337158,0.7988847712545318,0.696909487247467,0.6828604983244393,0.15538156153506838
deepcrack,deepcrack_0065,point,3,point,0.5207356810569763,0.49253307043200645,0.7156423330307007,0.5595914303316679,0.1554524361948956
deepcrack,deepcrack_0065,point,4,point,0.32299527525901794,0.3294196087412623,0.795478880405426,0.4433646932644055,0.2687493196908675
deepcrack,deepcrack_0065,point,5,point,0.8622618317604065,0.9939836796994055,0.5660701394081116,0.8343165554509824,0.00803004043905257
deepcrack,deepcrack_0065,point,6,point,0.7934766411781311,0.964668885762127,0.8182172179222107,0.8595790709685496,0.010075566750629723
deepcrack,deepcrack_0065,point,7,point,0.7574691772460938,0.987893622173279,0.48963046073913574,0.7711580538438692,0.008800202404655308
deepcrack,deepcrack_0065,point,8,point,0.6592270135879517,0.7991030942757656,0.7228404879570007,0.7240870104209489,0.04581424406497293
deepcrack,deepcrack_0065,point,9,point,0.41823723912239075,0.8902770710599549,0.85427325963974,0.6924601854298755,0.04068546158098397
deepcrack,deepcrack_0065,point,11,point,0.7751791477203369,0.7467518600804307,0.5288058519363403,0.7036362731003706,0.00010326311441553078
deepcrack,deepcrack_0065,point,12,point,0.8171368837356567,0.9200757548572955,0.6129682064056396,0.802123319295726,0.08381689232753063
deepcrack,deepcrack_0065,point,13,point,0.6055091619491577,0.950769301501567,0.7263074517250061,0.756549783236463,0.010091948867459071
deepcrack,deepcrack_0065,point,14,point,0.5507692694664001,0.9831037903259601,0.4593713581562042,0.6792368739396971,0.010299899615191567
deepcrack,deepcrack_0066,text,0,text,0.75146484375,0.25,0.7357949614524841,0.572034677863121,0.29314772266522504
deepcrack,deepcrack_0066,text,1,text,0.7275390625,0.25,0.803532063961029,0.5793986409902573,0.0779462623038042
deepcrack,deepcrack_0066,text,2,text,0.7041015625,0.25,0.7129837870597839,0.547386571764946,0.018437585359191478
deepcrack,deepcrack_0066,text,3,text,0.638671875,0.25,0.7550981640815735,0.5317432910203934,0.08630536870161187
deepcrack,deepcrack_0066,text,4,text,0.62744140625,0.25,0.7358837723731995,0.5224475055932999,0.19067454985219026
deepcrack,deepcrack_0066,text,5,text,0.5927734375,0.25,0.7601802945137024,0.5146544486284256,0.4224315952503872
deepcrack,deepcrack_0066,text,6,text,0.52197265625,0.25,0.8438089489936829,0.5072412997484207,0.05016008537886873
deepcrack,deepcrack_0066,text,7,text,0.50830078125,0.25,0.7850604057312012,0.4870854139328003,0.11218543046357615
deepcrack,deepcrack_0066,text,8,text,0.42578125,0.25,0.8055226802825928,0.4591931700706482,0.20096914052537618
deepcrack,deepcrack_0066,text,9,text,0.40966796875,0.25,0.781400740146637,0.4467173725366592,0.19315499606608968
deepcrack,deepcrack_0066,text,10,text,0.353271484375,0.25,0.7607007026672363,0.4189837694168091,0.2639159205916699
deepcrack,deepcrack_0066,text,11,text,0.346435546875,0.25,0.6551578640937805,0.38986368477344513,0.02495101241018942
deepcrack,deepcrack_0066,text,12,text,0.33984375,0.25,0.6540877223014832,0.3869594305753708,0.025296232192783916
deepcrack,deepcrack_0066,text,13,text,0.33447265625,0.25,0.7059491276741028,0.3977763444185257,0.036780383795309166
deepcrack,deepcrack_0066,text,14,text,0.328857421875,0.25,0.5539964437484741,0.35754207968711854,0.0030959752321981426
deepcrack,deepcrack_0066,text,15,text,0.327880859375,0.25,0.730769693851471,0.4013447672128677,0.2049191284587622
deepcrack,deepcrack_0066,text,16,text,0.301025390625,0.25,0.5324810743331909,0.3410304248332977,0.0028021908037192712
deepcrack,deepcrack_0066,text,17,text,0.27587890625,0.25,0.7794261574745178,0.3927081018686295,0.13464651915812195
deepcrack,deepcrack_0066,text,18,text,0.251708984375,0.25,0.6925758719444275,0.36132756173610686,0.04241306638566913
deepcrack,deepcrack_0066,box,0,box,0.9814453125,0.3536286200002804,0.7505704760551453,0.7039907610138845,0.18664563617245006
deepcrack,deepcrack_0066,box,1,box,0.342529296875,0.0,0.0,0.13701171875,0.0
deepcrack,deepcrack_0066,box,2,box,0.331787109375,0.6040465883146898,0.7841424345970154,0.5401667583093953,0.014709925762991476
deepcrack,deepcrack_0066,point,0,point,0.8252780437469482,0.9520486163915958,0.8337401151657104,0.8717632620272654,0.01880920162381597
deepcrack,deepcrack_0066,point,2,point,0.37254786491394043,0.5460089496176104,0.9236840605735779,0.5710432934751343,0.05271629778672032
deepcrack,deepcrack_0066,point,3,point,0.6910853385925293,0.3562705744929383,0.7060073018074036,0.577630661961391,0.006085717985238897
deepcrack,deepcrack_0066,point,5,point,0.7349801063537598,0.9372877080679946,0.7303072214126587,0.8046195457184666,0.3069057104913679
deepcrack,deepcrack_0066,point,7,point,0.5938562750816345,0.9685052609854271,0.5560358762741089,0.7155283204460805,0.02502194907813872
deepcrack,deepcrack_0066,point,9,point,0.8309035897254944,0.9830158245377432,0.5981369614601135,0.8259512148434363,0.013347429628650721
deepcrack,deepcrack_0066,point,10,point,0.6202765703201294,0.9654819260455678,0.7285968661308289,0.7681785187767077,0.09400366588112072
deepcrack,deepcrack_0067,text,0,text,0.72705078125,0.25,0.8781402707099915,0.5978553801774978,0.779967878522412
deepcrack,deepcrack_0067,box,0,box,0.990234375,0.8727288988280051,0.8706329464912415,0.9192071012126122,0.7737714451875545
deepcrack,deepcrack_0067,point,0,point,0.8563300967216492,0.9863450502478717,0.8036457896232605,0.8886642536812299,0.720882196162047
deepcrack,deepcrack_0067,point,1,point,0.8301286101341248,0.995218891028052,0.7853796482086182,0.8767229679656228,0.7168487255875537
deepcrack,deepcrack_0068,text,0,text,0.32568359375,0.25,1.0,0.4677734375,0.6655896607431341
deepcrack,deepcrack_0068,box,0,box,0.9794921875,0.8486978155372432,1.0,0.9388411104380352,0.7223805532271584
deepcrack,deepcrack_0068,point,0,point,0.6154501438140869,0.9750854369848941,1.0,0.8374599604703477,0.6661681124738259
deepcrack,deepcrack_0068,point,1,point,0.8455231785774231,0.9436886130960289,1.0,0.9185002860145793,0.6362487715850064
deepcrack,deepcrack_0069,box,0,box,0.96923828125,0.9173445440683577,1.0,0.9587659029239253,0.6586908690869087
deepcrack,deepcrack_0069,point,0,point,0.8149828910827637,0.8819598867868974,1.0,0.8846791168085195,0.5619335347432024
deepcrack,deepcrack_0070,text,0,text,0.9013671875,0.25,0.8932791948318481,0.6713666737079621,0.7459362692445399
deepcrack,deepcrack_0070,text,1,text,0.318115234375,0.25,0.9451442360877991,0.45103215277194975,0.37366131191432395
deepcrack,deepcrack_0070,text,2,text,0.280517578125,0.25,1.0,0.44970703125,0.40599478714161596
deepcrack,deepcrack_0070,text,3,text,0.2744140625,0.25,0.4375251829624176,0.3066469207406044,0.0
deepcrack,deepcrack_0070,box,0,box,0.9921875,0.6746894632038473,0.8940948843955994,0.8565400332202464,0.746020364262154
deepcrack,deepcrack_0070,point,0,point,0.758067786693573,0.9782701337794523,0.8722473382949829,0.8636834960739832,0.7212349292633633
deepcrack,deepcrack_0070,point,1,point,0.8006689548492432,0.9718898368835438,0.8495217561721802,0.8728094638919827,0.6523150416462519
deepcrack,deepcrack_0071,text,0,text,0.853515625,0.25,0.9330874681472778,0.6621781170368195,0.7373062973953182
deepcrack,deepcrack_0071,text,1,text,0.430419921875,0.25,0.5005804300308228,0.38481307625770567,0.0
deepcrack,deepcrack_0071,text,2,text,0.391845703125,0.25,0.780060350894928,0.439253368973732,0.0
deepcrack,deepcrack_0071,text,3,text,0.33056640625,0.25,0.48989564180374146,0.34220047295093536,0.0
deepcrack,deepcrack_0071,box,0,box,0.98779296875,0.5212929078934603,0.9541716575622559,0.8161126196532751,0.7485360264788254
deepcrack,deepcrack_0071,point,0,point,0.8640083074569702,0.8943933523999015,0.8663418292999268,0.8752264536477353,0.6617151058485827
deepcrack,deepcrack_0071,point,1,point,0.8732048273086548,0.9783828637088735,0.8745569586753845,0.9103551728904138,0.6743146166251283
deepcrack,deepcrack_0071,point,2,point,0.8821539282798767,0.8645773619991284,0.9711841344833374,0.8982596816324799,0.7585429314830876
deepcrack,deepcrack_0072,text,0,text,0.91748046875,0.25,0.9861415028572083,0.701027563214302,0.7098130841121495
deepcrack,deepcrack_0072,text,1,text,0.32666015625,0.25,0.8446630835533142,0.42932983338832853,0.0
deepcrack,deepcrack_0072,text,2,text,0.291015625,0.25,0.688556432723999,0.37604535818099977,0.0
deepcrack,deepcrack_0072,box,0,box,0.9853515625,0.9066185862622975,1.0,0.9614571301918041,0.7339567881328604
deepcrack,deepcrack_0072,point,1,point,0.8177708983421326,0.9805299408782387,0.9446538686752319,0.9064573058130445,0.6722432353796916
deepcrack,deepcrack_0072,point,2,point,0.7719727754592896,0.9910650677919943,0.8630791902542114,0.8714316814744667,0.5794137695978187
deepcrack,deepcrack_0073,text,0,text,0.779296875,0.25,1.0,0.6492187500000001,0.5458044068819801
deepcrack,deepcrack_0073,text,1,text,0.6142578125,0.25,0.8294438123703003,0.5405640780925751,0.013317757009345794
deepcrack,deepcrack_0073,text,2,text,0.477294921875,0.25,0.971078634262085,0.5211876273155213,0.34908782350445483
deepcrack,deepcrack_0073,text,3,text,0.435302734375,0.25,1.0,0.51162109375,0.3499522647714013
deepcrack,deepcrack_0073,text,4,text,0.421875,0.25,0.6419656872749329,0.4167414218187332,0.018626194934463387
deepcrack,deepcrack_0073,text,5,text,0.312744140625,0.25,0.4202086925506592,0.3176498293876648,0.0
deepcrack,deepcrack_0073,text,6,text,0.251953125,0.25,1.0,0.43828125,0.0069767441860465115
deepcrack,deepcrack_0073,box,0,box,0.982421875,0.7065654475639014,1.0,0.8902666566473655,0.5444818555929667
deepcrack,deepcrack_0073,point,0,point,0.6799116134643555,0.897504717691211,0.8925906419754028,0.8092389570715168,0.013577894235350167
deepcrack,deepcrack_0073,point,1,point,0.7404669523239136,0.931749569090788,0.9709523320198059,0.8650372131162927,0.580737672269577
deepcrack,deepcrack_0073,point,2,point,0.754636824131012,0.9827623039781852,1.0,0.8958215360447697,0.5508901074138061
deepcrack,deepcrack_0074,text,0,text,0.84423828125,0.25,1.0,0.6751953125,0.7828904019327916
deepcrack,deepcrack_0074,text,1,text,0.5615234375,0.25,1.0,0.562109375,0.17718236819360414
deepcrack,deepcrack_0074,text,2,text,0.3798828125,0.25,1.0,0.48945312500000004,0.37015388285816536
deepcrack,deepcrack_0074,text,3,text,0.369873046875,0.25,0.8473286628723145,0.44728138446807864,0.013566583363084613
deepcrack,deepcrack_0074,text,4,text,0.369384765625,0.25,0.505908191204071,0.36173095405101774,0.0
deepcrack,deepcrack_0074,text,5,text,0.3564453125,0.25,1.0,0.480078125,0.6353629170966633
deepcrack,deepcrack_0074,text,6,text,0.31494140625,0.25,1.0,0.4634765625,0.22383130081300814
deepcrack,deepcrack_0074,text,7,text,0.255615234375,0.25,0.41959965229034424,0.29464600682258607,0.0
deepcrack,deepcrack_0074,box,0,box,0.9814453125,0.9189571509198144,1.0,0.964213127821935,0.7820804859529233
deepcrack,deepcrack_0074,point,0,point,0.8398719429969788,0.9689160622178662,1.0,0.9250693989750447,0.6904568068747173
deepcrack,deepcrack_0074,point,1,point,0.6120684146881104,0.9757454572227406,1.0,0.8363382759032033,0.7491310570435494
deepcrack,deepcrack_0074,point,2,point,0.5356714129447937,0.9917158016528017,1.0,0.811369095756398,0.7630791455990094
deepcrack,deepcrack_0075,text,0,text,0.76611328125,0.25,1.0,0.6439453125,0.6371084686774942
deepcrack,deepcrack_0075,box,0,box,0.9912109375,0.87422991592943,1.0,0.9524648455753004,0.6353583121134958
deepcrack,deepcrack_0075,point,0,point,0.8685690760612488,0.9973793546888594,0.9098397493362427,0.923970341899661,0.5909775420677011
deepcrack,deepcrack_0075,point,1,point,0.7554202079772949,0.99157191524695,0.9252773523330688,0.8805375916106177,0.5920273648204184
deepcrack,deepcrack_0075,point,2,point,0.8094819188117981,0.9969393242230531,0.9183395504951477,0.9023064186265748,0.5665644363772924
deepcrack,deepcrack_0076,text,0,text,0.8076171875,0.25,1.0,0.660546875,0.7383977413093348
deepcrack,deepcrack_0076,text,1,text,0.30029296875,0.25,0.3488694429397583,0.2948345482349396,0.0
deepcrack,deepcrack_0076,box,0,box,0.990234375,0.734372170773825,1.0,0.9031240097708387,0.7597069597069597
deepcrack,deepcrack_0076,point,0,point,0.9076283574104309,0.9958457004320357,0.965419352054596,0.9529521761290338,0.7216477224168875
deepcrack,deepcrack_0076,point,1,point,0.8583320379257202,0.9814218968223489,1.0,0.9368304790581102,0.7680597841129255
deepcrack,deepcrack_0077,text,0,text,0.304443359375,0.25,1.0,0.45927734375,0.5935560859188544
deepcrack,deepcrack_0077,box,0,box,0.9912109375,0.6430062222186848,1.0,0.8715365527765396,0.6111111111111112
deepcrack,deepcrack_0077,point,0,point,0.4212000370025635,0.9891594251276674,1.0,0.764685813595709,0.11483622350674373
deepcrack,deepcrack_0077,point,1,point,0.8281790018081665,0.9021793275217933,0.8386477828025818,0.8566963110565398,0.5267357512953368
deepcrack,deepcrack_0077,point,2,point,0.8175406455993652,0.9972182246415604,1.0,0.9260426368642922,0.610798924993892
deepcrack,deepcrack_0078,text,0,text,0.94873046875,0.49317738791423005,1.0,0.8021042732699806,0.5981488623216352
deepcrack,deepcrack_0078,box,0,box,0.9765625,0.8949739649343209,1.0,0.9538658877270123,0.6184640522875817
deepcrack,deepcrack_0078,point,0,point,0.7443785667419434,0.9786316729655044,1.0,0.8902725122347038,0.5503521126760563
deepcrack,deepcrack_0078,point,1,point,0.7973738312721252,0.9454045867723403,1.0,0.8998411378791692,0.5809018567639257
deepcrack,deepcrack_0079,text,0,text,0.95068359375,0.25,1.0,0.7177734375,0.738395225464191
deepcrack,deepcrack_0079,box,0,box,0.98486328125,0.9197416822055906,1.0,0.9658549012719567,0.7288933736966028
deepcrack,deepcrack_0079,point,0,point,0.7771027088165283,0.9630218295771359,1.0,0.8978987238786089,0.7642351492767006
deepcrack,deepcrack_0080,text,0,text,0.9189453125,0.25,1.0,0.705078125,0.726350425006855
deepcrack,deepcrack_0080,box,0,box,0.97802734375,0.9675242425709184,1.0,0.9798444223998215,0.7332782824112304
deepcrack,deepcrack_0080,point,0,point,0.8069096803665161,0.960590056532571,1.0,0.9089703919330063,0.7553444180522565
deepcrack,deepcrack_0081,text,0,text,0.9326171875,0.25,0.832796573638916,0.668746018409729,0.8349287622439893
deepcrack,deepcrack_0081,text,1,text,0.322998046875,0.25,0.7571671009063721,0.405990993976593,0.5414530866948963
deepcrack,deepcrack_0081,text,2,text,0.28662109375,0.25,0.6397984027862549,0.3620980381965637,0.0
deepcrack,deepcrack_0081,text,3,text,0.257080078125,0.25,0.8509679436683655,0.40307401716709135,0.2545768566493955
deepcrack,deepcrack_0081,box,0,box,0.98486328125,0.9525805092431237,0.8227946162223816,0.9330471447906887,0.7879406097699195
deepcrack,deepcrack_0081,point,0,point,0.5428601503372192,0.8730655515388385,0.689571738243103,0.6951099377342569,0.4725213722660153
deepcrack,deepcrack_0082,text,0,text,0.89501953125,0.25,0.6364269852638245,0.6046145588159562,0.7231761786600496
deepcrack,deepcrack_0082,text,1,text,0.439208984375,0.25,0.6535504460334778,0.42657120525836945,0.4742901746511855
deepcrack,deepcrack_0082,text,2,text,0.376220703125,0.25,0.6387075185775757,0.39766516089439397,0.3172981551279508
deepcrack,deepcrack_0082,text,3,text,0.3017578125,0.25,0.5624142289161682,0.34880668222904204,0.14072948328267476
deepcrack,deepcrack_0082,text,4,text,0.29931640625,0.25,0.7046520113945007,0.38338956534862517,0.2685749086479903
deepcrack,deepcrack_0082,box,0,box,0.98583984375,0.37007682768579797,0.6117609739303589,0.676803070672619,0.7007772020725389
deepcrack,deepcrack_0082,box,1,box,0.250244140625,0.7784548645298767,0.5227504968643188,0.5032444830515366,0.0
deepcrack,deepcrack_0082,point,1,point,0.3959347903728485,0.9064905042917584,0.40457209944725037,0.5767886175130674,0.08307240704500979
deepcrack,deepcrack_0083,text,0,text,0.96435546875,0.25,0.7208271622657776,0.6534489780664444,0.7509242632301679
deepcrack,deepcrack_0083,box,0,box,0.9892578125,0.8564999608214787,0.7153302431106567,0.8743106720651818,0.7271081771720613
deepcrack,deepcrack_0083,point,0,point,0.27193713188171387,0.1894688142755631,0.6246791481971741,0.33125872479842616,0.5185857722708823
deepcrack,deepcrack_0083,point,1,point,0.2725306451320648,0.5286606725241627,0.361419141292572,0.3843982787594259,0.0748335838522654
deepcrack,deepcrack_0084,text,0,text,0.9638671875,0.48751120071684584,0.9153725504875183,0.7850189328727757,0.8696510178645617
deepcrack,deepcrack_0084,box,0,box,0.99072265625,0.5696185611918234,0.9113488793373108,0.8234927787514659,0.8596344647519583
deepcrack,deepcrack_0084,point,0,point,0.7926066517829895,0.9491290178308684,0.8068088889122009,0.85094003918205,0.741409021794222
deepcrack,deepcrack_0085,text,0,text,0.89892578125,0.48100010719262515,0.743659257888794,0.7138351644896173,0.7660386965376782
deepcrack,deepcrack_0085,box,0,box,0.98046875,0.8064388283793804,0.748246431350708,0.8615026977704601,0.7614818573965998
deepcrack,deepcrack_0085,point,0,point,0.29695218801498413,0.34297824154594975,0.6266438364982605,0.3954842188716412,0.5473941642772812
deepcrack,deepcrack_0086,text,0,text,0.89306640625,0.25,0.8571755886077881,0.659020459651947,0.8022462896109106
deepcrack,deepcrack_0086,text,1,text,0.26806640625,0.25,0.7266099452972412,0.3763790488243103,0.20934618608549874
deepcrack,deepcrack_0086,text,2,text,0.259521484375,0.25,0.49190008640289307,0.31428361535072324,0.1010482180293501
deepcrack,deepcrack_0086,box,0,box,0.978515625,0.9794664629415284,0.8668947219848633,0.9509431925257508,0.8024120603015076
deepcrack,deepcrack_0087,text,0,text,0.9189453125,0.25,0.8033654689788818,0.6559194922447205,0.7634163451420554
deepcrack,deepcrack_0087,text,1,text,0.28857421875,0.25,0.757079005241394,0.3921994388103485,0.3475563909774436
deepcrack,deepcrack_0087,box,0,box,0.98681640625,0.9643339973790488,0.8111363649368286,0.9350275528168743,0.7492382147338232
deepcrack,deepcrack_0087,point,0,point,0.7439685463905334,0.9221213302729444,0.8082801699638367,0.8223999266427031,0.7039800995024875
deepcrack,deepcrack_0088,text,0,text,0.9501953125,0.4742885446685879,0.9784859418869019,0.7907006011057313,0.7978142076502732
deepcrack,deepcrack_0088,text,1,text,0.25732421875,0.3744179549264295,0.8639424443244934,0.4499615828053737,0.44009855251000923
deepcrack,deepcrack_0088,box,0,box,0.9892578125,0.9286553524509026,0.9838440418243408,0.9666935088139011,0.7880956005480286
deepcrack,deepcrack_0088,point,0,point,0.7489014863967896,0.9414046762994281,0.989742636680603,0.8764878904336664,0.780805143119547
deepcrack,deepcrack_0089,text,0,text,0.751953125,0.25,0.9589089751243591,0.6280084937810898,0.19838354151359294
deepcrack,deepcrack_0089,text,1,text,0.68505859375,0.25,0.16898518800735474,0.40376973450183873,0.0
deepcrack,deepcrack_0089,text,2,text,0.681640625,0.25,0.9451732635498047,0.5964495658874511,0.12282669657879977
deepcrack,deepcrack_0089,text,3,text,0.607421875,0.25,0.4634617567062378,0.4463341891765594,0.0
deepcrack,deepcrack_0089,text,4,text,0.57275390625,0.25,0.8681685924530029,0.5336437106132508,0.5433380525405065
deepcrack,deepcrack_0089,text,5,text,0.5419921875,0.25,0.9771555066108704,0.5485857516527176,0.44917168674698793
deepcrack,deepcrack_0089,text,6,text,0.5107421875,0.25,1.0,0.541796875,0.07074994946432181
deepcrack,deepcrack_0089,text,7,text,0.489013671875,0.25,1.0,0.53310546875,0.18383676735347068
deepcrack,deepcrack_0089,text,8,text,0.48583984375,0.25,0.8518036007881165,0.49478683769702914,0.28604786923525977
deepcrack,deepcrack_0089,text,9,text,0.472412109375,0.25,0.12920407950878143,0.3087658636271954,0.0
deepcrack,deepcrack_0089,text,10,text,0.383544921875,0.25,0.5024941563606262,0.3665415078401566,0.0
deepcrack,deepcrack_0089,text,11,text,0.363037109375,0.25,0.7444996237754822,0.41883974969387056,0.013692551505546751
deepcrack,deepcrack_0089,text,12,text,0.3515625,0.25,0.9432971477508545,0.46394928693771365,0.5664014146772768
deepcrack,deepcrack_0089,text,13,text,0.33935546875,0.25,0.6529726982116699,0.3864853620529175,0.0
deepcrack,deepcrack_0089,text,14,text,0.300537109375,0.25,1.0,0.45771484375,0.11683569979716024
deepcrack,deepcrack_0089,text,15,text,0.28466796875,0.25,0.9479379057884216,0.4383516639471054,0.08703374777975133
deepcrack,deepcrack_0089,text,16,text,0.282958984375,0.25,0.6284357905387878,0.35779254138469696,0.0
deepcrack,deepcrack_0089,text,17,text,0.27197265625,0.25,0.8721573948860168,0.4143284112215042,0.0
deepcrack,deepcrack_0089,text,18,text,0.2587890625,0.25,0.34223008155822754,0.2765731453895569,0.0
deepcrack,deepcrack_0089,text,19,text,0.25244140625,0.25,0.8276265263557434,0.39538319408893585,0.4348611111111111
deepcrack,deepcrack_0089,box,0,box,0.9560546875,0.5922983081108549,1.0,0.8397262828387992,0.1257188181637914
deepcrack,deepcrack_0089,box,1,box,0.552734375,0.7337503081993028,0.238885298371315,0.5376276824625847,0.0
deepcrack,deepcrack_0089,box,2,box,0.4208984375,0.6990969811470723,0.4580719470977783,0.5275613051759198,0.013026189496777732
deepcrack,deepcrack_0089,box,3,box,0.358642578125,0.5549571168757007,0.16376563906669617,0.3786334319231693,0.0
deepcrack,deepcrack_0089,box,4,box,0.339599609375,0.9753941229461323,0.974734365940094,0.7209113782661698,0.1262445989103889
deepcrack,deepcrack_0089,box,5,box,0.283935546875,0.5725063991203203,0.398415744304657,0.4135553945182764,0.0
deepcrack,deepcrack_0089,point,1,point,0.601407527923584,0.32051282051282054,0.681878924369812,0.5232122294413738,0.008816895632561
deepcrack,deepcrack_0090,text,0,text,0.80126953125,0.25,0.861440122127533,0.6233678430318833,0.17294938917975566
deepcrack,deepcrack_0090,text,1,text,0.7880859375,0.25,0.6629418730735779,0.5684698432683944,0.16108905275099264
deepcrack,deepcrack_0090,text,2,text,0.60400390625,0.25,0.9993747472763062,0.5789452493190765,0.46685472496473907
deepcrack,deepcrack_0090,text,3,text,0.52197265625,0.25,0.8079410791397095,0.49827433228492735,0.01312047569803516
deepcrack,deepcrack_0090,text,4,text,0.5205078125,0.25,0.9058554768562317,0.5221669942140579,0.09921288669229361
deepcrack,deepcrack_0090,text,5,text,0.437744140625,0.25,0.9474660158157349,0.4994641602039337,0.29723915381857297
deepcrack,deepcrack_0090,text,6,text,0.416259765625,0.25,1.0,0.50400390625,0.33456153279292555
deepcrack,deepcrack_0090,text,7,text,0.380126953125,0.25,0.9725337028503418,0.48268420696258546,0.06929164254005019
deepcrack,deepcrack_0090,text,8,text,0.34521484375,0.25,0.9244906306266785,0.4567085951566696,0.18092167646501042
deepcrack,deepcrack_0090,text,9,text,0.317138671875,0.25,1.0,0.46435546875,0.1059190031152648
deepcrack,deepcrack_0090,text,10,text,0.31640625,0.25,0.9021486043930054,0.43959965109825133,0.07793696275071633
deepcrack,deepcrack_0090,text,11,text,0.296630859375,0.25,1.0,0.45615234375,0.1583413693346191
deepcrack,deepcrack_0090,text,12,text,0.29638671875,0.25,1.0,0.4560546875,0.42474852913266276
deepcrack,deepcrack_0090,text,13,text,0.285888671875,0.25,0.7724018096923828,0.3949559211730957,0.0
deepcrack,deepcrack_0090,text,14,text,0.271484375,0.25,0.6472779512405396,0.3579132378101349,0.061954193442082715
deepcrack,deepcrack_0090,text,15,text,0.2685546875,0.25,0.9181357622146606,0.4244558155536652,0.31589403973509933
deepcrack,deepcrack_0090,text,16,text,0.260498046875,0.25,0.9516710042953491,0.4296169698238373,0.33294975067126964
deepcrack,deepcrack_0090,box,0,box,0.9716796875,0.4702923120648236,0.9585264325141907,0.7929057923512359,0.29397853374567945
deepcrack,deepcrack_0090,box,1,box,0.38330078125,0.9470872050620607,0.9825734496116638,0.7304441966746371,0.29163596168017686
deepcrack,deepcrack_0090,box,2,box,0.35302734375,0.9656942256838867,1.0,0.7292039164893603,0.1722689075630252
deepcrack,deepcrack_0090,box,3,box,0.296875,0.102320637806537,0.3758503794670105,0.2485248180990406,0.0
deepcrack,deepcrack_0090,box,4,box,0.289794921875,0.9692654717242224,0.7162842750549316,0.6342319526172107,0.15589645254074785
deepcrack,deepcrack_0090,box,5,box,0.255615234375,0.3627782883661677,0.20693491399288177,0.28095222317637913,0.0
deepcrack,deepcrack_0090,box,6,box,0.254150390625,0.35724128123069093,0.07951463758945465,0.24657326407810548,0.0
deepcrack,deepcrack_0090,point,0,point,0.35049962997436523,0.7522015284387791,0.8803879618644714,0.6235673774094366,0.156888662938485
deepcrack,deepcrack_0090,point,1,point,0.666367769241333,0.9610482073364629,0.822207510471344,0.8084658578821312,0.22351834430856068
deepcrack,deepcrack_0091,text,0,text,0.7138671875,0.25,0.6336648464202881,0.531463086605072,0.6298072572617862
deepcrack,deepcrack_0091,text,1,text,0.386962890625,0.25,0.6690782904624939,0.4095547288656235,0.5396623706661826
deepcrack,deepcrack_0091,text,2,text,0.385986328125,0.25,0.518506646156311,0.3715211927890778,0.0
deepcrack,deepcrack_0091,text,3,text,0.302490234375,0.25,0.46562185883522034,0.3249015584588051,0.0
deepcrack,deepcrack_0091,text,4,text,0.283935546875,0.25,0.45347851514816284,0.3144438475370407,0.0
deepcrack,deepcrack_0091,text,5,text,0.2626953125,0.25,0.5607263445854187,0.33275971114635466,0.0
deepcrack,deepcrack_0091,text,6,text,0.2578125,0.25,0.6838321685791016,0.3615830421447754,0.0
deepcrack,deepcrack_0091,box,0,box,0.9560546875,0.7704098341250322,0.6754140853881836,0.8209188382908071,0.7164152459162725
deepcrack,deepcrack_0091,point,0,point,0.4542648494243622,0.690220387536959,0.6693037748336792,0.5906090191161003,0.3014236174484395
deepcrack,deepcrack_0092,text,0,text,0.84912109375,0.25,0.6880213618278503,0.5991537779569626,0.5236504686994936
deepcrack,deepcrack_0092,box,0,box,0.9501953125,0.8396877635877447,0.7035821676254272,0.8498643841620674,0.574367766823832
deepcrack,deepcrack_0092,point,0,point,0.6096051335334778,0.8364812350201041,0.7032782435417175,0.712430046555857,0.643380401316488
deepcrack,deepcrack_0093,text,0,text,0.9150390625,0.47722995859992473,0.7308659553527832,0.7157625993481694,0.7628665760341814
deepcrack,deepcrack_0093,box,0,box,0.97216796875,0.9581423239608083,0.753669261932373,0.9126343163693762,0.8052398381814679
deepcrack,deepcrack_0093,point,0,point,0.6536529064178467,0.8653951852929239,0.7266575694084167,0.7460138697717662,0.5585820535110596
deepcrack,deepcrack_0094,text,0,text,0.8310546875,0.25,0.723865270614624,0.600888192653656,0.5749217056131053
deepcrack,deepcrack_0094,text,1,text,0.380126953125,0.25,0.734603762626648,0.423201721906662,0.16491442542787285
deepcrack,deepcrack_0094,text,2,text,0.32568359375,0.25,0.6300148367881775,0.3752771466970444,0.0
deepcrack,deepcrack_0094,text,3,text,0.279296875,0.25,0.56092369556427,0.3394496738910675,0.0
deepcrack,deepcrack_0094,text,4,text,0.271484375,0.25,0.6953899264335632,0.3699412316083908,0.35286767462201674
deepcrack,deepcrack_0094,box,0,box,0.96484375,0.8841087668279295,0.7263563275337219,0.8769646502732058,0.595731854352544
deepcrack,deepcrack_0094,box,1,box,0.250244140625,0.5984575809993011,0.6205713748931885,0.4647006533230525,0.0
deepcrack,deepcrack_0094,point,0,point,0.6752344369888306,0.9632051959319574,0.7009377479553223,0.7824500303605479,0.7097041420118343
deepcrack,deepcrack_0095,text,0,text,0.8720703125,0.25,0.7591429948806763,0.6261138737201691,0.6372472783825817
deepcrack,deepcrack_0095,text,1,text,0.393798828125,0.25,0.7868091464042664,0.44172181785106657,0.27793389535661717
deepcrack,deepcrack_0095,text,2,text,0.3173828125,0.25,0.7610345482826233,0.40471176207065584,0.29026192075218266
deepcrack,deepcrack_0095,box,0,box,0.95458984375,0.8385123625038098,0.7457645535469055,0.8617564027630598,0.6751485404288298
deepcrack,deepcrack_0095,point,0,point,0.38733968138694763,0.7486232393215009,0.7412356734275818,0.6022629246741998,0.575053118360205
deepcrack,deepcrack_0096,text,0,text,0.7802734375,0.25,1.0,0.649609375,0.6894470577793557
deepcrack,deepcrack_0096,text,1,text,0.7314453125,0.25,1.0,0.630078125,0.1579034528442494
deepcrack,deepcrack_0096,text,2,text,0.5517578125,0.25,1.0,0.558203125,0.07394274842168987
deepcrack,deepcrack_0096,text,3,text,0.432373046875,0.25,1.0,0.51044921875,0.7854605320162897
deepcrack,deepcrack_0096,text,4,text,0.4169921875,0.25,1.0,0.504296875,0.09520130483303288
deepcrack,deepcrack_0096,text,5,text,0.315673828125,0.25,0.8859930038452148,0.4352677822113037,0.07355953335114436
deepcrack,deepcrack_0096,box,0,box,0.9775390625,0.8336203328844187,0.9862990975379944,0.9293575158940451,0.58815144766147
deepcrack,deepcrack_0096,box,1,box,0.406494140625,0.9649437675034044,0.986027717590332,0.7468349042737745,0.6553441223546149
deepcrack,deepcrack_0096,box,2,box,0.270751953125,0.5754496260762527,0.6509921550750732,0.47245618914545673,0.00031746031746031746
deepcrack,deepcrack_0096,box,3,box,0.265380859375,0.12976434934543013,0.6623003482818604,0.31714495309136564,0.00024368450978799449
deepcrack,deepcrack_0096,box,4,box,0.25439453125,0.7305410963778296,1.0,0.6074471962322403,0.15319431752097698
deepcrack,deepcrack_0096,point,0,point,0.8506652116775513,0.9553645851321086,0.952004611492157,0.9126448423402977,0.7130087650785386
deepcrack,deepcrack_0096,point,1,point,0.6337722539901733,0.914393105810927,1.0,0.8235464886298938,0.15716680637049454
deepcrack,deepcrack_0097,text,0,text,0.73388671875,0.25,1.0,0.6310546875,0.10914734028795586
deepcrack,deepcrack_0097,text,1,text,0.68896484375,0.25,1.0,0.6130859375,0.049315068493150684
deepcrack,deepcrack_0097,text,2,text,0.68896484375,0.25,0.9695490598678589,0.6054732024669647,0.7140556499955265
deepcrack,deepcrack_0097,text,3,text,0.65673828125,0.25,0.9655032157897949,0.5915711164474488,0.3812263981298328
deepcrack,deepcrack_0097,text,4,text,0.5634765625,0.25,0.9685454368591309,0.5550269842147827,0.3217852964995951
deepcrack,deepcrack_0097,text,5,text,0.472412109375,0.25,1.0,0.52646484375,0.7316855536718122
deepcrack,deepcrack_0097,text,6,text,0.403076171875,0.25,1.0,0.49873046875000004,0.07323673184357542
deepcrack,deepcrack_0097,text,7,text,0.342041015625,0.25,1.0,0.47431640625,0.7829692376281765
deepcrack,deepcrack_0097,text,8,text,0.3359375,0.25,1.0,0.471875,0.42772364924712136
deepcrack,deepcrack_0097,text,9,text,0.30712890625,0.25,1.0,0.4603515625,0.06847511193047143
deepcrack,deepcrack_0097,text,10,text,0.268798828125,0.25,1.0,0.44501953125,0.01911459742133261
deepcrack,deepcrack_0097,text,11,text,0.25439453125,0.25,1.0,0.4392578125,0.0423525224664116
deepcrack,deepcrack_0097,box,0,box,0.9853515625,0.8128899849353797,0.9968224167823792,0.9278577239229777,0.6945371508870543
deepcrack,deepcrack_0097,box,1,box,0.260986328125,0.38964526953556505,0.47458338737487793,0.3594162224311672,6.282985674792661e-05
deepcrack,deepcrack_0097,point,0,point,0.7111694812774658,0.8970883932830673,1.0,0.8484487301600598,0.7400709219858156
deepcrack,deepcrack_0097,point,1,point,0.2985341250896454,0.39977887207010054,0.6994885206222534,0.4342083854159567,0.0022197709414280074
deepcrack,deepcrack_0098,text,0,text,0.86376953125,0.25,1.0,0.6830078125,0.07908319482110052
deepcrack,deepcrack_0098,text,1,text,0.75146484375,0.25,1.0,0.6380859375,0.08031523952891172
deepcrack,deepcrack_0098,text,2,text,0.67919921875,0.25,0.9518876075744629,0.5971515893936157,0.2794360007324666
deepcrack,deepcrack_0098,text,3,text,0.67822265625,0.25,0.9478912353515625,0.5957618713378906,0.7060688405797102
deepcrack,deepcrack_0098,text,4,text,0.54541015625,0.25,0.9534069895744324,0.5440158098936081,0.41263330598851516
deepcrack,deepcrack_0098,text,5,text,0.27734375,0.25,1.0,0.4484375,0.7152966793685357
deepcrack,deepcrack_0098,text,6,text,0.268798828125,0.25,1.0,0.44501953125,0.7297837543158278
deepcrack,deepcrack_0098,box,0,box,0.9912109375,0.4409738250769385,0.4677087366580963,0.6677523979414526,0.11106311021143711
deepcrack,deepcrack_0098,box,1,box,0.27734375,0.5577345431011148,0.46304017305374146,0.42190463334882555,0.0
deepcrack,deepcrack_0098,box,2,box,0.26123046875,0.916993455716492,0.4772269129753113,0.5447466252446,1.5714869409435208e-05
deepcrack,deepcrack_0098,point,0,point,0.8346485495567322,0.5690233857497333,0.9026432633399963,0.7586784206700986,0.6990221584282766
deepcrack,deepcrack_0098,point,1,point,0.40190744400024414,0.6974536994822612,1.0,0.654871772418889,0.07906137184115523
deepcrack,deepcrack_0099,text,0,text,0.75537109375,0.25,1.0,0.6396484375,0.7019273868220529
deepcrack,deepcrack_0099,text,1,text,0.75048828125,0.25,1.0,0.6376953125,0.1673787383764765
deepcrack,deepcrack_0099,text,2,text,0.54638671875,0.25,1.0,0.5560546875,0.27288288288288287
deepcrack,deepcrack_0099,text,3,text,0.529296875,0.25,1.0,0.54921875,0.07452598314606741
deepcrack,deepcrack_0099,text,4,text,0.46142578125,0.25,0.9909637570381165,0.5198112517595291,0.42388863942523575
deepcrack,deepcrack_0099,text,5,text,0.421875,0.25,1.0,0.50625,0.7848056222755982
deepcrack,deepcrack_0099,text,6,text,0.393310546875,0.25,1.0,0.49482421875000004,0.09955886169016522
deepcrack,deepcrack_0099,box,0,box,0.9814453125,0.7243621293568552,0.9937223792076111,0.894535465076802,0.6503520820655481
deepcrack,deepcrack_0099,box,1,box,0.34130859375,0.6497293766866401,0.5604783892631531,0.5040483166561123,0.0
deepcrack,deepcrack_0099,point,0,point,0.8006556034088135,0.7902053520527856,0.9562481641769409,0.8358961556262356,0.6579460801702731
deepcrack,deepcrack_0099,point,1,point,0.6485056281089783,0.9145936638912584,1.0,0.8295100336055318,0.1645331967912613
deepcrack,deepcrack_0100,text,0,text,0.8623046875,0.25,0.9684969782829285,0.6745461195707322,0.709136109384711
deepcrack,deepcrack_0100,text,1,text,0.85302734375,0.25,1.0,0.6787109375,0.07577819357033509
deepcrack,deepcrack_0100,text,2,text,0.755859375,0.25,1.0,0.63984375,0.07603706590456395
deepcrack,deepcrack_0100,text,3,text,0.40283203125,0.25,1.0,0.4986328125,0.7786206295230622
deepcrack,deepcrack_0100,text,4,text,0.28369140625,0.25,1.0,0.4509765625,0.7381558838512481
deepcrack,deepcrack_0100,text,5,text,0.267333984375,0.25,1.0,0.44443359375,0.8059525811333446
deepcrack,deepcrack_0100,text,6,text,0.257568359375,0.25,0.838232696056366,0.4000855177640915,0.07477887965692843
deepcrack,deepcrack_0100,box,0,box,0.97705078125,0.5517030641344124,1.0,0.8339163849470443,0.6944444444444444
deepcrack,deepcrack_0100,box,1,box,0.324462890625,0.16654823235899435,0.530573844909668,0.320720498803065,0.0
deepcrack,deepcrack_0100,box,2,box,0.28076171875,0.9419838173171728,0.996986985206604,0.6912457698626615,0.6146943852167733
deepcrack,deepcrack_0100,box,3,box,0.2783203125,0.11685950815038226,0.3871908187866211,0.24902665754928907,0.0
deepcrack,deepcrack_0100,box,4,box,0.266357421875,0.00201826957160611,0.5770643353462219,0.25151544693661765,0.0005445436724025267
deepcrack,deepcrack_0100,box,5,box,0.26025390625,0.0,0.405107706785202,0.20537848919630053,2.2197558268590455e-05
deepcrack,deepcrack_0100,box,6,box,0.25048828125,0.8734371996697495,1.0,0.6558983323844123,0.07199585635359115
deepcrack,deepcrack_0100,point,0,point,0.9172809720039368,0.9725341701313509,0.9443269968032837,0.9433810975483685,0.733460339452719
deepcrack,deepcrack_0100,point,1,point,0.48593008518218994,0.5544233450155763,1.0,0.6384202048283276,0.08368967623701894
deepcrack,deepcrack_0101,text,0,text,0.67333984375,0.2518200202224469,1.0,0.6074729445778564,0.09268292682926829
deepcrack,deepcrack_0101,text,1,text,0.66357421875,0.4947995461422088,1.0,0.6886095286497731,0.4408340573414422
deepcrack,deepcrack_0101,text,2,text,0.62744140625,0.25,0.5569906830787659,0.4777242332696915,0.0910632114313393
deepcrack,deepcrack_0101,text,3,text,0.60791015625,0.3067450495049505,1.0,0.6005248298267327,0.16533240515140968
deepcrack,deepcrack_0101,text,4,text,0.59228515625,0.3272033310201249,1.0,0.6014352283570437,0.24907125970955757
deepcrack,deepcrack_0101,text,5,text,0.552734375,0.42371641393987763,1.0,0.6193944948789571,0.3914711524273277
deepcrack,deepcrack_0101,text,6,text,0.53515625,0.25066425120772945,1.0,0.5517949879227053,0.01639344262295082
deepcrack,deepcrack_0101,text,7,text,0.5341796875,0.2734042553191489,1.0,0.5593633643617022,0.0700770847932726
deepcrack,deepcrack_0101,text,8,text,0.5263671875,0.25,0.7885556221008301,0.49518578052520756,0.05142769419711391
deepcrack,deepcrack_0101,text,9,text,0.47509765625,0.4664965609052585,1.0,0.6033128588168405,0.7207527975584944
deepcrack,deepcrack_0101,text,10,text,0.43115234375,0.25,1.0,0.5099609375,0.0021081162475530793
deepcrack,deepcrack_0101,text,11,text,0.430908203125,0.2739806740513787,1.0,0.5182565171679825,0.08841567291311754
deepcrack,deepcrack_0101,text,12,text,0.37548828125,0.4339887640449438,1.0,0.5520913799157303,0.490071750375438
deepcrack,deepcrack_0101,text,13,text,0.3740234375,0.25,0.4889582693576813,0.35934894233942033,0.05711533168180567
deepcrack,deepcrack_0101,text,14,text,0.354736328125,0.25061707233459035,1.0,0.47961050656710663,0.03787350123707416
deepcrack,deepcrack_0101,text,15,text,0.32861328125,0.25,0.4392381012439728,0.3287548378109932,0.013749595600129408
deepcrack,deepcrack_0101,text,16,text,0.326904296875,0.25,0.8805038928985596,0.4383876919746399,0.035139573070607555
deepcrack,deepcrack_0101,text,17,text,0.30859375,0.25,0.6431336402893066,0.37172091007232666,0.09074243813015583
deepcrack,deepcrack_0101,text,18,text,0.275634765625,0.25,0.49591657519340515,0.3217330500483513,0.04956268221574344
deepcrack,deepcrack_0101,text,19,text,0.25732421875,0.25,0.5625847578048706,0.33107587695121765,0.09023117076808351
deepcrack,deepcrack_0101,text,20,text,0.253173828125,0.3059880239520958,1.0,0.4583653396332335,0.17700635848083862
deepcrack,deepcrack_0101,box,0,box,0.9814453125,0.45059927742239037,1.0,0.8002878720978366,0.056730611575668145
deepcrack,deepcrack_0101,box,1,box,0.31494140625,0.3470479929115803,0.3341555893421173,0.3309822573545824,0.0
deepcrack,deepcrack_0101,box,2,box,0.291015625,0.9676449917983693,0.38855862617492676,0.5522216536731609,0.0
deepcrack,deepcrack_0101,box,3,box,0.271240234375,0.937788069869945,1.0,0.6867219182044808,0.4588000613779346
deepcrack,deepcrack_0101,point,0,point,0.6679652333259583,0.8970562570045428,0.9103662371635437,0.8087473425728592,0.07326793378295524
deepcrack,deepcrack_0101,point,1,point,0.5595738291740417,0.9189383581550977,0.9541798830032349,0.7840029277747096,0.05823418910457107
deepcrack,deepcrack_0101,point,2,point,0.6865109205245972,0.9659444407035164,1.0,0.8626849224560695,0.05325914149443561
deepcrack,deepcrack_0101,point,3,point,0.7033706903457642,0.9455107300540391,1.0,0.8622770316572193,0.05369662205226259
deepcrack,deepcrack_0101,point,4,point,0.29181915521621704,0.5101610346299593,0.7809613943099976,0.490524372784472,0.07888040712468193
deepcrack,deepcrack_0101,point,5,point,0.34280213713645935,0.18982902235861465,0.7700318098068237,0.3960689651318048,0.09014818880351262
deepcrack,deepcrack_0101,point,6,point,0.8114020824432373,0.9590199973416954,1.0,0.9102178320468883,0.4606965174129353
deepcrack,deepcrack_0101,point,7,point,0.70224529504776,0.9522552223033166,1.0,0.8641874458252647,0.2112239628163195
deepcrack,deepcrack_0101,point,8,point,0.349719375371933,0.7245061474668526,1.0,0.6434649017621716,0.16469251987668343
deepcrack,deepcrack_0102,text,0,text,0.76318359375,0.25,1.0,0.6427734375,0.739671542211958
deepcrack,deepcrack_0102,text,1,text,0.70458984375,0.25,1.0,0.6193359375,0.7860117589416953
deepcrack,deepcrack_0102,text,2,text,0.5703125,0.25,1.0,0.565625,0.0729341781973361
deepcrack,deepcrack_0102,text,3,text,0.35400390625,0.25,1.0,0.4791015625,0.1453940066592675
deepcrack,deepcrack_0102,text,4,text,0.32275390625,0.25,1.0,0.4666015625,0.35431010740842744
deepcrack,deepcrack_0102,text,5,text,0.283203125,0.25,1.0,0.45078125,0.05652173913043478
deepcrack,deepcrack_0102,text,6,text,0.2578125,0.25,1.0,0.440625,0.39959946595460616
deepcrack,deepcrack_0102,box,0,box,0.98388671875,0.5696514718777501,1.0,0.8429327026572125,0.7647359020158203
deepcrack,deepcrack_0102,box,1,box,0.3525390625,0.6024458158085586,1.0,0.6018716605329955,0.07451188736884048
deepcrack,deepcrack_0102,box,2,box,0.3291015625,0.7089102459901442,1.0,0.6297592110965504,0.00012822978777970122
deepcrack,deepcrack_0102,point,0,point,0.7576542496681213,0.994465417808352,1.0,0.9011245961001717,0.033689303203728836
deepcrack,deepcrack_0102,point,1,point,0.5242729187011719,0.8820151286917671,1.0,0.7684144625225873,0.1685205784204672
deepcrack,deepcrack_0102,point,2,point,0.6926190853118896,0.8964473011977402,1.0,0.8408041895439649,0.6778795180722892
deepcrack,deepcrack_0103,text,0,text,0.955078125,0.48935912938331316,1.0,0.8033069452841597,0.8961730072463768
deepcrack,deepcrack_0103,text,1,text,0.345458984375,0.25055168408826944,1.0,0.47587668318089427,0.03631852018948793
deepcrack,deepcrack_0103,text,2,text,0.287841796875,0.250255728314239,1.0,0.45272622365998366,0.033569787191527624
deepcrack,deepcrack_0103,text,3,text,0.28125,0.28932134499322576,1.0,0.463762470747629,0.1538015762633287
deepcrack,deepcrack_0103,text,4,text,0.279052734375,0.25,0.4574187397956848,0.3134757786989212,0.0
deepcrack,deepcrack_0103,box,0,box,0.9892578125,0.8292350483187632,1.0,0.9359353919115672,0.8893684688777829
deepcrack,deepcrack_0103,point,0,point,0.8563028573989868,0.9809937722653773,1.0,0.9358689632524768,0.8787946428571428
deepcrack,deepcrack_0104,text,0,text,0.931640625,0.4962371721778791,1.0,0.7963392602622577,0.926524064171123
deepcrack,deepcrack_0104,text,1,text,0.362060546875,0.25,0.599708616733551,0.38225137293338773,0.0
deepcrack,deepcrack_0104,text,2,text,0.342529296875,0.25,0.726931095123291,0.40624449253082273,0.0
deepcrack,deepcrack_0104,text,3,text,0.262939453125,0.25,0.4796682596206665,0.31259284615516664,0.0
deepcrack,deepcrack_0104,box,0,box,0.98486328125,0.9547971602670853,1.0,0.9781243185934798,0.9211146838156484
deepcrack,deepcrack_0104,point,0,point,0.8803941011428833,0.9827916495873131,1.0,0.946134717812713,0.9115376367145615
deepcrack,deepcrack_0105,text,0,text,0.60498046875,0.25,1.0,0.5794921875,0.8503649635036497
deepcrack,deepcrack_0105,box,0,box,0.97265625,0.9581840219432312,1.0,0.9744269076801308,0.8562442933955564
deepcrack,deepcrack_0105,point,0,point,0.9015925526618958,0.9942259019103084,1.0,0.9586160867333662,0.8727622130069789
deepcrack,deepcrack_0106,text,0,text,0.8701171875,0.49716547224302066,1.0,0.7720547902850572,0.9001654179235186
deepcrack,deepcrack_0106,box,0,box,0.9755859375,0.9441759893877592,1.0,0.9706959712857157,0.9014855355746677
deepcrack,deepcrack_0106,point,0,point,0.9015330076217651,0.9826135091797624,1.0,0.9545279312616229,0.8429970617042115
deepcrack,deepcrack_0107,text,0,text,0.787109375,0.4736068895643364,1.0,0.7306061613475178,0.6934136390130173
deepcrack,deepcrack_0107,text,1,text,0.685546875,0.340118187787262,1.0,0.6432601157255418,0.38193069306930694
deepcrack,deepcrack_0107,text,2,text,0.5166015625,0.39639051967819094,1.0,0.5953773068873669,0.44040666234047154
deepcrack,deepcrack_0107,text,3,text,0.45361328125,0.25,0.42235904932022095,0.3745350748300552,0.0
deepcrack,deepcrack_0107,text,4,text,0.44189453125,0.25,0.9001594185829163,0.4892976671457291,0.0
deepcrack,deepcrack_0107,text,5,text,0.41064453125,0.25,0.5166844129562378,0.38092891573905946,0.0
deepcrack,deepcrack_0107,text,6,text,0.379150390625,0.25,0.5401488542556763,0.37419736981391905,0.01414656771799629
deepcrack,deepcrack_0107,text,7,text,0.364990234375,0.3185197514425211,1.0,0.5074780067548823,0.20585457979225685
deepcrack,deepcrack_0107,text,8,text,0.33544921875,0.25,0.47414737939834595,0.3402165323495865,0.0
deepcrack,deepcrack_0107,text,9,text,0.3310546875,0.25,0.4457060396671295,0.33134838491678237,0.0
deepcrack,deepcrack_0107,text,10,text,0.310791015625,0.25,0.4632617235183716,0.3276318371295929,0.0
deepcrack,deepcrack_0107,text,11,text,0.290283203125,0.25,0.43976345658302307,0.31355414539575577,0.0
deepcrack,deepcrack_0107,text,12,text,0.27783203125,0.25,0.5101097226142883,0.32616024315357206,0.011581067472306143
deepcrack,deepcrack_0107,text,13,text,0.275634765625,0.25,0.5866384506225586,0.34441351890563965,0.004038964124495129
deepcrack,deepcrack_0107,text,14,text,0.2734375,0.3031236005373936,1.0,0.46546826018808773,0.20757575757575758
deepcrack,deepcrack_0107,text,15,text,0.267578125,0.25,0.5334257483482361,0.327887687087059,0.0
deepcrack,deepcrack_0107,text,16,text,0.254638671875,0.25,0.49135926365852356,0.31219528466463087,0.0
deepcrack,deepcrack_0107,text,17,text,0.254638671875,0.25,0.4628925025463104,0.3050785943865776,0.0
deepcrack,deepcrack_0107,text,18,text,0.250732421875,0.25,0.4773690402507782,0.30713522881269456,0.0
deepcrack,deepcrack_0107,box,0,box,0.96826171875,0.9172893750036092,1.0,0.9583559687512633,0.6910133843212237
deepcrack,deepcrack_0107,box,1,box,0.301513671875,0.9804061249022993,1.0,0.7137476124658046,0.38266967192587026
deepcrack,deepcrack_0107,point,0,point,0.7218748331069946,0.986061314183757,1.0,0.8838713932071127,0.379604781654062
deepcrack,deepcrack_0107,point,1,point,0.6659191846847534,0.9630551169245487,0.9753632545471191,0.8472777784342731,0.6724779627815867
deepcrack,deepcrack_0107,point,2,point,0.6003050208091736,0.8607949189348805,0.9443972110748291,0.7774995327195848,0.6731962761830876
deepcrack,deepcrack_0107,point,4,point,0.6662665605545044,0.8368273267276531,0.9379194974899292,0.7938760629489626,0.4923265807243708
deepcrack,deepcrack_0107,point,5,point,0.3121509850025177,0.9362646831533061,0.9356154799461365,0.6864569030911983,0.07541899441340782
deepcrack,deepcrack_0107,point,6,point,0.5577820539474487,0.4460775246259117,0.9688034653663635,0.6214408215396394,0.014836022904737116
deepcrack,deepcrack_0108,text,0,text,0.755859375,0.46773680864589956,1.0,0.7160516330260649,0.6598611678236015
deepcrack,deepcrack_0108,text,1,text,0.63427734375,0.29723991507430997,1.0,0.6077449077760084,0.21903959561920808
deepcrack,deepcrack_0108,text,2,text,0.4091796875,0.2809755518632803,1.0,0.5120133181521481,0.11399392768423958
deepcrack,deepcrack_0108,text,3,text,0.355224609375,0.3071290244492859,1.0,0.49958500230725006,0.23302338686954072
deepcrack,deepcrack_0108,text,4,text,0.34326171875,0.25,0.4320090115070343,0.33280694037675856,0.0
deepcrack,deepcrack_0108,text,5,text,0.334228515625,0.29338360237892946,0.8250900506973267,0.44264817975695697,0.15870348139255702
deepcrack,deepcrack_0108,text,6,text,0.333251953125,0.25,0.4968627691268921,0.34501647353172304,0.0
deepcrack,deepcrack_0108,text,7,text,0.331298828125,0.3221095824281921,1.0,0.49525788509986723,0.23312068048910153
deepcrack,deepcrack_0108,text,8,text,0.32470703125,0.25,0.404532790184021,0.31851601004600527,0.0
deepcrack,deepcrack_0108,text,9,text,0.32080078125,0.25,0.6041163802146912,0.3668494075536728,0.016251050714485852
deepcrack,deepcrack_0108,text,10,text,0.308349609375,0.25,0.40018317103385925,0.3108856365084648,0.0
deepcrack,deepcrack_0108,text,11,text,0.30615234375,0.25,0.5272702574729919,0.341778501868248,0.0
deepcrack,deepcrack_0108,text,12,text,0.295166015625,0.25,0.48072901368141174,0.32574865967035294,0.0
deepcrack,deepcrack_0108,text,13,text,0.281494140625,0.25,0.49228423833847046,0.3231687158346176,0.0
deepcrack,deepcrack_0108,text,14,text,0.271484375,0.25,0.5158147215843201,0.32504743039608003,0.0
deepcrack,deepcrack_0108,text,15,text,0.2705078125,0.25,0.4805895686149597,0.3158505171537399,0.0
deepcrack,deepcrack_0108,text,16,text,0.26806640625,0.25,0.45904454588890076,0.30948769897222517,0.0
deepcrack,deepcrack_0108,text,17,text,0.263427734375,0.2763157894736842,1.0,0.45208162006578945,0.10144524735964425
deepcrack,deepcrack_0108,text,18,text,0.260986328125,0.25,0.5899712443351746,0.33938734233379364,0.0018459915611814346
deepcrack,deepcrack_0108,box,0,box,0.9638671875,0.9498490115625167,1.0,0.9679940290468808,0.666052416052416
deepcrack,deepcrack_0108,point,0,point,0.7918689846992493,0.9550005222251169,1.0,0.9009977766584907,0.2206993006993007
deepcrack,deepcrack_0108,point,1,point,0.5350423455238342,0.7764340355226886,0.733875572681427,0.6692377438128314,0.4839328537170264
deepcrack,deepcrack_0108,point,2,point,0.5408625602722168,0.7526912800259662,1.0,0.7297869721179748,0.4313776169552856
deepcrack,deepcrack_0108,point,3,point,0.35149434208869934,0.9998167894317991,0.4067919850349426,0.592231609395345,0.016355935861708405
deepcrack,deepcrack_0108,point,4,point,0.6298859119415283,0.9166389971104015,1.0,0.8227780137652518,0.5063655030800821
deepcrack,deepcrack_0108,point,5,point,0.38492679595947266,0.9317348951824755,0.9330487251281738,0.713340112979699,0.38492425625114074
deepcrack,deepcrack_0108,point,6,point,0.42557936906814575,0.9709511120403767,1.0,0.7600646368413901,0.11710239651416122
deepcrack,deepcrack_0109,text,0,text,0.78662109375,0.48767177329212963,0.38127508759498596,0.5806523300509919,0.7338505222594057
deepcrack,deepcrack_0109,text,1,text,0.313720703125,0.25,0.6237525939941406,0.3689264297485352,0.02576475275576608
deepcrack,deepcrack_0109,text,2,text,0.296875,0.25,0.4465140402317047,0.31787851005792617,0.06633587050775605
deepcrack,deepcrack_0109,text,3,text,0.26025390625,0.25,0.4767076075077057,0.3107784643769264,0.027065168086285972
deepcrack,deepcrack_0109,box,0,box,0.95751953125,0.8675500809641642,0.5684123039245605,0.8287534168185977,0.794087820707839
deepcrack,deepcrack_0109,point,0,point,0.8464584350585938,0.9973748337168373,0.5256375074386597,0.8190739426839955,0.7748199979718081
deepcrack,deepcrack_0110,text,0,text,0.81640625,0.48801969365426695,0.7272154688835144,0.6791732599998721,0.7484019013276512
deepcrack,deepcrack_0110,text,1,text,0.358642578125,0.45028099552700995,0.6824913024902344,0.4716782053070121,0.5731847238157679
deepcrack,deepcrack_0110,box,0,box,0.97509765625,0.8995553951833027,0.7490293979644775,0.8921408003052753,0.7568431404687757
deepcrack,deepcrack_0110,point,0,point,0.7934169173240662,0.9930571668111774,0.7895932793617249,0.8623350951539698,0.786592361907884
deepcrack,deepcrack_0111,text,0,text,0.8154296875,0.25,0.6687155961990356,0.5808507740497589,0.7206796192873437
deepcrack,deepcrack_0111,text,1,text,0.360595703125,0.25,0.7542492151260376,0.4203005850315094,0.34205578188655594
deepcrack,deepcrack_0111,text,2,text,0.2744140625,0.25,0.657258152961731,0.36158016324043274,0.10652948159873368
deepcrack,deepcrack_0111,text,3,text,0.261962890625,0.25,0.49340346455574036,0.31563602238893507,0.05935526753074111
deepcrack,deepcrack_0111,box,0,box,0.96044921875,0.835351713863232,0.6481846570968628,0.8385989516263469,0.4434932851645331
deepcrack,deepcrack_0111,point,0,point,0.6002046465873718,0.7072756991586491,0.5232768654823303,0.6184475697110585,0.2974564295807819
deepcrack,deepcrack_0112,text,0,text,0.9013671875,0.25,0.883680522441864,0.6689670056104661,0.6588752058985018
deepcrack,deepcrack_0112,box,0,box,0.98046875,0.9787293697916019,0.8898932933807373,0.957216102772245,0.6608600125549278
deepcrack,deepcrack_0112,point,0,point,0.7357816100120544,0.9889312137932151,0.7617785334587097,0.8308832021971244,0.6406734947237741
deepcrack,deepcrack_0113,text,0,text,0.9609375,0.49081466025582876,0.7643145322799683,0.7472387641595322,0.8600489575419937
deepcrack,deepcrack_0113,box,0,box,0.990234375,0.8927770633002577,0.7544765472412109,0.897184858965393,0.8671310629514963
deepcrack,deepcrack_0113,point,0,point,0.8556445837020874,0.9811311559269509,0.7613424062728882,0.8759893396234899,0.8864874211117835
deepcrack,deepcrack_0114,text,0,text,0.96142578125,0.49421043432666256,0.752768337726593,0.7457360489459801,0.8675152834770957
deepcrack,deepcrack_0114,box,0,box,0.9833984375,0.6903498541794497,0.7410101890563965,0.8202343712269065,0.8767477990678405
deepcrack,deepcrack_0114,point,0,point,0.9228729605674744,0.9965202509739889,0.7701814770698547,0.9104766413353496,0.8818143281051293
deepcrack,deepcrack_0115,text,0,text,0.9619140625,0.4960782694848085,0.8935266137123108,0.7817746727477607,0.8392083212944236
deepcrack,deepcrack_0115,box,0,box,0.990234375,0.7943869105671288,0.9171342849731445,0.9034127399417813,0.8275761550794345
deepcrack,deepcrack_0115,point,0,point,0.7643638253211975,0.9213282315045888,0.8819848895072937,0.8487066335319084,0.838206353668822
deepcrack,deepcrack_0116,text,0,text,0.9580078125,0.491710875331565,0.9442886710166931,0.791374099120221,0.8054929016850205
deepcrack,deepcrack_0116,box,0,box,0.97998046875,0.28413978190231004,0.8152366876602173,0.6952502830808629,0.5687553161326907
deepcrack,deepcrack_0116,box,1,box,0.432861328125,0.37198054937246583,0.35892072319984436,0.3930679043303241,9.593430418849172e-05
deepcrack,deepcrack_0116,point,0,point,0.6802625060081482,0.8226609190213956,0.8476224541664124,0.7719419376023509,0.004833748352131244
deepcrack,deepcrack_0116,point,1,point,0.819525420665741,0.963898241845839,0.932305097579956,0.8982508273073291,0.8106388393993382
deepcrack,deepcrack_0117,text,0,text,0.876953125,0.48858237176379327,1.0,0.7717850801173277,0.8143070568591264
deepcrack,deepcrack_0117,text,1,text,0.57275390625,0.31090089206940497,1.0,0.5879168747242918,0.2132596685082873
deepcrack,deepcrack_0117,text,2,text,0.37451171875,0.3068502824858757,0.8766362071037292,0.4763613381459888,0.22256568778979907
deepcrack,deepcrack_0117,box,0,box,0.98876953125,0.8239091854428369,1.0,0.9338760274049929,0.8190222222222222
deepcrack,deepcrack_0117,box,1,box,0.28515625,0.9775045402615425,1.0,0.7061890890915399,0.2095361062436595
deepcrack,deepcrack_0117,point,0,point,0.38832882046699524,0.443744833891658,0.7203642725944519,0.49073328819749135,0.47257019438444925
deepcrack,deepcrack_0118,text,0,text,0.88232421875,0.25,1.0,0.6904296875,0.08641160949868074
deepcrack,deepcrack_0118,text,1,text,0.77490234375,0.25,0.9154182076454163,0.6263154894113541,0.5932909884874951
deepcrack,deepcrack_0118,text,2,text,0.693359375,0.25,0.6954693794250488,0.5387110948562622,0.013277273733126798
deepcrack,deepcrack_0118,text,3,text,0.61767578125,0.25,0.5662713050842285,0.47613813877105715,0.0158311345646438
deepcrack,deepcrack_0118,text,4,text,0.6171875,0.25,0.6335896253585815,0.49277240633964536,0.0462202136400986
deepcrack,deepcrack_0118,text,5,text,0.60107421875,0.25,0.9409405589103699,0.5631648272275924,0.15756663800515908
deepcrack,deepcrack_0118,text,6,text,0.48974609375,0.25,0.8721447587013245,0.5014346271753312,0.41027855754696607
deepcrack,deepcrack_0118,text,7,text,0.478271484375,0.25,0.576005756855011,0.42281003296375275,0.01178373382624769
deepcrack,deepcrack_0118,text,8,text,0.45849609375,0.25,0.5634588599205017,0.4117631524801254,0.0
deepcrack,deepcrack_0118,text,9,text,0.43212890625,0.25,0.5854898691177368,0.4067240297794342,0.014343343792021516
deepcrack,deepcrack_0118,text,10,text,0.418701171875,0.25,0.6115988492965698,0.4078801810741425,0.011843663639952625
deepcrack,deepcrack_0118,text,11,text,0.412353515625,0.25,0.596683919429779,0.40161238610744476,0.011389521640091117
deepcrack,deepcrack_0118,text,12,text,0.3798828125,0.25,0.5591262578964233,0.3792346894741059,0.0
deepcrack,deepcrack_0118,text,13,text,0.366455078125,0.25,0.9377378821372986,0.46851650178432463,0.24133558748943365
deepcrack,deepcrack_0118,text,14,text,0.35791015625,0.25,0.7059895396232605,0.4071614474058151,0.0
deepcrack,deepcrack_0118,text,15,text,0.34912109375,0.25,0.6112027168273926,0.37994911670684817,0.05333852443060152
deepcrack,deepcrack_0118,text,16,text,0.3369140625,0.25,0.7785540819168091,0.4169041454792023,0.030657256285840317
deepcrack,deepcrack_0118,text,17,text,0.333251953125,0.25,0.7837386727333069,0.41673544943332674,0.21621621621621623
deepcrack,deepcrack_0118,text,18,text,0.328125,0.25,0.5511565208435059,0.35653913021087646,0.010818120351588911
deepcrack,deepcrack_0118,text,19,text,0.314453125,0.25,0.5114981532096863,0.34115578830242155,0.0
deepcrack,deepcrack_0118,text,20,text,0.30419921875,0.25,0.8840901851654053,0.4302022337913513,0.19745080500894455
deepcrack,deepcrack_0118,text,21,text,0.277587890625,0.25,0.702449381351471,0.37414750158786775,0.007283834586466165
deepcrack,deepcrack_0118,text,22,text,0.265380859375,0.25,0.6538498997688293,0.35711481869220735,0.05098919029165817
deepcrack,deepcrack_0118,text,23,text,0.262451171875,0.25,0.8829547166824341,0.41321914792060854,0.38153846153846155
deepcrack,deepcrack_0118,text,24,text,0.259033203125,0.25,0.8748776912689209,0.4098327040672302,0.07693998681028798
deepcrack,deepcrack_0118,box,0,box,0.9951171875,0.0504713736626878,0.6178987622261047,0.570186546338467,0.013965512118300764
deepcrack,deepcrack_0118,point,0,point,0.5967305302619934,0.9346862708741162,0.7661607265472412,0.7573725885475483,0.013872832369942197
deepcrack,deepcrack_0118,point,1,point,0.4219265878200531,0.9998218108212173,0.3947578966617584,0.6173977430808869,0.02014554618144885
deepcrack,deepcrack_0118,point,2,point,0.34707751870155334,0.3556331161382095,0.5569888353347778,0.40254980696268916,0.016549968173138127
deepcrack,deepcrack_0118,point,4,point,0.6860132217407227,0.36374013414184936,0.9273441433906555,0.6335503714936002,0.4819514329468388
deepcrack,deepcrack_0119,text,0,text,0.76904296875,0.25,1.0,0.6451171875,0.13705715024566847
deepcrack,deepcrack_0119,text,1,text,0.6064453125,0.25,1.0,0.580078125,0.17924037460978148
deepcrack,deepcrack_0119,text,2,text,0.60498046875,0.25,1.0,0.5794921875,0.5604662457503643
deepcrack,deepcrack_0119,text,3,text,0.5615234375,0.25,1.0,0.562109375,0.8274682306940372
deepcrack,deepcrack_0119,text,4,text,0.499755859375,0.25,1.0,0.53740234375,0.2115677321156773
deepcrack,deepcrack_0119,text,5,text,0.438720703125,0.25,1.0,0.51298828125,0.22248002062387212
deepcrack,deepcrack_0119,text,6,text,0.438232421875,0.25,1.0,0.51279296875,0.6577213954623079
deepcrack,deepcrack_0119,text,7,text,0.43408203125,0.25,1.0,0.5111328125,0.06999216505615043
deepcrack,deepcrack_0119,text,8,text,0.3955078125,0.25,1.0,0.495703125,0.38964241676942046
deepcrack,deepcrack_0119,text,9,text,0.2822265625,0.25,1.0,0.450390625,0.35758196721311475
deepcrack,deepcrack_0119,text,10,text,0.251708984375,0.25,1.0,0.43818359375,0.7134445534838076
deepcrack,deepcrack_0119,box,0,box,0.9912109375,0.9139418752294677,1.0,0.9663640313303137,0.8218703612073232
deepcrack,deepcrack_0119,point,0,point,0.4490916430950165,0.39343767926192386,1.0,0.5673398449796799,0.29398439466398185
deepcrack,deepcrack_0120,text,0,text,0.8017578125,0.4615133013519407,1.0,0.7322327804731793,0.6755975034251789
deepcrack,deepcrack_0120,text,1,text,0.53515625,0.30783021050196624,1.0,0.5718030736756882,0.20079401435333638
deepcrack,deepcrack_0120,text,2,text,0.335205078125,0.3079564290788539,1.0,0.4918667814275989,0.1947230365684308
deepcrack,deepcrack_0120,text,3,text,0.307861328125,0.34483390327308255,1.0,0.4938363973955789,0.26788479405388665
deepcrack,deepcrack_0120,text,4,text,0.291015625,0.33870791429820724,1.0,0.48495402000437254,0.31398496240601503
deepcrack,deepcrack_0120,text,5,text,0.289794921875,0.25,0.4596627652645111,0.3183336600661278,0.0
deepcrack,deepcrack_0120,text,6,text,0.25732421875,0.32133058984910834,1.0,0.46539539394718793,0.25545985850507535
deepcrack,deepcrack_0120,box,0,box,0.97119140625,0.8758404561288851,1.0,0.9450207221451097,0.7165435745937961
deepcrack,deepcrack_0120,point,0,point,0.4897373914718628,0.4039170973717351,0.7390013337135315,0.5220162740972353,0.02022779252720983
deepcrack,deepcrack_0121,text,0,text,0.88232421875,0.4600980829246545,1.0,0.7639640165236291,0.7344405301123973
deepcrack,deepcrack_0121,text,1,text,0.54736328125,0.335862810707457,1.0,0.5864972962476099,0.2954430805448125
deepcrack,deepcrack_0121,text,2,text,0.44384765625,0.37836158192090397,1.0,0.5599656161723163,0.47117962466487934
deepcrack,deepcrack_0121,text,3,text,0.26806640625,0.2514193548387097,0.8481886982917786,0.40727051126649305,0.010305794897786788
deepcrack,deepcrack_0121,box,0,box,0.9755859375,0.9545263853592967,1.0,0.9743186098757539,0.7777040477770405
deepcrack,deepcrack_0121,point,0,point,0.6565316915512085,0.9792013416230951,0.6168788075447083,0.7595528480747438,0.00911909410933115
deepcrack,deepcrack_0122,text,0,text,0.89306640625,0.48275058275058275,1.0,0.7761892664627039,0.7628035736756008
deepcrack,deepcrack_0122,text,1,text,0.432861328125,0.35342770796882456,0.9060167670249939,0.523348420795337,0.33917380739224967
deepcrack,deepcrack_0122,text,2,text,0.40380859375,0.39019622872911236,1.0,0.5480921175551894,0.4804933299773471
deepcrack,deepcrack_0122,text,3,text,0.392578125,0.338923004251299,1.0,0.5256543014879547,0.3215350706599248
deepcrack,deepcrack_0122,box,0,box,0.97412109375,0.953298610680965,1.0,0.9733029512383378,0.7894018366840407
deepcrack,deepcrack_0123,text,0,text,0.7001953125,0.25,1.0,0.617578125,0.7686644545831605
deepcrack,deepcrack_0123,box,0,box,0.984375,0.968424695069805,1.0,0.9826986432744318,0.7734204793028322
deepcrack,deepcrack_0123,point,0,point,0.8025768399238586,0.9881669552547997,1.0,0.9168891703087234,0.7964101063310897
deepcrack,deepcrack_0124,text,0,text,0.962890625,0.4881086670426772,1.0,0.8059942834649371,0.8048085485307213
deepcrack,deepcrack_0124,box,0,box,0.9873046875,0.9470528134719348,1.0,0.9763903597151772,0.8102189781021898
deepcrack,deepcrack_0124,point,0,point,0.8263019323348999,0.8438651581991412,1.0,0.8758735783036593,0.6851156069364162
deepcrack,deepcrack_0125,text,0,text,0.95361328125,0.25,1.0,0.7189453125,0.7737629049483802
deepcrack,deepcrack_0125,box,0,box,0.98779296875,0.8030828313330567,1.0,0.9261961784665698,0.7648099027409372
deepcrack,deepcrack_0125,point,0,point,0.718113899230957,0.8407927721305251,1.0,0.8315230299380665,0.7109855409672594
deepcrack,deepcrack_0126,text,0,text,0.935546875,0.25,1.0,0.7117187500000001,0.8060344827586207
deepcrack,deepcrack_0126,box,0,box,0.9873046875,0.7772024704372644,1.0,0.9169427396530425,0.8043310131477185
deepcrack,deepcrack_0126,point,0,point,0.8145061731338501,0.770143202459449,1.0,0.8453525901143473,0.7977282656181739
deepcrack,deepcrack_0127,text,0,text,0.95361328125,0.25,1.0,0.7189453125,0.7873214285714286
deepcrack,deepcrack_0127,box,0,box,0.98974609375,0.7614574284926623,1.0,0.9124085374724318,0.7595481441635288
deepcrack,deepcrack_0127,point,0,point,0.8231909275054932,0.7910057298630523,1.0,0.8561283764542655,0.8335350043215212
deepcrack,deepcrack_0128,text,0,text,0.93896484375,0.25,1.0,0.7130859375,0.761996161228407
deepcrack,deepcrack_0128,box,0,box,0.9912109375,0.5735841054673102,1.0,0.8472388119135585,0.7474048442906575
deepcrack,deepcrack_0128,point,0,point,0.8574280738830566,0.5854995090237811,1.0,0.797896057711546,0.8061534565712839
deepcrack,deepcrack_0129,text,0,text,0.9453125,0.25,1.0,0.7156250000000001,0.7696131738387447
deepcrack,deepcrack_0129,text,1,text,0.497802734375,0.25,1.0,0.53662109375,0.4263505025125628
deepcrack,deepcrack_0129,text,2,text,0.356689453125,0.25,0.9592677354812622,0.46999271512031554,0.04299735161240069
deepcrack,deepcrack_0129,text,3,text,0.309326171875,0.25,1.0,0.46123046875,0.35269386483961385
deepcrack,deepcrack_0129,text,4,text,0.27490234375,0.25,1.0,0.4474609375,0.31905281196448043
deepcrack,deepcrack_0129,box,0,box,0.9912109375,0.9071905843428338,1.0,0.9640010795199918,0.7357075913776945
deepcrack,deepcrack_0129,point,0,point,0.48052778840065,0.8559611632352919,1.0,0.7417975224926121,0.6847826086956522
deepcrack,deepcrack_0130,text,0,text,0.9619140625,0.25,1.0,0.722265625,0.8401655119322555
deepcrack,deepcrack_0130,text,1,text,0.33935546875,0.25,1.0,0.4732421875,0.4797935534131853
deepcrack,deepcrack_0130,text,2,text,0.292724609375,0.25,1.0,0.45458984375,0.36147019100906813
deepcrack,deepcrack_0130,box,0,box,0.990234375,0.8258774824975077,1.0,0.9351508688741277,0.825082189131696
deepcrack,deepcrack_0130,point,0,point,0.7473234534263611,0.9153085747991012,1.0,0.8692873825502299,0.3975197077485099
deepcrack,deepcrack_0131,text,0,text,0.892578125,0.25,1.0,0.69453125,0.8326800801323927
deepcrack,deepcrack_0131,text,1,text,0.6572265625,0.25,1.0,0.600390625,0.17915507649513213
deepcrack,deepcrack_0131,text,2,text,0.61083984375,0.25,1.0,0.5818359375,0.6833842128216311
deepcrack,deepcrack_0131,text,3,text,0.395751953125,0.25,1.0,0.49580078125000004,0.09668411867364747
deepcrack,deepcrack_0131,text,4,text,0.365234375,0.25,1.0,0.48359375,0.5771448540975013
deepcrack,deepcrack_0131,box,0,box,0.98974609375,0.8752216913941568,1.0,0.952226029487955,0.26462128475551294
deepcrack,deepcrack_0131,box,1,box,0.34814453125,0.9949840544303583,1.0,0.7375022315506253,0.5929613134224085
deepcrack,deepcrack_0131,box,2,box,0.3349609375,0.9515519137400371,1.0,0.717027544809013,0.6629115361103833
deepcrack,deepcrack_0131,point,0,point,0.8062747120857239,0.9978608552006977,1.0,0.9217611841545337,0.5944434737026035
deepcrack,deepcrack_0132,text,0,text,0.9423828125,0.4922786177105831,1.0,0.7992506411987041,0.7932657494569153
deepcrack,deepcrack_0132,text,1,text,0.384521484375,0.2816394499355393,1.0,0.5023824012274387,0.1394030978466188
deepcrack,deepcrack_0132,box,0,box,0.98486328125,0.8779222733558616,1.0,0.9512181081745515,0.7900784242203174
deepcrack,deepcrack_0132,box,1,box,0.292724609375,0.9939718346060393,1.0,0.7149799858621138,0.1371363808084624
deepcrack,deepcrack_0132,point,0,point,0.809012770652771,0.7154911854728663,1.0,0.8240270231766116,0.7391954787234043
deepcrack,deepcrack_0133,text,0,text,0.9580078125,0.49403066812705365,1.0,0.8061138588444687,0.8430427493713327
deepcrack,deepcrack_0133,box,0,box,0.99169921875,0.9599137135197268,1.0,0.9826494872319044,0.8490606319385141
deepcrack,deepcrack_0133,point,0,point,0.8619323372840881,0.9181523368212495,1.0,0.9161262528010725,0.7915072685539403
deepcrack,deepcrack_0134,text,0,text,0.796875,0.25,0.9400516152381897,0.6412629038095474,0.12882758620689655
deepcrack,deepcrack_0134,text,1,text,0.783203125,0.25,0.9994755387306213,0.6506501346826553,0.17438764643237487
deepcrack,deepcrack_0134,text,2,text,0.76513671875,0.25,0.5625333786010742,0.5341880321502686,0.0
deepcrack,deepcrack_0134,text,3,text,0.6982421875,0.25,1.0,0.616796875,0.32446369636963696
deepcrack,deepcrack_0134,text,4,text,0.6376953125,0.25,0.4653157889842987,0.45890707224607463,0.024746571258199165
deepcrack,deepcrack_0134,text,5,text,0.6259765625,0.25,0.631446897983551,0.49575234949588776,0.021395348837209303
deepcrack,deepcrack_0134,text,6,text,0.62109375,0.25,0.42580968141555786,0.44238992035388947,0.009609423434593924
deepcrack,deepcrack_0134,text,7,text,0.59716796875,0.25,0.9793713688850403,0.5712100297212601,0.21188565697091274
deepcrack,deepcrack_0134,text,8,text,0.5771484375,0.25,0.45017027854919434,0.4309019446372986,0.0
deepcrack,deepcrack_0134,text,9,text,0.456298828125,0.25,0.5954714417457581,0.4188873916864395,0.009428032683846637
deepcrack,deepcrack_0134,text,10,text,0.427978515625,0.25,1.0,0.50869140625,0.17420010157440324
deepcrack,deepcrack_0134,text,11,text,0.40087890625,0.25,0.5002211332321167,0.3729068458080292,0.017543859649122806
deepcrack,deepcrack_0134,text,12,text,0.378173828125,0.25,1.0,0.48876953125,0.5240793201133145
deepcrack,deepcrack_0134,text,13,text,0.373779296875,0.25,1.0,0.48701171875,0.08893956670467502
deepcrack,deepcrack_0134,text,14,text,0.361328125,0.25,1.0,0.48203125,0.10974143114852676
deepcrack,deepcrack_0134,text,15,text,0.357666015625,0.25,0.407632976770401,0.3324746504426003,0.0
deepcrack,deepcrack_0134,text,16,text,0.343017578125,0.25,1.0,0.47470703125,0.2778904665314402
deepcrack,deepcrack_0134,text,17,text,0.317138671875,0.25,0.6453337669372559,0.37568891048431396,0.0
deepcrack,deepcrack_0134,text,18,text,0.290283203125,0.25,1.0,0.45361328125,0.3477922077922078
deepcrack,deepcrack_0134,text,19,text,0.283447265625,0.25,0.36308950185775757,0.2916512817144394,0.0
deepcrack,deepcrack_0134,text,20,text,0.2763671875,0.25,0.9647637605667114,0.43923781514167787,0.02372034956304619
deepcrack,deepcrack_0134,text,21,text,0.2763671875,0.25,1.0,0.448046875,0.06110236220472441
deepcrack,deepcrack_0134,box,0,box,0.98388671875,0.30701808458360597,1.0,0.7510110171042621,0.08460291734197731
deepcrack,deepcrack_0134,box,1,box,0.45751953125,0.6884050253926676,0.5155299305915833,0.5528320540353294,0.0
deepcrack,deepcrack_0134,box,2,box,0.334228515625,0.8119434342081906,0.6685718894004822,0.5850145805729873,0.0
deepcrack,deepcrack_0134,box,3,box,0.2822265625,0.9087253956597874,1.0,0.6809445134809256,0.2763764578247898
deepcrack,deepcrack_0134,box,4,box,0.27783203125,0.0,0.40617528557777405,0.21267663389444352,0.0
deepcrack,deepcrack_0134,point,0,point,0.7045201063156128,0.8949324624722272,1.0,0.8450344043915247,0.21729651162790697
deepcrack,deepcrack_0134,point,2,point,0.36936455965042114,0.7330341051863976,0.49641507863998413,0.5284115303354037,0.024
deepcrack,deepcrack_0134,point,3,point,0.6404882669448853,0.9089422025416592,1.0,0.8243250776675348,0.18159475696340796
deepcrack,deepcrack_0134,point,4,point,0.6502938866615295,0.9169200190524769,1.0,0.8310395613329787,0.22322116619573593
deepcrack,deepcrack_0134,point,5,point,0.6268705129623413,0.8877921713257135,1.0,0.8114754651489362,0.16576234400434076
deepcrack,deepcrack_0134,point,6,point,0.48324236273765564,0.9474664880980102,0.43420836329460144,0.6334623067530162,0.009684473601999375
deepcrack,deepcrack_0134,point,7,point,0.4554676413536072,0.8869201336152829,1.0,0.7426091033067919,0.26534859521331944
deepcrack,deepcrack_0134,point,9,point,0.6129291653633118,0.9264402755720933,1.0,0.8194257625955573,0.15207780725022105
deepcrack,deepcrack_0134,point,10,point,0.48509055376052856,0.7327581106556803,1.0,0.7005015602336995,0.09957107843137254
deepcrack,deepcrack_0134,point,11,point,0.5915266275405884,0.9211617146077058,1.0,0.8090172511289324,0.34058867177838237
deepcrack,deepcrack_0134,point,12,point,0.2685216963291168,0.31970905866298394,1.0,0.46930684906369113,0.012130637636080872
deepcrack,deepcrack_0134,point,13,point,0.518723726272583,0.9419150892094242,1.0,0.7871597717323316,0.32834379526798646
deepcrack,deepcrack_0134,point,14,point,0.49145305156707764,0.883751592614297,1.0,0.755894278041835,0.32254777070063695
deepcrack,deepcrack_0134,point,15,point,0.29584139585494995,0.7541024067739411,0.634505569934845,0.5408987931965705,0.021475256769374416
deepcrack,deepcrack_0135,text,0,text,0.93701171875,0.25,1.0,0.7123046875,0.501853813559322
deepcrack,deepcrack_0135,text,1,text,0.56298828125,0.25,1.0,0.5626953125,0.11105792245093346
deepcrack,deepcrack_0135,text,2,text,0.46728515625,0.25,1.0,0.5244140625,0.294984076433121
deepcrack,deepcrack_0135,text,3,text,0.329345703125,0.25,1.0,0.46923828125,0.1031852848811126
deepcrack,deepcrack_0135,box,0,box,0.99169921875,0.6735942299127771,1.0,0.882437667969472,0.5354894104178591
deepcrack,deepcrack_0135,box,1,box,0.356201171875,0.9679516597716233,1.0,0.7312635496700681,0.11047345767575323
deepcrack,deepcrack_0135,point,0,point,0.6736441850662231,0.812457327145724,1.0,0.8038177385274927,0.5209850849809227
deepcrack,deepcrack_0135,point,1,point,0.6101654171943665,0.9123794053899317,1.0,0.8133989587642226,0.1116435074269286
deepcrack,deepcrack_0135,point,2,point,0.543230414390564,0.9963171490107271,1.0,0.8160031679099801,0.10968049594659036
deepcrack,deepcrack_0135,point,3,point,0.6597344875335693,0.9537229598819744,1.0,0.8476968309721188,0.10883054892601432
deepcrack,deepcrack_0136,text,0,text,0.92626953125,0.25,1.0,0.7080078125,0.4249705535924617
deepcrack,deepcrack_0136,text,1,text,0.83251953125,0.25,1.0,0.6705078125,0.3725137790558351
deepcrack,deepcrack_0136,text,2,text,0.68408203125,0.25,1.0,0.6111328125,0.7594741828517291
deepcrack,deepcrack_0136,box,0,box,0.98583984375,0.5788773822085234,1.0,0.8469430212729832,0.7217081850533807
deepcrack,deepcrack_0136,box,1,box,0.416259765625,0.3833996932895042,0.4561852812767029,0.41474011922050213,0.000229389365509015
deepcrack,deepcrack_0136,box,2,box,0.413818359375,0.5621387210794454,1.0,0.6122758961278059,0.39404448696484096
deepcrack,deepcrack_0136,box,3,box,0.33349609375,0.5828443272009683,1.0,0.5873939520203388,0.3354939383027248
deepcrack,deepcrack_0136,point,0,point,0.7987099885940552,0.9411083397113492,1.0,0.8988719143365943,0.4430981768769109
deepcrack,deepcrack_0137,text,0,text,0.81298828125,0.25,1.0,0.6626953125,0.19676994067237968
deepcrack,deepcrack_0137,text,1,text,0.77880859375,0.25,1.0,0.6490234375,0.11254932912391476
deepcrack,deepcrack_0137,text,2,text,0.71142578125,0.25,1.0,0.6220703125,0.2561312327432191
deepcrack,deepcrack_0137,text,3,text,0.66650390625,0.25,0.7960883378982544,0.5531236469745636,0.028647568287808126
deepcrack,deepcrack_0137,text,4,text,0.646484375,0.25,1.0,0.59609375,0.08145836754803744
deepcrack,deepcrack_0137,text,5,text,0.630859375,0.25,1.0,0.58984375,0.4684014869888476
deepcrack,deepcrack_0137,text,6,text,0.58935546875,0.25,0.5070742964744568,0.4500107616186142,0.041922604422604426
deepcrack,deepcrack_0137,text,7,text,0.56689453125,0.25,0.8698585629463196,0.5317224532365799,0.13824739006643466
deepcrack,deepcrack_0137,text,8,text,0.4609375,0.25,0.9817509055137634,0.5173127263784408,0.10035495321071314
deepcrack,deepcrack_0137,text,9,text,0.426025390625,0.25,0.8523687720298767,0.4710023492574692,0.013624425476034143
deepcrack,deepcrack_0137,text,10,text,0.41943359375,0.25,0.9884390234947205,0.5023831933736801,0.21480904130943101
deepcrack,deepcrack_0137,text,11,text,0.392822265625,0.25,0.8521791100502014,0.45767368376255035,0.05923744068073965
deepcrack,deepcrack_0137,text,12,text,0.388916015625,0.25,0.5149196982383728,0.3717963308095932,0.0006446414182111201
deepcrack,deepcrack_0137,text,13,text,0.36279296875,0.25,0.9085633754730225,0.4597580313682556,0.08590953465668727
deepcrack,deepcrack_0137,text,14,text,0.325439453125,0.25,1.0,0.46767578125,0.4425833467547109
deepcrack,deepcrack_0137,text,15,text,0.292236328125,0.25,0.5286256670951843,0.3365509480237961,0.036812604150886226
deepcrack,deepcrack_0137,text,16,text,0.283203125,0.25,1.0,0.45078125,0.14087759815242495
deepcrack,deepcrack_0137,text,17,text,0.283203125,0.25,0.5043966770172119,0.326880419254303,0.020090003214400513
deepcrack,deepcrack_0137,text,18,text,0.272216796875,0.25,0.586428701877594,0.3429938942193985,0.027205408886027044
deepcrack,deepcrack_0137,text,19,text,0.26416015625,0.25,1.0,0.4431640625,0.07737226277372262
deepcrack,deepcrack_0137,text,20,text,0.258544921875,0.25,1.0,0.44091796875,0.5861848417013111
deepcrack,deepcrack_0137,text,21,text,0.255126953125,0.25,1.0,0.43955078125,0.02486996098829649
deepcrack,deepcrack_0137,box,0,box,0.98974609375,0.40216387963206335,0.6816295981407166,0.7070631949064013,0.3650066781148636
deepcrack,deepcrack_0137,box,1,box,0.332275390625,0.909003905276838,0.4576827883720398,0.5654822201899032,0.005342551854179761
deepcrack,deepcrack_0137,point,0,point,0.6250041127204895,0.8853436595260493,1.0,0.809871925922313,0.1094224924012158
deepcrack,deepcrack_0137,point,2,point,0.655276358127594,0.9384449409611462,1.0,0.8405662725874388,0.1071656050955414
deepcrack,deepcrack_0137,point,3,point,0.29699352383613586,0.35883674957776757,1.0,0.494390271886673,0.0062101376300772075
deepcrack,deepcrack_0137,point,4,point,0.2857714891433716,0.5649197066740926,1.0,0.562030492993281,0.0020151133501259445
deepcrack,deepcrack_0137,point,5,point,0.6474714279174805,0.9830261811420898,1.0,0.8530477345667236,0.02834671473046043
deepcrack,deepcrack_0137,point,6,point,0.7404674291610718,0.9571020751324356,1.0,0.8811726979607811,0.14411477013368112
deepcrack,deepcrack_0137,point,7,point,0.5701335072517395,0.887477300118174,1.0,0.7886704579420567,0.21312530159240792
deepcrack,deepcrack_0137,point,8,point,0.6872734427452087,0.9448534210418666,1.0,0.8556080744627368,0.3821227301189731
deepcrack,deepcrack_0137,point,9,point,0.5012088418006897,0.9296136549184574,1.0,0.775848315941736,0.1541316978695933
deepcrack,deepcrack_0137,point,10,point,0.4910358488559723,0.9371027223299174,1.0,0.77440029235786,0.42872180451127817
deepcrack,deepcrack_0137,point,11,point,0.5550264716148376,0.7073752192224941,0.8777172565460205,0.6890212295103131,0.027879799666110185
deepcrack,deepcrack_0137,point,12,point,0.5709366202354431,0.8211633710358258,1.0,0.7657818279567162,0.22748965956092904
deepcrack,deepcrack_0137,point,14,point,0.32388514280319214,0.753936532869157,0.5999972224235535,0.5434311492313701,0.038641509433962266
deepcrack,deepcrack_0138,text,0,text,0.91455078125,0.25,0.952707052230835,0.6914970755577088,0.2519208037825059
deepcrack,deepcrack_0138,text,1,text,0.8720703125,0.25,1.0,0.6863281250000001,0.17912200851563648
deepcrack,deepcrack_0138,text,2,text,0.78759765625,0.25,1.0,0.6525390625,0.283624002364765
deepcrack,deepcrack_0138,text,3,text,0.771484375,0.25,1.0,0.64609375,0.07603722984697901
deepcrack,deepcrack_0138,text,4,text,0.6865234375,0.25,1.0,0.612109375,0.02208
deepcrack,deepcrack_0138,text,5,text,0.658203125,0.25,1.0,0.60078125,0.34425990675990675
deepcrack,deepcrack_0138,text,6,text,0.568359375,0.25,0.5059313774108887,0.44132659435272215,0.04530791788856305
deepcrack,deepcrack_0138,text,7,text,0.53271484375,0.25,0.8932931423187256,0.5239092230796814,0.0171087741327892
deepcrack,deepcrack_0138,text,8,text,0.4306640625,0.25,0.5702763795852661,0.40233471989631653,0.0015422578655151142
deepcrack,deepcrack_0138,text,9,text,0.3291015625,0.25,0.5830297470092773,0.3648980617523193,0.024852438645542093
deepcrack,deepcrack_0138,text,10,text,0.301513671875,0.25,0.490091472864151,0.3306283369660378,0.0
deepcrack,deepcrack_0138,text,11,text,0.30078125,0.25,0.5135113596916199,0.336190339922905,0.04387594683435758
deepcrack,deepcrack_0138,text,12,text,0.285400390625,0.25,1.0,0.45166015625,0.0944487881157154
deepcrack,deepcrack_0138,text,13,text,0.281494140625,0.25,1.0,0.45009765625,0.5778657329882783
deepcrack,deepcrack_0138,text,14,text,0.2724609375,0.25,0.4557517170906067,0.31042230427265166,0.017939282428702852
deepcrack,deepcrack_0138,box,0,box,0.99169921875,0.11521216658705642,0.4079696834087372,0.538996366657654,0.039626338254845704
deepcrack,deepcrack_0138,box,1,box,0.257080078125,0.4836808819573317,0.35076287388801575,0.35981105840707006,0.01540715930500314
deepcrack,deepcrack_0138,point,0,point,0.6314261555671692,0.8251726031788884,1.0,0.7913808733394786,0.26112889147512364
deepcrack,deepcrack_0138,point,2,point,0.7535545229911804,0.7536491014125992,1.0,0.815198994690882,0.3615126295809607
deepcrack,deepcrack_0138,point,3,point,0.668483555316925,0.8984098925479558,1.0,0.8318368845185545,0.24743202416918428
deepcrack,deepcrack_0138,point,4,point,0.7725379467010498,0.9257045251613182,1.0,0.8830117624868813,0.30711222830104984
deepcrack,deepcrack_0138,point,5,point,0.6233308911323547,0.3668136993677536,1.0,0.6277171512316557,0.2545031055900621
deepcrack,deepcrack_0138,point,6,point,0.6751272082328796,0.7780727361953377,1.0,0.7923763409615201,0.020689655172413793
deepcrack,deepcrack_0138,point,7,point,0.9144638180732727,0.9961753888654705,0.5348186492919922,0.8481515756552218,0.007697820106798585
deepcrack,deepcrack_0138,point,8,point,0.6594700217247009,0.9904588162577225,0.5017625093460083,0.7358892217165853,0.007848236468757982
deepcrack,deepcrack_0139,text,0,text,0.90771484375,0.25,1.0,0.7005859375,0.4345508166969147
deepcrack,deepcrack_0139,text,1,text,0.7626953125,0.25,1.0,0.642578125,0.2534411977783144
deepcrack,deepcrack_0139,text,2,text,0.59130859375,0.25,0.8390907645225525,0.5337961286306381,0.06922981827172704
deepcrack,deepcrack_0139,text,3,text,0.5634765625,0.25,1.0,0.562890625,0.6980467862820804
deepcrack,deepcrack_0139,text,4,text,0.442138671875,0.25,0.9810618758201599,0.50962093770504,0.034990108803165186
deepcrack,deepcrack_0139,text,5,text,0.377197265625,0.25,0.8096325397491455,0.4407870411872864,0.0
deepcrack,deepcrack_0139,text,6,text,0.27783203125,0.25,0.9055868983268738,0.4250295370817184,0.08104768964665184
deepcrack,deepcrack_0139,box,0,box,0.98095703125,0.8486985782148195,1.0,0.9394273148751868,0.6709488393058373
deepcrack,deepcrack_0139,box,1,box,0.482421875,0.9042530882883681,1.0,0.7594573309009289,0.2843555663943422
deepcrack,deepcrack_0139,box,2,box,0.44677734375,0.9689206032055775,1.0,0.7678331486219521,0.4276487252124646
deepcrack,deepcrack_0139,box,3,box,0.252685546875,0.6099272126662515,0.8656151294708252,0.5309525255508943,0.0703598367750711
deepcrack,deepcrack_0139,point,0,point,0.8834009766578674,0.9602852330149307,1.0,0.9394602222183728,0.4314191867708687
deepcrack,deepcrack_0139,point,1,point,0.3742711544036865,0.5914271659207965,0.6290745139122009,0.5139765983118036,0.026401554322960735
deepcrack,deepcrack_0139,point,2,point,0.4090045392513275,0.5485051176995521,1.0,0.6055786068953742,0.2216969696969697
deepcrack,deepcrack_0139,point,3,point,0.45880886912345886,0.9209004830167841,0.9058042168617249,0.7322897709206893,0.1093616501891859
deepcrack,deepcrack_0140,text,0,text,0.95751953125,0.25,1.0,0.7205078125000001,0.6686332350049164
deepcrack,deepcrack_0140,text,1,text,0.916015625,0.25,1.0,0.7039062500000001,0.11923314780457638
deepcrack,deepcrack_0140,text,2,text,0.638671875,0.25,0.6958029866218567,0.5169194966554642,0.01877649909145972
deepcrack,deepcrack_0140,text,3,text,0.4658203125,0.25,0.7485082745552063,0.46095519363880155,0.008430448797421275
deepcrack,deepcrack_0140,text,4,text,0.4296875,0.25,0.6971237659454346,0.43365594148635866,0.008396098283738733
deepcrack,deepcrack_0140,text,5,text,0.34228515625,0.25,1.0,0.4744140625,0.2540573520439292
deepcrack,deepcrack_0140,box,0,box,0.99267578125,0.10035143646240656,0.5769749879837036,0.5764370622577681,0.032392442745841646
deepcrack,deepcrack_0140,box,1,box,0.255615234375,0.35565070099776513,0.5446590185165405,0.3628885937283529,1.959324424938281e-05
deepcrack,deepcrack_0140,point,0,point,0.4978393018245697,0.6799254912352061,0.8089370727539062,0.6393439108506266,0.016053346505309953
deepcrack,deepcrack_0140,point,1,point,0.5871095061302185,0.4764602632648394,0.6547399163246155,0.5652898736759351,0.01694299891080721
deepcrack,deepcrack_0140,point,2,point,0.8341337442398071,0.9708469203817502,1.0,0.9234499198295354,0.673632918245804
deepcrack,deepcrack_0140,point,3,point,0.6960323452949524,0.6037168749201829,1.0,0.739713844340045,0.13641960108347698
deepcrack,deepcrack_0141,text,0,text,0.93017578125,0.25,1.0,0.7095703125,0.6603344481605351
deepcrack,deepcrack_0141,text,1,text,0.86767578125,0.25,1.0,0.6845703125,0.18820505497643866
deepcrack,deepcrack_0141,text,2,text,0.63330078125,0.25,0.49525436758995056,0.46463390439748764,0.029877709838799334
deepcrack,deepcrack_0141,text,3,text,0.477783203125,0.25,0.5064612627029419,0.4052285969257355,0.017918577981651376
deepcrack,deepcrack_0141,text,4,text,0.392333984375,0.25,1.0,0.49443359375,0.27222625090645397
deepcrack,deepcrack_0141,text,5,text,0.338623046875,0.25,0.5360535979270935,0.3569626182317734,0.012950699043414275
deepcrack,deepcrack_0141,text,6,text,0.32666015625,0.25,1.0,0.4681640625,0.20389059529033202
deepcrack,deepcrack_0141,text,7,text,0.288330078125,0.25,0.5523563027381897,0.3409211069345474,0.01699099622422306
deepcrack,deepcrack_0141,box,0,box,0.9814453125,0.6521971174334942,1.0,0.8708471161017229,0.8054734678144674
deepcrack,deepcrack_0141,box,1,box,0.43798828125,0.9801504950382769,1.0,0.7682479857633969,0.1892162471395881
deepcrack,deepcrack_0141,box,2,box,0.426513671875,0.9774477584124709,0.49910566210746765,0.6374885997212317,0.02995680646509684
deepcrack,deepcrack_0141,box,3,box,0.282958984375,0.9451313308433205,0.5134682059288025,0.5723466110273627,0.01795461074403907
deepcrack,deepcrack_0141,point,0,point,0.7806378602981567,0.9318133057863704,1.0,0.8883898011444924,0.7305078462869146
deepcrack,deepcrack_0141,point,1,point,0.5816721320152283,0.9969897987046155,1.0,0.8316152823527067,0.1863013698630137
deepcrack,deepcrack_0141,point,2,point,0.37297236919403076,0.5831295730295452,0.4954305589199066,0.47714193796792975,0.02672076105204253
deepcrack,deepcrack_0141,point,3,point,0.4733591675758362,0.9172388013576253,0.5192479491233826,0.6401892347863489,0.026927437641723357
deepcrack,deepcrack_0141,point,4,point,0.4642549455165863,0.769587607629046,0.5338097810745239,0.5885100861454315,0.0262182958107723
deepcrack,deepcrack_0142,text,0,text,0.91650390625,0.25,1.0,0.7041015625,0.5050196420776953
deepcrack,deepcrack_0142,text,1,text,0.89599609375,0.25,1.0,0.6958984375,0.18517943141214852
deepcrack,deepcrack_0142,text,2,text,0.78857421875,0.25,1.0,0.6529296875,0.125736160188457
deepcrack,deepcrack_0142,text,3,text,0.72021484375,0.25,1.0,0.6255859375,0.06391150714395452
deepcrack,deepcrack_0142,text,4,text,0.54345703125,0.25,1.0,0.5548828125,0.025255655407499224
deepcrack,deepcrack_0142,text,5,text,0.52197265625,0.25,1.0,0.5462890625,0.011872724394491056
deepcrack,deepcrack_0142,text,6,text,0.361328125,0.25,0.6271721720695496,0.3888242930173874,0.0
deepcrack,deepcrack_0142,text,7,text,0.33203125,0.25,0.8989571928977966,0.4450517982244492,0.06311487815952778
deepcrack,deepcrack_0142,text,8,text,0.33056640625,0.25,0.6055534482002258,0.37111492455005646,0.0
deepcrack,deepcrack_0142,text,9,text,0.320068359375,0.25,1.0,0.46552734375,0.6670687575392038
deepcrack,deepcrack_0142,text,10,text,0.260986328125,0.25,1.0,0.44189453125,0.013118381539434171
deepcrack,deepcrack_0142,text,11,text,0.252197265625,0.25,1.0,0.43837890625,0.7963712700554806
deepcrack,deepcrack_0142,box,0,box,0.9921875,0.0,0.0,0.39687500000000003,0.0
deepcrack,deepcrack_0142,box,1,box,0.286376953125,0.18520360359088592,0.35177600383758545,0.2673160434662064,0.0
deepcrack,deepcrack_0142,point,0,point,0.8528159260749817,0.9827089722642144,1.0,0.9350745107224677,0.18714351780484045
deepcrack,deepcrack_0142,point,1,point,0.8109223246574402,0.9910999024069669,1.0,0.9212538957054145,0.5712332512988788
deepcrack,deepcrack_0142,point,2,point,0.7392482161521912,0.9895320496651439,1.0,0.8920355038436768,0.5151246864394274
deepcrack,deepcrack_0142,point,3,point,0.4599951207637787,0.9541894255148382,1.0,0.7679643472357048,0.17831566886279004
deepcrack,deepcrack_0142,point,4,point,0.6066113114356995,0.9656186764631552,1.0,0.8306110613363841,0.13770685579196218
deepcrack,deepcrack_0142,point,5,point,0.4135994613170624,0.9603523107645972,1.0,0.7515630932944339,0.023509263583995018
deepcrack,deepcrack_0142,point,6,point,0.5826854109764099,0.9396525517655041,1.0,0.8119525575084904,0.1446776611694153
deepcrack,deepcrack_0142,point,7,point,0.5776047706604004,0.8998824497887427,1.0,0.79600076569022,0.1436241610738255
deepcrack,deepcrack_0142,point,8,point,0.6769380569458008,0.970084018589532,1.0,0.8603046292846566,0.06280043417584122
deepcrack,deepcrack_0142,point,9,point,0.6299659013748169,0.9632130328391029,1.0,0.8391109220436128,0.063965222791492
deepcrack,deepcrack_0142,point,10,point,0.4941774010658264,0.8425636591733632,1.0,0.7425682411370077,0.011770319707332591
deepcrack,deepcrack_0143,text,0,text,0.80126953125,0.25,1.0,0.6580078125000001,0.38909003137822834
deepcrack,deepcrack_0143,text,1,text,0.76416015625,0.25,1.0,0.6431640625,0.4078387458006719
deepcrack,deepcrack_0143,text,2,text,0.76123046875,0.25,1.0,0.6419921875,0.24498886414253898
deepcrack,deepcrack_0143,text,3,text,0.681640625,0.25,1.0,0.61015625,0.20495049504950494
deepcrack,deepcrack_0143,text,4,text,0.51171875,0.25,0.9302812814712524,0.5247578203678132,0.3687054246812189
deepcrack,deepcrack_0143,text,5,text,0.341064453125,0.25,1.0,0.47392578125,0.6959367945823928
deepcrack,deepcrack_0143,text,6,text,0.29736328125,0.25,0.6693016290664673,0.3737707197666168,0.0010827197921178
deepcrack,deepcrack_0143,text,7,text,0.26904296875,0.25,1.0,0.4451171875,0.7180824639841034
deepcrack,deepcrack_0143,box,0,box,0.96875,0.7610856217077099,1.0,0.9038799675976985,0.6938775510204082
deepcrack,deepcrack_0143,box,1,box,0.6259765625,0.9784495495637527,1.0,0.8428479673473135,0.41947565543071164
deepcrack,deepcrack_0143,box,2,box,0.48681640625,0.9366799550842868,1.0,0.7725645467795004,0.38957509881422925
deepcrack,deepcrack_0143,box,3,box,0.3828125,0.17533581595236605,0.38391372561454773,0.3104709669869651,0.0
deepcrack,deepcrack_0143,box,4,box,0.344970703125,0.9620979469201529,1.0,0.7247225626720535,0.200817577925396
deepcrack,deepcrack_0143,box,5,box,0.33935546875,0.9757833072788286,1.0,0.72726634504759,0.24828636709824828
deepcrack,deepcrack_0143,point,0,point,0.584492564201355,0.8753481414863857,0.9943867325782776,0.7887655583453463,0.3051892811569545
deepcrack,deepcrack_0143,point,1,point,0.6511785984039307,0.8898154335318587,0.8138588666915894,0.7753715577706202,0.36486486486486486
deepcrack,deepcrack_0143,point,2,point,0.6870881915092468,0.7635134522904145,0.9607429504394531,0.7822507225152071,0.43731532292106373
deepcrack,deepcrack_0143,point,3,point,0.709494411945343,0.7901353586096691,0.9973154664039612,0.8096740068925117,0.37796407185628744
deepcrack,deepcrack_0143,point,4,point,0.7452417016029358,0.8504128450372062,1.0,0.8457411764041964,0.018589393110989613
deepcrack,deepcrack_0143,point,5,point,0.805144190788269,0.9790735811049462,1.0,0.9147334297020389,0.4002169197396963
deepcrack,deepcrack_0143,point,6,point,0.6911542415618896,0.9811932052100175,1.0,0.869879318448262,0.40008622547962924
deepcrack,deepcrack_0143,point,7,point,0.7173051834106445,0.9502284447992555,1.0,0.8695020290439972,0.4072854948430985
deepcrack,deepcrack_0143,point,8,point,0.7870766520500183,0.9346933422427623,0.9407860636711121,0.8771698465227522,0.3845994618091492
deepcrack,deepcrack_0143,point,9,point,0.7197588086128235,0.9416525888676107,0.9880231618881226,0.8644877200208239,0.3972602739726027
deepcrack,deepcrack_0144,text,0,text,0.8046875,0.25,0.9621812701225281,0.6499203175306321,0.5710257314064152
deepcrack,deepcrack_0144,text,1,text,0.55078125,0.25,0.6614539623260498,0.4731759905815125,0.15948915948915948
deepcrack,deepcrack_0144,text,2,text,0.55029296875,0.25,0.7486977577209473,0.4947916269302368,0.05995388162951576
deepcrack,deepcrack_0144,text,3,text,0.481201171875,0.25,0.6215688586235046,0.4353726834058762,0.11671177266576455
deepcrack,deepcrack_0144,text,4,text,0.45751953125,0.25,0.5679208040237427,0.41248801350593567,0.09101040118870728
deepcrack,deepcrack_0144,text,5,text,0.33984375,0.25,0.838205873966217,0.43298896849155427,0.5850895679662803
deepcrack,deepcrack_0144,text,6,text,0.302734375,0.25,0.7223740220069885,0.38918725550174715,0.09902029391182646
deepcrack,deepcrack_0144,text,7,text,0.26513671875,0.25,0.7467851042747498,0.38025096356868743,0.03745019920318725
deepcrack,deepcrack_0144,box,0,box,0.96923828125,0.866410425281849,0.8608256578445435,0.906145375809783,0.5844086021505376
deepcrack,deepcrack_0144,box,1,box,0.3017578125,0.9817108749429797,0.9932734966278076,0.7126203053869948,0.5683791606367583
deepcrack,deepcrack_0144,point,0,point,0.5466815829277039,0.7848046470327068,0.5828623175621033,0.6390698390230547,0.022699635184434536
deepcrack,deepcrack_0144,point,1,point,0.4817642867565155,0.9351074691155906,0.7777714133262634,0.7144361822246288,0.13769363166953527
deepcrack,deepcrack_0144,point,2,point,0.627583920955658,0.872210749653328,0.7451801300048828,0.7426023632621487,0.4438216560509554
deepcrack,deepcrack_0144,point,3,point,0.5002020001411438,0.519605494578357,0.8233509659767151,0.5877804646530612,0.10144927536231885
deepcrack,deepcrack_0144,point,4,point,0.617646336555481,0.9845901104586023,0.9223277568817139,0.8222470125031316,0.5362849533954727
deepcrack,deepcrack_0144,point,5,point,0.4337867498397827,0.6543227188871883,0.7793022394180298,0.5973532114009364,0.14801699716713881
deepcrack,deepcrack_0144,point,6,point,0.6688136458396912,0.9710623223984743,0.8995581269264221,0.832286802906948,0.5272901372486435
deepcrack,deepcrack_0144,point,7,point,0.6650078892707825,0.8797923312334864,0.8448105454444885,0.7851331080011554,0.5175210902011681
deepcrack,deepcrack_0145,text,0,text,0.85888671875,0.25,0.7215530872344971,0.6114429593086242,0.09580449826989619
deepcrack,deepcrack_0145,text,1,text,0.77490234375,0.25,0.6292511224746704,0.5547737181186676,0.048785594639865995
deepcrack,deepcrack_0145,text,2,text,0.7529296875,0.25,0.4847720265388489,0.5098648816347122,0.024371521780848206
deepcrack,deepcrack_0145,text,3,text,0.74951171875,0.25,1.0,0.6373046875,0.32148086174440493
deepcrack,deepcrack_0145,text,4,text,0.748046875,0.25,0.8855674862861633,0.6081106215715408,0.28546375681995323
deepcrack,deepcrack_0145,text,5,text,0.716796875,0.25,0.6190586686134338,0.5289834171533585,0.04913909847165796
deepcrack,deepcrack_0145,text,6,text,0.5546875,0.25,1.0,0.559375,0.5700189753320684
deepcrack,deepcrack_0145,text,7,text,0.446533203125,0.25,0.9189398288726807,0.49584823846817017,0.11363636363636363
deepcrack,deepcrack_0145,text,8,text,0.35888671875,0.25,0.9446840286254883,0.4672256946563721,0.13767019667170954
deepcrack,deepcrack_0145,text,9,text,0.28955078125,0.25,0.5857019424438477,0.3497457981109619,0.046759941089838
deepcrack,deepcrack_0145,text,10,text,0.27490234375,0.25,0.9528908729553223,0.43568365573883056,0.5926701570680628
deepcrack,deepcrack_0145,text,11,text,0.260498046875,0.25,0.8471550345420837,0.40348797738552095,0.2673905042326095
deepcrack,deepcrack_0145,text,12,text,0.260009765625,0.25,0.8537328839302063,0.4049371272325516,0.16179952644041043
deepcrack,deepcrack_0145,box,0,box,0.9912109375,0.030032286369493122,0.5285751223564148,0.5391394558184264,0.0065263035418683
deepcrack,deepcrack_0145,point,0,point,0.8021668791770935,0.9304056262147103,1.0,0.8965087208459861,0.327854855923159
deepcrack,deepcrack_0145,point,1,point,0.6440401673316956,0.9780653921774718,0.661300539970398,0.7652640891873929,0.04991575400168492
deepcrack,deepcrack_0145,point,2,point,0.46294644474983215,0.9389546978256416,0.9556945562362671,0.7527363611979742,0.516802734004177
deepcrack,deepcrack_0145,point,3,point,0.6611349582672119,0.7369754130430194,0.9633998274803162,0.7632453347420206,0.3011725982308167
deepcrack,deepcrack_0145,point,4,point,0.38567468523979187,0.9540758519738815,0.7415550947189331,0.6735851959665085,0.04372242278379462
deepcrack,deepcrack_0145,point,5,point,0.3822558522224426,0.9458434615474717,0.6785897016525269,0.6535949778437239,0.05027602523659306
deepcrack,deepcrack_0145,point,6,point,0.5273961424827576,0.9229754161836372,0.5591761469841003,0.6737938894034011,0.03561643835616438
deepcrack,deepcrack_0145,point,7,point,0.7782267332077026,0.9351223130742105,0.5873467326164246,0.7854201860131609,0.10106609808102346
deepcrack,deepcrack_0145,point,8,point,0.7683066129684448,0.8984269365002818,0.6973710060119629,0.7961148244654672,0.10227027027027027
deepcrack,deepcrack_0145,point,9,point,0.5521786212921143,0.7193091572362917,0.4473271071910858,0.5844614303473192,0.10056214865708932
deepcrack,deepcrack_0146,text,0,text,0.95947265625,0.4868217054263566,1.0,0.8041766593992248,0.7741200303874398
deepcrack,deepcrack_0146,text,1,text,0.279541015625,0.28133441383036195,1.0,0.4602834510906267,0.10989010989010989
deepcrack,deepcrack_0146,text,2,text,0.275634765625,0.25,0.5803512930870056,0.3428417295217514,0.0
deepcrack,deepcrack_0146,text,3,text,0.25439453125,0.4553499054309646,1.0,0.5111302794008377,0.7176438053097345
deepcrack,deepcrack_0146,box,0,box,0.9873046875,0.9415610849762794,1.0,0.9744682547416978,0.7710539586485123
deepcrack,deepcrack_0146,point,0,point,0.862151026725769,0.986075644121325,1.0,0.9399868861327714,0.7088262056414922
deepcrack,deepcrack_0146,point,1,point,0.8831912875175476,0.9755143515869271,1.0,0.9447065380624435,0.7178012879484821
deepcrack,deepcrack_0146,point,2,point,0.8827255368232727,0.9619305969191988,1.0,0.9397659236510287,0.7275064267352185
deepcrack,deepcrack_0146,point,3,point,0.8364483714103699,0.9403098822126378,1.0,0.9136878073385711,0.6586700336700336
deepcrack,deepcrack_0146,point,4,point,0.8436858654022217,0.9870375447814335,1.0,0.9329374868343904,0.7270773638968482
deepcrack,deepcrack_0147,text,0,text,0.96728515625,0.25,1.0,0.7244140625000001,0.7959720942477294
deepcrack,deepcrack_0147,text,1,text,0.25048828125,0.25,1.0,0.4376953125,0.31307401404646135
deepcrack,deepcrack_0147,box,0,box,0.9892578125,0.9664188765643746,1.0,0.9839497317975312,0.771759382486026
deepcrack,deepcrack_0147,point,0,point,0.8358074426651001,0.9850058069067655,1.0,0.9290750094834079,0.7854584052010084
deepcrack,deepcrack_0148,text,0,text,0.88671875,0.25,1.0,0.6921875000000001,0.7691421991940126
deepcrack,deepcrack_0148,text,1,text,0.445556640625,0.25,1.0,0.51572265625,0.5340156532209512
deepcrack,deepcrack_0148,text,2,text,0.439208984375,0.25,1.0,0.51318359375,0.29127829560585883
deepcrack,deepcrack_0148,text,3,text,0.399658203125,0.25,0.6848729848861694,0.41858152747154237,0.0
deepcrack,deepcrack_0148,text,4,text,0.3447265625,0.25,0.7826955318450928,0.4210645079612732,0.0
deepcrack,deepcrack_0148,box,0,box,0.9599609375,0.9488364235982745,1.0,0.9660771232593961,0.7684841564373395
deepcrack,deepcrack_0148,box,1,box,0.2919921875,0.9945812807881772,0.7903274297714233,0.6624821807187178,0.0
deepcrack,deepcrack_0148,box,2,box,0.287353515625,0.9797193029416651,1.0,0.7078431622795828,0.2845691382765531
deepcrack,deepcrack_0148,box,3,box,0.2861328125,0.9947826086956522,0.6733365654945374,0.6309611794171126,0.0
deepcrack,deepcrack_0148,point,0,point,0.8064369559288025,0.9719553132346457,1.0,0.9127591420036469,0.7246701518546179
deepcrack,deepcrack_0148,point,1,point,0.8203610181808472,0.9765993425743403,1.0,0.9199541771733579,0.7580901856763925
deepcrack,deepcrack_0148,point,2,point,0.8305424451828003,0.9797472546174875,1.0,0.9251285171892407,0.7587885343428881
deepcrack,deepcrack_0148,point,3,point,0.8346483111381531,0.980592615405261,1.0,0.9270667398471026,0.7581120943952803
deepcrack,deepcrack_0148,point,4,point,0.8587260246276855,0.9777694803579162,1.0,0.9357097279763449,0.7705914870093975
deepcrack,deepcrack_0148,point,5,point,0.26220211386680603,0.541402167811029,0.9648600816726685,0.5355866246987497,0.010728936573051436
deepcrack,deepcrack_0149,text,0,text,0.87451171875,0.25,1.0,0.6873046875000001,0.45133183968135426
deepcrack,deepcrack_0149,text,1,text,0.8701171875,0.25,1.0,0.685546875,0.4139072847682119
deepcrack,deepcrack_0149,text,2,text,0.70751953125,0.25,1.0,0.6205078125,0.8123762376237624
deepcrack,deepcrack_0149,box,0,box,0.98779296875,0.9628647784588292,1.0,0.9821198599605903,0.8232058014503626
deepcrack,deepcrack_0149,box,1,box,0.54248046875,0.9933969939885614,1.0,0.8146811353959965,0.4037232564601278
deepcrack,deepcrack_0149,box,2,box,0.4931640625,0.9951124947601381,1.0,0.7955549981660484,0.44308537194208686
deepcrack,deepcrack_0149,point,0,point,0.8177198767662048,0.9257889074011658,1.0,0.9011140682968899,0.7573717204550732
deepcrack,deepcrack_0149,point,1,point,0.661572277545929,0.9473172927935481,1.0,0.8461899634961134,0.42350695391328064
deepcrack,deepcrack_0150,text,0,text,0.77099609375,0.25,1.0,0.6458984375,0.0871191876002138
deepcrack,deepcrack_0150,text,1,text,0.73876953125,0.25,1.0,0.6330078125,0.3659318123558062
deepcrack,deepcrack_0150,text,2,text,0.70703125,0.25,1.0,0.6203125,0.2866580310880829
deepcrack,deepcrack_0150,text,3,text,0.67626953125,0.25,1.0,0.6080078125,0.0266280353200883
deepcrack,deepcrack_0150,text,4,text,0.66357421875,0.25,1.0,0.6029296875,0.399454911719398
deepcrack,deepcrack_0150,text,5,text,0.66064453125,0.25,0.991878867149353,0.5997275292873383,0.34015500121094694
deepcrack,deepcrack_0150,text,6,text,0.6044921875,0.25,1.0,0.579296875,0.08603784007733739
deepcrack,deepcrack_0150,text,7,text,0.568359375,0.25,0.5324434041976929,0.4479546010494232,0.0
deepcrack,deepcrack_0150,text,8,text,0.457275390625,0.25,0.5416524410247803,0.40582326650619505,0.0
deepcrack,deepcrack_0150,text,9,text,0.406005859375,0.25,0.5568548440933228,0.38911605477333067,0.0
deepcrack,deepcrack_0150,text,10,text,0.38134765625,0.25,1.0,0.4900390625,0.6681807021851215
deepcrack,deepcrack_0150,text,11,text,0.355224609375,0.25,1.0,0.47958984375,0.05712708707051194
deepcrack,deepcrack_0150,text,12,text,0.337890625,0.25,1.0,0.47265625,0.13383197542406838
deepcrack,deepcrack_0150,text,13,text,0.285888671875,0.25,0.7999711632728577,0.4018482595682144,0.08205824284304047
deepcrack,deepcrack_0150,text,14,text,0.255126953125,0.25,0.549094021320343,0.3268242865800858,0.005066250974279034
deepcrack,deepcrack_0150,box,0,box,0.9931640625,0.013713329072402025,0.5428889989852905,0.5377875399216634,0.007634864342761584
deepcrack,deepcrack_0150,box,1,box,0.3408203125,0.734422806871879,0.9738132357597351,0.6368294163450914,0.022414804196259856
deepcrack,deepcrack_0150,point,0,point,0.6584393382072449,0.97829839264698,0.9312204122543335,0.8385852757729244,0.36156275587788045
deepcrack,deepcrack_0150,point,1,point,0.8063635230064392,0.9653212415824901,1.0,0.9104078437564471,0.3588191699604743
deepcrack,deepcrack_0150,point,2,point,0.7630907297134399,0.9707710802717255,1.0,0.8950061699804799,0.3621798761985678
deepcrack,deepcrack_0150,point,3,point,0.7554363012313843,0.9699346821612032,1.0,0.8916516592489748,0.3089308176100629
deepcrack,deepcrack_0150,point,4,point,0.5079312324523926,0.6957702751135074,1.0,0.6966920892706846,0.10355466130114017
deepcrack,deepcrack_0150,point,5,point,0.8317064642906189,0.8687332847389119,1.0,0.8867392353748667,0.34571930705498366
deepcrack,deepcrack_0150,point,6,point,0.7666676640510559,0.32285518296665383,1.0,0.6696663796587512,0.07414910858995137
deepcrack,deepcrack_0151,text,0,text,0.94580078125,0.25,1.0,0.7158203125,0.7273163706192991
deepcrack,deepcrack_0151,text,1,text,0.6337890625,0.25,0.7146577835083008,0.5196800708770752,0.0
deepcrack,deepcrack_0151,text,2,text,0.560546875,0.25,0.8503121137619019,0.5242967784404755,0.07421052631578948
deepcrack,deepcrack_0151,text,3,text,0.53369140625,0.25,0.9816789031028748,0.5463962882757187,0.07699242697439596
deepcrack,deepcrack_0151,text,4,text,0.52685546875,0.25,1.0,0.5482421875,0.46731755750455073
deepcrack,deepcrack_0151,text,5,text,0.5107421875,0.25,0.7192716598510742,0.47161478996276857,0.0
deepcrack,deepcrack_0151,text,6,text,0.451416015625,0.25,1.0,0.51806640625,0.28626556744430803
deepcrack,deepcrack_0151,text,7,text,0.323486328125,0.25,1.0,0.46689453125,0.22214639140078485
deepcrack,deepcrack_0151,text,8,text,0.257568359375,0.25,0.5015011429786682,0.3159026294946671,0.0
deepcrack,deepcrack_0151,box,0,box,0.98876953125,0.5979947155435881,1.0,0.8548059629402558,0.7370511598347632
deepcrack,deepcrack_0151,box,1,box,0.35400390625,0.9768793745728527,1.0,0.7335093436004985,0.0765880217785844
deepcrack,deepcrack_0151,box,2,box,0.347412109375,0.9647764235607635,0.763447105884552,0.6674983684674052,0.0
deepcrack,deepcrack_0151,box,3,box,0.311279296875,0.9040617754511105,0.7701799273490906,0.6334783219951613,0.0
deepcrack,deepcrack_0151,point,0,point,0.6526492834091187,0.8801905648538924,1.0,0.8191264110625098,0.6595144870790917
deepcrack,deepcrack_0151,point,1,point,0.7745468020439148,0.9605333275990974,1.0,0.8960053854772501,0.7005690938275208
deepcrack,deepcrack_0152,text,0,text,0.8505859375,0.25,1.0,0.677734375,0.1324705387205387
deepcrack,deepcrack_0152,text,1,text,0.78466796875,0.25,0.8185853958129883,0.6060135364532471,0.018292066700353715
deepcrack,deepcrack_0152,text,2,text,0.74267578125,0.25,1.0,0.6345703125,0.318272564883892
deepcrack,deepcrack_0152,text,3,text,0.689453125,0.25,1.0,0.61328125,0.6056145515718642
deepcrack,deepcrack_0152,text,4,text,0.6806640625,0.25,0.6605637073516846,0.5249065518379211,0.0
deepcrack,deepcrack_0152,text,5,text,0.67041015625,0.25,1.0,0.6056640625,0.3120447587881347
deepcrack,deepcrack_0152,text,6,text,0.6533203125,0.25,0.7011047005653381,0.5241043001413346,0.009405339805825242
deepcrack,deepcrack_0152,text,7,text,0.51806640625,0.25,0.6855107545852661,0.46610425114631654,0.0
deepcrack,deepcrack_0152,text,8,text,0.44091796875,0.25,1.0,0.5138671875,0.723263852519116
deepcrack,deepcrack_0152,text,9,text,0.42578125,0.25,0.5801387429237366,0.40284718573093414,0.0
deepcrack,deepcrack_0152,text,10,text,0.41015625,0.25,1.0,0.5015625,0.404951741502308
deepcrack,deepcrack_0152,text,11,text,0.3662109375,0.25,0.7383956909179688,0.4185832977294922,0.0073439412484700125
deepcrack,deepcrack_0152,text,12,text,0.3623046875,0.25,0.6550540924072266,0.39618539810180664,0.0
deepcrack,deepcrack_0152,text,13,text,0.351806640625,0.25,1.0,0.47822265625,0.012096774193548387
deepcrack,deepcrack_0152,text,14,text,0.32861328125,0.25,0.5503139495849609,0.3565237998962402,0.0
deepcrack,deepcrack_0152,text,15,text,0.311767578125,0.25,0.7444608211517334,0.39832223653793336,0.008341810783316379
deepcrack,deepcrack_0152,text,16,text,0.30712890625,0.25,0.3822943866252899,0.30592515915632246,0.0
deepcrack,deepcrack_0152,text,17,text,0.30322265625,0.25,0.5531296730041504,0.3470714807510376,0.0
deepcrack,deepcrack_0152,text,18,text,0.271240234375,0.25,0.7227627038955688,0.3766867697238922,0.0
deepcrack,deepcrack_0152,text,19,text,0.268310546875,0.25,0.38394153118133545,0.29080960154533386,0.0
deepcrack,deepcrack_0152,text,20,text,0.253173828125,0.25,0.4883577823638916,0.3108589768409729,0.0
deepcrack,deepcrack_0152,box,0,box,0.99365234375,0.41040682086658176,0.5125457048416138,0.669239751013707,0.04581755380091545
deepcrack,deepcrack_0152,point,0,point,0.49016326665878296,0.1945410633498385,1.0,0.5141546788359567,0.5157950343370312
deepcrack,deepcrack_0152,point,1,point,0.7073856592178345,0.9371466343722737,0.8106942772865295,0.813629155039062,0.019032192751569144
deepcrack,deepcrack_0152,point,2,point,0.6372548937797546,0.9423588973632393,0.8345745801925659,0.7933712166371771,0.019369232329378358
deepcrack,deepcrack_0152,point,3,point,0.7449583411216736,0.9417993074588962,0.6534247398376465,0.7909692790186946,0.009410098148335525
deepcrack,deepcrack_0152,point,4,point,0.7553174495697021,0.9608893942877383,0.7075872421264648,0.8153350783602056,0.009466612377850164
deepcrack,deepcrack_0153,text,0,text,0.8486328125,0.25,1.0,0.676953125,0.08103746397694525
deepcrack,deepcrack_0153,text,1,text,0.802734375,0.25,0.9187003374099731,0.6382688343524933,0.017360729590154927
deepcrack,deepcrack_0153,text,2,text,0.7880859375,0.25,1.0,0.652734375,0.3639689071787837
deepcrack,deepcrack_0153,text,3,text,0.77099609375,0.25,1.0,0.6458984375,0.09314688547324627
deepcrack,deepcrack_0153,text,4,text,0.740234375,0.25,1.0,0.63359375,0.2622385658469317
deepcrack,deepcrack_0153,text,5,text,0.72900390625,0.25,0.7302581667900085,0.5616661041975022,0.0
deepcrack,deepcrack_0153,text,6,text,0.6123046875,0.25,1.0,0.582421875,0.35892163582362346
deepcrack,deepcrack_0153,text,7,text,0.560546875,0.25,0.7311623692512512,0.49450934231281285,0.0
deepcrack,deepcrack_0153,text,8,text,0.47802734375,0.25,0.5205273032188416,0.40884276330471037,0.0
deepcrack,deepcrack_0153,text,9,text,0.44482421875,0.25,0.6501767635345459,0.4279738783836365,0.0
deepcrack,deepcrack_0153,text,10,text,0.425048828125,0.25,0.4464647173881531,0.3691357105970383,0.0
deepcrack,deepcrack_0153,text,11,text,0.40283203125,0.25,1.0,0.4986328125,0.013430589324997105
deepcrack,deepcrack_0153,text,12,text,0.383544921875,0.25,1.0,0.49091796875000004,0.7378387572287107
deepcrack,deepcrack_0153,text,13,text,0.379150390625,0.25,0.5950345396995544,0.3879187911748886,0.0
deepcrack,deepcrack_0153,text,14,text,0.375244140625,0.25,0.6360770463943481,0.39661691784858705,0.0
deepcrack,deepcrack_0153,text,15,text,0.372314453125,0.25,0.8104950785636902,0.43904955089092257,0.009050772626931568
deepcrack,deepcrack_0153,text,16,text,0.35009765625,0.25,1.0,0.4775390625,0.3867093674939952
deepcrack,deepcrack_0153,text,17,text,0.348876953125,0.25,1.0,0.47705078125,0.16011105969458583
deepcrack,deepcrack_0153,text,18,text,0.292236328125,0.25,1.0,0.45439453125,0.08115908566151005
deepcrack,deepcrack_0153,text,19,text,0.2734375,0.25,0.47363409399986267,0.3152835234999657,0.0
deepcrack,deepcrack_0153,text,20,text,0.25634765625,0.25,1.0,0.4400390625,0.008982035928143712
deepcrack,deepcrack_0153,text,21,text,0.25537109375,0.25,0.8555800318717957,0.4035434454679489,0.0
deepcrack,deepcrack_0153,box,0,box,0.96240234375,0.7403385675863408,1.0,0.8940794361552193,0.7228561744435656
deepcrack,deepcrack_0153,box,1,box,0.61279296875,0.9771982906291413,0.8963167667388916,0.8112157809049223,0.020876826722338204
deepcrack,deepcrack_0153,box,2,box,0.457275390625,0.9782815952640365,1.0,0.7753087145924127,0.26436517949306115
deepcrack,deepcrack_0153,box,3,box,0.42236328125,0.9902195928813224,1.0,0.7655221700084629,0.0819804260218768
deepcrack,deepcrack_0153,box,4,box,0.36669921875,0.9789062845707059,0.7297834157943726,0.6717427410483402,0.0
deepcrack,deepcrack_0153,box,5,box,0.35693359375,0.9906497975032302,1.0,0.7395008666261306,0.09419369733348724
deepcrack,deepcrack_0153,box,6,box,0.334228515625,0.9831751240282823,0.7465322613716125,0.664435765002802,0.0
deepcrack,deepcrack_0153,box,7,box,0.31982421875,0.9764437466070379,0.5143046379089355,0.5982611582896971,0.0
deepcrack,deepcrack_0153,box,8,box,0.2705078125,0.9917985946948722,1.0,0.7053326331432053,0.36413415468856947
deepcrack,deepcrack_0153,box,9,box,0.2685546875,0.9860927152317881,0.6614741683006287,0.617922867406283,0.0
deepcrack,deepcrack_0153,point,0,point,0.6816974878311157,0.9035322889919316,1.0,0.8389152962796224,0.3066437571592211
deepcrack,deepcrack_0153,point,1,point,0.6082879900932312,0.9895924218337276,1.0,0.8396725436790972,0.09532062391681109
deepcrack,deepcrack_0153,point,2,point,0.7192324995994568,0.9682941656015792,1.0,0.8765959578003355,0.3227073227073227
deepcrack,deepcrack_0153,point,3,point,0.690782368183136,0.9405972177551936,0.9030631184577942,0.8312877531020206,0.021124436131587633
deepcrack,deepcrack_0153,point,4,point,0.6703543663024902,0.8197868519838949,0.9211828112602234,0.7853628475304151,0.019273127753303965
deepcrack,deepcrack_0154,text,0,text,0.91796875,0.25,1.0,0.7046875,0.14236524963580982
deepcrack,deepcrack_0154,text,1,text,0.8759765625,0.25,1.0,0.687890625,0.6007933645870898
deepcrack,deepcrack_0154,text,2,text,0.83154296875,0.25,1.0,0.6701171875,0.0935127214599707
deepcrack,deepcrack_0154,text,3,text,0.406982421875,0.25,0.57022625207901,0.3928495317697525,0.0
deepcrack,deepcrack_0154,text,4,text,0.30712890625,0.25,1.0,0.4603515625,0.2322725472071834
deepcrack,deepcrack_0154,box,0,box,0.99169921875,0.8021069631462969,1.0,0.927417124601204,0.7929759704251387
deepcrack,deepcrack_0154,box,1,box,0.396240234375,0.964972813560624,1.0,0.7462365784962184,0.0929427430093209
deepcrack,deepcrack_0154,box,2,box,0.374755859375,0.9881150347239803,1.0,0.7457426059033931,0.14081335276195522
deepcrack,deepcrack_0154,box,3,box,0.347412109375,0.944783641459984,1.0,0.7196391182609944,0.6
deepcrack,deepcrack_0154,box,4,box,0.2685546875,0.9424604046259443,0.5648873448371887,0.5785048528283776,0.0
deepcrack,deepcrack_0154,point,0,point,0.7335928678512573,0.8380115720175538,1.0,0.8367411973466468,0.5847981573524064
deepcrack,deepcrack_0154,point,1,point,0.8123834133148193,0.985447420750965,1.0,0.9198599625887656,0.1013531440700451
deepcrack,deepcrack_0154,point,2,point,0.7918869256973267,0.947226904193869,1.0,0.8982841867467848,0.6985832349468714
deepcrack,deepcrack_0155,text,0,text,0.84326171875,0.25,1.0,0.6748046875,0.7165599868701789
deepcrack,deepcrack_0155,text,1,text,0.7958984375,0.25,1.0,0.655859375,0.05341446923597025
deepcrack,deepcrack_0155,text,2,text,0.400146484375,0.25,1.0,0.49755859375,0.03753169907016061
deepcrack,deepcrack_0155,text,3,text,0.257080078125,0.25,0.6594740152359009,0.3552005350589752,0.0
deepcrack,deepcrack_0155,box,0,box,0.98193359375,0.8923798068675179,1.0,0.9551063699036313,0.772121014964216
deepcrack,deepcrack_0155,box,1,box,0.3564453125,0.9775826514052974,1.0,0.7347320529918541,0.053857842309640386
deepcrack,deepcrack_0155,point,0,point,0.7813262939453125,0.9366792606146038,1.0,0.8903682587932363,0.060916261117637184
deepcrack,deepcrack_0155,point,1,point,0.8044683337211609,0.819940854827362,0.9649420380592346,0.8500021421928498,0.8118248175182482
deepcrack,deepcrack_0155,point,2,point,0.6422900557518005,0.8000065325452154,1.0,0.7869183086915457,0.014541765302671627
deepcrack,deepcrack_0155,point,3,point,0.813400387763977,0.9509085336425713,1.0,0.9081781418804908,0.7360666239590007
deepcrack,deepcrack_0156,text,0,text,0.966796875,0.25,1.0,0.72421875,0.8027006751687922
deepcrack,deepcrack_0156,text,1,text,0.66015625,0.25,1.0,0.6015625,0.027838667251205613
deepcrack,deepcrack_0156,box,0,box,0.9912109375,0.5457796060198807,1.0,0.8375072371069583,0.8225743348982786
deepcrack,deepcrack_0156,box,1,box,0.464599609375,0.9674819473561611,1.0,0.7744585253246563,0.0267367959675652
deepcrack,deepcrack_0156,point,0,point,0.8435583114624023,0.9786337383124646,1.0,0.9299451329943236,0.7773605150214592
deepcrack,deepcrack_0156,point,1,point,0.6675670146942139,0.6604878048780488,1.0,0.7481975375850026,0.02756674625569785
deepcrack,deepcrack_0157,text,0,text,0.93212890625,0.25,1.0,0.7103515625,0.5439231518863984
deepcrack,deepcrack_0157,text,1,text,0.8671875,0.25,1.0,0.6843750000000001,0.22146814404432133
deepcrack,deepcrack_0157,text,2,text,0.77490234375,0.25,1.0,0.6474609375,0.05949048152295633
deepcrack,deepcrack_0157,text,3,text,0.658203125,0.25,1.0,0.60078125,0.024914578587699316
deepcrack,deepcrack_0157,text,4,text,0.5791015625,0.25,0.7081291675567627,0.4961729168891907,0.036186406729870474
deepcrack,deepcrack_0157,text,5,text,0.53125,0.25,0.6954107284545898,0.4738526821136475,0.03788835564536499
deepcrack,deepcrack_0157,text,6,text,0.367919921875,0.25,0.7254842519760132,0.4160390317440033,0.0005550929780738274
deepcrack,deepcrack_0157,text,7,text,0.351806640625,0.25,1.0,0.47822265625,0.28767861957400914
deepcrack,deepcrack_0157,text,8,text,0.31494140625,0.25,1.0,0.4634765625,0.37908771929824564
deepcrack,deepcrack_0157,text,9,text,0.3095703125,0.25,1.0,0.461328125,0.02586206896551724
deepcrack,deepcrack_0157,text,10,text,0.307861328125,0.25,1.0,0.46064453125,0.1530350527215731
deepcrack,deepcrack_0157,text,11,text,0.251708984375,0.25,1.0,0.43818359375,0.6556382685414943
deepcrack,deepcrack_0157,box,0,box,0.99169921875,0.1446566577764697,0.6745364665985107,0.6159436343713921,0.008182463796457354
deepcrack,deepcrack_0157,box,1,box,0.2890625,0.5209688374036635,0.47091466188430786,0.4156927585623592,0.0003922154570243921
deepcrack,deepcrack_0157,point,0,point,0.8518771529197693,0.7804560366631658,1.0,0.8639104740000157,0.5379511677282378
deepcrack,deepcrack_0157,point,1,point,0.5350366234779358,0.9508083399860444,1.0,0.7967975683862898,0.04912679255998864
deepcrack,deepcrack_0157,point,2,point,0.5996237397193909,0.7700720109192816,1.0,0.7593746997095049,0.08387369608119538
deepcrack,deepcrack_0157,point,3,point,0.5640087127685547,0.917917827936612,1.0,0.7968747248852361,0.02261666189521901
deepcrack,deepcrack_0157,point,4,point,0.5635038614273071,0.7700358126872104,1.0,0.7449140790114466,0.06416515553075743
deepcrack,deepcrack_0157,point,5,point,0.43254324793815613,0.8691351548557907,0.8029974699020386,0.6779639708502988,0.03808891838088918
deepcrack,deepcrack_0157,point,6,point,0.4846201539039612,0.928766640675244,0.7151274085044861,0.6976982379240414,0.037013319672131145
deepcrack,deepcrack_0158,text,0,text,0.859375,0.25,0.788357675075531,0.6283394187688828,0.07279029462738301
deepcrack,deepcrack_0158,text,1,text,0.83544921875,0.25,1.0,0.6716796875000001,0.07034883720930232
deepcrack,deepcrack_0158,text,2,text,0.81689453125,0.25,1.0,0.6642578125,0.437813720022309
deepcrack,deepcrack_0158,text,3,text,0.73828125,0.25,1.0,0.6328125,0.29706546275395035
deepcrack,deepcrack_0158,text,4,text,0.66748046875,0.25,1.0,0.6044921875,0.218479640096897
deepcrack,deepcrack_0158,text,5,text,0.5810546875,0.25,0.9645853638648987,0.5610682159662247,0.07889844294678132
deepcrack,deepcrack_0158,text,6,text,0.53466796875,0.25,1.0,0.5513671875,0.2536685246274599
deepcrack,deepcrack_0158,text,7,text,0.457275390625,0.25,1.0,0.52041015625,0.19399277326106595
deepcrack,deepcrack_0158,text,8,text,0.455078125,0.25,1.0,0.51953125,0.65631045863207
deepcrack,deepcrack_0158,text,9,text,0.336181640625,0.25,0.49555978178977966,0.3458626016974449,0.0
deepcrack,deepcrack_0158,text,10,text,0.302978515625,0.25,1.0,0.45869140625,0.3488185363615508
deepcrack,deepcrack_0158,text,11,text,0.252197265625,0.25,0.40523701906204224,0.28968816101551054,0.0
deepcrack,deepcrack_0158,box,0,box,0.98193359375,0.0007481967173062105,1.0,0.6430353063510572,0.0007040600797934757
deepcrack,deepcrack_0158,box,1,box,0.3515625,0.24949556344343343,0.42934978008270264,0.33528589222587735,0.0
deepcrack,deepcrack_0158,box,2,box,0.341796875,0.11247551233730066,0.346217542886734,0.26263956503973873,0.0
deepcrack,deepcrack_0158,box,3,box,0.306396484375,0.3013364343301327,0.3058944344520569,0.30449995437856064,0.0
deepcrack,deepcrack_0158,box,4,box,0.279541015625,0.48959415945175644,0.6410874724388123,0.4434462301678178,0.014814036562303005
deepcrack,deepcrack_0158,point,0,point,0.5751991868019104,0.982097055555589,0.8185263872146606,0.7784452409688855,0.07119703635100717
deepcrack,deepcrack_0158,point,1,point,0.5232065916061401,0.7425998285599796,1.0,0.7191925766384489,0.2968980797636632
deepcrack,deepcrack_0158,point,2,point,0.6792572140693665,0.9065862398101163,1.0,0.8390080695612873,0.27049463853337946
deepcrack,deepcrack_0159,text,0,text,0.89306640625,0.25,1.0,0.6947265625,0.748892740227229
deepcrack,deepcrack_0159,text,1,text,0.52978515625,0.25,1.0,0.5494140625,0.11304140885292718
deepcrack,deepcrack_0159,text,2,text,0.447265625,0.25,1.0,0.51640625,0.4816247582205029
deepcrack,deepcrack_0159,text,3,text,0.414306640625,0.25,1.0,0.50322265625,0.23874800091386794
deepcrack,deepcrack_0159,box,0,box,0.96728515625,0.9436209089437517,1.0,0.9671813806303131,0.748339343328905
deepcrack,deepcrack_0159,point,0,point,0.7992929816246033,0.9635719747008004,1.0,0.9069673837951214,0.7255114973746153
deepcrack,deepcrack_0159,point,1,point,0.6647783517837524,0.8857040370457767,0.8822401165962219,0.7964677828285782,0.6234949058351343
deepcrack,deepcrack_0160,text,0,text,0.91015625,0.25,1.0,0.7015625,0.8990511814615455
deepcrack,deepcrack_0160,box,0,box,0.98388671875,0.8904296529524685,1.0,0.955205066033364,0.9107786343109976
deepcrack,deepcrack_0160,point,0,point,0.8988586068153381,0.993865686397623,1.0,0.9573964329653033,0.925747084548105
deepcrack,deepcrack_0161,text,0,text,0.8525390625,0.25,1.0,0.6785156250000001,0.9210919561176514
deepcrack,deepcrack_0161,text,1,text,0.35009765625,0.25,1.0,0.4775390625,0.4946052343806955
deepcrack,deepcrack_0161,box,0,box,0.98095703125,0.8470754642232118,1.0,0.9388592249781241,0.9409942415627961
deepcrack,deepcrack_0161,point,0,point,0.9587939381599426,0.9981466725929184,1.0,0.9828689106714985,0.9417252815335836
deepcrack,deepcrack_0162,text,0,text,0.90234375,0.494058203953218,1.0,0.7838578713836263,0.805546357615894
deepcrack,deepcrack_0162,box,0,box,0.982421875,0.6328208391448219,1.0,0.8644560437006876,0.8187962043473463
deepcrack,deepcrack_0162,point,0,point,0.8397489786148071,0.9916567507577317,1.0,0.9329794542111289,0.8634929345589244
deepcrack,deepcrack_0163,text,0,text,0.89501953125,0.25,1.0,0.6955078125,0.9040803897685749
deepcrack,deepcrack_0163,box,0,box,0.986328125,0.8168353666430954,1.0,0.9304236283250833,0.9219157821472073
deepcrack,deepcrack_0163,point,0,point,0.962504506111145,0.9993830656141844,1.0,0.9847858754094225,0.9286118240744768
deepcrack,deepcrack_0164,text,0,text,0.9208984375,0.47634719014626636,1.0,0.7850808915511933,0.8291689386406645
deepcrack,deepcrack_0164,box,0,box,0.9814453125,0.8961849883111664,1.0,0.9562428709089082,0.9152140476800821
deepcrack,deepcrack_0164,box,1,box,0.262451171875,0.9942123989634755,1.0,0.7029548083872164,0.0
deepcrack,deepcrack_0164,point,0,point,0.4662732481956482,0.8411544641430606,1.0,0.7309133617283304,0.9332864495093182
deepcrack,deepcrack_0165,text,0,text,0.9033203125,0.49414302147239264,1.0,0.7842781825153374,0.8291573234539014
deepcrack,deepcrack_0165,text,1,text,0.462890625,0.25,0.7772374153137207,0.4669656038284302,0.0
deepcrack,deepcrack_0165,text,2,text,0.295654296875,0.34356827169109094,1.0,0.4885106138418818,0.3298474368732833
deepcrack,deepcrack_0165,text,3,text,0.293212890625,0.25,0.6324587464332581,0.3628998428583145,0.0
deepcrack,deepcrack_0165,text,4,text,0.290283203125,0.38971741004938465,1.0,0.5025143747672847,0.4485777517411964
deepcrack,deepcrack_0165,box,0,box,0.982421875,0.7079061777122699,1.0,0.8907359121992945,0.8414693559388093
deepcrack,deepcrack_0165,box,1,box,0.431640625,0.9867049688248312,0.8034138679504395,0.7188564560763008,0.0
deepcrack,deepcrack_0165,box,2,box,0.265380859375,0.9971424483956672,1.0,0.7051522006884835,0.0
deepcrack,deepcrack_0165,point,0,point,0.8044445514678955,0.995627418046468,1.0,0.920247416903422,0.8171795609241683
deepcrack,deepcrack_0166,text,0,text,0.93994140625,0.4970915717994807,1.0,0.7999586126298183,0.9215957250783121
deepcrack,deepcrack_0166,text,1,text,0.615234375,0.25,0.8465055227279663,0.5452201306819916,0.0
deepcrack,deepcrack_0166,text,2,text,0.53955078125,0.25,0.5317047238349915,0.4362464934587479,0.0
deepcrack,deepcrack_0166,text,3,text,0.38037109375,0.25,0.6260294914245605,0.3961558103561401,0.0
deepcrack,deepcrack_0166,text,4,text,0.322509765625,0.25,0.45358866453170776,0.32990107238292693,0.0
deepcrack,deepcrack_0166,text,5,text,0.289306640625,0.25,0.5515134930610657,0.34110102951526644,0.0
deepcrack,deepcrack_0166,text,6,text,0.266357421875,0.25,0.4272492825984955,0.30085528939962386,0.0
deepcrack,deepcrack_0166,text,7,text,0.263671875,0.25,0.5338072776794434,0.32642056941986086,0.0
deepcrack,deepcrack_0166,box,0,box,0.99169921875,0.8778075253544031,1.0,0.953912321374041,0.9174383782538585
deepcrack,deepcrack_0166,point,0,point,0.9058997631072998,0.99945393948273,1.0,0.9621687840618753,0.9596354765959405
deepcrack,deepcrack_0167,text,0,text,0.765625,0.44322060192367363,1.0,0.7113772106732857,0.5960632492187136
deepcrack,deepcrack_0167,text,1,text,0.7509765625,0.25,0.8132317662239075,0.5911985665559769,0.0
deepcrack,deepcrack_0167,text,2,text,0.4140625,0.25,0.4770304560661316,0.37238261401653294,0.0
deepcrack,deepcrack_0167,text,3,text,0.38134765625,0.25,0.5106009840965271,0.3676893085241318,0.0
deepcrack,deepcrack_0167,text,4,text,0.278564453125,0.2811934336183759,1.0,0.4598434830164316,0.10432997387084733
deepcrack,deepcrack_0167,text,5,text,0.266845703125,0.3237700432331856,1.0,0.47005779638161493,0.36816802800466747
deepcrack,deepcrack_0167,text,6,text,0.26171875,0.25,0.3586016297340393,0.28183790743350984,0.0
deepcrack,deepcrack_0167,box,0,box,0.9853515625,0.8903362776558013,1.0,0.9557583221795305,0.6561305361305362
deepcrack,deepcrack_0167,box,1,box,0.275146484375,0.9981796847417413,0.5943881869316101,0.608018530142512,0.0
deepcrack,deepcrack_0167,point,0,point,0.7646575570106506,0.9369420667074866,1.0,0.8837927461518805,0.8848696461824953
deepcrack,deepcrack_0168,text,0,text,0.9462890625,0.25,1.0,0.716015625,0.7199285873688909
deepcrack,deepcrack_0168,text,1,text,0.62109375,0.25,0.5402302742004395,0.47099506855010986,0.0
deepcrack,deepcrack_0168,text,2,text,0.51904296875,0.25,1.0,0.5451171875,0.04472843450479233
deepcrack,deepcrack_0168,text,3,text,0.43212890625,0.25,0.7291775941848755,0.4426459610462189,0.0
deepcrack,deepcrack_0168,text,4,text,0.413330078125,0.25,1.0,0.50283203125,0.0
deepcrack,deepcrack_0168,text,5,text,0.3974609375,0.25,0.8230165839195251,0.45223852097988126,0.0
deepcrack,deepcrack_0168,text,6,text,0.36083984375,0.25,0.5533772110939026,0.3701802402734756,0.0
deepcrack,deepcrack_0168,text,7,text,0.297607421875,0.25,1.0,0.45654296875,0.04671600370027752
deepcrack,deepcrack_0168,text,8,text,0.2626953125,0.25,0.44983670115470886,0.3050373002886772,0.0
deepcrack,deepcrack_0168,box,0,box,0.98974609375,0.9079787416314613,1.0,0.9636909970710115,0.7326936257710761
deepcrack,deepcrack_0168,box,1,box,0.393798828125,0.9806502006478187,0.5436602830886841,0.6366621722489076,0.0
deepcrack,deepcrack_0168,box,2,box,0.349853515625,0.9699765275025072,1.0,0.7294331908758775,0.04496047430830039
deepcrack,deepcrack_0168,box,3,box,0.308837890625,0.9811617152779715,0.4502963125705719,0.579515834739933,0.0
deepcrack,deepcrack_0168,box,4,box,0.26806640625,0.98694783838483,0.8267810940742493,0.6593535794532528,0.0
deepcrack,deepcrack_0168,point,0,point,0.7944551110267639,0.9559597097604206,1.0,0.9023679428268527,0.7098939164321282
deepcrack,deepcrack_0168,point,1,point,0.725657045841217,0.9653502185806616,1.0,0.8781353948397184,0.6091813580031419
deepcrack,deepcrack_0168,point,2,point,0.29752686619758606,0.8051037249116634,1.0,0.6507970501981166,0.04965920155793573
deepcrack,deepcrack_0168,point,3,point,0.33320173621177673,0.8148380419917984,1.0,0.6684740091818402,0.053103782735208535
deepcrack,deepcrack_0169,text,0,text,0.91943359375,0.25,0.8942704796791077,0.678841057419777,0.6695925269769689
deepcrack,deepcrack_0169,text,1,text,0.34033203125,0.25,0.9248131513595581,0.4548361003398895,0.0
deepcrack,deepcrack_0169,box,0,box,0.98193359375,0.8703995976143869,0.8934081792831421,0.920765341485821,0.6524439425713825
deepcrack,deepcrack_0169,box,1,box,0.26806640625,0.9956288207872491,0.9253330826759338,0.6870299204445207,0.0
deepcrack,deepcrack_0169,point,0,point,0.7602473497390747,0.925744372681188,0.8653619289398193,0.8444499525690006,0.6774374150203951
deepcrack,deepcrack_0170,text,0,text,0.9326171875,0.25,0.9045801162719727,0.6866919040679932,0.6818290830601966
deepcrack,deepcrack_0170,text,1,text,0.426025390625,0.25,0.697117030620575,0.43218941390514376,0.17983695213495843
deepcrack,deepcrack_0170,text,2,text,0.3564453125,0.25,0.9894718527793884,0.47744608819484713,0.446638077514362
deepcrack,deepcrack_0170,text,3,text,0.349365234375,0.25,0.7112670540809631,0.4050628572702408,0.2969701827508817
deepcrack,deepcrack_0170,box,0,box,0.9873046875,0.8450190496303932,0.9010799527168274,0.9159485305498445,0.7146160593254126
deepcrack,deepcrack_0170,box,1,box,0.288818359375,0.9875892323293696,0.930881679058075,0.693903994829798,0.0
deepcrack,deepcrack_0170,point,0,point,0.7204551100730896,0.9060218529023343,0.9022731184959412,0.8308579721690381,0.62792
deepcrack,deepcrack_0171,text,0,text,0.837890625,0.25,1.0,0.6726562500000001,0.6094003241491086
deepcrack,deepcrack_0171,text,1,text,0.81298828125,0.25,1.0,0.6626953125,0.18640978911741735
deepcrack,deepcrack_0171,text,2,text,0.6455078125,0.25,1.0,0.595703125,0.06661442006269593
deepcrack,deepcrack_0171,text,3,text,0.6220703125,0.25,1.0,0.586328125,0.6468774094063223
deepcrack,deepcrack_0171,text,4,text,0.43359375,0.25,1.0,0.5109375,0.7845317519149988
deepcrack,deepcrack_0171,text,5,text,0.331298828125,0.25,1.0,0.47001953125,0.24656188605108054
deepcrack,deepcrack_0171,box,0,box,0.98095703125,0.9533425509364563,1.0,0.9760527053277597,0.760431654676259
deepcrack,deepcrack_0171,box,1,box,0.298095703125,0.8547172266984535,1.0,0.6683893105944587,0.24257425742574257
deepcrack,deepcrack_0171,box,2,box,0.284423828125,0.9582957601071296,1.0,0.6991730472874953,0.17615610799251538
deepcrack,deepcrack_0171,point,0,point,0.717073917388916,0.7809279570492267,1.0,0.8101543519227958,0.08184958809460537
deepcrack,deepcrack_0171,point,1,point,0.8540859222412109,0.7672359409572727,1.0,0.8601669482315298,0.6137931034482759
deepcrack,deepcrack_0171,point,3,point,0.7109200954437256,0.9632406742741064,1.0,0.8715022741734275,0.1872146118721461
deepcrack,deepcrack_0171,point,4,point,0.6109021902084351,0.2792415396339111,1.0,0.5920954149552429,0.1199887860947575
deepcrack,deepcrack_0172,text,0,text,0.8515625,0.25,1.0,0.678125,0.40816326530612246
deepcrack,deepcrack_0172,text,1,text,0.80029296875,0.25,0.7983571887016296,0.6072064846754074,0.15376226826608505
deepcrack,deepcrack_0172,text,2,text,0.76171875,0.25,1.0,0.6421875,0.2370864770748694
deepcrack,deepcrack_0172,text,3,text,0.53466796875,0.25,0.9984968304634094,0.5509913951158524,0.33407572383073497
deepcrack,deepcrack_0172,text,4,text,0.4794921875,0.25,1.0,0.529296875,0.24891837323334295
deepcrack,deepcrack_0172,text,5,text,0.2900390625,0.25,1.0,0.453515625,0.6176401040435091
deepcrack,deepcrack_0172,box,0,box,0.98486328125,0.6934259796302118,1.0,0.8866444053705742,0.6499225492365568
deepcrack,deepcrack_0172,box,1,box,0.382080078125,0.9609156855899688,1.0,0.7391525212064891,0.39844617092119866
deepcrack,deepcrack_0172,point,0,point,0.6592181921005249,0.9354218729140367,1.0,0.8410849323601228,0.17917965939074118
deepcrack,deepcrack_0172,point,1,point,0.6003739237785339,0.5811170278889055,1.0,0.6935405292725305,0.18467819404418828
deepcrack,deepcrack_0172,point,2,point,0.7005099654197693,0.9157879839577114,1.0,0.8507297805531067,0.18584070796460178
deepcrack,deepcrack_0172,point,3,point,0.5658190250396729,0.7622952896530514,1.0,0.7431309613944371,0.22763042844651704
deepcrack,deepcrack_0172,point,4,point,0.5052036046981812,0.290879804192962,1.0,0.5538893733468091,0.29798545047565755
deepcrack,deepcrack_0172,point,5,point,0.6876944303512573,0.9396617379489435,1.0,0.8539593804226331,0.41614398691028087
deepcrack,deepcrack_0172,point,6,point,0.7322327494621277,0.9261190009929582,1.0,0.8670347501323864,0.5309446254071661
deepcrack,deepcrack_0173,text,0,text,0.78466796875,0.2805898764447987,1.0,0.6620736442556796,0.1621125611745514
deepcrack,deepcrack_0173,text,1,text,0.74365234375,0.2534100974313552,0.8964149951934814,0.6102582203993447,0.0846917744050965
deepcrack,deepcrack_0173,text,2,text,0.7138671875,0.26045253320216427,0.8509233593940735,0.5894361014692759,0.12649122807017543
deepcrack,deepcrack_0173,text,3,text,0.71240234375,0.33637169885691764,0.9767807722091675,0.6468862251522131,0.22451154529307282
deepcrack,deepcrack_0173,text,4,text,0.6943359375,0.28747002398081534,1.0,0.6283488833932854,0.11024222773221438
deepcrack,deepcrack_0173,text,5,text,0.666015625,0.4734535563167439,1.0,0.6821149947108603,0.5569078947368421
deepcrack,deepcrack_0173,text,6,text,0.61083984375,0.25880551301684535,0.7266228199005127,0.516573572031024,0.052277532192965596
deepcrack,deepcrack_0173,text,7,text,0.54345703125,0.2503753049352599,0.7123950719833374,0.48311293722317533,0.04003079291762895
deepcrack,deepcrack_0173,text,8,text,0.53173828125,0.26662008384907165,0.882416844367981,0.5266165529391703,0.051925320886814466
deepcrack,deepcrack_0173,text,9,text,0.5166015625,0.2586992928917008,0.685455322265625,0.46854920807850153,0.06028636021100226
deepcrack,deepcrack_0173,text,10,text,0.513671875,0.30395925427637904,0.8715851306915283,0.5297507716696148,0.1494066882416397
deepcrack,deepcrack_0173,text,11,text,0.50390625,0.28926049023680933,0.9529932737350464,0.5410519900166448,0.10616169544740973
deepcrack,deepcrack_0173,text,12,text,0.40625,0.3197814317224784,0.98935467004776,0.5217621686148075,0.2516504854368932
deepcrack,deepcrack_0173,text,13,text,0.389404296875,0.37887596899224807,1.0,0.5383683078972868,0.33069006242618526
deepcrack,deepcrack_0173,text,14,text,0.388916015625,0.3342359767891683,0.9788733124732971,0.5172673262445332,0.2869260556887332
deepcrack,deepcrack_0173,text,15,text,0.336181640625,0.25,0.5482281446456909,0.35902969241142274,0.0
deepcrack,deepcrack_0173,text,16,text,0.326416015625,0.25,0.4826761484146118,0.33873544335365297,0.009238349414904538
deepcrack,deepcrack_0173,text,17,text,0.30908203125,0.25,0.7537904977798462,0.39958043694496154,0.011213047910295617
deepcrack,deepcrack_0173,text,18,text,0.294677734375,0.25,0.7011815309524536,0.3806664764881134,0.0
deepcrack,deepcrack_0173,text,19,text,0.261962890625,0.29629450464396284,0.9482904076576233,0.4455608347897928,0.13928242870285187
deepcrack,deepcrack_0173,text,20,text,0.2568359375,0.27925084175084175,1.0,0.4504721696127946,0.0867367569753336
deepcrack,deepcrack_0173,box,0,box,0.9912109375,0.5528216300048167,1.0,0.8399719455016859,0.6052936071738502
deepcrack,deepcrack_0173,box,1,box,0.52001953125,0.9653888431649829,0.8566532135009766,0.7600572109829882,0.12451567453328637
deepcrack,deepcrack_0173,box,2,box,0.260986328125,0.9555198374849612,0.9895086884498596,0.6862036464822013,0.16035999181836777
deepcrack,deepcrack_0173,box,3,box,0.25830078125,0.7514165077524184,0.33260688185691833,0.449467810677576,0.0
deepcrack,deepcrack_0173,point,0,point,0.5865374207496643,0.7573715868938254,1.0,0.7496950237127047,0.39494869771112867
deepcrack,deepcrack_0173,point,1,point,0.7009218335151672,0.4938804671487301,0.9873611330986023,0.7000671801827729,0.2917424518006548
deepcrack,deepcrack_0173,point,2,point,0.2965329885482788,0.399979882878198,0.29329192638397217,0.3319291360226739,0.022834396735069266
deepcrack,deepcrack_0173,point,4,point,0.6497409343719482,0.6683742040960166,0.907974123954773,0.7208208761710784,0.10567910310604668
deepcrack,deepcrack_0173,point,5,point,0.28961050510406494,0.22606837606837607,1.0,0.4449681336655576,0.01862968329538398
deepcrack,deepcrack_0173,point,7,point,0.3646554946899414,0.692531068666675,0.988981306552887,0.6354933985475346,0.08894561162379737
deepcrack,deepcrack_0174,text,0,text,0.95458984375,0.25,1.0,0.7193359375,0.48896434634974534
deepcrack,deepcrack_0174,box,0,box,0.962890625,0.891746632933112,1.0,0.9472675715265892,0.6004175365344467
deepcrack,deepcrack_0174,point,0,point,0.8309257626533508,0.9566190695016813,1.0,0.9171869793869287,0.4617854849068722
deepcrack,deepcrack_0175,text,0,text,0.93408203125,0.25,0.7058456540107727,0.6375942260026932,0.33319121722447237
deepcrack,deepcrack_0175,text,1,text,0.31103515625,0.25,0.7080721855163574,0.38893210887908936,0.2989358271525314
deepcrack,deepcrack_0175,text,2,text,0.303955078125,0.25,0.7228490114212036,0.3897942841053009,0.21230982019363762
deepcrack,deepcrack_0175,box,0,box,0.97265625,0.8975129145140031,0.7269648313522339,0.8849332279179596,0.37366375121477163
deepcrack,deepcrack_0175,point,0,point,0.7095967531204224,0.9800705857413373,0.6511188745498657,0.7896431248951035,0.2988571428571429
deepcrack,deepcrack_0175,point,1,point,0.6461641788482666,0.9646452695794983,0.6766805052757263,0.7652616422110626,0.3167877320419693
deepcrack,deepcrack_0175,point,2,point,0.668800950050354,0.9214391999540485,0.5948697328567505,0.7387415332182462,0.2557159072482568
deepcrack,deepcrack_0176,text,0,text,0.841796875,0.25,0.7819396257400513,0.6197036564350128,0.3419491525423729
deepcrack,deepcrack_0176,text,1,text,0.67919921875,0.25,1.0,0.6091796875,0.08699950568462679
deepcrack,deepcrack_0176,text,2,text,0.432861328125,0.25,0.7403929829597473,0.4457427769899368,0.16555511965476657
deepcrack,deepcrack_0176,text,3,text,0.322509765625,0.25,0.8449245691299438,0.42773504853248595,0.1922416752488843
deepcrack,deepcrack_0176,text,4,text,0.27783203125,0.25,0.7302601933479309,0.3811978608369827,0.07064959696538643
deepcrack,deepcrack_0176,text,5,text,0.2578125,0.25,1.0,0.440625,0.0
deepcrack,deepcrack_0176,text,6,text,0.253662109375,0.25,0.7835413813591003,0.3848501890897751,0.25204439252336447
deepcrack,deepcrack_0176,text,7,text,0.252197265625,0.25,0.7869635224342346,0.38511978685855863,0.12869486130059118
deepcrack,deepcrack_0176,box,0,box,0.982421875,0.02859614179039336,0.4611470699310303,0.5182641671093953,0.0
deepcrack,deepcrack_0176,box,1,box,0.435791015625,0.5150468258734824,0.3970681130886078,0.45384982357787074,0.0
deepcrack,deepcrack_0176,point,0,point,0.49357423186302185,0.9153198951444695,0.8078707456588745,0.7197593424604917,0.3349488422186322
deepcrack,deepcrack_0176,point,1,point,0.2703994810581207,0.6005148984136792,0.846604585647583,0.5299911532799317,0.07102001906577693
deepcrack,deepcrack_0176,point,2,point,0.6057566404342651,0.9590859562836812,0.8798664212226868,0.7979493461786662,0.3292433537832311
deepcrack,deepcrack_0176,point,3,point,0.6070569753646851,0.9695807028391942,0.8818066716194153,0.8026277040444458,0.24775905342416638
deepcrack,deepcrack_0176,point,4,point,0.6740628480911255,0.8856267119336604,1.0,0.8295944884132314,0.08341143392689784
deepcrack,deepcrack_0177,text,0,text,0.9072265625,0.25,1.0,0.700390625,0.44430963358408154
deepcrack,deepcrack_0177,text,1,text,0.30615234375,0.25,1.0,0.4599609375,0.38095238095238093
deepcrack,deepcrack_0177,box,0,box,0.96875,0.8602714404898167,1.0,0.9385950041714359,0.43452521903859814
deepcrack,deepcrack_0177,point,0,point,0.6391698122024536,0.9430539012589183,0.9555199146270752,0.8246167689783717,0.40249888442659526
deepcrack,deepcrack_0177,point,1,point,0.6621847152709961,0.9552409207074973,1.0,0.8492082083560225,0.43773970851444644
deepcrack,deepcrack_0177,point,2,point,0.5669509172439575,0.6218006194994308,0.9891464710235596,0.6916972014782736,0.4189609767775916
deepcrack,deepcrack_0178,text,0,text,0.92041015625,0.49626802374893975,1.0,0.7918578708121289,0.7051438322769381
deepcrack,deepcrack_0178,text,1,text,0.91064453125,0.4917668583376895,1.0,0.7863762129181913,0.17836119613845067
deepcrack,deepcrack_0178,text,2,text,0.7421875,0.25,0.7956703901290894,0.5832925975322724,0.04606951247958946
deepcrack,deepcrack_0178,text,3,text,0.42236328125,0.25,1.0,0.5064453125,0.027781089781805175
deepcrack,deepcrack_0178,text,4,text,0.37841796875,0.25,0.5599343776702881,0.37885078191757204,0.0
deepcrack,deepcrack_0178,text,5,text,0.344970703125,0.25,0.7147753238677979,0.40418211221694944,0.0
deepcrack,deepcrack_0178,text,6,text,0.313232421875,0.25,0.46141988039016724,0.3281479388475418,0.0
deepcrack,deepcrack_0178,text,7,text,0.30908203125,0.41457889125799574,1.0,0.5187354244402985,0.1291178954989743
deepcrack,deepcrack_0178,text,8,text,0.253662109375,0.25,0.24070389568805695,0.24914081767201424,0.0
deepcrack,deepcrack_0178,box,0,box,0.98046875,0.749315455166769,1.0,0.9044479093083692,0.8113073367310656
deepcrack,deepcrack_0178,box,1,box,0.465576171875,0.9808521867473384,1.0,0.7795287341115684,0.6912504601791631
deepcrack,deepcrack_0178,box,2,box,0.277587890625,0.7972624472617403,1.0,0.6400770127916091,0.177688394652786
deepcrack,deepcrack_0178,box,3,box,0.274658203125,0.957300302303533,0.9073488712310791,0.6717556048640063,0.04064462614053798
deepcrack,deepcrack_0178,point,0,point,0.8509336113929749,0.9519894973751691,1.0,0.9235697686384992,0.712231070961607
deepcrack,deepcrack_0178,point,1,point,0.3478705585002899,0.5783656698218019,0.924267590045929,0.5726431053492289,0.04732951835956128
deepcrack,deepcrack_0178,point,2,point,0.5063902139663696,0.9014943209505735,0.9079659581184387,0.7450705874488582,0.0466786355475763
deepcrack,deepcrack_0178,point,3,point,0.7786603569984436,0.9614205438453046,1.0,0.8979613331452341,0.17661402693915468
deepcrack,deepcrack_0179,text,0,text,0.716796875,0.25,1.0,0.62421875,0.3822886716503738
deepcrack,deepcrack_0179,text,1,text,0.67138671875,0.25,1.0,0.6060546875,0.13654851830331202
deepcrack,deepcrack_0179,text,2,text,0.60888671875,0.25,1.0,0.5810546875,0.660381593714927
deepcrack,deepcrack_0179,text,3,text,0.474365234375,0.25,1.0,0.52724609375,0.09143206854345165
deepcrack,deepcrack_0179,text,4,text,0.29296875,0.25,0.8023457527160645,0.40527393817901614,0.0844354018311292
deepcrack,deepcrack_0179,box,0,box,0.9560546875,0.4865796226272242,1.0,0.8027247429195284,0.4261068702290076
deepcrack,deepcrack_0179,point,0,point,0.5979287624359131,0.956832383226615,0.964850127696991,0.8152753710279281,0.13975987877374985
deepcrack,deepcrack_0179,point,1,point,0.6099551916122437,0.9558886143844436,0.9569421410560608,0.8177786269434679,0.13645690834473323
deepcrack,deepcrack_0179,point,2,point,0.7097013592720032,0.9517588619260611,1.0,0.8669961453829227,0.10914068079028803
deepcrack,deepcrack_0179,point,3,point,0.7490986585617065,0.8909361155659946,1.0,0.8614671038727807,0.09811083123425693
deepcrack,deepcrack_0179,point,4,point,0.6137957572937012,0.909231464909747,0.9818613529205322,0.809214653866025,0.12641303026619666
deepcrack,deepcrack_0179,point,5,point,0.8316853642463684,0.9900353033229639,1.0,0.9291865018615847,0.24532650448143406
deepcrack,deepcrack_0179,point,6,point,0.952000081539154,0.999192028421449,1.0,0.9805172425631687,0.0005529568245333493
deepcrack,deepcrack_0180,text,0,text,0.8984375,0.25,0.8671274185180664,0.6636568546295166,0.9103607567091949
deepcrack,deepcrack_0180,text,1,text,0.440673828125,0.25,0.5869529843330383,0.4105077773332596,0.007105584545353614
deepcrack,deepcrack_0180,text,2,text,0.373291015625,0.25,0.9008805155754089,0.46203653514385223,0.3090808416389812
deepcrack,deepcrack_0180,text,3,text,0.359375,0.25,0.727196455001831,0.4130491137504578,0.615791896869245
deepcrack,deepcrack_0180,text,4,text,0.3330078125,0.25,0.5501845479011536,0.3582492619752884,0.007914995120893418
deepcrack,deepcrack_0180,text,5,text,0.32763671875,0.25,0.3997589647769928,0.3184944286942482,0.0
deepcrack,deepcrack_0180,text,6,text,0.2978515625,0.25,0.5573248863220215,0.3459718465805054,0.0
deepcrack,deepcrack_0180,text,7,text,0.25439453125,0.25,0.42210403084754944,0.29478382021188737,0.0
deepcrack,deepcrack_0180,box,0,box,0.94873046875,0.831745824623219,0.8678626418113708,0.8875688865709694,0.9091412742382271
deepcrack,deepcrack_0180,box,1,box,0.264892578125,0.9830917673097345,0.7460904121398926,0.6365617528433802,0.6212295648169468
deepcrack,deepcrack_0180,point,0,point,0.8388502597808838,0.9914191051546473,0.8604002594947815,0.8976368555901755,0.9066322522724722
deepcrack,deepcrack_0181,text,0,text,0.90478515625,0.49600798403193613,0.879697322845459,0.7554411876225424,0.7721933371846716
deepcrack,deepcrack_0181,box,0,box,0.9716796875,0.9292681018122462,0.8851101994514465,0.9351932604971478,0.7934848180172934
deepcrack,deepcrack_0181,box,1,box,0.2626953125,0.9591513335232922,0.8942073583602905,0.6643329313232249,0.2404408457040036
deepcrack,deepcrack_0181,point,0,point,0.8609580397605896,0.9891904926446025,0.8916977643966675,0.9135243294290136,0.7803423735333718
deepcrack,deepcrack_0182,text,0,text,0.958984375,0.4942491319444444,0.749294638633728,0.7439046058389875,0.8562320032908268
deepcrack,deepcrack_0182,box,0,box,0.982421875,0.9538077369140113,0.7509885430335999,0.914548593678304,0.8563146997929607
deepcrack,deepcrack_0182,point,0,point,0.8239612579345703,0.9422422815756576,0.6384177803993225,0.8189737468251389,0.7783171521035599
deepcrack,deepcrack_0183,text,0,text,0.892578125,0.25,0.8648996353149414,0.6607561588287354,0.7147672901261418
deepcrack,deepcrack_0183,text,1,text,0.630859375,0.25,1.0,0.58984375,0.6026013385528476
deepcrack,deepcrack_0183,text,2,text,0.5498046875,0.25,0.5549967885017395,0.4461710721254349,0.20811714516315
deepcrack,deepcrack_0183,text,3,text,0.401123046875,0.25,1.0,0.49794921875,0.4408331122313611
deepcrack,deepcrack_0183,text,4,text,0.37451171875,0.25,1.0,0.4873046875,0.195147268716751
deepcrack,deepcrack_0183,text,5,text,0.304443359375,0.25,0.739223837852478,0.3940833032131195,0.0
deepcrack,deepcrack_0183,text,6,text,0.2998046875,0.25,0.7626210451126099,0.39807713627815244,0.21598750162739228
deepcrack,deepcrack_0183,text,7,text,0.277587890625,0.25,0.6690378189086914,0.36579461097717286,0.0
deepcrack,deepcrack_0183,box,0,box,0.98974609375,0.7141528630292385,0.9238614439964294,0.8768173005593409,0.7489002496730472
deepcrack,deepcrack_0183,box,1,box,0.318603515625,0.9758782769033927,1.0,0.7189988031661874,0.6088565594691169
deepcrack,deepcrack_0183,box,2,box,0.28857421875,0.9649959782379198,0.7624233365058899,0.6437841140097444,0.0
deepcrack,deepcrack_0183,point,0,point,0.6504725813865662,0.9113132546807192,0.7107888460159302,0.7568458831968607,0.21567135793077216
deepcrack,deepcrack_0183,point,1,point,0.596961259841919,0.9824776208218402,0.6450539231300354,0.7439151520069205,0.20638421358096343
deepcrack,deepcrack_0183,point,2,point,0.5255240797996521,0.9666218781569075,0.6611592173576355,0.7138170936141873,0.206880301602262
deepcrack,deepcrack_0183,point,3,point,0.575788676738739,0.9849107392092492,0.8607236742973328,0.790215147993066,0.6356907894736842
deepcrack,deepcrack_0184,text,0,text,0.94921875,0.25,0.8361626863479614,0.6762281715869903,0.735723647257068
deepcrack,deepcrack_0184,text,1,text,0.425048828125,0.25,0.33795973658561707,0.3420094653964043,0.0
deepcrack,deepcrack_0184,box,0,box,0.98876953125,0.9196698890642725,0.831692636013031,0.9253154326757531,0.7486754647914459
deepcrack,deepcrack_0184,point,0,point,0.30274516344070435,0.5266666666666666,0.9358586072921753,0.5393960505326589,0.00492091388400703
deepcrack,deepcrack_0184,point,1,point,0.8623281121253967,0.924988268037176,0.861732006072998,0.8841101401814198,0.7650784371041606
deepcrack,deepcrack_0185,text,0,text,0.9716796875,0.25,0.8616306185722351,0.6915795296430588,0.7323364912681201
deepcrack,deepcrack_0185,box,0,box,0.98974609375,0.899195619009789,0.8686774969100952,0.92778627838095,0.7383081155433288
deepcrack,deepcrack_0185,point,0,point,0.8740425109863281,0.9760596790640527,0.8279350996017456,0.8982216669673861,0.7384393063583815
deepcrack,deepcrack_0186,text,0,text,0.96630859375,0.25,0.8518223166465759,0.686979016661644,0.7693617873960525
deepcrack,deepcrack_0186,text,1,text,0.39990234375,0.25,0.6860689520835876,0.4189781755208969,0.0
deepcrack,deepcrack_0186,text,2,text,0.36328125,0.25,0.5746495723724365,0.3764748930931091,0.0
deepcrack,deepcrack_0186,box,0,box,0.990234375,0.5764618025900912,0.8664506077766418,0.8144680328506924,0.7753564154786151
deepcrack,deepcrack_0186,point,0,point,0.8740109801292419,0.9731936979120451,0.8466979265213013,0.9018966679512379,0.7767636432781898
deepcrack,deepcrack_0186,point,1,point,0.6956705451011658,0.9709510926786363,0.8185036182403564,0.8227270050380782,0.7049493022788876
deepcrack,deepcrack_0186,point,2,point,0.7906225323677063,0.9951606131527108,0.8447874188423157,0.8757520822611102,0.7428118183620861
deepcrack,deepcrack_0186,point,3,point,0.7152553796768188,0.9932347305752722,0.8152140974998474,0.8375378319470347,0.6948595337716676
deepcrack,deepcrack_0186,point,4,point,0.6720337867736816,0.9829882170658412,0.7801662087440491,0.8079009428685293,0.6120491557598161
deepcrack,deepcrack_0187,text,0,text,0.94482421875,0.25,0.7480881214141846,0.6524517178535462,0.8069795166359597
deepcrack,deepcrack_0187,text,1,text,0.259033203125,0.25,0.7150944471359253,0.3698868930339813,0.501664447403462
deepcrack,deepcrack_0187,box,0,box,0.982421875,0.3741427076240823,0.7531927824020386,0.7122168932689384,0.7490595264439035
deepcrack,deepcrack_0187,box,1,box,0.537109375,0.5362271468794855,0.4869505763053894,0.5242608954841672,0.0004858232636986655
deepcrack,deepcrack_0187,point,0,point,0.8465079069137573,0.9955377624816372,0.8040127754211426,0.8880445734893616,0.7948350071736011
deepcrack,deepcrack_0188,text,0,text,0.97802734375,0.25,0.8251506090164185,0.6849985897541047,0.8213166144200627
deepcrack,deepcrack_0188,text,1,text,0.439453125,0.25,0.5606245994567871,0.4034373998641968,0.0
deepcrack,deepcrack_0188,text,2,text,0.373779296875,0.25,0.49735820293426514,0.3613512694835663,0.0
deepcrack,deepcrack_0188,box,0,box,0.9912109375,0.36855270994639666,0.8454430103302002,0.7368385760637889,0.8191475235692471
deepcrack,deepcrack_0188,point,0,point,0.8328220248222351,0.986763121553248,0.8957834243774414,0.9024417585668911,0.8258442265795207
deepcrack,deepcrack_0189,text,0,text,0.95068359375,0.4868925831202046,0.796432614326477,0.7497939951736909,0.6954752604166666
deepcrack,deepcrack_0189,text,1,text,0.344970703125,0.3185014282575258,0.7513004541397095,0.4372888946750614,0.20500595947556616
deepcrack,deepcrack_0189,text,2,text,0.283447265625,0.41200000000000003,0.8239715695381165,0.46357179863452913,0.4742285520515429
deepcrack,deepcrack_0189,box,0,box,0.98388671875,0.9499688974338477,0.8062077164649963,0.9275957307180958,0.6871544715447154
deepcrack,deepcrack_0189,point,0,point,0.7696037292480469,0.9886079550905078,0.7648714184761047,0.8450721305999227,0.7590769230769231
deepcrack,deepcrack_0189,point,1,point,0.4691958427429199,0.4302448624391374,0.7752143144607544,0.5320676175660546,0.348610433934666
deepcrack,deepcrack_0190,text,0,text,0.9345703125,0.4886441373648926,1.0,0.7948535730777124,0.8140816837885242
deepcrack,deepcrack_0190,text,1,text,0.437255859375,0.28853617965067924,1.0,0.5258900066277378,0.15934140699414887
deepcrack,deepcrack_0190,text,2,text,0.293212890625,0.4483747609942639,0.9433825016021729,0.5100619479985355,0.6851289833080425
deepcrack,deepcrack_0190,box,0,box,0.98486328125,0.9392735062411312,1.0,0.972691039684396,0.8112944162436548
deepcrack,deepcrack_0190,point,0,point,0.7439529299736023,0.9975874477348284,1.0,0.8967367786966309,0.7736974982786321
deepcrack,deepcrack_0191,text,0,text,0.92236328125,0.4841168091168091,0.7319663166999817,0.7213777748658786,0.7933315691982006
deepcrack,deepcrack_0191,text,1,text,0.2626953125,0.25,1.0,0.442578125,0.0
deepcrack,deepcrack_0191,box,0,box,0.9736328125,0.9230783879180982,0.7568122148513794,0.9017336144841792,0.8002717391304348
deepcrack,deepcrack_0191,point,0,point,0.775004506111145,0.9849194781000083,0.6595662832260132,0.8196151905859642,0.7823732151649434
deepcrack,deepcrack_0191,point,1,point,0.8286475539207458,0.8730165844912594,0.5708392262458801,0.7797246327017091,0.7113128182421962
deepcrack,deepcrack_0191,point,2,point,0.8288400173187256,0.945652580446899,0.7194308042526245,0.842372111147061,0.7776092999747283
deepcrack,deepcrack_0192,text,0,text,0.96337890625,0.25,1.0,0.7228515625,0.7089337175792507
deepcrack,deepcrack_0192,box,0,box,0.9833984375,0.9488779590484453,1.0,0.9754666606669559,0.7276411780599837
deepcrack,deepcrack_0192,point,0,point,0.3827538788318634,0.5707409520578082,0.8122696280479431,0.5559282917649639,0.5102117294360128
deepcrack,deepcrack_0192,point,1,point,0.818367063999176,0.9552819376107005,1.0,0.9116955037634156,0.68026706231454
deepcrack,deepcrack_0192,point,2,point,0.7315230369567871,0.9134667479584919,0.993276834487915,0.8606417851901658,0.6457658491439149
deepcrack,deepcrack_0192,point,3,point,0.7905452847480774,0.9867242718951283,1.0,0.9115716090625259,0.6603280247207036
deepcrack,deepcrack_0193,text,0,text,0.97509765625,0.25,1.0,0.7275390625,0.7244877257050112
deepcrack,deepcrack_0193,box,0,box,0.98828125,0.9142187666202828,1.0,0.9652890683170989,0.7350815610158993
deepcrack,deepcrack_0193,point,0,point,0.7544745802879333,0.9491744636938322,1.0,0.8840008944080147,0.6836715695401229
deepcrack,deepcrack_0194,text,0,text,0.95703125,0.4860752688172043,1.0,0.8029388440860215,0.8286579212916246
deepcrack,deepcrack_0194,text,1,text,0.269287109375,0.3344466711200178,0.6654424667358398,0.3911317953259662,0.3016627078384798
deepcrack,deepcrack_0194,box,0,box,0.98193359375,0.9226289139315764,1.0,0.9656935573760518,0.8312927993359618
deepcrack,deepcrack_0194,point,0,point,0.7846132516860962,0.9607675414766843,0.9692234992980957,0.8924198150158019,0.6087726199842644
deepcrack,deepcrack_0195,text,0,text,0.931640625,0.25,1.0,0.71015625,0.6793948126801153
deepcrack,deepcrack_0195,box,0,box,0.97265625,0.9169019417251567,1.0,0.9599781796038049,0.7190316765387587
deepcrack,deepcrack_0195,point,0,point,0.7685761451721191,0.9260809460225066,1.0,0.8815587891767249,0.6409388399909727
deepcrack,deepcrack_0195,point,1,point,0.7745962738990784,0.9815387760476293,1.0,0.9033770811763016,0.6710182767624021
deepcrack,deepcrack_0195,point,2,point,0.7823060154914856,0.9820607382028952,1.0,0.9066436645676076,0.659981343283582
deepcrack,deepcrack_0195,point,3,point,0.7660906314849854,0.9745189511790908,1.0,0.8975178855066759,0.6384976525821596
deepcrack,deepcrack_0195,point,4,point,0.6745677590370178,0.989555390750907,1.0,0.8661714903776245,0.6371958026345166
deepcrack,deepcrack_0196,text,0,text,0.9365234375,0.25,1.0,0.712109375,0.7498933901918976
deepcrack,deepcrack_0196,text,1,text,0.456787109375,0.25,1.0,0.52021484375,0.4722673474123927
deepcrack,deepcrack_0196,box,0,box,0.98486328125,0.8834859368789738,1.0,0.9531653904076409,0.7513397642015005
deepcrack,deepcrack_0196,point,0,point,0.5038349628448486,0.9647831071579368,1.0,0.7892080726432174,0.7353783231083845
deepcrack,deepcrack_0196,point,1,point,0.7053501009941101,0.9906353877297148,1.0,0.8788624261030442,0.7256461232604374
deepcrack,deepcrack_0196,point,2,point,0.7836543321609497,0.9494589499442515,1.0,0.8957723653448679,0.7191413237924866
deepcrack,deepcrack_0196,point,3,point,0.37111154198646545,0.9835892519610056,0.8335894346237183,0.7010982136368676,0.646779303062302
deepcrack,deepcrack_0197,text,0,text,0.94287109375,0.25,1.0,0.7146484375000001,0.763268576006409
deepcrack,deepcrack_0197,box,0,box,0.97802734375,0.9485675417596179,1.0,0.9732095771158662,0.7746913580246914
deepcrack,deepcrack_0197,point,0,point,0.8104873299598694,0.9713037540742434,1.0,0.914151245909933,0.7418300653594772
deepcrack,deepcrack_0197,point,1,point,0.8499470949172974,0.9826694120588286,1.0,0.9339131321875089,0.7479138366000389
deepcrack,deepcrack_0197,point,2,point,0.8504257202148438,0.9822353588414392,1.0,0.9339526636804412,0.7565285686236011
deepcrack,deepcrack_0197,point,3,point,0.8561627268791199,0.9815709007892919,1.0,0.9360149060279002,0.7813590638472593
deepcrack,deepcrack_0198,text,0,text,0.6708984375,0.25,0.7479177117347717,0.5428388029336929,0.5199127114020731
deepcrack,deepcrack_0198,text,1,text,0.60888671875,0.25,0.810628354549408,0.533711776137352,0.06246895181321411
deepcrack,deepcrack_0198,text,2,text,0.529296875,0.25,0.8443806767463684,0.5103139191865921,0.17319143544913215
deepcrack,deepcrack_0198,text,3,text,0.497314453125,0.25,0.6704951524734497,0.45404956936836244,0.026061897005387795
deepcrack,deepcrack_0198,text,4,text,0.475830078125,0.25,0.7272091507911682,0.45963431894779205,0.0
deepcrack,deepcrack_0198,text,5,text,0.45361328125,0.25,0.537785530090332,0.403391695022583,0.06438019431113193
deepcrack,deepcrack_0198,text,6,text,0.45166015625,0.25,0.6059557199478149,0.41965299248695376,0.038475543148440344
deepcrack,deepcrack_0198,text,7,text,0.4287109375,0.25,0.7474738955497742,0.4458528488874436,0.0
deepcrack,deepcrack_0198,text,8,text,0.427490234375,0.25,0.8289905786514282,0.4657437384128571,0.0
deepcrack,deepcrack_0198,text,9,text,0.405029296875,0.25,0.7633987665176392,0.4403614103794098,0.04469485945809066
deepcrack,deepcrack_0198,text,10,text,0.403564453125,0.25,0.6930063366889954,0.4221773654222488,0.0
deepcrack,deepcrack_0198,text,11,text,0.394775390625,0.25,0.7747538089752197,0.43909860849380494,0.18392219623291886
deepcrack,deepcrack_0198,text,12,text,0.39208984375,0.25,0.6443200707435608,0.40541595518589024,0.2026304057066429
deepcrack,deepcrack_0198,text,13,text,0.38232421875,0.25,0.5791918635368347,0.3852276533842087,0.042621732127369596
deepcrack,deepcrack_0198,text,14,text,0.375244140625,0.25,0.8208281993865967,0.4428047060966492,0.33995776922121473
deepcrack,deepcrack_0198,text,15,text,0.36181640625,0.25,0.6311610341072083,0.3900168210268021,0.0
deepcrack,deepcrack_0198,text,16,text,0.35595703125,0.25,0.6670988202095032,0.39665751755237577,0.0
deepcrack,deepcrack_0198,text,17,text,0.343017578125,0.25,0.7605710029602051,0.4148497819900513,0.061325080238422744
deepcrack,deepcrack_0198,text,18,text,0.3349609375,0.25,0.6678049564361572,0.3884356141090393,0.0
deepcrack,deepcrack_0198,text,19,text,0.33154296875,0.25,0.6906009316444397,0.3927674204111099,0.46992792154082474
deepcrack,deepcrack_0198,text,20,text,0.330810546875,0.25,0.7565040588378906,0.4089502334594727,0.04605678233438486
deepcrack,deepcrack_0198,text,21,text,0.324462890625,0.25,0.7373608350753784,0.4016253650188446,0.06894469934798358
deepcrack,deepcrack_0198,text,22,text,0.323974609375,0.25,0.6959909796714783,0.3910875886678696,0.0
deepcrack,deepcrack_0198,text,23,text,0.320556640625,0.25,0.755142867565155,0.40450837314128874,0.08769497400346621
deepcrack,deepcrack_0198,text,24,text,0.314453125,0.25,0.7603296041488647,0.40336365103721616,0.1395846444304594
deepcrack,deepcrack_0198,text,25,text,0.31201171875,0.25,0.6358493566513062,0.3712670266628265,0.0
deepcrack,deepcrack_0198,text,26,text,0.301513671875,0.25,0.6842007637023926,0.37915565967559817,0.0
deepcrack,deepcrack_0198,text,27,text,0.293701171875,0.25,0.7297896146774292,0.3874278724193573,0.0
deepcrack,deepcrack_0198,text,28,text,0.288330078125,0.25,0.6327375173568726,0.36101641058921813,0.0
deepcrack,deepcrack_0198,text,29,text,0.284423828125,0.25,0.5935704708099365,0.34966214895248415,0.0
deepcrack,deepcrack_0198,text,30,text,0.2841796875,0.25,0.625870943069458,0.3576396107673645,0.0
deepcrack,deepcrack_0198,text,31,text,0.27001953125,0.25,0.6494682431221008,0.3578748732805252,0.0
deepcrack,deepcrack_0198,text,32,text,0.2666015625,0.25,0.6870357990264893,0.3658995747566223,0.33274257864421797
deepcrack,deepcrack_0198,box,0,box,0.96240234375,0.8313365926683899,0.6948608160018921,0.8496439489344095,0.5021894445724822
deepcrack,deepcrack_0198,box,1,box,0.268310546875,0.009533803244360178,0.3750680088996887,0.20442805211044823,0.010617353396146815
deepcrack,deepcrack_0198,point,0,point,0.4441708028316498,0.5638607097681352,0.5265278816223145,0.5066515399570859,0.16214565004887585
deepcrack,deepcrack_0198,point,1,point,0.6591105461120605,0.9824152255771302,0.6153069734573364,0.7613162907611539,0.2461366181410974
deepcrack,deepcrack_0198,point,2,point,0.6045985817909241,0.9984259705671443,0.4169909954071045,0.6955362712666462,0.037374197638481654
deepcrack,deepcrack_0198,point,3,point,0.7111378908157349,0.915963521146443,0.8194349408149719,0.809901123931292,0.06338906912902421
deepcrack,deepcrack_0198,point,4,point,0.7051709890365601,0.7883971717473649,0.7158865928649902,0.7369790539424492,0.29888198757763973
deepcrack,deepcrack_0198,point,5,point,0.25368499755859375,0.5348856935709108,0.7544311285018921,0.4772917738987293,0.016850373748891423
deepcrack,deepcrack_0198,point,7,point,0.6865699887275696,0.9498594519777587,0.8262298107147217,0.8136362563619237,0.1985312737401874
deepcrack,deepcrack_0198,point,8,point,0.6028926372528076,0.7261991827012093,0.7977253198623657,0.6947580988121378,0.015560640732265447
deepcrack,deepcrack_0198,point,9,point,0.4706791639328003,0.9998074752512214,0.6030347943305969,0.6889629804936968,0.03829285661665398
deepcrack,deepcrack_0198,point,10,point,0.4311559498310089,0.9999008425900071,0.6623390913009644,0.6880124476641472,0.038136882502478334
deepcrack,deepcrack_0198,point,11,point,0.7036865949630737,0.9998391708062796,0.6349672079086304,0.7901601497445849,0.038302754542691
deepcrack,deepcrack_0199,text,0,text,0.783203125,0.25,0.6832629442214966,0.5715969860553741,0.09103034344781594
deepcrack,deepcrack_0199,text,1,text,0.75,0.25,0.9055618643760681,0.6138904660940171,0.08630781590726501
deepcrack,deepcrack_0199,text,2,text,0.57763671875,0.25,0.6594551205635071,0.4834184676408768,0.14997170345217883
deepcrack,deepcrack_0199,text,3,text,0.57177734375,0.25,0.7521534562110901,0.5042493015527725,0.28064159292035395
deepcrack,deepcrack_0199,text,4,text,0.5341796875,0.25,0.7548671364784241,0.489888659119606,0.0808155503908726
deepcrack,deepcrack_0199,text,5,text,0.46337890625,0.25,0.7753547430038452,0.4666902482509613,0.08316633266533066
deepcrack,deepcrack_0199,text,6,text,0.4619140625,0.25,0.6184683442115784,0.4268827110528946,0.12309804370209358
deepcrack,deepcrack_0199,text,7,text,0.425537109375,0.25,0.8448809385299683,0.46893507838249204,0.1373613939805386
deepcrack,deepcrack_0199,text,8,text,0.4228515625,0.25,0.7734612226486206,0.45000593066215516,0.05160850289871547
deepcrack,deepcrack_0199,text,9,text,0.41943359375,0.25,0.7336761355400085,0.4386924713850021,0.36655683690280066
deepcrack,deepcrack_0199,text,10,text,0.40966796875,0.25,0.7368970513343811,0.43559145033359525,0.06842406876790831
deepcrack,deepcrack_0199,text,11,text,0.40478515625,0.25,0.6253752708435059,0.40575788021087644,0.0
deepcrack,deepcrack_0199,text,12,text,0.4013671875,0.25,0.7156349420547485,0.42695561051368713,0.18276173285198555
deepcrack,deepcrack_0199,text,13,text,0.372314453125,0.25,0.7601922154426575,0.4264738351106644,0.10502230866033635
deepcrack,deepcrack_0199,text,14,text,0.3701171875,0.25,0.5350150465965271,0.36930063664913176,0.009787377657779277
deepcrack,deepcrack_0199,text,15,text,0.365234375,0.25,0.6661146283149719,0.40012240707874297,0.40960086299892123
deepcrack,deepcrack_0199,text,16,text,0.359130859375,0.25,0.7528876662254333,0.4193742603063583,0.0
deepcrack,deepcrack_0199,text,17,text,0.357421875,0.25,0.7902856469154358,0.42804016172885895,0.0416188947489108
deepcrack,deepcrack_0199,text,18,text,0.355224609375,0.25,0.7039560675621033,0.40557886064052584,0.0019582245430809398
deepcrack,deepcrack_0199,text,19,text,0.344482421875,0.25,0.6789389848709106,0.39502771496772765,0.0
deepcrack,deepcrack_0199,text,20,text,0.3408203125,0.25,0.764026939868927,0.41483485996723174,0.0
deepcrack,deepcrack_0199,text,21,text,0.339111328125,0.25,0.6755149960517883,0.3920232802629471,0.4261621621621622
deepcrack,deepcrack_0199,text,22,text,0.333251953125,0.25,0.780558168888092,0.41594032347202303,0.048024523160762944
deepcrack,deepcrack_0199,text,23,text,0.297119140625,0.25,0.689491331577301,0.37872048914432527,0.1278538812785388
deepcrack,deepcrack_0199,text,24,text,0.294677734375,0.25,0.7669240832328796,0.3971021145582199,0.0
deepcrack,deepcrack_0199,text,25,text,0.29052734375,0.25,0.7494704127311707,0.3910785406827927,0.0
deepcrack,deepcrack_0199,text,26,text,0.2890625,0.25,0.6309478878974915,0.36086197197437286,0.2937243907698943
deepcrack,deepcrack_0199,text,27,text,0.276123046875,0.25,0.7685483694076538,0.39008631110191344,0.04206086857403397
deepcrack,deepcrack_0199,text,28,text,0.250732421875,0.25,0.6795366406440735,0.3576771289110184,0.0
deepcrack,deepcrack_0199,text,29,text,0.25048828125,0.25,0.6000374555587769,0.3377046763896942,0.08690732148919317
deepcrack,deepcrack_0199,box,0,box,0.97216796875,0.3737452018040702,0.45234575867652893,0.6327644478005569,0.08447778418926717
deepcrack,deepcrack_0199,point,0,point,0.7445865869522095,0.75111599092334,0.8061211705207825,0.7622555242342484,0.09096032461677186
deepcrack,deepcrack_0199,point,1,point,0.9493778944015503,0.9999377561756884,0.3259997069835663,0.8112292991680026,0.04143504886118253
deepcrack,deepcrack_0199,point,2,point,0.8223901987075806,0.9998553935575913,0.35749512910842896,0.7682792495052964,0.041451571194605935
deepcrack,deepcrack_0199,point,3,point,0.44987449049949646,0.7053997204032766,0.737496018409729,0.6112137029433776,0.07466367713004485
deepcrack,deepcrack_0199,point,4,point,0.5904468894004822,0.8091049469809084,0.8085885047912598,0.7215126134013257,0.03052995391705069
deepcrack,deepcrack_0199,point,5,point,0.6083968281745911,0.9138487229050106,0.7363157272338867,0.7472847160950618,0.07291548174269138
deepcrack,deepcrack_0199,point,6,point,0.3968457579612732,0.34686273790751404,0.5916521549224854,0.42805330018276055,0.012388236561456425
deepcrack,deepcrack_0200,text,0,text,0.775390625,0.25,0.7561102509498596,0.586683812737465,0.5019347705914871
deepcrack,deepcrack_0200,text,1,text,0.76220703125,0.25,0.6568043828010559,0.556583908200264,0.18670106719831125
deepcrack,deepcrack_0200,text,2,text,0.62255859375,0.25,0.7384204864501953,0.5211285591125489,0.6352659756236474
deepcrack,deepcrack_0200,text,3,text,0.460205078125,0.25,0.5397365689277649,0.40651617348194125,0.0
deepcrack,deepcrack_0200,text,4,text,0.42822265625,0.25,0.7939701080322266,0.45728158950805664,0.08421305182341651
deepcrack,deepcrack_0200,text,5,text,0.42431640625,0.25,0.5619308948516846,0.3977092862129211,0.0
deepcrack,deepcrack_0200,text,6,text,0.375732421875,0.25,0.714241623878479,0.41635337471961975,0.0
deepcrack,deepcrack_0200,text,7,text,0.338134765625,0.25,0.5676866173744202,0.36467556059360506,0.05689511818505761
deepcrack,deepcrack_0200,text,8,text,0.311279296875,0.25,0.7103710770606995,0.3896044880151749,0.1181026137463698
deepcrack,deepcrack_0200,text,9,text,0.308349609375,0.25,0.6652349233627319,0.37714857459068296,0.21236187845303867
deepcrack,deepcrack_0200,text,10,text,0.293212890625,0.25,0.7902318239212036,0.4023431122303009,0.19738717339667458
deepcrack,deepcrack_0200,text,11,text,0.293212890625,0.25,0.4766809344291687,0.32395538985729216,0.0
deepcrack,deepcrack_0200,text,12,text,0.2900390625,0.25,0.6609510779380798,0.36875339448451994,0.04441747572815534
deepcrack,deepcrack_0200,text,13,text,0.285888671875,0.25,0.796980619430542,0.4011006236076355,0.2827554107516872
deepcrack,deepcrack_0200,text,14,text,0.28564453125,0.25,0.6182093620300293,0.35631015300750735,0.022179129802448187
deepcrack,deepcrack_0200,text,15,text,0.28564453125,0.25,0.6933536529541016,0.3750962257385254,0.043630650229635
deepcrack,deepcrack_0200,text,16,text,0.277099609375,0.25,0.5079312920570374,0.32532266676425936,0.0
deepcrack,deepcrack_0200,text,17,text,0.270263671875,0.25,0.5373403429985046,0.32994055449962617,0.0
deepcrack,deepcrack_0200,text,18,text,0.265380859375,0.25,0.4933565855026245,0.31699149012565614,0.0
deepcrack,deepcrack_0200,box,0,box,0.978515625,0.85336984966557,0.7201294302940369,0.8701180549564587,0.6637665782493368
deepcrack,deepcrack_0200,point,0,point,0.46040603518486023,0.9594558319196776,0.669671356678009,0.6873897944153335,0.502332461030834
deepcrack,deepcrack_0200,point,1,point,0.3900676667690277,0.9020176772459099,0.7128007411956787,0.6499334390425993,0.043725087570962676
deepcrack,deepcrack_0200,point,2,point,0.3852364420890808,0.7263011099269578,0.6729364991188049,0.5765340900897689,0.12697652132247245
deepcrack,deepcrack_0200,point,3,point,0.3317561447620392,0.9772098256607199,0.7174286246299744,0.6540830530435612,0.5331065759637188
deepcrack,deepcrack_0200,point,4,point,0.5023041367530823,0.7734961410218606,0.6331902742385864,0.6299428726185308,0.43358395989974935
deepcrack,deepcrack_0200,point,5,point,0.5498775243759155,0.9605971465719211,0.6532763242721558,0.7194790921185775,0.13957823604800187
deepcrack,deepcrack_0200,point,6,point,0.3400958478450775,0.7293766072358193,0.6560046076774597,0.5553213035899327,0.14919866251585379
deepcrack,deepcrack_0200,point,7,point,0.37453028559684753,0.9092649312041114,0.6255054473876953,0.6244312020071019,0.3849508050089445
deepcrack,deepcrack_0200,point,8,point,0.674816370010376,0.9998390202638582,0.39260008931159973,0.7180202274244007,0.038860389034980576
deepcrack,deepcrack_0201,text,0,text,0.7333984375,0.25,0.5382655262947083,0.5154257565736771,0.009564851797351271
deepcrack,deepcrack_0201,text,1,text,0.5576171875,0.25,1.0,0.560546875,0.6529423996672905
deepcrack,deepcrack_0201,text,2,text,0.537109375,0.25,0.6202298402786255,0.4574012100696564,0.00991247495518296
deepcrack,deepcrack_0201,text,3,text,0.5205078125,0.25,0.5619568824768066,0.43619234561920167,0.0312564050010248
deepcrack,deepcrack_0201,text,4,text,0.50390625,0.25,0.9085206985473633,0.5161926746368408,0.05236744490508401
deepcrack,deepcrack_0201,text,5,text,0.499755859375,0.25,0.5389050245285034,0.42212859988212587,0.006197066721751705
deepcrack,deepcrack_0201,text,6,text,0.49755859375,0.25,0.539777934551239,0.42146792113780973,0.0
deepcrack,deepcrack_0201,text,7,text,0.476806640625,0.25,1.0,0.52822265625,0.20277960166338369
deepcrack,deepcrack_0201,text,8,text,0.471923828125,0.25,0.6721879839897156,0.44431652724742887,0.0
deepcrack,deepcrack_0201,text,9,text,0.46533203125,0.25,1.0,0.5236328125,0.48514064208329194
deepcrack,deepcrack_0201,text,10,text,0.432373046875,0.25,0.5334125757217407,0.3938023626804352,0.0
deepcrack,deepcrack_0201,text,11,text,0.427490234375,0.25,0.46466290950775146,0.3746618211269379,0.0
deepcrack,deepcrack_0201,text,12,text,0.41015625,0.25,0.7429455518722534,0.4372988879680634,0.004627636676711149
deepcrack,deepcrack_0201,text,13,text,0.399658203125,0.25,0.6046459078788757,0.39852475821971894,0.0
deepcrack,deepcrack_0201,text,14,text,0.3984375,0.25,0.8573392033576965,0.46120980083942414,0.37245547073791346
deepcrack,deepcrack_0201,text,15,text,0.396240234375,0.25,0.4622606039047241,0.361561244726181,0.007240204429301534
deepcrack,deepcrack_0201,text,16,text,0.38720703125,0.25,0.7690246105194092,0.43463896512985234,0.0
deepcrack,deepcrack_0201,text,17,text,0.3798828125,0.25,0.485515832901001,0.3608320832252503,0.0
deepcrack,deepcrack_0201,text,18,text,0.35595703125,0.25,0.5389989018440247,0.36463253796100614,0.011572143452877397
deepcrack,deepcrack_0201,text,19,text,0.351318359375,0.25,0.7541994452476501,0.41657720506191254,0.08326253186066271
deepcrack,deepcrack_0201,text,20,text,0.34765625,0.25,1.0,0.4765625,0.42287377384930475
deepcrack,deepcrack_0201,text,21,text,0.3427734375,0.25,0.4653860032558441,0.34095587581396103,0.011455456684054413
deepcrack,deepcrack_0201,text,22,text,0.32177734375,0.25,1.0,0.4662109375,0.06517651974096511
deepcrack,deepcrack_0201,text,23,text,0.30810546875,0.25,1.0,0.4607421875,0.51153683319221
deepcrack,deepcrack_0201,text,24,text,0.295166015625,0.25,0.7541970014572144,0.3941156566143036,0.012725690667826844
deepcrack,deepcrack_0201,text,25,text,0.29052734375,0.25,0.5993462800979614,0.3535475075244904,0.004565725207050329
deepcrack,deepcrack_0201,text,26,text,0.283935546875,0.25,0.7586084604263306,0.3907263338565826,0.0
deepcrack,deepcrack_0201,text,27,text,0.279541015625,0.25,1.0,0.44931640625,0.5648237956676366
deepcrack,deepcrack_0201,text,28,text,0.276611328125,0.25,1.0,0.44814453125,0.10900318017326462
deepcrack,deepcrack_0201,text,29,text,0.264404296875,0.25,0.5148507952690125,0.3219744175672531,0.0
deepcrack,deepcrack_0201,text,30,text,0.2568359375,0.25,0.6112408638000488,0.3430445909500122,0.016042276115881854
deepcrack,deepcrack_0201,box,0,box,0.92529296875,0.9179862483089556,1.0,0.9414123744081344,0.6443614780777331
deepcrack,deepcrack_0201,box,1,box,0.404541015625,0.9130293779866733,0.5364382863044739,0.6154862601214541,0.022374145431945307
deepcrack,deepcrack_0201,box,2,box,0.3583984375,0.9699236129114945,0.5558320879936218,0.6217906615174285,0.009590051638739593
deepcrack,deepcrack_0201,box,3,box,0.312255859375,0.14385769456221448,0.6472627520561218,0.3370682248608055,0.007150715071507151
deepcrack,deepcrack_0201,box,4,box,0.288818359375,0.8782437152385931,0.5045570731163025,0.5490519123625832,0.03381447461390936
deepcrack,deepcrack_0201,box,5,box,0.276123046875,0.2947284874571965,0.37096667289733887,0.3063458575843535,0.0
deepcrack,deepcrack_0201,point,0,point,0.5587623715400696,0.9993770323571566,0.7050355076789856,0.749545786860779,0.01039867720007349
deepcrack,deepcrack_0201,point,2,point,0.7196845412254333,0.8803909536297926,1.0,0.8460106502606007,0.0649265189734591
deepcrack,deepcrack_0201,point,3,point,0.6167188286781311,0.7719400205982985,0.5539822578430176,0.6553621031414113,0.009613353053031903
deepcrack,deepcrack_0201,point,4,point,0.34661564230918884,0.5844377426893058,0.7594577074050903,0.5330638937162051,0.011383999156740803
deepcrack,deepcrack_0201,point,5,point,0.9532267451286316,0.9993374251070837,0.9218502044677734,0.9615213479558753,0.005292385101552433
deepcrack,deepcrack_0201,point,6,point,0.7401745915412903,0.9988749552816543,0.7911314964294434,0.8434589450724559,0.04693004529441369
deepcrack,deepcrack_0202,text,0,text,0.65087890625,0.25,0.8353549838066101,0.5566903084516526,0.1809363137916491
deepcrack,deepcrack_0202,text,1,text,0.58056640625,0.25,0.6974102258682251,0.49407911896705625,0.29975227085053674
deepcrack,deepcrack_0202,text,2,text,0.472900390625,0.25,0.8498794436454773,0.48913001716136933,0.02802027597859758
deepcrack,deepcrack_0202,text,3,text,0.42236328125,0.25,0.6231347918510437,0.41222901046276095,0.0
deepcrack,deepcrack_0202,text,4,text,0.4130859375,0.25,0.7529409527778625,0.44096961319446565,0.0
deepcrack,deepcrack_0202,text,5,text,0.393798828125,0.25,0.6385462284088135,0.40465608835220335,0.0062875888463641335
deepcrack,deepcrack_0202,text,6,text,0.384765625,0.25,0.7386928200721741,0.42607945501804356,0.19503105590062111
deepcrack,deepcrack_0202,text,7,text,0.37060546875,0.25,0.7816222310066223,0.43114774525165556,0.0
deepcrack,deepcrack_0202,text,8,text,0.36328125,0.25,0.7571586966514587,0.42210217416286466,0.0491849353569421
deepcrack,deepcrack_0202,text,9,text,0.359375,0.25,0.7084530591964722,0.40836326479911805,0.08631235557972
deepcrack,deepcrack_0202,text,10,text,0.355712890625,0.25,0.7772409915924072,0.4240954041481018,0.10588394793926248
deepcrack,deepcrack_0202,text,11,text,0.35302734375,0.25,0.7043498754501343,0.40479840636253356,0.35395605876802805
deepcrack,deepcrack_0202,text,12,text,0.346435546875,0.25,0.40212395787239075,0.3266052082180977,0.009109449354180829
deepcrack,deepcrack_0202,text,13,text,0.3359375,0.25,0.6813912987709045,0.3922228246927261,0.20233514661005705
deepcrack,deepcrack_0202,text,14,text,0.332763671875,0.25,0.580291748046875,0.36567840576171873,0.0031513929156687256
deepcrack,deepcrack_0202,text,15,text,0.319091796875,0.25,0.7026813626289368,0.3908070594072342,0.13357972544878563
deepcrack,deepcrack_0202,text,16,text,0.312255859375,0.25,0.7191104292869568,0.3921799510717392,0.48062122045079714
deepcrack,deepcrack_0202,text,17,text,0.306884765625,0.0,0.0,0.12275390625,0.0
deepcrack,deepcrack_0202,text,18,text,0.304931640625,0.25,0.6755658388137817,0.37836411595344543,0.07752245113576334
deepcrack,deepcrack_0202,text,19,text,0.300048828125,0.25,0.6607125997543335,0.3726976811885834,0.0
deepcrack,deepcrack_0202,text,20,text,0.2939453125,0.25,0.694885790348053,0.37879957258701324,0.0
deepcrack,deepcrack_0202,text,21,text,0.285400390625,0.25,0.757867157459259,0.39112694561481476,0.16548527808069793
deepcrack,deepcrack_0202,text,22,text,0.28271484375,0.25,0.6266577243804932,0.35725036859512327,0.0
deepcrack,deepcrack_0202,text,23,text,0.277587890625,0.25,0.7707664966583252,0.3912267804145813,0.0
deepcrack,deepcrack_0202,text,24,text,0.2734375,0.25,0.7398525476455688,0.38183813691139223,0.09090909090909091
deepcrack,deepcrack_0202,text,25,text,0.2724609375,0.25,0.6825832724571228,0.3671301931142807,0.31062894809118374
deepcrack,deepcrack_0202,text,26,text,0.27197265625,0.25,0.6474531292915344,0.3581523448228836,0.0
deepcrack,deepcrack_0202,text,27,text,0.270263671875,0.25,0.6716634631156921,0.36352133452892305,0.0
deepcrack,deepcrack_0202,text,28,text,0.26806640625,0.25,0.6213585734367371,0.35006620585918424,0.0
deepcrack,deepcrack_0202,text,29,text,0.260986328125,0.25,0.6422940492630005,0.3524680435657501,0.0
deepcrack,deepcrack_0202,text,30,text,0.25927734375,0.25,0.7236841320991516,0.3721319705247879,0.14911811865312666
deepcrack,deepcrack_0202,text,31,text,0.251953125,0.25,0.6529303193092346,0.35151382982730867,0.0
deepcrack,deepcrack_0202,box,0,box,0.951171875,0.8566538966178875,0.7138435244560242,0.8587584949302667,0.6056247592140748
deepcrack,deepcrack_0202,box,1,box,0.34228515625,0.9553236522292285,0.5662878751754761,0.612849309574099,0.0
deepcrack,deepcrack_0202,box,2,box,0.291259765625,0.9691487822156464,0.7274599075317383,0.6375709569084108,0.0
deepcrack,deepcrack_0202,point,0,point,0.7008772492408752,0.5821324462785308,0.6434217691421509,0.6449526981793736,0.31880581100892974
deepcrack,deepcrack_0202,point,1,point,0.8872880935668945,0.9975481434890398,0.8400658965110779,0.9140735617756912,0.013868378812199036
deepcrack,deepcrack_0202,point,2,point,0.766337513923645,0.7195738928890785,1.0,0.8083858680806355,0.0026514094334356684
deepcrack,deepcrack_0202,point,3,point,0.7695482969284058,0.8438541901384811,0.8934396505355835,0.8265281979537266,0.032357906584130555
deepcrack,deepcrack_0203,text,0,text,0.8134765625,0.25,0.7947335839271545,0.6115740209817887,0.20784023668639054
deepcrack,deepcrack_0203,text,1,text,0.72119140625,0.25,0.7998714447021484,0.5759444236755371,0.16829387356602393
deepcrack,deepcrack_0203,text,2,text,0.68017578125,0.25,0.7058954834938049,0.5360441833734513,0.1465806131314385
deepcrack,deepcrack_0203,text,3,text,0.6357421875,0.25,0.7188053727149963,0.5214982181787491,0.061168630251100795
deepcrack,deepcrack_0203,text,4,text,0.6357421875,0.25,0.734001636505127,0.5252972841262817,0.0
deepcrack,deepcrack_0203,text,5,text,0.57080078125,0.25,0.6798391342163086,0.4857800960540771,0.025581678645389207
deepcrack,deepcrack_0203,text,6,text,0.515625,0.25,0.66243577003479,0.4593589425086975,0.0
deepcrack,deepcrack_0203,text,7,text,0.5126953125,0.25,0.557806134223938,0.4320296585559845,0.0
deepcrack,deepcrack_0203,text,8,text,0.49609375,0.25,0.7553832530975342,0.47478331327438356,0.07646400596792241
deepcrack,deepcrack_0203,text,9,text,0.447265625,0.25,0.6552678942680359,0.430223223567009,0.0341726618705036
deepcrack,deepcrack_0203,text,10,text,0.43994140625,0.25,0.8858198523521423,0.4849315255880356,0.0
deepcrack,deepcrack_0203,text,11,text,0.40087890625,0.25,0.5951902866363525,0.39664913415908815,0.0
deepcrack,deepcrack_0203,text,12,text,0.3984375,0.25,0.7623361349105835,0.4374590337276459,0.24488372093023256
deepcrack,deepcrack_0203,text,13,text,0.37939453125,0.25,0.7995383143424988,0.4391423910856247,0.04722290188402251
deepcrack,deepcrack_0203,text,14,text,0.372314453125,0.25,0.5866488218307495,0.3830879867076874,0.0
deepcrack,deepcrack_0203,text,15,text,0.36328125,0.25,0.7473316788673401,0.419645419716835,0.11997985647740149
deepcrack,deepcrack_0203,text,16,text,0.356201171875,0.25,0.5495142936706543,0.3673590421676636,0.0
deepcrack,deepcrack_0203,text,17,text,0.34130859375,0.25,0.6219978332519531,0.37952289581298826,0.0
deepcrack,deepcrack_0203,text,18,text,0.332763671875,0.25,0.6195605993270874,0.37549561858177183,0.0
deepcrack,deepcrack_0203,text,19,text,0.32861328125,0.25,0.5062152743339539,0.34549913108348845,0.0
deepcrack,deepcrack_0203,text,20,text,0.320556640625,0.25,0.5055985450744629,0.3421222925186157,0.0
deepcrack,deepcrack_0203,text,21,text,0.309814453125,0.25,0.7820624709129333,0.40694139897823334,0.09038789948767992
deepcrack,deepcrack_0203,text,22,text,0.30615234375,0.25,0.5652509927749634,0.35127368569374084,0.0
deepcrack,deepcrack_0203,text,23,text,0.283203125,0.25,0.726136326789856,0.382315331697464,0.030982120989468526
deepcrack,deepcrack_0203,text,24,text,0.282958984375,0.25,1.0,0.45068359375,0.011332158146562578
deepcrack,deepcrack_0203,text,25,text,0.27392578125,0.25,0.5350182056427002,0.33082486391067506,0.0
deepcrack,deepcrack_0203,text,26,text,0.2705078125,0.25,0.6528469324111938,0.35891485810279844,0.0
deepcrack,deepcrack_0203,text,27,text,0.26611328125,0.25,0.905900776386261,0.42042050659656527,0.0
deepcrack,deepcrack_0203,text,28,text,0.26513671875,0.25,0.568718671798706,0.3357343554496765,0.0
deepcrack,deepcrack_0203,text,29,text,0.25146484375,0.25,0.47801923751831055,0.30759074687957766,0.0
deepcrack,deepcrack_0203,text,30,text,0.251220703125,0.25,0.7205899953842163,0.3681357800960541,0.043209876543209874
deepcrack,deepcrack_0203,box,0,box,0.96728515625,0.9199610338312398,0.7712152600288391,0.9017042393481438,0.5645107794361526
deepcrack,deepcrack_0203,box,1,box,0.429443359375,0.9782397488016661,0.8101744055747986,0.7167048572242828,0.2050390964378801
deepcrack,deepcrack_0203,box,2,box,0.370849609375,0.9725533430483463,0.8034181594848633,0.689588053688137,0.1612664777627202
deepcrack,deepcrack_0203,box,3,box,0.37060546875,0.9791137973054214,0.7028563022613525,0.6666460921222356,0.05728236274860069
deepcrack,deepcrack_0203,box,4,box,0.35791015625,0.9812637353468856,0.6484396457672119,0.6487162813132129,0.0
deepcrack,deepcrack_0203,box,5,box,0.33935546875,0.9650785784261249,0.7522807121276855,0.661589867981065,0.0
deepcrack,deepcrack_0203,box,6,box,0.31689453125,0.9462111711519485,0.7211912274360657,0.6382295292621984,0.08212616822429906
deepcrack,deepcrack_0203,box,7,box,0.309326171875,0.9681133148042346,0.6964004039764404,0.6366702299255922,0.14344262295081966
deepcrack,deepcrack_0203,point,1,point,0.7745892405509949,0.964840509361925,0.8085837364196777,0.8496758086019911,0.21173156992407544
deepcrack,deepcrack_0203,point,2,point,0.613542377948761,0.8734434643202299,0.7984694242477417,0.7507395197535203,0.15127506808615995
deepcrack,deepcrack_0203,point,3,point,0.5971972942352295,0.9765804212831736,0.7888569831848145,0.7778963109394061,0.05217074060561839
deepcrack,deepcrack_0203,point,4,point,0.5331823825836182,0.9606496998712191,0.7764919400215149,0.7436233329937527,0.05299062005116336
deepcrack,deepcrack_0203,point,5,point,0.6152572631835938,0.9167267684460899,0.7199670076370239,0.746949026138825,0.10903686087990487
deepcrack,deepcrack_0203,point,6,point,0.28635451197624207,0.5590198790116648,0.6144225597381592,0.4638044023791193,0.0050657339283560485
deepcrack,deepcrack_0203,point,7,point,0.34036916494369507,0.36333704233795044,0.7600319385528564,0.4533236154339748,0.02951432129514321
deepcrack,deepcrack_0203,point,8,point,0.8103382587432861,0.7569124240635706,0.6177305579185486,0.7434872913992012,0.002533783783783784
deepcrack,deepcrack_0203,point,9,point,0.6007831692695618,0.9989756272868661,0.32794129848480225,0.6719400618794283,0.038007662098569005
deepcrack,deepcrack_0203,point,10,point,0.42739707231521606,0.9722404090491874,0.8025258779525757,0.711874441581446,0.238117927337701
deepcrack,deepcrack_0203,point,12,point,0.8657807111740112,0.9993504199240624,0.32429349422454834,0.7771583049991634,0.037915010142960594
deepcrack,deepcrack_0203,point,13,point,0.6916130185127258,0.6781403012184112,0.7500913143157959,0.7015171414104833,0.03253041966724609
deepcrack,deepcrack_0203,point,14,point,0.4966135323047638,0.5694660868051472,0.42991289496421814,0.5054367670447616,0.0003566333808844508
deepcrack,deepcrack_0203,point,15,point,0.4556005299091339,0.3711024573926784,0.6975231170654297,0.4865068513174484,0.15917123705057892
deepcrack,deepcrack_0203,point,16,point,0.7949360609054565,0.9483824621030656,0.7565134167671204,0.8390366402900358,0.12212010575349365
deepcrack,deepcrack_0203,point,17,point,0.9587162733078003,0.999753669329748,0.3022176921367645,0.808954716622723,0.03790278902793821
deepcrack,deepcrack_0203,point,18,point,0.831069827079773,0.9995069806363708,0.3496151268482208,0.7696591557666941,0.037887617814231236
deepcrack,deepcrack_0204,text,0,text,0.77099609375,0.25,0.6720012426376343,0.5638987481594085,0.45206778054271834
deepcrack,deepcrack_0204,text,1,text,0.6142578125,0.25,0.7240628004074097,0.5142188251018525,0.03473762010347376
deepcrack,deepcrack_0204,text,2,text,0.6064453125,0.25,0.712399959564209,0.5081781148910522,0.025853775853775855
deepcrack,deepcrack_0204,text,3,text,0.54736328125,0.25,0.7907200455665588,0.5041253238916397,0.13646131805157594
deepcrack,deepcrack_0204,text,4,text,0.5146484375,0.25,0.789565920829773,0.4907508552074432,0.06486817903126917
deepcrack,deepcrack_0204,text,5,text,0.4794921875,0.25,0.5562006831169128,0.4183470457792282,0.0
deepcrack,deepcrack_0204,text,6,text,0.43505859375,0.25,0.7573580741882324,0.4508629560470581,0.014003193710846334
deepcrack,deepcrack_0204,text,7,text,0.40966796875,0.25,0.5602315664291382,0.3914250791072845,0.0
deepcrack,deepcrack_0204,text,8,text,0.380615234375,0.25,0.5488917827606201,0.37696903944015503,0.0
deepcrack,deepcrack_0204,text,9,text,0.367919921875,0.25,0.5724829435348511,0.3777887046337128,0.0
deepcrack,deepcrack_0204,text,10,text,0.36767578125,0.25,0.6262439489364624,0.3911312997341156,0.0
deepcrack,deepcrack_0204,text,11,text,0.365966796875,0.25,0.680184543132782,0.4039328545331955,0.03463414634146342
deepcrack,deepcrack_0204,text,12,text,0.359619140625,0.25,0.7100306153297424,0.4088553100824356,0.030171895660536123
deepcrack,deepcrack_0204,text,13,text,0.357666015625,0.25,0.5243163704872131,0.3616454988718033,0.0
deepcrack,deepcrack_0204,text,14,text,0.35546875,0.25,0.7994887232780457,0.4295596808195114,0.07091849298202413
deepcrack,deepcrack_0204,text,15,text,0.3466796875,0.25,0.6589632630348206,0.39091269075870516,0.03478363400542389
deepcrack,deepcrack_0204,text,16,text,0.34375,0.25,0.6460415720939636,0.3865103930234909,0.1560729243656073
deepcrack,deepcrack_0204,text,17,text,0.342041015625,0.25,0.7324294447898865,0.4074237674474716,0.2776210913549969
deepcrack,deepcrack_0204,text,18,text,0.3369140625,0.25,0.6032534837722778,0.3730789959430695,0.0
deepcrack,deepcrack_0204,text,19,text,0.329345703125,0.25,0.5857207775115967,0.36566847562789917,0.0
deepcrack,deepcrack_0204,text,20,text,0.322021484375,0.25,0.687087893486023,0.38808056712150574,0.04224523417274653
deepcrack,deepcrack_0204,text,21,text,0.30322265625,0.25,0.7191519737243652,0.3885770559310913,0.5441549458150795
deepcrack,deepcrack_0204,text,22,text,0.302978515625,0.25,0.5953704118728638,0.35753400921821593,0.0
deepcrack,deepcrack_0204,text,23,text,0.2783203125,0.25,0.5385867357254028,0.33347480893135073,0.0
deepcrack,deepcrack_0204,text,24,text,0.274169921875,0.25,0.4594503939151764,0.3120305672287941,0.0
deepcrack,deepcrack_0204,text,25,text,0.273681640625,0.25,0.816656231880188,0.401136714220047,0.07587049480757484
deepcrack,deepcrack_0204,text,26,text,0.261962890625,0.25,0.6151175498962402,0.34606454372406004,0.0
deepcrack,deepcrack_0204,text,27,text,0.26123046875,0.25,0.6648796796798706,0.3582121074199677,0.03145657624800547
deepcrack,deepcrack_0204,text,28,text,0.259765625,0.25,0.5387446284294128,0.3260924071073532,0.0
deepcrack,deepcrack_0204,text,29,text,0.259521484375,0.25,0.6161487698554993,0.3453457862138748,0.0
deepcrack,deepcrack_0204,text,30,text,0.256103515625,0.25,0.7053293585777283,0.36627374589443207,0.0
deepcrack,deepcrack_0204,box,0,box,0.958984375,0.8773905698434603,0.6937931776046753,0.8641287438463799,0.5572932957981441
deepcrack,deepcrack_0204,box,1,box,0.3095703125,0.7776856086515773,0.7008964419364929,0.5712421985121753,0.03417752643225965
deepcrack,deepcrack_0204,box,2,box,0.297607421875,0.921058188105093,0.7411665320396423,0.6267049675966931,0.012421596359611363
deepcrack,deepcrack_0204,box,3,box,0.26123046875,0.7335096972174611,0.6711089611053467,0.528997821802448,0.42349563344897717
deepcrack,deepcrack_0204,point,0,point,0.6163303256034851,0.9999224225722323,0.37892892956733704,0.6912372105335096,0.038298728164266015
deepcrack,deepcrack_0204,point,1,point,0.5734153389930725,0.9923079128440367,0.7982091307640076,0.7762261877836438,0.06416717885679164
deepcrack,deepcrack_0204,point,3,point,0.6493538618087769,0.9999473336919223,0.31740692257881165,0.6890748421603865,0.03839487493775616
deepcrack,deepcrack_0204,point,4,point,0.415645033121109,0.5930657389188525,0.6360975503921509,0.5328554094680797,0.002145666944808678
deepcrack,deepcrack_0204,point,5,point,0.8588771224021912,0.9998573083537536,0.36567118763923645,0.7849187037944994,0.03832175332915144
deepcrack,deepcrack_0204,point,6,point,0.5416273474693298,0.8944638029347297,0.7896403670310974,0.7271233617726617,0.11248017567402709
deepcrack,deepcrack_0204,point,7,point,0.747974693775177,0.9999214512821197,0.3582618236541748,0.7387278413723564,0.03837403669768712
deepcrack,deepcrack_0204,point,8,point,0.9543755650520325,0.9958810118244724,0.4170377552509308,0.834568018972111,0.038364873210173824
deepcrack,deepcrack_0204,point,9,point,0.6287634968757629,0.7090955275730871,0.7739225029945374,0.69316945914952,0.032497565725413825
deepcrack,deepcrack_0204,point,10,point,0.593985378742218,0.7544477143586659,0.45204657316207886,0.61466249481294,0.0015111007787980938
deepcrack,deepcrack_0204,point,11,point,0.3416472375392914,0.5624338447835844,0.6271392107009888,0.4902955433652183,0.4154500517300839
deepcrack,deepcrack_0204,point,12,point,0.8010444641113281,0.9434838110795614,0.6792780160903931,0.820456623544976,0.43934893667577524
deepcrack,deepcrack_0204,point,13,point,0.9054809212684631,0.9981118330425292,0.3471377193927765,0.7983159399204646,0.03836357542969311
deepcrack,deepcrack_0204,point,15,point,0.7728222012519836,0.9119396144804843,0.7121300101280212,0.8063402481009683,0.032513289652614664
deepcrack,deepcrack_0205,text,0,text,0.50146484375,0.25,0.9026647210121155,0.5137521177530289,0.5105592944998839
deepcrack,deepcrack_0205,text,1,text,0.49462890625,0.25,0.6864003539085388,0.45695165097713475,0.08776595744680851
deepcrack,deepcrack_0205,text,2,text,0.43505859375,0.25,0.8573283553123474,0.47585552632808686,0.08882564409826244
deepcrack,deepcrack_0205,text,3,text,0.434326171875,0.25,0.7631726264953613,0.45202362537384033,0.18254525045601236
deepcrack,deepcrack_0205,text,4,text,0.423583984375,0.25,1.0,0.50693359375,0.06377163680534467
deepcrack,deepcrack_0205,text,5,text,0.420166015625,0.25,0.9427475333213806,0.4912532895803452,0.1367211131276467
deepcrack,deepcrack_0205,text,6,text,0.41650390625,0.25,0.780153751373291,0.4491400003433228,0.13398779517113293
deepcrack,deepcrack_0205,text,7,text,0.406494140625,0.25,0.8855642080307007,0.4714887082576752,0.34179313863027677
deepcrack,deepcrack_0205,text,8,text,0.390869140625,0.25,0.9500528573989868,0.48136087059974675,0.08674985145573381
deepcrack,deepcrack_0205,text,9,text,0.38818359375,0.25,0.8507077693939209,0.45545037984848025,0.3055625471935565
deepcrack,deepcrack_0205,text,10,text,0.38671875,0.25,0.9608756899833679,0.482406422495842,0.1495234030445298
deepcrack,deepcrack_0205,text,11,text,0.37841796875,0.25,0.9022091627120972,0.4644194781780243,0.2778935667639294
deepcrack,deepcrack_0205,text,12,text,0.366455078125,0.25,0.8632534742355347,0.44989539980888366,0.111497752646078
deepcrack,deepcrack_0205,text,13,text,0.356201171875,0.25,0.9104975461959839,0.45760485529899597,0.3013662289428306
deepcrack,deepcrack_0205,text,14,text,0.341064453125,0.25,0.9963611960411072,0.4730160802602768,0.05382262996941896
deepcrack,deepcrack_0205,text,15,text,0.330322265625,0.25,0.910266101360321,0.44719543159008024,0.24619108643030044
deepcrack,deepcrack_0205,text,16,text,0.3173828125,0.25,0.7808827757835388,0.4096738189458847,0.19238697265356602
deepcrack,deepcrack_0205,text,17,text,0.3154296875,0.25,0.6686611175537109,0.38083715438842775,0.0811741800209675
deepcrack,deepcrack_0205,text,18,text,0.306640625,0.25,0.7669338583946228,0.4018897145986557,0.022867737948084055
deepcrack,deepcrack_0205,text,19,text,0.30078125,0.25,0.8911970257759094,0.43061175644397737,0.23713056750381573
deepcrack,deepcrack_0205,text,20,text,0.29150390625,0.25,0.7085853815078735,0.3812479078769684,0.0781013042159539
deepcrack,deepcrack_0205,text,21,text,0.286376953125,0.25,0.6365377902984619,0.36118522882461546,0.01516061242870009
deepcrack,deepcrack_0205,text,22,text,0.281005859375,0.25,0.7530216574668884,0.3881577581167221,0.074116143688769
deepcrack,deepcrack_0205,text,23,text,0.279052734375,0.25,0.9142664074897766,0.42768769562244413,0.07053364269141531
deepcrack,deepcrack_0205,text,24,text,0.253173828125,0.25,0.8324346542358398,0.39687819480895997,0.17910232356761438
deepcrack,deepcrack_0205,text,25,text,0.25244140625,0.25,0.8106731176376343,0.39114484190940857,0.2027231467473525
deepcrack,deepcrack_0205,box,0,box,0.98095703125,0.014199568187015132,0.7370986342430115,0.5816273199262082,0.13195813741847415
deepcrack,deepcrack_0205,point,0,point,0.4024457335472107,0.5792693617125843,0.7765001058578491,0.5578475964827511,0.20470073790653184
deepcrack,deepcrack_0205,point,1,point,0.6168323755264282,0.9122927428498329,0.8844265937805176,0.7871420586531421,0.010428015564202335
deepcrack,deepcrack_0205,point,2,point,0.4225664436817169,0.9481559301292055,0.8013222217559814,0.7012117084569041,0.028740096318160633
deepcrack,deepcrack_0205,point,4,point,0.5707183480262756,0.7183493404213921,0.8480917811393738,0.6917325536428409,0.1718448045191021
deepcrack,deepcrack_0205,point,5,point,0.3738919198513031,0.5496609911827303,0.8547845482826233,0.5556342519251327,0.02468944099378882
deepcrack,deepcrack_0205,point,6,point,0.7405096888542175,0.919948609973489,0.8443232774734497,0.8292667084007705,0.12647143267298305
deepcrack,deepcrack_0205,point,7,point,0.6747862696647644,0.9493695141908901,0.8738875985145569,0.8206657374613565,0.14696755994358252
deepcrack,deepcrack_0205,point,8,point,0.34726274013519287,0.810902761391738,1.0,0.6727210625411855,0.0840754716981132
deepcrack,deepcrack_0205,point,9,point,0.5401411652565002,0.5261892566667343,0.8900493383407593,0.6227350405211469,0.1399220155968806
deepcrack,deepcrack_0205,point,10,point,0.3364368677139282,0.7157953783949844,0.9878644943237305,0.6320692531047485,0.08335814230425721
deepcrack,deepcrack_0205,point,11,point,0.8015497326850891,0.8115711523729617,1.0,0.8546697964045722,0.048685643179343596
deepcrack,deepcrack_0205,point,12,point,0.7666377425193787,0.9247674864009341,0.8749905228614807,0.8490713479634486,0.08773800456968774
deepcrack,deepcrack_0205,point,13,point,0.6499033570289612,0.9173451436783437,1.0,0.8310321430990049,0.06211750305997552
deepcrack,deepcrack_0205,point,14,point,0.6025354266166687,0.8310071300489111,1.0,0.7818666661637864,0.0958635265700483
deepcrack,deepcrack_0205,point,15,point,0.6596874594688416,0.2368613526171124,1.0,0.596776457203526,0.09446550416982563
deepcrack,deepcrack_0205,point,16,point,0.5569935441017151,0.8649140185640094,0.8878957629203796,0.7474912648681842,0.025162087063908614
deepcrack,deepcrack_0205,point,17,point,0.5158042311668396,0.764835063555937,0.7676969766616821,0.6659382088767343,0.0299636803874092
deepcrack,deepcrack_0205,point,18,point,0.41381463408470154,0.576855182870983,0.7249476909637451,0.548662090379661,0.01585347083269201
deepcrack,deepcrack_0206,text,0,text,0.77197265625,0.25,0.48858195543289185,0.518434551358223,0.03076480736055204
deepcrack,deepcrack_0206,text,1,text,0.75,0.25,0.831183135509491,0.5952957838773728,0.6496706192358366
deepcrack,deepcrack_0206,text,2,text,0.6220703125,0.25,0.7290637493133545,0.5185940623283386,0.023905489923558027
deepcrack,deepcrack_0206,text,3,text,0.54443359375,0.25,0.663639485836029,0.4711833089590073,0.022154527831625588
deepcrack,deepcrack_0206,text,4,text,0.51416015625,0.25,0.716240406036377,0.4722241640090943,0.017696504940274294
deepcrack,deepcrack_0206,text,5,text,0.50390625,0.25,0.6488199830055237,0.4512674957513809,0.030207096689091148
deepcrack,deepcrack_0206,text,6,text,0.449462890625,0.25,1.0,0.51728515625,0.4209927464087612
deepcrack,deepcrack_0206,text,7,text,0.41064453125,0.25,0.6311794519424438,0.409552675485611,0.018960068945705257
deepcrack,deepcrack_0206,text,8,text,0.380615234375,0.25,0.60807865858078,0.391765758395195,0.0
deepcrack,deepcrack_0206,text,9,text,0.379150390625,0.25,0.6057634949684143,0.39060102999210355,0.15365958053930662
deepcrack,deepcrack_0206,text,10,text,0.377685546875,0.25,0.6858691573143005,0.41004150807857515,0.0
deepcrack,deepcrack_0206,text,11,text,0.37744140625,0.25,0.6905218362808228,0.41110702157020573,0.00969732588892154
deepcrack,deepcrack_0206,text,12,text,0.3515625,0.25,0.4772528111934662,0.34743820279836657,0.0
deepcrack,deepcrack_0206,text,13,text,0.35009765625,0.25,0.6636086702346802,0.39344123005867004,0.012507188039102933
deepcrack,deepcrack_0206,text,14,text,0.336181640625,0.25,0.622718334197998,0.3776522397994995,0.10497803806734993
deepcrack,deepcrack_0206,text,15,text,0.32958984375,0.25,0.5047023892402649,0.34551153481006625,0.0
deepcrack,deepcrack_0206,text,16,text,0.324951171875,0.25,0.6547199487686157,0.3811604559421539,0.0
deepcrack,deepcrack_0206,text,17,text,0.32080078125,0.25,0.7780993580818176,0.4103451520204544,0.10930993456276027
deepcrack,deepcrack_0206,text,18,text,0.3203125,0.25,0.42138680815696716,0.3209717020392418,0.0
deepcrack,deepcrack_0206,text,19,text,0.31884765625,0.25,0.6943569779396057,0.3886283069849014,0.012095092450994022
deepcrack,deepcrack_0206,text,20,text,0.318603515625,0.25,0.6077204346656799,0.36687151491642,0.018623024830699775
deepcrack,deepcrack_0206,text,21,text,0.3115234375,0.25,0.5771724581718445,0.3564024895429611,0.0
deepcrack,deepcrack_0206,text,22,text,0.309814453125,0.25,0.6516355872154236,0.3743346780538559,0.0
deepcrack,deepcrack_0206,text,23,text,0.298828125,0.25,0.7239804863929749,0.3880263715982437,0.00758364312267658
deepcrack,deepcrack_0206,text,24,text,0.29052734375,0.25,1.0,0.4537109375,0.14416950659356942
deepcrack,deepcrack_0206,text,25,text,0.2890625,0.25,0.5062520503997803,0.32968801259994507,0.0
deepcrack,deepcrack_0206,text,26,text,0.283203125,0.25,0.5622395873069763,0.3413411468267441,0.018332184700206755
deepcrack,deepcrack_0206,text,27,text,0.282958984375,0.25,1.0,0.45068359375,0.2704568826208315
deepcrack,deepcrack_0206,text,28,text,0.27490234375,0.25,0.5938310623168945,0.3459187030792236,0.017849898580121704
deepcrack,deepcrack_0206,text,29,text,0.25146484375,0.25,0.8385345935821533,0.39771958589553835,0.6135332141383578
deepcrack,deepcrack_0206,box,0,box,0.95703125,0.84213042737248,0.8153319954872131,0.8813911484521713,0.6777862016679302
deepcrack,deepcrack_0206,box,1,box,0.457763671875,0.9737796920161129,0.7184092402458191,0.7035306710170943,0.022427810485001403
deepcrack,deepcrack_0206,box,2,box,0.367919921875,0.9694702222000045,0.5146649479866028,0.6151487835166523,0.03004043905257077
deepcrack,deepcrack_0206,box,3,box,0.33984375,0.9445011787128077,0.6314775347709656,0.6243822962422241,0.03034283462498358
deepcrack,deepcrack_0206,box,4,box,0.314208984375,0.6580450410340312,0.6610628366470337,0.5212650672736694,0.021530128639133377
deepcrack,deepcrack_0206,point,0,point,0.7104824185371399,0.862194762394596,0.49921518564224243,0.7107649306635251,0.030773655450100662
deepcrack,deepcrack_0206,point,1,point,0.7111811637878418,0.9137650912122961,0.4722367823123932,0.7223494430175386,0.030905708971240523
deepcrack,deepcrack_0206,point,2,point,0.6157721877098083,0.9830783094645408,0.5514379143714905,0.7282457619893852,0.03111369584181448
deepcrack,deepcrack_0206,point,3,point,0.574964702129364,0.9584619680198374,0.6025034785270691,0.716073439290456,0.1656770456191166
deepcrack,deepcrack_0206,point,4,point,0.43203267455101013,0.418090796977168,0.48673921823501587,0.44082965332116686,0.048274037825684436
deepcrack,deepcrack_0206,point,5,point,0.27167192101478577,0.59300912260505,0.921373724937439,0.5465653925520415,0.49497066219614416
deepcrack,deepcrack_0206,point,6,point,0.7144532799720764,0.8985903000762934,0.9789150357246399,0.8450166759466932,0.4426480836236934
deepcrack,deepcrack_0206,point,7,point,0.7135507464408875,0.9113360276815972,0.7651499509811401,0.795675396010199,0.0220112214069918
deepcrack,deepcrack_0206,point,8,point,0.5104157328605652,0.41884107903296375,0.49326059222221375,0.4740758188613168,0.008814330395223202
deepcrack,deepcrack_0206,point,9,point,0.3239668309688568,0.39132739181666104,0.7320775389671326,0.4495707042651572,0.02454688168973883
deepcrack,deepcrack_0206,point,10,point,0.33745697140693665,0.6874527589822954,0.7521077990531921,0.563618203969876,0.021150592216582064
deepcrack,deepcrack_0206,point,11,point,0.4319371283054352,0.5310219948946819,0.8778931498527527,0.5781058369985009,0.007442691277165823
deepcrack,deepcrack_0206,point,12,point,0.689684271812439,0.9792363061237058,0.9916327595710754,0.8665146057610414,0.4118400455386367
deepcrack,deepcrack_0206,point,13,point,0.7321646213531494,0.8904568404437722,1.0,0.85452574269658,0.42267023826307626
deepcrack,deepcrack_0206,point,14,point,0.4756431579589844,0.889547347373164,0.8462707996368408,0.7131665346734113,0.026829979585885098
deepcrack,deepcrack_0207,text,0,text,0.88916015625,0.25,1.0,0.6931640625000001,0.5132219444809893
deepcrack,deepcrack_0207,box,0,box,0.9541015625,0.9192884155305989,1.0,0.9533915704357097,0.5154884829229547
deepcrack,deepcrack_0207,point,0,point,0.2629002034664154,0.3964179104477612,1.0,0.4939063500432826,0.06236297198538368
deepcrack,deepcrack_0207,point,1,point,0.86033695936203,0.9749784653431078,1.0,0.9353772466148997,0.5023332072140244
deepcrack,deepcrack_0207,point,2,point,0.8200740218162537,0.9963140082272008,1.0,0.9267395116060217,0.49290561381863046
deepcrack,deepcrack_0207,point,3,point,0.7668639421463013,0.9970245358616525,0.9985800385475159,0.9053491740469779,0.4805304400241109
deepcrack,deepcrack_0207,point,4,point,0.7473217844963074,0.9921915839469844,0.9605359435081482,0.8863297540570045,0.47628106051599095
deepcrack,deepcrack_0207,point,5,point,0.7990480661392212,0.9897583539121937,1.0,0.9160346503249563,0.4826039519941811
deepcrack,deepcrack_0207,point,6,point,0.82429438829422,0.9483688445195776,0.9664124250411987,0.9032499571598398,0.47907199234632863
deepcrack,deepcrack_0207,point,7,point,0.857623279094696,0.9738023925589822,0.9719366431236267,0.9268643098144289,0.48152160828217166
deepcrack,deepcrack_0207,point,8,point,0.8670984506607056,0.9926494674572341,0.9582813382148743,0.9338370284280327,0.48115486832568255
deepcrack,deepcrack_0207,point,9,point,0.6236391067504883,0.9739930127688471,1.0,0.8403531971692918,0.49566854990583803
deepcrack,deepcrack_0208,text,0,text,0.9072265625,0.25,0.9635894894599915,0.6912879973649979,0.5582584657912923
deepcrack,deepcrack_0208,text,1,text,0.5302734375,0.25,0.8723557591438293,0.5176983147859573,0.16964461024936187
deepcrack,deepcrack_0208,text,2,text,0.44189453125,0.25,0.9701435565948486,0.5067937016487122,0.4865644451191741
deepcrack,deepcrack_0208,box,0,box,0.97607421875,0.9628713589741116,0.9805751442909241,0.97257844921367,0.56659077973819
deepcrack,deepcrack_0208,box,1,box,0.31201171875,0.9782489735679671,0.9168541431427002,0.6964053640344635,0.16938369781312126
deepcrack,deepcrack_0208,point,0,point,0.35070911049842834,0.9952871681919493,0.9258541464805603,0.7200976896866936,0.5495267297693641
deepcrack,deepcrack_0208,point,1,point,0.8132126331329346,0.9766542558151219,0.7443574070930481,0.8532033945617286,0.4681838267786125
deepcrack,deepcrack_0208,point,2,point,0.8135522603988647,0.9868169781555063,0.8184933066368103,0.8754301731731757,0.4966706302021403
deepcrack,deepcrack_0208,point,3,point,0.804599940776825,0.9910315691546522,0.8658961653709412,0.8851750668575935,0.5210612347541808
deepcrack,deepcrack_0208,point,4,point,0.773863673210144,0.909306067313039,0.8903511762619019,0.8503903869090967,0.5275932549821155
deepcrack,deepcrack_0208,point,5,point,0.8021565079689026,0.9898512028280955,0.8282416462898254,0.8743709357498508,0.5016774502755811
deepcrack,deepcrack_0208,point,6,point,0.7422382831573486,0.9945695311822123,0.7811154723167419,0.8402735172558993,0.4779519566933574
deepcrack,deepcrack_0208,point,7,point,0.8391543626785278,0.9884646468967416,0.8167908787727356,0.8858220911784547,0.4988137603795967
deepcrack,deepcrack_0208,point,8,point,0.755440890789032,0.9928449403818732,0.8917527794837952,0.8726102803202171,0.5303711313728008
deepcrack,deepcrack_0209,text,0,text,0.76611328125,0.25,0.8677997589111328,0.6108952522277832,0.41542461005199305
deepcrack,deepcrack_0209,text,1,text,0.5927734375,0.25,0.8519672751426697,0.5376011937856674,0.3476374156219865
deepcrack,deepcrack_0209,text,2,text,0.4951171875,0.25,0.8643393516540527,0.5016317129135132,0.13100436681222707
deepcrack,deepcrack_0209,text,3,text,0.433837890625,0.25,0.8279745578765869,0.46802879571914674,0.08721751412429378
deepcrack,deepcrack_0209,text,4,text,0.3935546875,0.25,0.8913770914077759,0.467766147851944,0.2982456140350877
deepcrack,deepcrack_0209,text,5,text,0.3193359375,0.25,1.0,0.465234375,0.10011164867882397
deepcrack,deepcrack_0209,text,6,text,0.315673828125,0.25,0.8783660531044006,0.43336104452610014,0.24261874197689345
deepcrack,deepcrack_0209,text,7,text,0.30419921875,0.25,1.0,0.4591796875,0.0694662480376766
deepcrack,deepcrack_0209,text,8,text,0.277587890625,0.25,0.9182329773902893,0.42809340059757234,0.18063958513396716
deepcrack,deepcrack_0209,text,9,text,0.259765625,0.25,0.9097168445587158,0.41883546113967896,0.1139022711631108
deepcrack,deepcrack_0209,box,0,box,0.93798828125,0.8833067662555942,0.9369003772735596,0.9185777750078479,0.47053781872723377
deepcrack,deepcrack_0209,box,1,box,0.311767578125,0.9632351021337822,0.8872852921485901,0.6836606400339713,0.1186842997626314
deepcrack,deepcrack_0209,point,0,point,0.6995947957038879,0.9622569477022452,0.750651478767395,0.8042907196691897,0.35851452150452306
deepcrack,deepcrack_0209,point,1,point,0.5225110650062561,0.9737397560891512,0.7152600288391113,0.7286283478434832,0.3522185286891169
deepcrack,deepcrack_0209,point,2,point,0.4335305392742157,0.9924946455047637,0.7390843629837036,0.7055564323822795,0.36449297038588097
deepcrack,deepcrack_0209,point,3,point,0.5900824666023254,0.9906892232596245,0.8558781147003174,0.796743743456878,0.35546875
deepcrack,deepcrack_0209,point,4,point,0.5967608690261841,0.9772445147037605,0.793451189994812,0.7791027252554927,0.373587907716786
deepcrack,deepcrack_0209,point,5,point,0.5588934421539307,0.9741084540110035,0.7506772875785828,0.7521646576600691,0.35454267360048947
deepcrack,deepcrack_0209,point,6,point,0.6815617084503174,0.9552849287610734,0.8025787472724915,0.8076190952646255,0.36940935472857633
deepcrack,deepcrack_0209,point,7,point,0.29936692118644714,0.6262810757627688,0.9123801589012146,0.5670401847168516,0.09017595307917889
deepcrack,deepcrack_0209,point,8,point,0.5740454196929932,0.9843723129330051,0.7858641743659973,0.7706145209952484,0.38189233278955953
deepcrack,deepcrack_0209,point,9,point,0.3873785436153412,0.9901261826916882,0.7425343990325928,0.6871291811463756,0.3675805965652305
deepcrack,deepcrack_0209,point,10,point,0.29737159609794617,0.4557714233856952,1.0,0.5284686366241718,0.0804642166344294
deepcrack,deepcrack_0209,point,11,point,0.6279264092445374,0.9191376951864758,1.0,0.8228687570130815,0.07821011673151751
deepcrack,deepcrack_0210,text,0,text,0.5791015625,0.25,0.9988623857498169,0.5688562214374542,0.32001755926251096
deepcrack,deepcrack_0210,text,1,text,0.544921875,0.25,0.9728091359138489,0.5486710339784622,0.42641241505223654
deepcrack,deepcrack_0210,text,2,text,0.53173828125,0.25,1.0,0.5501953125,0.26879831342234717
deepcrack,deepcrack_0210,text,3,text,0.52490234375,0.25,1.0,0.5474609375,0.28777362520021355
deepcrack,deepcrack_0210,text,4,text,0.5107421875,0.25,1.0,0.541796875,0.173963133640553
deepcrack,deepcrack_0210,text,5,text,0.40966796875,0.25,1.0,0.5013671875,0.11877009646302251
deepcrack,deepcrack_0210,text,6,text,0.371826171875,0.25,1.0,0.48623046875,0.12327355184498041
deepcrack,deepcrack_0210,text,7,text,0.369384765625,0.25,1.0,0.48525390625,0.05446756425948592
deepcrack,deepcrack_0210,text,8,text,0.355224609375,0.25,0.8789610862731934,0.44933011531829836,0.08816165951359084
deepcrack,deepcrack_0210,text,9,text,0.29931640625,0.25,1.0,0.4572265625,0.03947912360479537
deepcrack,deepcrack_0210,box,0,box,0.9560546875,0.8852200968998986,0.9094593524932861,0.919613747038286,0.4012769662377866
deepcrack,deepcrack_0210,point,0,point,0.36807793378829956,0.9767862741152478,1.0,0.7391063694556566,0.12046473705666531
deepcrack,deepcrack_0210,point,1,point,0.42590051889419556,0.9471352317487142,0.9809462428092957,0.7470940993720521,0.28277153558052437
deepcrack,deepcrack_0210,point,3,point,0.3930087387561798,0.6080279700639997,1.0,0.6200132850248719,0.350258437214959
deepcrack,deepcrack_0210,point,4,point,0.49537530541419983,0.9475447465545924,1.0,0.7797907834597873,0.1791361357500964
deepcrack,deepcrack_0210,point,5,point,0.41117963194847107,0.9375899523750864,0.9145220518112183,0.7212588490634733,0.2958382082567274
deepcrack,deepcrack_0210,point,6,point,0.37516987323760986,0.9659815624804517,0.8563227653503418,0.7022421875007875,0.3621140257477495
deepcrack,deepcrack_0210,point,7,point,0.36767780780792236,0.7758795748059307,1.0,0.6686289743052447,0.14878340646190666
deepcrack,deepcrack_0210,point,8,point,0.3802676200866699,0.4788043749458617,0.8366830348968506,0.5288593379899322,0.366925781972978
deepcrack,deepcrack_0210,point,11,point,0.37120115756988525,0.7809263738031378,0.7401412725448608,0.6068400119952675,0.3568752036493972
deepcrack,deepcrack_0210,point,12,point,0.4262191355228424,0.9398609208177688,1.0,0.7494389764953561,0.021267635291640344
deepcrack,deepcrack_0210,point,13,point,0.2661725878715515,0.5770866012838286,0.8674271106719971,0.5253061232659599,0.38937885253674726
deepcrack,deepcrack_0211,text,0,text,0.63037109375,0.25,0.5859976410865784,0.48614784777164455,0.44739022369511183
deepcrack,deepcrack_0211,text,1,text,0.58056640625,0.25,0.6438414454460144,0.4806869238615036,0.16359505175460742
deepcrack,deepcrack_0211,text,2,text,0.5556640625,0.25,0.6552396416664124,0.47357553541660313,0.19975903614457832
deepcrack,deepcrack_0211,text,3,text,0.51953125,0.25,0.5958418846130371,0.44427297115325926,0.1663905325443787
deepcrack,deepcrack_0211,text,4,text,0.45654296875,0.25,0.5908593535423279,0.417832025885582,0.0
deepcrack,deepcrack_0211,text,5,text,0.429443359375,0.25,0.5097923278808594,0.38672542572021484,0.28679067577113254
deepcrack,deepcrack_0211,text,6,text,0.4248046875,0.25,0.5798158049583435,0.4023758262395859,0.5381231671554252
deepcrack,deepcrack_0211,text,7,text,0.408447265625,0.25,0.489005446434021,0.3731302678585052,0.0
deepcrack,deepcrack_0211,text,8,text,0.377197265625,0.25,0.5822561979293823,0.3839429557323456,0.44119893088965256
deepcrack,deepcrack_0211,text,9,text,0.2763671875,0.25,0.5482043623924255,0.3350979655981064,0.14014672400708322
deepcrack,deepcrack_0211,box,0,box,0.8994140625,0.7320034840596583,0.647360622882843,0.7778070001415912,0.42397935241670576
deepcrack,deepcrack_0211,box,1,box,0.302978515625,0.9806494763328443,0.5997006893157959,0.6143438952954445,0.0
deepcrack,deepcrack_0211,box,2,box,0.277587890625,0.9904902349538875,0.4846735894680023,0.5788751358508613,0.0
deepcrack,deepcrack_0211,point,0,point,0.5317972302436829,0.7544060649995851,0.624211311340332,0.6328138426824109,0.17804079576932763
deepcrack,deepcrack_0211,point,1,point,0.5486699342727661,0.9155448296237788,0.6643127799034119,0.705986859053282,0.1463042926085852
deepcrack,deepcrack_0211,point,2,point,0.5562262535095215,0.8809390222368076,0.571067214012146,0.6735859626897278,0.34818203708162776
deepcrack,deepcrack_0211,point,3,point,0.465375155210495,0.2603436888595928,0.6891767382621765,0.4495645377505996,0.09663654618473895
deepcrack,deepcrack_0212,text,0,text,0.74365234375,0.25,0.6471911668777466,0.5467587292194367,0.3127952351612241
deepcrack,deepcrack_0212,text,1,text,0.488037109375,0.25,0.544241189956665,0.41877514123916626,0.0
deepcrack,deepcrack_0212,text,2,text,0.278076171875,0.25,0.5611288547515869,0.33901268243789673,0.07050572166851236
deepcrack,deepcrack_0212,box,0,box,0.931640625,0.8304250186280745,0.6332117319107056,0.8216079394975024,0.349286092014807
deepcrack,deepcrack_0212,box,1,box,0.392822265625,0.9861236877715337,0.547180712223053,0.6390673750258,0.0
deepcrack,deepcrack_0212,point,0,point,0.5356390476226807,0.9138079505874611,0.6164178252220154,0.6881928580601875,0.30149114631873253
deepcrack,deepcrack_0212,point,1,point,0.6606977581977844,0.9288511267018528,0.616288959980011,0.743449237619765,0.33116707284050906
deepcrack,deepcrack_0212,point,2,point,0.6846176981925964,0.9065168107050742,0.6228625774383545,0.7468436073834032,0.28364969801553064
deepcrack,deepcrack_0212,point,3,point,0.5532271862030029,0.9635613066734707,0.6005871295928955,0.7086841142151398,0.2984536082474227
deepcrack,deepcrack_0212,point,4,point,0.5999590158462524,0.9271703913419301,0.6217797994613647,0.7199381931735177,0.33356117566643884
deepcrack,deepcrack_0212,point,5,point,0.5351020693778992,0.6758941015607458,0.5940816402435303,0.5991241733583033,0.10749891634156913
deepcrack,deepcrack_0212,point,6,point,0.42231565713882446,0.46129186102436376,0.5664128661155701,0.47198163074294963,0.2202359671076153
deepcrack,deepcrack_0213,text,0,text,0.8095703125,0.25,0.9490086436271667,0.6485802859067917,0.22117056210160324
deepcrack,deepcrack_0213,text,1,text,0.64013671875,0.25,0.8854607939720154,0.5649198859930038,0.5978372059038434
deepcrack,deepcrack_0213,text,2,text,0.5625,0.25,0.8907383680343628,0.5351845920085907,0.4630343671416597
deepcrack,deepcrack_0213,text,3,text,0.497802734375,0.25,0.9111505746841431,0.5144087374210358,0.2719812426729191
deepcrack,deepcrack_0213,text,4,text,0.3642578125,0.25,0.8503037095069885,0.44577905237674714,0.10209764247261927
deepcrack,deepcrack_0213,text,5,text,0.330078125,0.25,0.6029552221298218,0.37027005553245546,0.0
deepcrack,deepcrack_0213,text,6,text,0.326904296875,0.25,0.8178476095199585,0.4227236211299896,0.17266591676040494
deepcrack,deepcrack_0213,text,7,text,0.315185546875,0.25,0.7279160022735596,0.3955532193183899,0.0
deepcrack,deepcrack_0213,text,8,text,0.302978515625,0.25,0.8095802068710327,0.41108645796775817,0.09472176759410803
deepcrack,deepcrack_0213,text,9,text,0.296142578125,0.25,0.5310391187667847,0.33871681094169614,0.0
deepcrack,deepcrack_0213,text,10,text,0.266357421875,0.25,0.8092589378356934,0.39635770320892333,0.09988062077198567
deepcrack,deepcrack_0213,box,0,box,0.97412109375,0.8606942340359225,0.9503057599067688,0.928467859389265,0.6122969098438993
deepcrack,deepcrack_0213,box,1,box,0.266357421875,0.9580147585761202,1.0,0.691848134251642,0.21476910828025478
deepcrack,deepcrack_0213,point,0,point,0.7093292474746704,0.9918103359825479,1.0,0.8808653165837599,0.19373737373737374
deepcrack,deepcrack_0213,point,1,point,0.3853890597820282,0.8687820393664817,0.9267674684524536,0.6899212048041933,0.11490306946688207
deepcrack,deepcrack_0213,point,2,point,0.34151992201805115,0.832733261495884,0.7449100017547607,0.61429211076947,0.1372511848341232
deepcrack,deepcrack_0213,point,3,point,0.3381722867488861,0.8922255110377233,0.8550896048545837,0.6613202447764035,0.1121361213612136
deepcrack,deepcrack_0213,point,4,point,0.5735722780227661,0.9943336706148443,1.0,0.827445695924302,0.06348181622552185
deepcrack,deepcrack_0213,point,5,point,0.5185246467590332,0.9450640347380791,0.9575443267822266,0.7775683525574976,0.1194625236195675
deepcrack,deepcrack_0213,point,6,point,0.6826653480529785,0.827022834630163,0.9456422924995422,0.7989347044666341,0.1858161648177496
deepcrack,deepcrack_0214,text,0,text,0.67724609375,0.25,1.0,0.6083984375,0.525243578387954
deepcrack,deepcrack_0214,text,1,text,0.6416015625,0.25,1.0,0.594140625,0.2528762620333412
deepcrack,deepcrack_0214,text,2,text,0.6318359375,0.25,0.9294866323471069,0.5726060330867767,0.12210796915167095
deepcrack,deepcrack_0214,text,3,text,0.48681640625,0.25,0.9135794043540955,0.5106214135885239,0.0
deepcrack,deepcrack_0214,text,4,text,0.453369140625,0.25,1.0,0.51884765625,0.1257568700512343
deepcrack,deepcrack_0214,text,5,text,0.438720703125,0.25,0.8429714441299438,0.473731142282486,0.10877137428752374
deepcrack,deepcrack_0214,text,6,text,0.400390625,0.25,0.9603093266487122,0.48773358166217806,0.25961538461538464
deepcrack,deepcrack_0214,text,7,text,0.33056640625,0.25,1.0,0.4697265625,0.1841421143847487
deepcrack,deepcrack_0214,text,8,text,0.330322265625,0.25,1.0,0.46962890625,0.30666903157147923
deepcrack,deepcrack_0214,text,9,text,0.310791015625,0.25,1.0,0.46181640625,0.5495652173913044
deepcrack,deepcrack_0214,text,10,text,0.29052734375,0.25,1.0,0.4537109375,0.14812286689419796
deepcrack,deepcrack_0214,box,0,box,0.96533203125,0.8896698274806154,1.0,0.9475172521182154,0.5819124038783016
deepcrack,deepcrack_0214,box,1,box,0.3662109375,0.9832312049549736,0.9573460817337036,0.7299518171676667,0.11931097008159565
deepcrack,deepcrack_0214,box,2,box,0.266357421875,0.8247224411417715,1.0,0.64519582314962,0.2620097470410768
deepcrack,deepcrack_0214,box,3,box,0.266357421875,0.9675526344475726,1.0,0.6951863908066505,0.5285177900947613
deepcrack,deepcrack_0214,point,0,point,0.4845947325229645,0.8929584932929024,0.9805713891983032,0.7515162129612775,0.28700906344410876
deepcrack,deepcrack_0214,point,1,point,0.5832245945930481,0.954930210853694,1.0,0.8175154116360122,0.3354109855862875
deepcrack,deepcrack_0214,point,2,point,0.44810470938682556,0.9313688467754726,1.0,0.7552209801261456,0.39974779319041615
deepcrack,deepcrack_0214,point,3,point,0.4678380787372589,0.8288141715234814,0.9029545187950134,0.7029588212268754,0.29431689875799777
deepcrack,deepcrack_0214,point,4,point,0.6269158720970154,0.9228050956370669,1.0,0.8237481323117796,0.37808896210873144
deepcrack,deepcrack_0214,point,5,point,0.6640418171882629,0.9487935527630688,1.0,0.8476944703423792,0.2655485674353599
deepcrack,deepcrack_0214,point,6,point,0.6174458265304565,0.9329436460996654,0.8320308923721313,0.7815163298400983,0.1330857924565175
deepcrack,deepcrack_0214,point,7,point,0.4926755428314209,0.8114843917282266,0.7822065949440002,0.6766414029734478,0.11639221556886227
deepcrack,deepcrack_0215,text,0,text,0.677734375,0.25,0.9576255679130554,0.5980001419782639,0.18862667977712225
deepcrack,deepcrack_0215,text,1,text,0.66796875,0.25,0.9383124709129333,0.5892656177282334,0.7030031764366157
deepcrack,deepcrack_0215,text,2,text,0.65625,0.25,0.8572755455970764,0.5643188863992691,0.244299128101945
deepcrack,deepcrack_0215,text,3,text,0.54052734375,0.25,0.9401646256446838,0.538752093911171,0.5346763032446563
deepcrack,deepcrack_0215,text,4,text,0.497802734375,0.25,1.0,0.53662109375,0.30528
deepcrack,deepcrack_0215,text,5,text,0.428955078125,0.25,1.0,0.50908203125,0.1497127407908077
deepcrack,deepcrack_0215,text,6,text,0.39208984375,0.25,0.9805660843849182,0.4894774585962296,0.22119205298013245
deepcrack,deepcrack_0215,text,7,text,0.3056640625,0.25,1.0,0.459765625,0.07101100412654746
deepcrack,deepcrack_0215,box,0,box,0.974609375,0.9104527960664562,0.9875028133392334,0.9553779319580681,0.6817394044430439
deepcrack,deepcrack_0215,box,1,box,0.29736328125,0.9747369505709571,0.9900376200675964,0.7076126502167341,0.5246085011185683
deepcrack,deepcrack_0215,point,0,point,0.5817736387252808,0.9661204183131566,1.0,0.8208516018997172,0.18562069544767343
deepcrack,deepcrack_0215,point,1,point,0.9105600118637085,0.9919413353056749,0.587097704410553,0.8581778982051078,0.00695926510160527
deepcrack,deepcrack_0215,point,2,point,0.3702269494533539,0.587456312912921,0.7934846878051758,0.5520716612521579,0.22125114995400183
deepcrack,deepcrack_0215,point,3,point,0.3281135559082031,0.5184452278599638,1.0,0.5627012521142686,0.07534835713056941
deepcrack,deepcrack_0215,point,4,point,0.5954701900482178,0.9150354539761972,0.9420329928398132,0.7939587331209095,0.3579175704989154
deepcrack,deepcrack_0215,point,5,point,0.5493186116218567,0.7172136446628944,0.894964337348938,0.6944933046179902,0.5103677917360375
deepcrack,deepcrack_0216,text,0,text,0.900390625,0.25,0.9276989698410034,0.6795809924602508,0.7021310946076849
deepcrack,deepcrack_0216,text,1,text,0.454833984375,0.25,1.0,0.51943359375,0.5867934882019389
deepcrack,deepcrack_0216,text,2,text,0.323974609375,0.25,1.0,0.46708984375,0.387459807073955
deepcrack,deepcrack_0216,box,0,box,0.97119140625,0.9416980032717095,0.9342840909957886,0.9516418863940455,0.7005212712291912
deepcrack,deepcrack_0216,point,1,point,0.3750886917114258,0.9622836382111506,0.766823947429657,0.6785407369158872,0.12854073061144755
deepcrack,deepcrack_0216,point,2,point,0.31009411811828613,0.765968889683905,0.7489677667617798,0.5793687003271262,0.13254392666157372
deepcrack,deepcrack_0216,point,4,point,0.691013514995575,0.9676711669600964,0.9140297770500183,0.8435977586967682,0.6391269199676637
deepcrack,deepcrack_0216,point,5,point,0.7375423908233643,0.9861226501319544,0.8812976479530334,0.8604842958637882,0.6131269150137074
deepcrack,deepcrack_0216,point,6,point,0.7176101207733154,0.9744771377953836,0.9198756217956543,0.858079951986624,0.6270423474491497
deepcrack,deepcrack_0216,point,7,point,0.7546209096908569,0.9668094100216201,0.933936595916748,0.8737158063630968,0.600210785174776
deepcrack,deepcrack_0216,point,8,point,0.6878986358642578,0.740679950001098,0.8930783271789551,0.7576670186408262,0.587542662116041
deepcrack,deepcrack_0217,text,0,text,0.90771484375,0.25,1.0,0.7005859375,0.8034347196358369
deepcrack,deepcrack_0217,text,1,text,0.29248046875,0.25,1.0,0.4544921875,0.1701090740310977
deepcrack,deepcrack_0217,text,2,text,0.29052734375,0.25,1.0,0.4537109375,0.6086016857575103
deepcrack,deepcrack_0217,text,3,text,0.26806640625,0.25,1.0,0.4447265625,0.2328828828828829
deepcrack,deepcrack_0217,box,0,box,0.96337890625,0.9263496088620851,1.0,0.9595739256017297,0.8032960067610395
deepcrack,deepcrack_0217,point,0,point,0.699199914932251,0.9291414526522027,0.96000075340271,0.8448796627518489,0.6990667371016024
deepcrack,deepcrack_0217,point,1,point,0.5636497735977173,0.9237942213419588,0.9444541931152344,0.784901435187581,0.41770155726394637
deepcrack,deepcrack_0218,text,0,text,0.93212890625,0.25,1.0,0.7103515625,0.7442685589519651
deepcrack,deepcrack_0218,text,1,text,0.33935546875,0.25,0.8107425570487976,0.4259278267621994,0.06355402873204247
deepcrack,deepcrack_0218,text,2,text,0.322265625,0.25,0.9670613408088684,0.4581715852022171,0.39551897576588935
deepcrack,deepcrack_0218,box,0,box,0.97998046875,0.9127669428491003,1.0,0.9614606174971851,0.736545853926414
deepcrack,deepcrack_0218,point,0,point,0.6166048645973206,0.9778564269672232,0.9605348706245422,0.8290254129335919,0.6721607004893124
deepcrack,deepcrack_0218,point,1,point,0.3410305380821228,0.988886447836548,0.9891894459724426,0.7298198334687516,0.6873589164785553
deepcrack,deepcrack_0218,point,2,point,0.6051936745643616,0.9700590805944419,1.0,0.8315981480337993,0.6870269552516266
deepcrack,deepcrack_0219,text,0,text,0.81982421875,0.25,0.7242642641067505,0.5964957535266876,0.3617539585870889
deepcrack,deepcrack_0219,text,1,text,0.81396484375,0.25,0.7085750699043274,0.5902297049760818,0.29202562403357635
deepcrack,deepcrack_0219,text,2,text,0.5,0.25,0.7499901652336121,0.474997541308403,0.25155363415293164
deepcrack,deepcrack_0219,text,3,text,0.448974609375,0.25,0.6492061614990234,0.42939138412475586,0.08143228414669362
deepcrack,deepcrack_0219,text,4,text,0.41552734375,0.25,0.7272517681121826,0.43552387952804567,0.5071177666851544
deepcrack,deepcrack_0219,text,5,text,0.394775390625,0.25,0.7849180102348328,0.4416396588087082,0.33836029613380864
deepcrack,deepcrack_0219,box,0,box,0.96875,0.9222840826848149,0.7287643551826477,0.892490517735347,0.5191473306923222
deepcrack,deepcrack_0219,box,1,box,0.462646484375,0.9694932399040572,0.748356282711029,0.7114702983941772,0.305939226519337
deepcrack,deepcrack_0219,box,2,box,0.28369140625,0.9738293794310702,0.7620664834976196,0.6448334661752795,0.25027056277056275
deepcrack,deepcrack_0219,box,3,box,0.281982421875,0.9764337483412062,0.673289954662323,0.6228672693350029,0.34486709440879926
deepcrack,deepcrack_0219,box,4,box,0.26025390625,0.8958539184077214,0.8105157017707825,0.6202793593853981,0.34799663771364525
deepcrack,deepcrack_0219,point,0,point,0.43146783113479614,0.9425133318845662,0.82038813829422,0.7075638331870716,0.2764291307752545
deepcrack,deepcrack_0219,point,1,point,0.5133939981460571,0.9738200592544999,0.7856209874153137,0.7425998668513263,0.08075864178647904
deepcrack,deepcrack_0219,point,2,point,0.8025832176208496,0.228932241622913,0.5393494963645935,0.5359969457075078,0.008408940030980305
deepcrack,deepcrack_0219,point,3,point,0.6281254887580872,0.8767325012696796,0.7997531890869141,0.7580448682193512,0.30356691120667845
deepcrack,deepcrack_0219,point,4,point,0.6447424292564392,0.7439302166673628,0.7863999009132385,0.7148725227644623,0.3210702341137124
deepcrack,deepcrack_0219,point,5,point,0.6322779655456543,0.9442287902722949,0.7311007380485535,0.7661664473257033,0.30952943958382595
deepcrack,deepcrack_0219,point,6,point,0.5290145874023438,0.9394851056856599,0.7384306192398071,0.7250332767608703,0.13533151680290645
deepcrack,deepcrack_0219,point,7,point,0.656101405620575,0.944199924835522,0.7513765692710876,0.7807546782584345,0.33119894016339146
deepcrack,deepcrack_0219,point,8,point,0.43528982996940613,0.9402038653515312,0.7701296210289001,0.6957196901180234,0.14307980049875313
deepcrack,deepcrack_0219,point,9,point,0.6671973466873169,0.5784294309996799,0.7662504315376282,0.6608918474092218,0.34471313418681837
deepcrack,deepcrack_0219,point,10,point,0.6758316159248352,0.9660600398007164,0.7931674122810364,0.806745513370444,0.3808241314301104
deepcrack,deepcrack_0219,point,11,point,0.6701167821884155,0.9178549514581491,0.7200210094451904,0.769301198247016,0.35520684736091296
deepcrack,deepcrack_0219,point,12,point,0.6446889042854309,0.9232885176873891,0.7531762719154358,0.7693206108836175,0.36395939086294415
deepcrack,deepcrack_0219,point,13,point,0.7684582471847534,0.9265814279457529,0.8051038980484009,0.8329627731670151,0.34994239631336405
deepcrack,deepcrack_0220,text,0,text,0.921875,0.25,0.7859199643135071,0.6527299910783768,0.40522438044206294
deepcrack,deepcrack_0220,text,1,text,0.779296875,0.25,0.8958022594451904,0.6231693148612977,0.3657111049262455
deepcrack,deepcrack_0220,text,2,text,0.49658203125,0.25,0.827914834022522,0.4931115210056305,0.08621920742591932
deepcrack,deepcrack_0220,text,3,text,0.4580078125,0.25,0.3859388530254364,0.36718783825635914,0.0
deepcrack,deepcrack_0220,text,4,text,0.429443359375,0.25,0.6670470237731934,0.42603909969329834,0.0
deepcrack,deepcrack_0220,text,5,text,0.3505859375,0.25,0.39844849705696106,0.32734649926424025,0.0
deepcrack,deepcrack_0220,text,6,text,0.330810546875,0.25,0.765850305557251,0.41128679513931277,0.0802042160737813
deepcrack,deepcrack_0220,text,7,text,0.305419921875,0.25,0.6230170130729675,0.36542222201824187,0.0
deepcrack,deepcrack_0220,text,8,text,0.287109375,0.25,0.9324565529823303,0.43545788824558257,0.0
deepcrack,deepcrack_0220,text,9,text,0.263916015625,0.25,0.8991355299949646,0.41785028874874114,0.0
deepcrack,deepcrack_0220,box,0,box,0.966796875,0.920486213098847,0.8717706203460693,0.9268315796711137,0.667676900777441
deepcrack,deepcrack_0220,box,1,box,0.65380859375,0.975032132485938,0.7973477840423584,0.8021216298806679,0.40358896224818014
deepcrack,deepcrack_0220,box,2,box,0.435791015625,0.979280283337309,0.4015690088272095,0.6174567576248605,0.0
deepcrack,deepcrack_0220,box,3,box,0.35205078125,0.9586530489101326,0.3786776065826416,0.5710182812642068,0.0
deepcrack,deepcrack_0220,box,4,box,0.329345703125,0.9178714397078908,0.4140060842037201,0.5564948061986917,0.0
deepcrack,deepcrack_0220,box,5,box,0.2841796875,0.7880311118355297,0.8749281764030457,0.6082148082431967,0.09817269795772125
deepcrack,deepcrack_0220,box,6,box,0.27587890625,0.9689605384139057,0.6936817765235901,0.6229081950757644,0.0
deepcrack,deepcrack_0220,point,0,point,0.6201294660568237,0.9505351106584904,0.9793262481689453,0.8255706371954374,0.2924724308774173
deepcrack,deepcrack_0220,point,1,point,0.4648083448410034,0.909261435886475,0.9273858666419983,0.7360113071571672,0.3452455919395466
deepcrack,deepcrack_0220,point,2,point,0.8018606305122375,0.9782737824124732,0.794245719909668,0.8617015060266777,0.41761605169188915
deepcrack,deepcrack_0220,point,3,point,0.7942826151847839,0.7565836062545189,0.7865446209907532,0.7791534635106835,0.4020253164556962
deepcrack,deepcrack_0221,text,0,text,0.89892578125,0.25,0.9108736515045166,0.6747887253761292,0.7545454545454545
deepcrack,deepcrack_0221,text,1,text,0.392333984375,0.25,1.0,0.49443359375,0.17881306785231008
deepcrack,deepcrack_0221,text,2,text,0.313232421875,0.25,0.7513095736503601,0.40062036216259,0.13292617208550386
deepcrack,deepcrack_0221,box,0,box,0.9736328125,0.9557922612369826,0.9388265013694763,0.958687041775313,0.7536887994634474
deepcrack,deepcrack_0221,point,0,point,0.5323989987373352,0.9685210637963306,0.7651570439338684,0.7432312328071169,0.2831720801658604
deepcrack,deepcrack_0221,point,1,point,0.36420878767967224,0.6644568018643148,0.8038098812103271,0.5791958660269608,0.23185840707964603
deepcrack,deepcrack_0221,point,2,point,0.563765287399292,0.8771654667952664,0.7643107175827026,0.7235917077337357,0.32479807527066507
deepcrack,deepcrack_0221,point,3,point,0.5999786257743835,0.8395755965524101,0.8827396035194397,0.7545278099829569,0.4803517964071856
deepcrack,deepcrack_0221,point,4,point,0.6531242728233337,0.9613243366916195,1.0,0.8477132269714003,0.18546992119930808
deepcrack,deepcrack_0222,text,0,text,0.9248046875,0.25,1.0,0.707421875,0.753886925795053
deepcrack,deepcrack_0222,text,1,text,0.360107421875,0.25,1.0,0.48154296875,0.37796185706029667
deepcrack,deepcrack_0222,text,2,text,0.329833984375,0.25,0.9995210766792297,0.4693138629198074,0.4509528585757272
deepcrack,deepcrack_0222,text,3,text,0.30078125,0.25,1.0,0.4578125,0.16217962524230023
deepcrack,deepcrack_0222,box,0,box,0.96337890625,0.9317715721064694,1.0,0.9614716127372642,0.7548652694610778
deepcrack,deepcrack_0222,point,0,point,0.380027711391449,0.7230759547636778,1.0,0.6550876687238668,0.6386729857819905
deepcrack,deepcrack_0222,point,1,point,0.5209119915962219,0.9757241489532653,0.9812486171722412,0.7951804030651919,0.7206543232069027
deepcrack,deepcrack_0222,point,2,point,0.6114310026168823,0.9567736151406514,0.9144748449325562,0.80806187757912,0.6892173913043478
deepcrack,deepcrack_0222,point,3,point,0.7751230597496033,0.9515397912681092,0.9329490661621094,0.8763254173842069,0.6639780018331806
deepcrack,deepcrack_0222,point,4,point,0.45673108100891113,0.553268753269402,0.9489530920982361,0.6135747690724142,0.30486553069184974
deepcrack,deepcrack_0223,text,0,text,0.90087890625,0.25,0.8795523643493652,0.6677396535873413,0.7447937392227085
deepcrack,deepcrack_0223,text,1,text,0.345947265625,0.25,0.6938928961753845,0.39935213029384614,0.14991391868626672
deepcrack,deepcrack_0223,box,0,box,0.97314453125,0.9590135813115268,0.9125665426254272,0.9530542016153911,0.708568622636877
deepcrack,deepcrack_0223,point,0,point,0.5917304754257202,0.9832343940366328,0.8659548759460449,0.7973129470696207,0.6194100856327307
deepcrack,deepcrack_0223,point,1,point,0.5287312269210815,0.9549598184675551,0.836039662361145,0.7547383428223631,0.5668055896052954
deepcrack,deepcrack_0223,point,2,point,0.7814767956733704,0.9579302318576559,0.8588076829910278,0.8625682201672846,0.6599724896836313
deepcrack,deepcrack_0223,point,3,point,0.7231041193008423,0.7355095822839148,0.7879161834716797,0.743649047387627,0.6605825242718446
deepcrack,deepcrack_0224,text,0,text,0.9267578125,0.25,0.9168087840080261,0.6874053210020066,0.7146051712089448
deepcrack,deepcrack_0224,box,0,box,0.974609375,0.9356424196263671,0.9264222979545593,0.9489241713578683,0.7173943761480853
deepcrack,deepcrack_0224,point,0,point,0.4585663676261902,0.9278684367061111,0.8119168281555176,0.7111597069364943,0.5617077079994172
deepcrack,deepcrack_0224,point,1,point,0.5738795399665833,0.9123987524889706,0.867865264415741,0.7658576954617082,0.35158954988983315
deepcrack,deepcrack_0224,point,2,point,0.6673049330711365,0.9647944809917822,0.8690754771232605,0.8218689108563935,0.4698488702678438
deepcrack,deepcrack_0224,point,3,point,0.5720821022987366,0.8575764295051943,0.7555029392242432,0.7178603260523735,0.4872778962331201
deepcrack,deepcrack_0224,point,4,point,0.49366438388824463,0.7703028506752612,0.5311037302017212,0.5998476838420695,0.0653713298791019
deepcrack,deepcrack_0224,point,5,point,0.5075720548629761,0.917500525185503,0.8327814936637878,0.7323493791760634,0.5914606051297804
deepcrack,deepcrack_0224,point,6,point,0.3419494330883026,0.9730717488222054,0.8666887879371643,0.694027082307384,0.6294232376706603
deepcrack,deepcrack_0224,point,7,point,0.2959195375442505,0.9723500212953006,0.8454509377479553,0.6700530569080443,0.29283144201494604
deepcrack,deepcrack_0225,text,0,text,0.83642578125,0.25,0.7667359113693237,0.613754290342331,0.18680129823296068
deepcrack,deepcrack_0225,text,1,text,0.6845703125,0.25,0.7325312495231628,0.5444609373807907,0.19138601036269431
deepcrack,deepcrack_0225,text,2,text,0.56591796875,0.25,0.7002895474433899,0.48893957436084745,0.19345549738219894
deepcrack,deepcrack_0225,text,3,text,0.487548828125,0.25,0.7969502806663513,0.48175710141658784,0.24687319607465846
deepcrack,deepcrack_0225,text,4,text,0.450439453125,0.25,0.7092952728271484,0.44499959945678713,0.035464803868887694
deepcrack,deepcrack_0225,text,5,text,0.424072265625,0.25,0.745754599571228,0.443567556142807,0.06111111111111111
deepcrack,deepcrack_0225,text,6,text,0.390869140625,0.25,0.8792116045951843,0.4636505573987961,0.13460490463215258
deepcrack,deepcrack_0225,text,7,text,0.312255859375,0.25,0.6880117654800415,0.3844052851200104,0.03047960555804572
deepcrack,deepcrack_0225,text,8,text,0.279541015625,0.25,0.7914700508117676,0.3971839189529419,0.08333333333333333
deepcrack,deepcrack_0225,text,9,text,0.25732421875,0.25,0.7572615146636963,0.3797450661659241,0.1062992125984252
deepcrack,deepcrack_0225,text,10,text,0.25048828125,0.25,0.4406226873397827,0.29785098433494567,0.0
deepcrack,deepcrack_0225,box,0,box,0.9560546875,0.9221030782319672,0.7547829151153564,0.8938536811600277,0.23852385238523852
deepcrack,deepcrack_0225,box,1,box,0.6337890625,0.9773223055030144,0.8103506565093994,0.7981660960534049,0.19441298603246507
deepcrack,deepcrack_0225,point,0,point,0.5412977337837219,0.9966147516896855,0.8906868100166321,0.7880059591090367,0.07959067652075043
deepcrack,deepcrack_0225,point,1,point,0.5528919696807861,0.9789336003209177,0.8511362075805664,0.7765675998797772,0.20067516879219804
deepcrack,deepcrack_0225,point,2,point,0.638266921043396,0.9762061747880489,0.7872117161750793,0.7937818586369454,0.18989169675090253
deepcrack,deepcrack_0225,point,3,point,0.6081998944282532,0.9775706948295282,0.7971416115760803,0.7847151038556562,0.19104369808595162
deepcrack,deepcrack_0225,point,4,point,0.4011508524417877,0.9395185930314616,0.7274805307388306,0.6711619812224343,0.23215627347858753
deepcrack,deepcrack_0225,point,5,point,0.46258851885795593,0.8871676520133136,0.7575394511222839,0.6849289485284131,0.23038187159043222
deepcrack,deepcrack_0225,point,6,point,0.38856980204582214,0.7477737428636415,0.7558721303939819,0.6061167634190989,0.1848503740648379
deepcrack,deepcrack_0225,point,7,point,0.5612072944641113,0.9724571009420281,0.7719057202339172,0.7578193331738337,0.18796992481203006
deepcrack,deepcrack_0225,point,8,point,0.5249089002609253,0.8212073656406342,0.8164799809455872,0.7015061333149888,0.19912559618441972
deepcrack,deepcrack_0225,point,9,point,0.47408586740493774,0.9282859972260251,0.8407635688781738,0.7247253382106273,0.06763738844527947
deepcrack,deepcrack_0225,point,10,point,0.329584538936615,0.9354556846103078,0.8751868605613708,0.6780400203285964,0.038037486218302094
deepcrack,deepcrack_0225,point,11,point,0.6900581121444702,0.9861857018037616,0.7159409523010254,0.800173478564361,0.04048140043763676
deepcrack,deepcrack_0225,point,12,point,0.5677587985992432,0.4993549504658885,0.8390998840332031,0.611652723111059,0.11364843335103558
deepcrack,deepcrack_0225,point,13,point,0.4699619710445404,0.9747220547974086,0.702648401260376,0.7047996079120031,0.2266624040920716
deepcrack,deepcrack_0225,point,14,point,0.306087464094162,0.6747557772115115,0.759793221950531,0.5485478131493265,0.2437336326225215
deepcrack,deepcrack_0225,point,16,point,0.36592698097229004,0.9907839174031577,0.7388864159584045,0.6778667674696224,0.2379943502824859
deepcrack,deepcrack_0225,point,17,point,0.5008611083030701,0.9692437271706501,0.7222161889076233,0.7201337950578613,0.23559582834672593
deepcrack,deepcrack_0225,point,18,point,0.43695226311683655,0.9880832554114563,0.7160709500312805,0.6996277821485644,0.23152542372881357
deepcrack,deepcrack_0225,point,19,point,0.4571588933467865,0.9822324010422785,0.7101773619651794,0.7041892381948069,0.22982601491300747
deepcrack,deepcrack_0225,point,20,point,0.5702335834503174,0.8646002036152769,0.7433876395225525,0.716550414526112,0.23245184459680052
deepcrack,deepcrack_0226,text,0,text,0.7958984375,0.25,0.7465256452560425,0.5924907863140106,0.30321328445115375
deepcrack,deepcrack_0226,text,1,text,0.63671875,0.25,0.7298744916915894,0.5246561229228973,0.20773534419849185
deepcrack,deepcrack_0226,text,2,text,0.5869140625,0.25,0.6794962286949158,0.49213968217372894,0.2711284807034685
deepcrack,deepcrack_0226,text,3,text,0.262451171875,0.25,0.7205391526222229,0.37261525690555575,0.10353915662650602
deepcrack,deepcrack_0226,text,4,text,0.251953125,0.25,0.7768259644508362,0.38248774111270906,0.18775326429536246
deepcrack,deepcrack_0226,box,0,box,0.95849609375,0.9060235836574245,0.8148291110992432,0.9042139695549094,0.3927364864864865
deepcrack,deepcrack_0226,box,1,box,0.30615234375,0.9660510410475418,0.7208244800567627,0.6407849218808302,0.2750891492613347
deepcrack,deepcrack_0226,point,0,point,0.27742427587509155,0.44622472933898755,0.8477662205696106,0.4790899207610849,0.08765652951699464
deepcrack,deepcrack_0226,point,1,point,0.4254366159439087,0.9850716724204922,0.7861412167549133,0.7114850359134641,0.35898076442668
deepcrack,deepcrack_0226,point,2,point,0.5939954519271851,0.9485430135689892,0.7319484353065491,0.7525753443466574,0.3080750961320968
deepcrack,deepcrack_0226,point,3,point,0.2858906388282776,0.7534004406222488,0.9230265617370605,0.6088030501833632,0.10902696365767878
deepcrack,deepcrack_0226,point,4,point,0.6328486204147339,0.8119964044669195,0.7566853165626526,0.7265095188699785,0.27138029633480637
deepcrack,deepcrack_0226,point,5,point,0.44277098774909973,0.6161872289686589,0.8450900316238403,0.6040464331446306,0.347239263803681
deepcrack,deepcrack_0226,point,6,point,0.5733489394187927,0.9341358896309904,0.7226158380508423,0.7369410966510743,0.3095290251916758
deepcrack,deepcrack_0226,point,7,point,0.6585984230041504,0.8699158138068006,0.6963915824890137,0.7420077996562937,0.29093198992443325
deepcrack,deepcrack_0226,point,8,point,0.689603328704834,0.9475312029566781,0.7153543829917908,0.7863158482647187,0.30084470435347627
deepcrack,deepcrack_0226,point,9,point,0.6896445155143738,0.9232040648786082,0.6783075332641602,0.7685561122293023,0.27407111466240514
deepcrack,deepcrack_0226,point,10,point,0.6528811454772949,0.9112376873060068,0.6924993991851807,0.7532104985443155,0.2832687996739352
deepcrack,deepcrack_0226,point,11,point,0.6558135151863098,0.954779642521396,0.6942242383956909,0.7700543405559352,0.273950910530483
deepcrack,deepcrack_0226,point,12,point,0.6304435729980469,0.9363238282719493,0.7200331091880798,0.7598990463914209,0.2748262721362923
deepcrack,deepcrack_0227,text,0,text,0.97119140625,0.49088669950738917,1.0,0.8102869073275862,0.8093196902654868
deepcrack,deepcrack_0227,text,1,text,0.32861328125,0.25,0.8379623889923096,0.4284359097480774,0.0
deepcrack,deepcrack_0227,text,2,text,0.251220703125,0.25,0.5654104948043823,0.3293409049510956,0.0
deepcrack,deepcrack_0227,box,0,box,0.9892578125,0.45898382704789337,1.0,0.8063474644667628,0.845127436281859
deepcrack,deepcrack_0227,box,1,box,0.343994140625,0.9719792707537372,0.9106366634368896,0.7054495668730304,0.0
deepcrack,deepcrack_0227,box,2,box,0.300048828125,0.7458794934114398,0.5971113443374634,0.5303551900283697,0.0
deepcrack,deepcrack_0227,point,0,point,0.8437071442604065,0.9297022904821388,1.0,0.9128786593729112,0.7811090474927036
deepcrack,deepcrack_0228,text,0,text,0.97705078125,0.25,1.0,0.7283203125000001,0.7089213106912222
deepcrack,deepcrack_0228,text,1,text,0.4208984375,0.25,0.7251266241073608,0.4371410310268402,0.0
deepcrack,deepcrack_0228,text,2,text,0.257568359375,0.25,0.7173148393630981,0.36985605359077456,0.0
deepcrack,deepcrack_0228,text,3,text,0.25146484375,0.25,0.831611156463623,0.3959887266159058,0.0
deepcrack,deepcrack_0228,box,0,box,0.990234375,0.4650810201778194,1.0,0.8088721070622368,0.7143730886850153
deepcrack,deepcrack_0228,box,1,box,0.46875,0.9233925246561215,0.7299909591674805,0.6931851234215126,0.0
deepcrack,deepcrack_0228,box,2,box,0.3408203125,0.9395095204281063,0.8635340929031372,0.6810399803756215,0.0
deepcrack,deepcrack_0228,point,0,point,0.8379303812980652,0.9958357676438483,1.0,0.933714671194573,0.7479684806697857
deepcrack,deepcrack_0229,text,0,text,0.97119140625,0.25,1.0,0.7259765625,0.8180677540777918
deepcrack,deepcrack_0229,box,0,box,0.9912109375,0.9489346169411865,1.0,0.9786114909294152,0.836036036036036
deepcrack,deepcrack_0229,point,0,point,0.845649778842926,0.9376065918877504,1.0,0.9164222186978831,0.7650462962962963
deepcrack,deepcrack_0230,text,0,text,0.94580078125,0.25,1.0,0.7158203125,0.9063114217077964
deepcrack,deepcrack_0230,text,1,text,0.43359375,0.25,1.0,0.5109375,0.13289590747330962
deepcrack,deepcrack_0230,text,2,text,0.334228515625,0.25,1.0,0.47119140625,0.7339489885664028
deepcrack,deepcrack_0230,box,0,box,0.98876953125,0.9318715630476048,1.0,0.9716628595666617,0.9010662855886556
deepcrack,deepcrack_0230,box,1,box,0.2509765625,0.8346416148452571,1.0,0.6425151901958399,0.6860722998447549
deepcrack,deepcrack_0230,point,0,point,0.8655878901481628,0.91907699091807,1.0,0.9179121028805897,0.9171717171717172
deepcrack,deepcrack_0231,text,0,text,0.970703125,0.4898442433171964,1.0,0.8097267351610188,0.8054711246200608
deepcrack,deepcrack_0231,box,0,box,0.99072265625,0.972683010121828,1.0,0.9867281160426398,0.8086280924146392
deepcrack,deepcrack_0231,point,0,point,0.6536533236503601,0.9167181001664682,1.0,0.8323126645184079,0.8322368421052632
deepcrack,deepcrack_0232,text,0,text,0.97802734375,0.49113514719000895,1.0,0.8131082390165032,0.6614155757710228
deepcrack,deepcrack_0232,box,0,box,0.99365234375,0.7033932771477029,1.0,0.893648584501696,0.6790602189781022
deepcrack,deepcrack_0232,point,0,point,0.8135388493537903,0.9741637821966928,1.0,0.9163728635103586,0.7005436067123612
deepcrack,deepcrack_0233,text,0,text,0.97705078125,0.25,0.8920255899429321,0.7013267099857331,0.8512722035525684
deepcrack,deepcrack_0233,box,0,box,0.98974609375,0.9200028982610226,0.8681232929229736,0.9349302751221014,0.8202345188487257
deepcrack,deepcrack_0233,point,0,point,0.8496551513671875,0.776738846556962,0.8885918855667114,0.8338686282334895,0.8753392606457651
deepcrack,deepcrack_0234,text,0,text,0.96435546875,0.25,0.6865180134773254,0.6448716908693314,0.8529168276394945
deepcrack,deepcrack_0234,box,0,box,0.9921875,0.7378988164709518,0.6581780314445496,0.8196840936259706,0.8270581080333942
deepcrack,deepcrack_0234,point,0,point,0.9131026268005371,0.9842532261437817,0.6856828927993774,0.8811504030703827,0.8495633911793965
deepcrack,deepcrack_0235,text,0,text,0.9755859375,0.25,0.8229323029518127,0.6834674507379532,0.8932742214532872
deepcrack,deepcrack_0235,text,1,text,0.2978515625,0.25,0.8065512776374817,0.40827844440937044,0.0
deepcrack,deepcrack_0235,box,0,box,0.990234375,0.9562167613580451,0.753981351852417,0.91926495443842,0.8570112201203317
deepcrack,deepcrack_0235,point,0,point,0.9406230449676514,0.9974619086944797,0.8940409421920776,0.9488711215781478,0.9187587544445641
deepcrack,deepcrack_0236,text,0,text,0.7236328125,0.3916640850888063,0.504690945148468,0.5527082910681993,0.36950112041514327
deepcrack,deepcrack_0236,text,1,text,0.71630859375,0.2824675324675325,0.7466267943382263,0.572043772448193,0.09543836945972177
deepcrack,deepcrack_0236,text,2,text,0.634765625,0.3404571089344019,0.4828338325023651,0.49377469625263193,0.28843939170234756
deepcrack,deepcrack_0236,text,3,text,0.379150390625,0.2667131907645723,0.489102840423584,0.3672854831234963,0.14114486464145484
deepcrack,deepcrack_0236,text,4,text,0.25927734375,0.2896900344406177,0.6211262941360474,0.36038402308822803,0.09160440598883737
deepcrack,deepcrack_0236,text,5,text,0.25439453125,0.26284794162688047,0.49154144525527954,0.31663995338322803,0.16372647353826184
deepcrack,deepcrack_0236,text,6,text,0.253173828125,0.2760116415738512,0.6012448668479919,0.3481848225128459,0.05780415079857113
deepcrack,deepcrack_0236,box,0,box,0.9814453125,0.667210663977592,0.5427988171577454,0.7618015616815935,0.47428942092227855
deepcrack,deepcrack_0236,point,0,point,0.6115413308143616,0.9783759769150796,0.477407306432724,0.7063999508542035,0.5175998110087409
