image_id,method,dataset,protocol,iou,dice,precision,recall,f1
deepcrack_0000,point_v2,deepcrack,oracle_gt_prompt,0.5389107898963352,0.7003795066413663,0.5461675051790471,0.9759386567953464,0.7003795066413664
deepcrack_0001,point_v2,deepcrack,oracle_gt_prompt,0.5777111015859409,0.7323407954792437,0.734896401308615,0.7298029023175222,0.7323407954792436
deepcrack_0002,point_v2,deepcrack,oracle_gt_prompt,0.7063285320257432,0.827892775358089,0.7213050622017056,0.9714436248682824,0.827892775358089
deepcrack_0003,point_v2,deepcrack,oracle_gt_prompt,0.04243396633061137,0.08141324573292597,0.04243457603739607,0.9996615141599909,0.08141324573292595
deepcrack_0004,point_v2,deepcrack,oracle_gt_prompt,0.03558063150184827,0.06871629387322076,0.03705381085751743,0.47227707732037066,0.06871629387322076
deepcrack_0005,point_v2,deepcrack,oracle_gt_prompt,0.016952789699570814,0.03334036716606879,0.8876404494382022,0.01698924731182796,0.03334036716606879
deepcrack_0006,point_v2,deepcrack,oracle_gt_prompt,0.42582368655387354,0.5973020234823883,0.6586776859504132,0.5463893967093236,0.5973020234823881
deepcrack_0007,point_v2,deepcrack,oracle_gt_prompt,0.759119496855346,0.8630675723989989,0.8141652613827993,0.9182198554583492,0.8630675723989989
deepcrack_0008,point_v2,deepcrack,oracle_gt_prompt,0.8061499220631997,0.8926722108896908,0.8776612156741747,0.908205619412516,0.892672210889691
deepcrack_0009,point_v2,deepcrack,oracle_gt_prompt,0.6166932482721956,0.76290693850707,0.7184886961907712,0.8131791097090781,0.7629069385070701
deepcrack_0010,point_v2,deepcrack,oracle_gt_prompt,0.09693043150081772,0.1767303171053386,0.10164237187520613,0.6764705882352942,0.17673031710533862
deepcrack_0011,point_v2,deepcrack,oracle_gt_prompt,0.7038693369628621,0.8262010726920005,0.7199681782020684,0.9692101740294511,0.8262010726920003
deepcrack_0012,point_v2,deepcrack,oracle_gt_prompt,0.08291079068293455,0.15312580019753447,0.12609699769053118,0.19490315371244102,0.15312580019753447
deepcrack_0013,point_v2,deepcrack,oracle_gt_prompt,0.05495670613182541,0.10418760469011726,0.069899857653023,0.20450062102725214,0.10418760469011726
deepcrack_0014,point_v2,deepcrack,oracle_gt_prompt,0.06797594352997359,0.12729864177519423,0.08831284656248788,0.22790953667567296,0.12729864177519423
deepcrack_0015,point_v2,deepcrack,oracle_gt_prompt,0.028852531505637852,0.05608681637477168,0.03156407335034912,0.2514195903467856,0.056086816374771684
deepcrack_0016,point_v2,deepcrack,oracle_gt_prompt,0.3541754091481326,0.5230864580105361,0.5753237900477164,0.47954545454545455,0.5230864580105361
deepcrack_0017,point_v2,deepcrack,oracle_gt_prompt,0.08513300254489102,0.15690795938421226,0.1177002457002457,0.23528487229862474,0.15690795938421223
deepcrack_0018,point_v2,deepcrack,oracle_gt_prompt,0.07664154337644614,0.14237151417377275,0.13579907672015828,0.1496124969726326,0.14237151417377272
deepcrack_0019,point_v2,deepcrack,oracle_gt_prompt,0.011359526329185141,0.022463873693691308,0.01637856108160309,0.03574439386275501,0.022463873693691305
deepcrack_0020,point_v2,deepcrack,oracle_gt_prompt,0.0019853679112184198,0.003962868071331625,0.002268798617113224,0.015643802647412757,0.003962868071331626
deepcrack_0021,point_v2,deepcrack,oracle_gt_prompt,0.7345527743742342,0.8469650335536606,0.8785721762797027,0.8175530878628482,0.8469650335536607
deepcrack_0022,point_v2,deepcrack,oracle_gt_prompt,0.05801091019294878,0.10966032511398086,0.19497495968084202,0.07628188097768332,0.10966032511398086
deepcrack_0023,point_v2,deepcrack,oracle_gt_prompt,0.019715181858915666,0.03866801673576219,0.02758846300637915,0.06461911755315752,0.03866801673576218
deepcrack_0024,point_v2,deepcrack,oracle_gt_prompt,0.007223130792133182,0.01434266265599467,0.008441765296870789,0.04765198146483159,0.01434266265599467
deepcrack_0025,point_v2,deepcrack,oracle_gt_prompt,0.4676861931916364,0.6373108847942545,0.7707532393564004,0.5432557205941388,0.6373108847942544
deepcrack_0026,point_v2,deepcrack,oracle_gt_prompt,0.3896250642013354,0.560762862211709,0.6964744766801322,0.46931452610739915,0.560762862211709
deepcrack_0027,point_v2,deepcrack,oracle_gt_prompt,0.34115997897319084,0.5087535928926051,0.4586572438162544,0.5711352302728073,0.5087535928926051
deepcrack_0028,point_v2,deepcrack,oracle_gt_prompt,0.07816109082780717,0.14498963372494816,0.6503409795412275,0.08158979544217158,0.14498963372494816
deepcrack_0029,point_v2,deepcrack,oracle_gt_prompt,0.582738130964528,0.7363670838073568,0.9242265587815326,0.6119760479041916,0.7363670838073569
deepcrack_0030,point_v2,deepcrack,oracle_gt_prompt,0.6177315147164394,0.7637009096960284,0.9990877425775418,0.6180801395515879,0.7637009096960284
deepcrack_0031,point_v2,deepcrack,oracle_gt_prompt,0.9239663305892147,0.9604807692307692,0.9927449811170741,0.9302477183833116,0.9604807692307692
deepcrack_0032,point_v2,deepcrack,oracle_gt_prompt,0.05012861249810864,0.09547137731798337,0.05015137753557372,0.9910260245288662,0.09547137731798337
deepcrack_0033,point_v2,deepcrack,oracle_gt_prompt,0.7919208573784007,0.8838792786161207,0.8132407720961734,0.967956469165659,0.8838792786161207
deepcrack_0034,point_v2,deepcrack,oracle_gt_prompt,0.6980905127048564,0.8222064813175137,0.7258089729560732,0.9481315090871962,0.8222064813175137
deepcrack_0035,point_v2,deepcrack,oracle_gt_prompt,0.4621794178119251,0.6321788040260509,0.46641913290378945,0.9807118254879449,0.6321788040260509
deepcrack_0036,point_v2,deepcrack,oracle_gt_prompt,0.00813515122310723,0.01613900916605747,0.02404087786898978,0.012146605722024716,0.016139009166057473
deepcrack_0037,point_v2,deepcrack,oracle_gt_prompt,0.050899621212121215,0.09686866411353909,0.08575303126994256,0.11129516513096593,0.09686866411353909
deepcrack_0038,point_v2,deepcrack,oracle_gt_prompt,0.09374844951624907,0.17142597926920547,0.9754775425916365,0.09396991172448091,0.17142597926920547
deepcrack_0039,point_v2,deepcrack,oracle_gt_prompt,0.06388424057485972,0.12009622501850481,0.6946748728926947,0.06572983922015445,0.12009622501850481
deepcrack_0040,point_v2,deepcrack,oracle_gt_prompt,0.6695421366954214,0.8020667726550079,0.6965025310630465,0.9453466583385384,0.802066772655008
deepcrack_0041,point_v2,deepcrack,oracle_gt_prompt,0.4842143495753241,0.6524857406396476,0.79234672884378,0.554592,0.6524857406396476
deepcrack_0042,point_v2,deepcrack,oracle_gt_prompt,0.11424257674886763,0.2050587172538392,0.1358148202638419,0.4183510075833107,0.2050587172538392
deepcrack_0043,point_v2,deepcrack,oracle_gt_prompt,0.0028874305906108027,0.005758234678263671,0.0033293753346837094,0.021289266041387523,0.005758234678263671
deepcrack_0044,point_v2,deepcrack,oracle_gt_prompt,0.13931650783677174,0.24456155401679025,0.1485548379892427,0.6913815504547424,0.24456155401679025
deepcrack_0045,point_v2,deepcrack,oracle_gt_prompt,0.7982529816899042,0.887809434843531,0.8089887640449438,0.983647277996274,0.8878094348435309
deepcrack_0046,point_v2,deepcrack,oracle_gt_prompt,0.5722852859284644,0.7279662171366299,0.5771681607084999,0.985432417481099,0.7279662171366299
deepcrack_0047,point_v2,deepcrack,oracle_gt_prompt,0.5,0.6666666666666666,0.646662705486235,0.6879477454698694,0.6666666666666667
deepcrack_0048,point_v2,deepcrack,oracle_gt_prompt,0.5374596227987913,0.6991528295493054,0.5393704904318728,0.9934514637904468,0.6991528295493052
deepcrack_0049,point_v2,deepcrack,oracle_gt_prompt,0.7569558101472995,0.8616674429436423,0.7648420704481561,0.986561433447099,0.8616674429436423
deepcrack_0050,point_v2,deepcrack,oracle_gt_prompt,0.7292393579902303,0.8434221146085553,0.7398753894080997,0.9806681681681682,0.8434221146085553
deepcrack_0051,point_v2,deepcrack,oracle_gt_prompt,0.46067898581865063,0.6307737569873492,0.46326707000864303,0.9880184331797235,0.6307737569873493
deepcrack_0052,point_v2,deepcrack,oracle_gt_prompt,0.7499234771962044,0.8570928808815812,0.7524570024570024,0.995530272247054,0.8570928808815812
deepcrack_0053,point_v2,deepcrack,oracle_gt_prompt,0.7905709547500592,0.8830378406985975,0.8002398081534772,0.9849468713105076,0.8830378406985975
deepcrack_0054,point_v2,deepcrack,oracle_gt_prompt,0.7552895917931182,0.860586874467308,0.7697669353082117,0.9757040309221424,0.860586874467308
deepcrack_0055,point_v2,deepcrack,oracle_gt_prompt,0.6650338857948064,0.7988232449423712,0.8992831866436802,0.7185528891466686,0.7988232449423712
deepcrack_0056,point_v2,deepcrack,oracle_gt_prompt,0.43901649951472016,0.6101618705035972,0.576465590484282,0.6480420248328558,0.6101618705035972
deepcrack_0057,point_v2,deepcrack,oracle_gt_prompt,0.4603732162458836,0.6304870715574263,0.4806325922530369,0.9161205766710354,0.6304870715574263
deepcrack_0058,point_v2,deepcrack,oracle_gt_prompt,0.38052155401809473,0.551272166538165,0.38774403470715835,0.9533333333333334,0.551272166538165
deepcrack_0059,point_v2,deepcrack,oracle_gt_prompt,0.05205712326319297,0.0989625413147264,0.052096624521517226,0.9856437454279444,0.0989625413147264
deepcrack_0060,point_v2,deepcrack,oracle_gt_prompt,0.010086716737418816,0.01997198175221811,0.011905271722838423,0.06194295900178253,0.01997198175221811
deepcrack_0061,point_v2,deepcrack,oracle_gt_prompt,0.659967544626139,0.7951571664912017,0.9313017438788093,0.6937409788741635,0.7951571664912018
deepcrack_0062,point_v2,deepcrack,oracle_gt_prompt,0.13661708647881007,0.2403924560065234,0.14123665136693095,0.8068332303345987,0.2403924560065234
deepcrack_0063,point_v2,deepcrack,oracle_gt_prompt,0.0574504703604467,0.10865846102629072,0.060343676496266395,0.5450918537762108,0.10865846102629072
deepcrack_0064,point_v2,deepcrack,oracle_gt_prompt,0.05164659546411199,0.09822043961701668,0.0523691877197177,0.7891646650653856,0.09822043961701668
deepcrack_0065,point_v2,deepcrack,oracle_gt_prompt,0.06172177423286562,0.11626732300458273,0.06329240491141062,0.7132394366197183,0.11626732300458271
deepcrack_0066,point_v2,deepcrack,oracle_gt_prompt,0.3593129559516114,0.5286684782608696,0.5215817694369973,0.5359504132231405,0.5286684782608696
deepcrack_0067,point_v2,deepcrack,oracle_gt_prompt,0.713790396441188,0.8329961445967096,0.7389773112089401,0.9544261721483555,0.8329961445967095
deepcrack_0068,point_v2,deepcrack,oracle_gt_prompt,0.6362233445566778,0.7776729829374947,0.6424422722765264,0.98501303214596,0.7776729829374947
deepcrack_0069,point_v2,deepcrack,oracle_gt_prompt,0.5619335347432024,0.7195357833655706,0.5719016083254493,0.9699157641395909,0.7195357833655707
deepcrack_0070,point_v2,deepcrack,oracle_gt_prompt,0.6522378007714443,0.7895204921070185,0.6662705610106948,0.9687187414749477,0.7895204921070185
deepcrack_0071,point_v2,deepcrack,oracle_gt_prompt,0.6583452211126961,0.7939784946236559,0.6641243344366096,0.9869546621043627,0.7939784946236559
deepcrack_0072,point_v2,deepcrack,oracle_gt_prompt,0.5794137695978187,0.73370738023306,0.5809618491363241,0.995422122857447,0.73370738023306
deepcrack_0073,point_v2,deepcrack,oracle_gt_prompt,0.518278671401713,0.6827187671986792,0.5229763912310287,0.9829635499207607,0.6827187671986791
deepcrack_0074,point_v2,deepcrack,oracle_gt_prompt,0.6879783881134625,0.8151507068551613,0.6973984481971702,0.9807445442875481,0.8151507068551614
deepcrack_0075,point_v2,deepcrack,oracle_gt_prompt,0.5645070773835505,0.7216420884814667,0.5651061173533084,0.9981256890848953,0.7216420884814667
deepcrack_0076,point_v2,deepcrack,oracle_gt_prompt,0.7217428449380606,0.838386344464844,0.7287784679089027,0.9868006074056769,0.838386344464844
deepcrack_0077,point_v2,deepcrack,oracle_gt_prompt,0.5267357512953368,0.6900156112129233,0.5275010377750103,0.9972532862468119,0.6900156112129233
deepcrack_0078,point_v2,deepcrack,oracle_gt_prompt,0.547460595446585,0.707559981892259,0.5511283497884344,0.9879898862199747,0.7075599818922589
deepcrack_0079,point_v2,deepcrack,oracle_gt_prompt,0.7642351492767006,0.866364270760642,0.7870047543581616,0.9635234769111369,0.866364270760642
deepcrack_0080,point_v2,deepcrack,oracle_gt_prompt,0.7553444180522565,0.8606224627875507,0.8407755581668626,0.881429011395134,0.8606224627875507
deepcrack_0081,point_v2,deepcrack,oracle_gt_prompt,0.4725213722660153,0.6417854180803739,0.911153928494969,0.49534450651769085,0.6417854180803739
deepcrack_0082,point_v2,deepcrack,oracle_gt_prompt,0.08307240704500979,0.15340139127292438,0.6902439024390243,0.0862892570383169,0.15340139127292438
deepcrack_0083,point_v2,deepcrack,oracle_gt_prompt,0.5671092951991829,0.7237648285751532,0.8599752168525403,0.6248030609948233,0.7237648285751531
deepcrack_0084,point_v2,deepcrack,oracle_gt_prompt,0.741409021794222,0.8515047441643867,0.9022945965951147,0.8061280723024358,0.8515047441643868
deepcrack_0085,point_v2,deepcrack,oracle_gt_prompt,0.5473941642772812,0.7075044961578287,0.9470382258535162,0.5646802957807743,0.7075044961578287
deepcrack_0086,point_v2,deepcrack,oracle_gt_prompt,0.0,0.0,0.0,0.0,0.0
deepcrack_0087,point_v2,deepcrack,oracle_gt_prompt,0.7039800995024875,0.8262773722627738,0.8973952434881087,0.7656038647342995,0.8262773722627738
deepcrack_0088,point_v2,deepcrack,oracle_gt_prompt,0.780805143119547,0.876912497851126,0.9548858105578435,0.8107120152574698,0.8769124978511261
deepcrack_0089,point_v2,deepcrack,oracle_gt_prompt,0.008816895632561,0.017479674796747967,0.5512820512820513,0.008880627839735646,0.017479674796747967
deepcrack_0090,point_v2,deepcrack,oracle_gt_prompt,0.21398475120385232,0.3525328485249153,0.22273273116483058,0.8449197860962567,0.3525328485249153
deepcrack_0091,point_v2,deepcrack,oracle_gt_prompt,0.3014236174484395,0.4632213729752472,0.9726148409893993,0.3040036815462494,0.4632213729752472
deepcrack_0092,point_v2,deepcrack,oracle_gt_prompt,0.643380401316488,0.7829963175915757,0.9615994922246905,0.6603465184700883,0.7829963175915758
deepcrack_0093,point_v2,deepcrack,oracle_gt_prompt,0.5585820535110596,0.7167823500247893,0.974881995954147,0.5667385339082712,0.7167823500247892
deepcrack_0094,point_v2,deepcrack,oracle_gt_prompt,0.7097041420118343,0.8302069633834014,0.9195032198712052,0.7567192429022082,0.8302069633834014
deepcrack_0095,point_v2,deepcrack,oracle_gt_prompt,0.575053118360205,0.7302015553086811,0.875547098001903,0.6262420035388594,0.7302015553086811
deepcrack_0096,point_v2,deepcrack,oracle_gt_prompt,0.8250347477720547,0.904130454260371,0.9090990990990991,0.8992158260559615,0.904130454260371
deepcrack_0097,point_v2,deepcrack,oracle_gt_prompt,0.1155240047235758,0.20712060741750218,0.1196272453827341,0.7710635984779851,0.2071206074175022
deepcrack_0098,point_v2,deepcrack,oracle_gt_prompt,0.7614056720098644,0.8645432271613581,0.9472934472934473,0.7950887519543824,0.8645432271613581
deepcrack_0099,point_v2,deepcrack,oracle_gt_prompt,0.7839469932064078,0.8788904560413728,0.9164623982743406,0.8442778430132779,0.8788904560413727
deepcrack_0100,point_v2,deepcrack,oracle_gt_prompt,0.7937595129375952,0.8850233347475605,0.9357057416267942,0.8395492353099008,0.8850233347475605
deepcrack_0101,point_v2,deepcrack,oracle_gt_prompt,0.5701764502364203,0.7262578038927653,0.623140912528359,0.8702693187819046,0.7262578038927653
deepcrack_0102,point_v2,deepcrack,oracle_gt_prompt,0.3720782654680063,0.5423572034224928,0.3734210805646959,0.9904279279279279,0.5423572034224929
deepcrack_0103,point_v2,deepcrack,oracle_gt_prompt,0.8787946428571428,0.9354877034572888,0.9425424946133588,0.9285377358490566,0.9354877034572888
deepcrack_0104,point_v2,deepcrack,oracle_gt_prompt,0.9115376367145615,0.9537218825377237,0.9904462309215892,0.9196235395932497,0.9537218825377237
deepcrack_0105,point_v2,deepcrack,oracle_gt_prompt,0.8727622130069789,0.9320587599913588,0.9960752626111047,0.8757738759768599,0.9320587599913588
deepcrack_0106,point_v2,deepcrack,oracle_gt_prompt,0.8429970617042115,0.9148110750916725,0.9982602644398052,0.8442373712604218,0.9148110750916724
deepcrack_0107,point_v2,deepcrack,oracle_gt_prompt,0.6509516326174263,0.7885774722369117,0.6614620298083748,0.9761717727153705,0.7885774722369115
deepcrack_0108,point_v2,deepcrack,oracle_gt_prompt,0.01639941690962099,0.0322696306920043,0.01639941690962099,1.0,0.0322696306920043
deepcrack_0109,point_v2,deepcrack,oracle_gt_prompt,0.7748199979718081,0.8731251607005114,1.0,0.7748199979718081,0.8731251607005113
deepcrack_0110,point_v2,deepcrack,oracle_gt_prompt,0.786592361907884,0.8805504587155963,1.0,0.786592361907884,0.8805504587155963
deepcrack_0111,point_v2,deepcrack,oracle_gt_prompt,0.2974564295807819,0.4585224178616809,0.973535457348407,0.2998812821527503,0.45852241786168085
deepcrack_0112,point_v2,deepcrack,oracle_gt_prompt,0.6406734947237741,0.7809884133364862,0.9798267473596772,0.6492373014624941,0.7809884133364863
deepcrack_0113,point_v2,deepcrack,oracle_gt_prompt,0.8864874211117835,0.9398286054717933,0.948741672834937,0.9310814491964042,0.9398286054717931
deepcrack_0114,point_v2,deepcrack,oracle_gt_prompt,0.8818143281051293,0.9371958911515589,0.9174384757872454,0.957823003959849,0.9371958911515588
deepcrack_0115,point_v2,deepcrack,oracle_gt_prompt,0.838206353668822,0.911982870688996,0.9334690043832186,0.8914635969502168,0.911982870688996
deepcrack_0116,point_v2,deepcrack,oracle_gt_prompt,0.8143202340073763,0.8976587691013599,0.8601558301988178,0.9385810612723542,0.8976587691013599
deepcrack_0117,point_v2,deepcrack,oracle_gt_prompt,0.47257019438444925,0.6418304488119683,0.8171496862862264,0.5284513573567772,0.6418304488119683
deepcrack_0118,point_v2,deepcrack,oracle_gt_prompt,0.02014554618144885,0.03949543524814968,0.02014554618144885,1.0,0.03949543524814968
deepcrack_0119,point_v2,deepcrack,oracle_gt_prompt,0.29398439466398185,0.45438630616611553,0.8729446935724963,0.3071259531948462,0.4543863061661156
deepcrack_0120,point_v2,deepcrack,oracle_gt_prompt,0.02022779252720983,0.03965348263470356,0.02137348958649584,0.273972602739726,0.03965348263470356
deepcrack_0121,point_v2,deepcrack,oracle_gt_prompt,0.00911909410933115,0.018073375407448505,0.00941909553550775,0.22258284933378886,0.018073375407448505
deepcrack_0122,point_v2,deepcrack,oracle_gt_prompt,0.0,0.0,0.0,0.0,0.0
deepcrack_0123,point_v2,deepcrack,oracle_gt_prompt,0.7964101063310897,0.8866684767852294,0.9070103321853128,0.8672190354790738,0.8866684767852294
deepcrack_0124,point_v2,deepcrack,oracle_gt_prompt,0.6851156069364162,0.8131378097933282,0.6925211802512417,0.9846313603322949,0.8131378097933283
deepcrack_0125,point_v2,deepcrack,oracle_gt_prompt,0.7109855409672594,0.8310830500242836,0.773179107175131,0.8983620327593448,0.8310830500242836
deepcrack_0126,point_v2,deepcrack,oracle_gt_prompt,0.7977282656181739,0.8874848116646415,0.9580272822665268,0.8266183793571752,0.8874848116646417
deepcrack_0127,point_v2,deepcrack,oracle_gt_prompt,0.8335350043215212,0.909210898463279,0.9531527969954536,0.8691420331651045,0.9092108984632788
deepcrack_0128,point_v2,deepcrack,oracle_gt_prompt,0.8061534565712839,0.8926743778478794,0.9754864409376436,0.8228224347376583,0.8926743778478793
deepcrack_0129,point_v2,deepcrack,oracle_gt_prompt,0.6847826086956522,0.8129032258064516,0.9438202247191011,0.7138810198300283,0.8129032258064517
deepcrack_0130,point_v2,deepcrack,oracle_gt_prompt,0.3975197077485099,0.5688931691545711,0.9688378631677601,0.40266822475411435,0.5688931691545711
deepcrack_0131,point_v2,deepcrack,oracle_gt_prompt,0.5944434737026035,0.7456438356164383,1.0,0.5944434737026035,0.7456438356164384
deepcrack_0132,point_v2,deepcrack,oracle_gt_prompt,0.7391954787234043,0.8500430086973143,0.8603211452892242,0.8400075557234605,0.8500430086973144
deepcrack_0133,point_v2,deepcrack,oracle_gt_prompt,0.7915072685539403,0.8836216100790092,0.8063133281371785,0.9773264052905054,0.8836216100790092
deepcrack_0134,point_v2,deepcrack,oracle_gt_prompt,0.38923200859291085,0.5603556586450179,0.39533615164325653,0.9618447246184473,0.560355658645018
deepcrack_0135,point_v2,deepcrack,oracle_gt_prompt,0.5703947368421053,0.7264348554671135,0.6138053097345133,0.8896870189840944,0.7264348554671135
deepcrack_0136,point_v2,deepcrack,oracle_gt_prompt,0.4430981768769109,0.6140929064657878,0.8734375,0.47349951597289447,0.6140929064657878
deepcrack_0137,point_v2,deepcrack,oracle_gt_prompt,0.6164037095025894,0.7626853438640936,0.685140562248996,0.8600235254579063,0.7626853438640935
deepcrack_0138,point_v2,deepcrack,oracle_gt_prompt,0.13225278613125774,0.23360999902353285,0.1329554295876403,0.9615755627009647,0.23360999902353283
deepcrack_0139,point_v2,deepcrack,oracle_gt_prompt,0.1156215740469095,0.20727740792514981,0.11668640528579442,0.9268473821017452,0.20727740792514981
deepcrack_0140,point_v2,deepcrack,oracle_gt_prompt,0.7610619469026548,0.864321608040201,0.8071592273272945,0.9301974594390643,0.864321608040201
deepcrack_0141,point_v2,deepcrack,oracle_gt_prompt,0.7316065646980016,0.845003223726628,0.7386158701532912,0.987194938234408,0.845003223726628
deepcrack_0142,point_v2,deepcrack,oracle_gt_prompt,0.7365169874079354,0.848269257080312,0.7426039046592406,0.9889934598819589,0.848269257080312
deepcrack_0143,point_v2,deepcrack,oracle_gt_prompt,0.5287643087760493,0.691753863876356,0.5293858360270349,0.9977845472168374,0.691753863876356
deepcrack_0144,point_v2,deepcrack,oracle_gt_prompt,0.44474761255115963,0.615675165250236,0.445703125,0.9952027911033581,0.6156751652502361
deepcrack_0145,point_v2,deepcrack,oracle_gt_prompt,0.5952649379932357,0.7462897526501767,0.6214506399882301,0.9338934335617952,0.7462897526501766
deepcrack_0146,point_v2,deepcrack,oracle_gt_prompt,0.6547469677959012,0.791355996461519,0.6555695142378559,0.9980873445967485,0.7913559964615189
deepcrack_0147,point_v2,deepcrack,oracle_gt_prompt,0.7854584052010084,0.8798394887419188,0.9735240914323302,0.8026030368763557,0.8798394887419186
deepcrack_0148,point_v2,deepcrack,oracle_gt_prompt,0.6992391821207798,0.8230026584580943,0.7056142034548945,0.9872440416247062,0.8230026584580943
deepcrack_0149,point_v2,deepcrack,oracle_gt_prompt,0.7868288205598899,0.8806986002311545,0.8146828225231646,0.9583566238121856,0.8806986002311543
deepcrack_0150,point_v2,deepcrack,oracle_gt_prompt,0.6759200841219769,0.8066256744886435,0.7391054386570082,0.8877226902361552,0.8066256744886435
deepcrack_0151,point_v2,deepcrack,oracle_gt_prompt,0.6892413201885984,0.8160365389495052,0.7460562944633468,0.9005040134403585,0.8160365389495052
deepcrack_0152,point_v2,deepcrack,oracle_gt_prompt,0.49620666474599057,0.6632862644415918,0.837982484592929,0.5488633949437008,0.6632862644415918
deepcrack_0153,point_v2,deepcrack,oracle_gt_prompt,0.6670623785883877,0.8002848449537127,0.9061721155255827,0.7165546023649432,0.8002848449537127
deepcrack_0154,point_v2,deepcrack,oracle_gt_prompt,0.7191484384138496,0.8366333265292236,0.8516415015930184,0.8221449585450655,0.8366333265292236
deepcrack_0155,point_v2,deepcrack,oracle_gt_prompt,0.8177610645067978,0.8997453851050287,0.8490764379035891,0.9568454899306144,0.8997453851050287
deepcrack_0156,point_v2,deepcrack,oracle_gt_prompt,0.7890652557319224,0.8820977917981072,0.7967943009795192,0.9878560388606756,0.8820977917981073
deepcrack_0157,point_v2,deepcrack,oracle_gt_prompt,0.5861480723302627,0.7390836739083674,0.7379725085910653,0.7401981904351572,0.7390836739083674
deepcrack_0158,point_v2,deepcrack,oracle_gt_prompt,0.3680571046174437,0.5380727213435513,0.8814102564102564,0.38723304388641167,0.5380727213435513
deepcrack_0159,point_v2,deepcrack,oracle_gt_prompt,0.6246144355336212,0.7689386747674198,0.627809641915982,0.9919177075679647,0.7689386747674197
deepcrack_0160,point_v2,deepcrack,oracle_gt_prompt,0.925747084548105,0.96144202110044,0.9930124602980699,0.9318171397129625,0.9614420211004401
deepcrack_0161,point_v2,deepcrack,oracle_gt_prompt,0.9417252815335836,0.9699881754537435,0.9994971570030557,0.9421716619266389,0.9699881754537435
deepcrack_0162,point_v2,deepcrack,oracle_gt_prompt,0.8634929345589244,0.9267466686299051,0.9930577469233196,0.8687370600414078,0.926746668629905
deepcrack_0163,point_v2,deepcrack,oracle_gt_prompt,0.9286118240744768,0.9629846840953692,0.9985031340630555,0.9299063384883468,0.9629846840953691
deepcrack_0164,point_v2,deepcrack,oracle_gt_prompt,0.9332864495093182,0.965492154301493,0.9930274480459849,0.93944269257996,0.965492154301493
deepcrack_0165,point_v2,deepcrack,oracle_gt_prompt,0.8171795609241683,0.8993932999208653,0.9593697242543613,0.8464746772591857,0.8993932999208653
deepcrack_0166,point_v2,deepcrack,oracle_gt_prompt,0.9596354765959405,0.9794020245672547,0.9988023952095808,0.9607409455349737,0.9794020245672546
deepcrack_0167,point_v2,deepcrack,oracle_gt_prompt,0.8848696461824953,0.9389186652505742,0.9971146784177946,0.8871411901983663,0.9389186652505743
deepcrack_0168,point_v2,deepcrack,oracle_gt_prompt,0.5982584941096124,0.7486379660292704,0.6007200411452083,0.9931972789115646,0.7486379660292704
deepcrack_0169,point_v2,deepcrack,oracle_gt_prompt,0.6774374150203951,0.8077051447098651,0.9704399633363886,0.6917109024091466,0.807705144709865
deepcrack_0170,point_v2,deepcrack,oracle_gt_prompt,0.62792,0.7714383999213721,0.9640137558339474,0.6429917260588187,0.7714383999213721
deepcrack_0171,point_v2,deepcrack,oracle_gt_prompt,0.7636186770428015,0.8659680088251517,0.8364411294619073,0.8976558033161807,0.8659680088251517
deepcrack_0172,point_v2,deepcrack,oracle_gt_prompt,0.6618569636135508,0.7965269913174783,0.6931668856767411,0.9361135758651287,0.7965269913174784
deepcrack_0173,point_v2,deepcrack,oracle_gt_prompt,0.022834396735069266,0.04464925467496523,0.022834396735069266,1.0,0.04464925467496523
deepcrack_0174,point_v2,deepcrack,oracle_gt_prompt,0.4617854849068722,0.6318101933216169,0.4628258770518185,0.9951557093425606,0.6318101933216169
deepcrack_0175,point_v2,deepcrack,oracle_gt_prompt,0.24679186228482003,0.39588301744696874,0.24679186228482003,1.0,0.39588301744696874
deepcrack_0176,point_v2,deepcrack,oracle_gt_prompt,0.33662426428707043,0.5036931818181818,0.343205574912892,0.9461045891141943,0.5036931818181819
deepcrack_0177,point_v2,deepcrack,oracle_gt_prompt,0.3820744792762466,0.5528999847769828,0.3871242805371989,0.966986155484558,0.5528999847769829
deepcrack_0178,point_v2,deepcrack,oracle_gt_prompt,0.8518718892014715,0.9200116856558574,0.8732253771073647,0.9720953204099272,0.9200116856558574
deepcrack_0179,point_v2,deepcrack,oracle_gt_prompt,0.05207885757614053,0.09900181379202652,0.05223000975906516,0.9473563218390805,0.09900181379202654
deepcrack_0180,point_v2,deepcrack,oracle_gt_prompt,0.9066322522724722,0.9510300176574455,0.9667344740935743,0.9358276381327464,0.9510300176574455
deepcrack_0181,point_v2,deepcrack,oracle_gt_prompt,0.7803423735333718,0.8766205704407951,0.8020956899960459,0.966412577417818,0.8766205704407951
deepcrack_0182,point_v2,deepcrack,oracle_gt_prompt,0.7783171521035599,0.8753412192902639,0.7911184210526315,0.9796334012219959,0.8753412192902639
deepcrack_0183,point_v2,deepcrack,oracle_gt_prompt,0.7034719418651595,0.8259272425642848,0.7231040564373897,0.9628401712943777,0.825927242564285
deepcrack_0184,point_v2,deepcrack,oracle_gt_prompt,0.7647058823529411,0.8666666666666667,0.8172356369691923,0.9224624060150376,0.8666666666666667
deepcrack_0185,point_v2,deepcrack,oracle_gt_prompt,0.7384393063583815,0.8495428096425602,0.8214418202052677,0.879634533898305,0.8495428096425602
deepcrack_0186,point_v2,deepcrack,oracle_gt_prompt,0.7703961607226875,0.8703093441054534,0.8392619169656587,0.9037421348934761,0.8703093441054535
deepcrack_0187,point_v2,deepcrack,oracle_gt_prompt,0.7948350071736011,0.885691446842526,0.970750775037067,0.8143374038896427,0.885691446842526
deepcrack_0188,point_v2,deepcrack,oracle_gt_prompt,0.8258442265795207,0.9046163024834066,0.9439688715953307,0.8684135166093929,0.9046163024834066
deepcrack_0189,point_v2,deepcrack,oracle_gt_prompt,0.7462012938167595,0.8546566726975101,0.8432505950357021,0.8663755458515284,0.8546566726975101
deepcrack_0190,point_v2,deepcrack,oracle_gt_prompt,0.7736974982786321,0.8724120082815735,0.8143495591254982,0.9393897171520134,0.8724120082815735
deepcrack_0191,point_v2,deepcrack,oracle_gt_prompt,0.7085339168490153,0.829405737704918,0.713215859030837,0.9908200734394125,0.829405737704918
deepcrack_0192,point_v2,deepcrack,oracle_gt_prompt,0.474083856058105,0.6432250839865622,0.47628524046434495,0.9903448275862069,0.6432250839865622
deepcrack_0193,point_v2,deepcrack,oracle_gt_prompt,0.6836715695401229,0.8121198717239854,0.7599337748344371,0.8720018997862741,0.8121198717239854
deepcrack_0194,point_v2,deepcrack,oracle_gt_prompt,0.6087726199842644,0.7568162367037535,0.8213906581740976,0.7016549535252777,0.7568162367037535
deepcrack_0195,point_v2,deepcrack,oracle_gt_prompt,0.6122405307083244,0.759490310591983,0.6123715753424658,0.9996505939902166,0.7594903105919829
deepcrack_0196,point_v2,deepcrack,oracle_gt_prompt,0.6439525967235971,0.7834199088307008,0.6498417164966585,0.9861222311182279,0.7834199088307008
deepcrack_0197,point_v2,deepcrack,oracle_gt_prompt,0.7282485875706215,0.8427590715920236,0.7367117546199276,0.9844704684317719,0.8427590715920235
deepcrack_0198,point_v2,deepcrack,oracle_gt_prompt,0.038265418583121484,0.07371028235793645,0.0382693551231556,0.9973190348525469,0.07371028235793643
deepcrack_0199,point_v2,deepcrack,oracle_gt_prompt,0.041446237665950125,0.07959361927090516,0.041446237665950125,1.0,0.07959361927090516
deepcrack_0200,point_v2,deepcrack,oracle_gt_prompt,0.03903761501726756,0.07514187061768461,0.039040981054346,0.997796278158668,0.07514187061768463
deepcrack_0201,point_v2,deepcrack,oracle_gt_prompt,0.023918939013078237,0.04672037619722693,0.02492712983802531,0.3716171617161716,0.04672037619722693
deepcrack_0202,point_v2,deepcrack,oracle_gt_prompt,0.17765203332918791,0.3017054754738899,0.24111739387290065,0.40296191819464033,0.3017054754738898
deepcrack_0203,point_v2,deepcrack,oracle_gt_prompt,0.03789025815972555,0.07301399711932637,0.03789025815972555,1.0,0.07301399711932637
deepcrack_0204,point_v2,deepcrack,oracle_gt_prompt,0.03839231004901961,0.07394567482343396,0.03839231004901961,1.0,0.07394567482343396
deepcrack_0205,point_v2,deepcrack,oracle_gt_prompt,0.575724076940084,0.730742247790094,0.6626797302455784,0.8143862392494136,0.730742247790094
deepcrack_0206,point_v2,deepcrack,oracle_gt_prompt,0.5522163786626596,0.7115198451113263,0.5932801937241449,0.8886202206437963,0.7115198451113262
deepcrack_0207,point_v2,deepcrack,oracle_gt_prompt,0.460419292015122,0.6305302792594917,0.46110601193207895,0.9967757936507936,0.6305302792594917
deepcrack_0208,point_v2,deepcrack,oracle_gt_prompt,0.4530251384746485,0.6235613224836889,0.45408925902199443,0.9948538011695907,0.6235613224836889
deepcrack_0209,point_v2,deepcrack,oracle_gt_prompt,0.3235449735449735,0.48890665600639616,0.3235877761608678,0.9995913363302003,0.4889066560063961
deepcrack_0210,point_v2,deepcrack,oracle_gt_prompt,0.32817051509769096,0.4941692521664705,0.33004644515898535,0.9829751010853373,0.4941692521664705
deepcrack_0211,point_v2,deepcrack,oracle_gt_prompt,0.49466903598400713,0.6619111309258434,0.7531281704430166,0.5904029692470838,0.6619111309258434
deepcrack_0212,point_v2,deepcrack,oracle_gt_prompt,0.26870127716039144,0.4235847823244869,0.27131133813431585,0.965435041716329,0.4235847823244868
deepcrack_0213,point_v2,deepcrack,oracle_gt_prompt,0.5933622828784119,0.7447926805528519,0.6772880155779784,0.8272432432432433,0.7447926805528519
deepcrack_0214,point_v2,deepcrack,oracle_gt_prompt,0.49223300970873785,0.6597267404033832,0.4982188920280064,0.976173285198556,0.6597267404033833
deepcrack_0215,point_v2,deepcrack,oracle_gt_prompt,0.40349526522442064,0.5749862863411959,0.42035611164581327,0.909580006942034,0.5749862863411959
deepcrack_0216,point_v2,deepcrack,oracle_gt_prompt,0.6484076433121019,0.7867078825347759,0.6664242071574047,0.9599748533109808,0.7867078825347759
deepcrack_0217,point_v2,deepcrack,oracle_gt_prompt,0.6785194763213189,0.8084737602311025,0.6819363222871995,0.9926696618585954,0.8084737602311026
deepcrack_0218,point_v2,deepcrack,oracle_gt_prompt,0.6607059916395727,0.795692910082506,0.6886118843035217,0.9422089749958602,0.795692910082506
deepcrack_0219,point_v2,deepcrack,oracle_gt_prompt,0.35487053020961773,0.5238441936658172,0.3560559198317456,0.9907056798623064,0.5238441936658172
deepcrack_0220,point_v2,deepcrack,oracle_gt_prompt,0.6727272727272727,0.8043478260869565,0.6878236621962555,0.9684053094036269,0.8043478260869565
deepcrack_0221,point_v2,deepcrack,oracle_gt_prompt,0.7082942097026604,0.8292414803957494,0.7706453260684488,0.8974816577434067,0.8292414803957493
deepcrack_0222,point_v2,deepcrack,oracle_gt_prompt,0.7087774294670847,0.8295725554944047,0.7196053469127944,0.9792117799913382,0.8295725554944047
deepcrack_0223,point_v2,deepcrack,oracle_gt_prompt,0.6192800488102501,0.7648831951770911,0.6239754098360656,0.9879948085658663,0.7648831951770911
deepcrack_0224,point_v2,deepcrack,oracle_gt_prompt,0.38674633351439436,0.5577751664708186,0.38970990695128627,0.9807162534435262,0.5577751664708187
deepcrack_0225,point_v2,deepcrack,oracle_gt_prompt,0.19259937238493724,0.32299090012060083,0.19300314465408805,0.9892545332437878,0.32299090012060083
deepcrack_0226,point_v2,deepcrack,oracle_gt_prompt,0.25098916222260453,0.4012651265126513,0.25207325501036626,0.9831536388140162,0.4012651265126512
deepcrack_0227,point_v2,deepcrack,oracle_gt_prompt,0.7811090474927036,0.8771041263220617,0.7907601396723073,0.9846153846153847,0.8771041263220618
deepcrack_0228,point_v2,deepcrack,oracle_gt_prompt,0.7479684806697857,0.8558146087201521,0.7574812967581047,0.9834871296745993,0.8558146087201521
deepcrack_0229,point_v2,deepcrack,oracle_gt_prompt,0.7650462962962963,0.8668852459016393,0.7709353860508514,0.9901138406231276,0.8668852459016394
deepcrack_0230,point_v2,deepcrack,oracle_gt_prompt,0.9171717171717172,0.9567966280295047,0.9469755187177517,0.9668235821564671,0.9567966280295047
deepcrack_0231,point_v2,deepcrack,oracle_gt_prompt,0.8322368421052632,0.9084380610412927,0.8518518518518519,0.9730769230769231,0.9084380610412928
deepcrack_0232,point_v2,deepcrack,oracle_gt_prompt,0.7005436067123612,0.823905489923558,0.7072297780959198,0.9866844207723036,0.823905489923558
deepcrack_0233,point_v2,deepcrack,oracle_gt_prompt,0.8753392606457651,0.9335263000299431,0.9398110932475884,0.9273250049573667,0.9335263000299431
deepcrack_0234,point_v2,deepcrack,oracle_gt_prompt,0.8495633911793965,0.918663718400765,0.9948226766761584,0.8533362939935606,0.918663718400765
deepcrack_0235,point_v2,deepcrack,oracle_gt_prompt,0.9187587544445641,0.957659478885894,0.9890963925298689,0.9281593556111897,0.957659478885894
deepcrack_0236,point_v2,deepcrack,oracle_gt_prompt,0.5175998110087409,0.6821295143212951,0.999942951680073,0.5176150961226117,0.6821295143212951
deepcrack_0000,ampf_v2,deepcrack,oracle_gt_prompt_gt_alignment,0.5890388413429888,0.7413775245986536,0.6093989443214711,0.9463246959280803,0.7413775245986535
deepcrack_0001,ampf_v2,deepcrack,oracle_gt_prompt_gt_alignment,0.6030261348005502,0.7523597048223786,0.7973808657693707,0.7121507472384665,0.7523597048223785
deepcrack_0002,ampf_v2,deepcrack,oracle_gt_prompt_gt_alignment,0.7195758822598513,0.8369225105834713,0.7428524750857703,0.9582718651211802,0.8369225105834713
deepcrack_0003,ampf_v2,deepcrack,oracle_gt_prompt_gt_alignment,0.4958076723306374,0.6629297088149214,0.5915368271954674,0.7539207943134378,0.6629297088149213
deepcrack_0004,ampf_v2,deepcrack,oracle_gt_prompt_gt_alignment,0.6481802426343154,0.786540483701367,0.8411764705882353,0.7385690414704542,0.786540483701367
deepcrack_0005,ampf_v2,deepcrack,oracle_gt_prompt_gt_alignment,0.6054179290679024,0.7542184724689165,0.7794860027535567,0.7305376344086022,0.7542184724689166
deepcrack_0006,ampf_v2,deepcrack,oracle_gt_prompt_gt_alignment,0.5661697036628014,0.7229991773416382,0.7442535688361964,0.7029250457038391,0.7229991773416383
deepcrack_0007,ampf_v2,deepcrack,oracle_gt_prompt_gt_alignment,0.7205907031381105,0.8376085048278553,0.8596596596596596,0.8166603271205781,0.8376085048278552
deepcrack_0008,ampf_v2,deepcrack,oracle_gt_prompt_gt_alignment,0.7430841671571513,0.8526084754347459,0.9046936581870297,0.8061941251596424,0.8526084754347459
deepcrack_0009,ampf_v2,deepcrack,oracle_gt_prompt_gt_alignment,0.6574553828439839,0.7933310177144842,0.7862306368330465,0.8005608131791097,0.7933310177144842
deepcrack_0010,ampf_v2,deepcrack,oracle_gt_prompt_gt_alignment,0.4281757754800591,0.599612152553329,0.7294746775715634,0.5089991220368745,0.599612152553329
deepcrack_0011,ampf_v2,deepcrack,oracle_gt_prompt_gt_alignment,0.7285589899869395,0.8429668807454981,0.7957679505468378,0.8961178045515394,0.842966880745498
deepcrack_0012,ampf_v2,deepcrack,oracle_gt_prompt_gt_alignment,0.47656682452795374,0.6455066125169218,0.9808848661307678,0.481034268686367,0.6455066125169218
deepcrack_0013,ampf_v2,deepcrack,oracle_gt_prompt_gt_alignment,0.4661803243855797,0.6359113086324332,0.9384088964927289,0.48089427924307737,0.6359113086324333
deepcrack_0014,ampf_v2,deepcrack,oracle_gt_prompt_gt_alignment,0.282693075053506,0.4407805429864253,0.506894757382594,0.3899229460622436,0.4407805429864254
deepcrack_0015,ampf_v2,deepcrack,oracle_gt_prompt_gt_alignment,0.2444076222038111,0.39280958721704395,0.4872372372372372,0.32904076252281483,0.39280958721704395
deepcrack_0016,ampf_v2,deepcrack,oracle_gt_prompt_gt_alignment,0.35690521696043037,0.526057697323804,0.5856661633174585,0.4774621212121212,0.526057697323804
deepcrack_0017,ampf_v2,deepcrack,oracle_gt_prompt_gt_alignment,0.23239949411719618,0.37714960972727557,0.9041300134188162,0.2382711198428291,0.37714960972727557
deepcrack_0018,ampf_v2,deepcrack,oracle_gt_prompt_gt_alignment,0.4807798519827681,0.64936033717504,0.8455560951918407,0.527064664567692,0.6493603371750402
deepcrack_0019,ampf_v2,deepcrack,oracle_gt_prompt_gt_alignment,0.4140683774972833,0.5856412378447078,0.9800178059155208,0.41759399763952115,0.5856412378447078
deepcrack_0020,ampf_v2,deepcrack,oracle_gt_prompt_gt_alignment,0.6095137655417406,0.7573886953822809,0.9510653040013858,0.6292476075869577,0.7573886953822808
deepcrack_0021,ampf_v2,deepcrack,oracle_gt_prompt_gt_alignment,0.7129646754207509,0.8324335996545023,0.9336401065633325,0.7510227936879018,0.8324335996545024
deepcrack_0022,ampf_v2,deepcrack,oracle_gt_prompt_gt_alignment,0.5229159856162144,0.6867299188597432,0.9709845817652057,0.5312167906482466,0.6867299188597432
deepcrack_0023,ampf_v2,deepcrack,oracle_gt_prompt_gt_alignment,0.6434293401822295,0.7830325581395349,0.9382914214374889,0.6718600344805568,0.7830325581395349
deepcrack_0024,ampf_v2,deepcrack,oracle_gt_prompt_gt_alignment,0.48204649923389514,0.6505146761361082,0.9291217257318952,0.5004495469949513,0.6505146761361082
deepcrack_0025,ampf_v2,deepcrack,oracle_gt_prompt_gt_alignment,0.46005009933488816,0.6301839910075134,0.7675457558726041,0.5345242874347651,0.6301839910075133
deepcrack_0026,ampf_v2,deepcrack,oracle_gt_prompt_gt_alignment,0.6344947735191637,0.7763803027073118,0.9118678017025539,0.6759465478841871,0.7763803027073118
deepcrack_0027,ampf_v2,deepcrack,oracle_gt_prompt_gt_alignment,0.5125184094256259,0.6777020447906524,0.5368529310935893,0.9187444998533294,0.6777020447906524
deepcrack_0028,ampf_v2,deepcrack,oracle_gt_prompt_gt_alignment,0.562489126022154,0.7199910919753545,0.688604898828541,0.7543750486116513,0.7199910919753546
deepcrack_0029,ampf_v2,deepcrack,oracle_gt_prompt_gt_alignment,0.6385459103729239,0.7794055770187048,0.9912434325744308,0.6421682949889694,0.7794055770187047
deepcrack_0030,ampf_v2,deepcrack,oracle_gt_prompt_gt_alignment,0.6075825979889186,0.7558959629806925,0.9999155690645052,0.6076137704581602,0.7558959629806925
deepcrack_0031,ampf_v2,deepcrack,oracle_gt_prompt_gt_alignment,0.8825828061034611,0.9376297321340318,0.9989469250210615,0.8834047308623579,0.9376297321340319
deepcrack_0032,ampf_v2,deepcrack,oracle_gt_prompt_gt_alignment,0.627859477124183,0.7713927227101631,0.6643613572509185,0.919533353275501,0.7713927227101631
deepcrack_0033,ampf_v2,deepcrack,oracle_gt_prompt_gt_alignment,0.8013497144834747,0.8897214217098943,0.8500367107195301,0.9332930270052399,0.8897214217098944
deepcrack_0034,ampf_v2,deepcrack,oracle_gt_prompt_gt_alignment,0.7453857075248462,0.85412147505423,0.7661748013620885,0.9648764549724321,0.85412147505423
deepcrack_0035,ampf_v2,deepcrack,oracle_gt_prompt_gt_alignment,0.6050632911392405,0.7539432176656151,0.6954413191076625,0.8231917336394948,0.7539432176656152
deepcrack_0036,ampf_v2,deepcrack,oracle_gt_prompt_gt_alignment,0.5666158794650414,0.7233628701102226,1.0,0.5666158794650414,0.7233628701102226
deepcrack_0037,ampf_v2,deepcrack,oracle_gt_prompt_gt_alignment,0.26903749516814845,0.4240024367956138,0.9840701291356395,0.27021430789936846,0.4240024367956138
deepcrack_0038,ampf_v2,deepcrack,oracle_gt_prompt_gt_alignment,0.4506601806810285,0.6213173652694611,0.9957773512476008,0.4515230635335074,0.6213173652694611
deepcrack_0039,ampf_v2,deepcrack,oracle_gt_prompt_gt_alignment,0.15733534390504914,0.27189240306819373,0.7996291718170581,0.16379288517533866,0.27189240306819373
deepcrack_0040,ampf_v2,deepcrack,oracle_gt_prompt_gt_alignment,0.6784460566346829,0.8084216397099833,0.7302267002518892,0.905371642723298,0.8084216397099833
deepcrack_0041,ampf_v2,deepcrack,oracle_gt_prompt_gt_alignment,0.5907865027596588,0.7427602657361957,0.9672434153103661,0.602848,0.7427602657361956
deepcrack_0042,ampf_v2,deepcrack,oracle_gt_prompt_gt_alignment,0.3855389854391733,0.556518422781109,0.9315505745495815,0.3967793588930179,0.556518422781109
deepcrack_0043,ampf_v2,deepcrack,oracle_gt_prompt_gt_alignment,0.5062168254199084,0.672169925174994,0.9561873369042714,0.5182373083221676,0.672169925174994
deepcrack_0044,ampf_v2,deepcrack,oracle_gt_prompt_gt_alignment,0.7030997189815209,0.8256706417660441,0.9765805192501035,0.7151580770896492,0.8256706417660441
deepcrack_0045,ampf_v2,deepcrack,oracle_gt_prompt_gt_alignment,0.8285916239618307,0.9062620796289138,0.8499184339314845,0.9706064996895053,0.9062620796289138
deepcrack_0046,ampf_v2,deepcrack,oracle_gt_prompt_gt_alignment,0.6652746965940233,0.7989969438131808,0.6947397110929409,0.9400700719159137,0.7989969438131809
deepcrack_0047,ampf_v2,deepcrack,oracle_gt_prompt_gt_alignment,0.5171728640363327,0.6817586529466791,0.6130551816958277,0.7678044669195112,0.6817586529466791
deepcrack_0048,ampf_v2,deepcrack,oracle_gt_prompt_gt_alignment,0.6212828704841484,0.7664089737759587,0.6318420394901275,0.9738058551617874,0.7664089737759588
deepcrack_0049,ampf_v2,deepcrack,oracle_gt_prompt_gt_alignment,0.8161579892280072,0.8987742190589165,0.8375092114959469,0.9697098976109215,0.8987742190589166
deepcrack_0050,ampf_v2,deepcrack,oracle_gt_prompt_gt_alignment,0.7307209594198857,0.8444122149705906,0.7397995199774107,0.9834834834834835,0.8444122149705906
deepcrack_0051,ampf_v2,deepcrack,oracle_gt_prompt_gt_alignment,0.5356600910470409,0.6976284584980237,0.5427985648385444,0.976036866359447,0.6976284584980239
deepcrack_0052,ampf_v2,deepcrack,oracle_gt_prompt_gt_alignment,0.7988789976920541,0.8881964809384164,0.8090150250417363,0.9845591223080049,0.8881964809384164
deepcrack_0053,ampf_v2,deepcrack,oracle_gt_prompt_gt_alignment,0.8231801755291688,0.9030157157015433,0.8677551020408163,0.9412632821723731,0.9030157157015433
deepcrack_0054,ampf_v2,deepcrack,oracle_gt_prompt_gt_alignment,0.8207113476893297,0.9015282392026578,0.8690750704586215,0.9364991717283269,0.9015282392026578
deepcrack_0055,ampf_v2,deepcrack,oracle_gt_prompt_gt_alignment,0.7146753955264593,0.8335984727966911,0.9232666725398643,0.759805698542739,0.833598472796691
deepcrack_0056,ampf_v2,deepcrack,oracle_gt_prompt_gt_alignment,0.495260663507109,0.6624405705229794,0.605,0.731932505571474,0.6624405705229793
deepcrack_0057,ampf_v2,deepcrack,oracle_gt_prompt_gt_alignment,0.5382543103448276,0.6998248686514886,0.5840397544577609,0.872870249017038,0.6998248686514886
deepcrack_0058,ampf_v2,deepcrack,oracle_gt_prompt_gt_alignment,0.38746908491343773,0.5585264408793821,0.3972950126796281,0.94,0.5585264408793821
deepcrack_0059,ampf_v2,deepcrack,oracle_gt_prompt_gt_alignment,0.760096030180914,0.8636983632112237,0.924207673060884,0.8106254572055597,0.8636983632112237
deepcrack_0060,ampf_v2,deepcrack,oracle_gt_prompt_gt_alignment,0.7291890729189073,0.8433884811543725,0.9546606589693044,0.7553475935828877,0.8433884811543724
deepcrack_0061,ampf_v2,deepcrack,oracle_gt_prompt_gt_alignment,0.7785391079508727,0.875481573017373,0.9814211212516297,0.7901850150898833,0.8754815730173731
deepcrack_0062,ampf_v2,deepcrack,oracle_gt_prompt_gt_alignment,0.6877901578458682,0.815018566909641,0.8477016975014304,0.7847620729231041,0.815018566909641
deepcrack_0063,ampf_v2,deepcrack,oracle_gt_prompt_gt_alignment,0.4718541649084311,0.6411697247706422,0.8392374662263584,0.5187418816106885,0.6411697247706422
deepcrack_0064,ampf_v2,deepcrack,oracle_gt_prompt_gt_alignment,0.6557528245330874,0.7920902381283944,0.8281887012230634,0.7590072057646117,0.7920902381283943
deepcrack_0065,ampf_v2,deepcrack,oracle_gt_prompt_gt_alignment,0.5834090221011202,0.7369024856596559,0.8482758620689655,0.6513802816901408,0.7369024856596559
deepcrack_0066,ampf_v2,deepcrack,oracle_gt_prompt_gt_alignment,0.47159025951754885,0.6409260410192666,0.735032074126871,0.5681818181818182,0.6409260410192668
deepcrack_0067,ampf_v2,deepcrack,oracle_gt_prompt_gt_alignment,0.7728389708008094,0.8718659545843696,0.8164465144689623,0.9353568929321203,0.8718659545843694
deepcrack_0068,ampf_v2,deepcrack,oracle_gt_prompt_gt_alignment,0.7225947033188066,0.83896078622166,0.7599153886832364,0.9363596872284969,0.8389607862216599
deepcrack_0069,ampf_v2,deepcrack,oracle_gt_prompt_gt_alignment,0.65715069997255,0.7931091601788968,0.6755079006772009,0.9602888086642599,0.7931091601788969
deepcrack_0070,ampf_v2,deepcrack,oracle_gt_prompt_gt_alignment,0.7172643303450149,0.835356930986751,0.7391517357222844,0.9603528234973174,0.835356930986751
deepcrack_0071,ampf_v2,deepcrack,oracle_gt_prompt_gt_alignment,0.738110964332893,0.8493254797643929,0.764102564102564,0.955945252352438,0.849325479764393
deepcrack_0072,ampf_v2,deepcrack,oracle_gt_prompt_gt_alignment,0.7035421926401959,0.8259756590470203,0.7143079074102843,0.9790269349515597,0.8259756590470203
deepcrack_0073,ampf_v2,deepcrack,oracle_gt_prompt_gt_alignment,0.526477086451429,0.6897936315248856,0.5335114834609274,0.975567881669308,0.6897936315248856
deepcrack_0074,ampf_v2,deepcrack,oracle_gt_prompt_gt_alignment,0.7492540384813252,0.8566554908534793,0.790576484637933,0.9347881899871631,0.8566554908534793
deepcrack_0075,ampf_v2,deepcrack,oracle_gt_prompt_gt_alignment,0.6336383944656626,0.7757388619320689,0.6465441176470588,0.9694597574421169,0.7757388619320688
deepcrack_0076,ampf_v2,deepcrack,oracle_gt_prompt_gt_alignment,0.752410127038472,0.8587146529562982,0.7669207457066765,0.9754701553556827,0.8587146529562982
deepcrack_0077,ampf_v2,deepcrack,oracle_gt_prompt_gt_alignment,0.609621062992126,0.7574715279370176,0.6204608064112196,0.9721404747890916,0.7574715279370174
deepcrack_0078,ampf_v2,deepcrack,oracle_gt_prompt_gt_alignment,0.6026541764246682,0.7520701412566975,0.6117274167987322,0.9759797724399494,0.7520701412566975
deepcrack_0079,ampf_v2,deepcrack,oracle_gt_prompt_gt_alignment,0.7387836490528414,0.8497706422018348,0.8372881355932204,0.8626309662398137,0.849770642201835
deepcrack_0080,ampf_v2,deepcrack,oracle_gt_prompt_gt_alignment,0.7331506849315068,0.84603224786595,0.8691133484897694,0.8241453649522636,0.84603224786595
deepcrack_0081,ampf_v2,deepcrack,oracle_gt_prompt_gt_alignment,0.8157983952989039,0.898556136420214,0.9656233279828785,0.8402001862197392,0.898556136420214
deepcrack_0082,ampf_v2,deepcrack,oracle_gt_prompt_gt_alignment,0.6998505231689088,0.823425958494548,0.9728494251281341,0.7137920520378087,0.823425958494548
deepcrack_0083,ampf_v2,deepcrack,oracle_gt_prompt_gt_alignment,0.7258304940374787,0.8411376395829477,0.9309026355318858,0.767161827593968,0.8411376395829477
deepcrack_0084,ampf_v2,deepcrack,oracle_gt_prompt_gt_alignment,0.8674924534193817,0.9290452037233153,0.9397834912043301,0.9185495425989199,0.9290452037233152
deepcrack_0085,ampf_v2,deepcrack,oracle_gt_prompt_gt_alignment,0.7611637347767253,0.8643872454859777,0.9647336263265087,0.7829491083079599,0.8643872454859777
deepcrack_0086,ampf_v2,deepcrack,oracle_gt_prompt_gt_alignment,0.8009249949728534,0.8894595801697186,0.9496900333810205,0.8364132717345653,0.8894595801697185
deepcrack_0087,ampf_v2,deepcrack,oracle_gt_prompt_gt_alignment,0.7655749377002492,0.8672245186006654,0.906618887015177,0.8311111111111111,0.8672245186006653
deepcrack_0088,ampf_v2,deepcrack,oracle_gt_prompt_gt_alignment,0.7982937233394272,0.8878346323280244,0.9506531204644412,0.8328035600762873,0.8878346323280244
deepcrack_0089,ampf_v2,deepcrack,oracle_gt_prompt_gt_alignment,0.12629205036647248,0.2242616385783414,0.5838401390095569,0.13878562577447337,0.2242616385783414
deepcrack_0090,ampf_v2,deepcrack,oracle_gt_prompt_gt_alignment,0.5961999315302978,0.7470241286863271,0.8145463049579046,0.6898395721925134,0.7470241286863271
deepcrack_0091,ampf_v2,deepcrack,oracle_gt_prompt_gt_alignment,0.6403365906623235,0.780738044017872,0.9742566079295154,0.6513575701794754,0.780738044017872
deepcrack_0092,ampf_v2,deepcrack,oracle_gt_prompt_gt_alignment,0.5615731785944552,0.7192402972749794,0.9759103641456582,0.569467146126185,0.7192402972749793
deepcrack_0093,ampf_v2,deepcrack,oracle_gt_prompt_gt_alignment,0.7709686803064094,0.8706745510293473,0.9864764267990075,0.779204233633869,0.8706745510293473
deepcrack_0094,ampf_v2,deepcrack,oracle_gt_prompt_gt_alignment,0.5919768702565956,0.743700340522134,0.9289224952741021,0.6200630914826498,0.743700340522134
deepcrack_0095,ampf_v2,deepcrack,oracle_gt_prompt_gt_alignment,0.6753649399302416,0.8062302413447452,0.9299181785841337,0.711582959030897,0.8062302413447452
deepcrack_0096,ampf_v2,deepcrack,oracle_gt_prompt_gt_alignment,0.7972334962312598,0.8871785418010877,0.9187667048491791,0.8576902512921047,0.8871785418010877
deepcrack_0097,ampf_v2,deepcrack,oracle_gt_prompt_gt_alignment,0.7600104230000868,0.8636430933228051,0.948509485094851,0.792716071752129,0.863643093322805
deepcrack_0098,ampf_v2,deepcrack,oracle_gt_prompt_gt_alignment,0.7520318173958154,0.8584682195025661,0.9262059418592269,0.7999632116251265,0.8584682195025662
deepcrack_0099,ampf_v2,deepcrack,oracle_gt_prompt_gt_alignment,0.8002545608824777,0.8890460030165912,0.929620502710695,0.8518652334929094,0.8890460030165913
deepcrack_0100,ampf_v2,deepcrack,oracle_gt_prompt_gt_alignment,0.7855583543240974,0.879902191291263,0.9277144273673773,0.8367766747160361,0.879902191291263
deepcrack_0101,ampf_v2,deepcrack,oracle_gt_prompt_gt_alignment,0.5865608959402706,0.7394117647058823,0.6349286526076525,0.8850554479845097,0.7394117647058824
deepcrack_0102,ampf_v2,deepcrack,oracle_gt_prompt_gt_alignment,0.7670372160463992,0.8681619256017505,0.8441489361702128,0.893581081081081,0.8681619256017507
deepcrack_0103,ampf_v2,deepcrack,oracle_gt_prompt_gt_alignment,0.8943310657596372,0.9442183385204692,0.9586776859504132,0.930188679245283,0.9442183385204692
deepcrack_0104,ampf_v2,deepcrack,oracle_gt_prompt_gt_alignment,0.9245606515216459,0.9608017817371938,0.9899036255162919,0.9333621808740805,0.9608017817371938
deepcrack_0105,ampf_v2,deepcrack,oracle_gt_prompt_gt_alignment,0.8589106400243433,0.9241010530910678,0.999291951852726,0.8594336750228356,0.9241010530910678
deepcrack_0106,ampf_v2,deepcrack,oracle_gt_prompt_gt_alignment,0.8963259722493648,0.9453290049981965,0.9957663916630481,0.8997547817557626,0.9453290049981964
deepcrack_0107,ampf_v2,deepcrack,oracle_gt_prompt_gt_alignment,0.6777716083657227,0.8079426365140651,0.6980556614563477,0.9588897617177271,0.8079426365140651
deepcrack_0108,ampf_v2,deepcrack,oracle_gt_prompt_gt_alignment,0.622296793437733,0.7671799586301999,0.6319575918212799,0.9760233918128655,0.7671799586302
deepcrack_0109,ampf_v2,deepcrack,oracle_gt_prompt_gt_alignment,0.7826792414562418,0.8780931793617385,1.0,0.7826792414562418,0.8780931793617385
deepcrack_0110,ampf_v2,deepcrack,oracle_gt_prompt_gt_alignment,0.7578265858056057,0.8622313394563849,1.0,0.7578265858056057,0.862231339456385
deepcrack_0111,ampf_v2,deepcrack,oracle_gt_prompt_gt_alignment,0.6174618170366871,0.7634947675833537,0.9915297092288242,0.6207360506529481,0.7634947675833534
deepcrack_0112,ampf_v2,deepcrack,oracle_gt_prompt_gt_alignment,0.6593742648788521,0.7947263963708534,0.9958550450023685,0.6611888661739267,0.7947263963708535
deepcrack_0113,ampf_v2,deepcrack,oracle_gt_prompt_gt_alignment,0.874345100060122,0.9329606378591394,0.9417206290471786,0.924362117497503,0.9329606378591394
deepcrack_0114,ampf_v2,deepcrack,oracle_gt_prompt_gt_alignment,0.8821214713430282,0.9373693300609035,0.9254240330252176,0.949627037480431,0.9373693300609036
deepcrack_0115,ampf_v2,deepcrack,oracle_gt_prompt_gt_alignment,0.8405228758169935,0.9133522727272727,0.9672405147919104,0.8651517416654209,0.9133522727272727
deepcrack_0116,ampf_v2,deepcrack,oracle_gt_prompt_gt_alignment,0.8123578975524943,0.8964652055198878,0.902660127805023,0.8903547346819115,0.8964652055198878
deepcrack_0117,ampf_v2,deepcrack,oracle_gt_prompt_gt_alignment,0.8185777777777777,0.900239503397038,0.9110605461020973,0.8896724954110714,0.9002395033970381
deepcrack_0118,ampf_v2,deepcrack,oracle_gt_prompt_gt_alignment,0.5467320261437908,0.7069511937460384,0.6360007603117278,0.7957193816884661,0.7069511937460384
deepcrack_0119,ampf_v2,deepcrack,oracle_gt_prompt_gt_alignment,0.8106567534076827,0.8954284150013687,0.9337710533828147,0.860110439127005,0.8954284150013686
deepcrack_0120,ampf_v2,deepcrack,oracle_gt_prompt_gt_alignment,0.7161423718800768,0.8345955249569708,0.9332178598922248,0.7548256537982565,0.8345955249569708
deepcrack_0121,ampf_v2,deepcrack,oracle_gt_prompt_gt_alignment,0.7784967645594824,0.8754547998880493,0.9644398766700925,0.8015032456440041,0.8754547998880492
deepcrack_0122,ampf_v2,deepcrack,oracle_gt_prompt_gt_alignment,0.7895259369570613,0.8823855755894591,0.9302529609592045,0.8392032713362353,0.8823855755894592
deepcrack_0123,ampf_v2,deepcrack,oracle_gt_prompt_gt_alignment,0.7759834368530021,0.8738633714152483,0.9682252647894601,0.7962608880390907,0.8738633714152483
deepcrack_0124,ampf_v2,deepcrack,oracle_gt_prompt_gt_alignment,0.8057387274995544,0.8924200552704303,0.8502915177731803,0.9389408099688473,0.8924200552704302
deepcrack_0125,ampf_v2,deepcrack,oracle_gt_prompt_gt_alignment,0.7699256110520722,0.8700090063044131,0.8310074555534315,0.9128517429651407,0.870009006304413
deepcrack_0126,ampf_v2,deepcrack,oracle_gt_prompt_gt_alignment,0.8066585554695277,0.892983959838374,0.9726593758335557,0.8253734721593481,0.892983959838374
deepcrack_0127,ampf_v2,deepcrack,oracle_gt_prompt_gt_alignment,0.7854974102518307,0.8798639591877563,0.9885367498314228,0.7927180966113915,0.8798639591877564
deepcrack_0128,ampf_v2,deepcrack,oracle_gt_prompt_gt_alignment,0.7599897540983607,0.8636297482171446,0.9883411059293804,0.7668648229516671,0.8636297482171446
deepcrack_0129,ampf_v2,deepcrack,oracle_gt_prompt_gt_alignment,0.7618677042801556,0.8648409893992933,0.9857027788964962,0.7703808624488511,0.8648409893992931
deepcrack_0130,ampf_v2,deepcrack,oracle_gt_prompt_gt_alignment,0.8374336710082007,0.9115253347335258,0.9890610756608933,0.8452624403544649,0.9115253347335258
deepcrack_0131,ampf_v2,deepcrack,oracle_gt_prompt_gt_alignment,0.6608733624454148,0.795814271441342,0.9994716682076344,0.6611043159182247,0.795814271441342
deepcrack_0132,ampf_v2,deepcrack,oracle_gt_prompt_gt_alignment,0.7967420814479638,0.8868741815251334,0.9501402978631556,0.831507366830374,0.8868741815251334
deepcrack_0133,ampf_v2,deepcrack,oracle_gt_prompt_gt_alignment,0.846412791920892,0.9168185961713765,0.8857331571994715,0.9501653282947568,0.9168185961713765
deepcrack_0134,ampf_v2,deepcrack,oracle_gt_prompt_gt_alignment,0.40631549531926786,0.5778440139095877,0.4124237696780598,0.9648307896483079,0.5778440139095877
deepcrack_0135,ampf_v2,deepcrack,oracle_gt_prompt_gt_alignment,0.5294781382228491,0.6923644411656216,0.540454938093867,0.9630579784504875,0.6923644411656216
deepcrack_0136,ampf_v2,deepcrack,oracle_gt_prompt_gt_alignment,0.738574473123372,0.8496322527921547,0.9716510903426792,0.754840271055179,0.8496322527921547
deepcrack_0137,ampf_v2,deepcrack,oracle_gt_prompt_gt_alignment,0.40613951884107957,0.5776660329919666,0.4548088064889919,0.7914636195597379,0.5776660329919666
deepcrack_0138,ampf_v2,deepcrack,oracle_gt_prompt_gt_alignment,0.6678043230944255,0.800818553888131,0.6954976303317536,0.9437299035369775,0.8008185538881311
deepcrack_0139,ampf_v2,deepcrack,oracle_gt_prompt_gt_alignment,0.7271326362135389,0.8420113440825951,0.8678402522333158,0.8176754548830301,0.842011344082595
deepcrack_0140,ampf_v2,deepcrack,oracle_gt_prompt_gt_alignment,0.7602880658436214,0.863822326125073,0.8068566437383994,0.9294428373789461,0.863822326125073
deepcrack_0141,ampf_v2,deepcrack,oracle_gt_prompt_gt_alignment,0.7700236966824645,0.870071624606734,0.7829177207565353,0.9790599578186201,0.8700716246067339
deepcrack_0142,ampf_v2,deepcrack,oracle_gt_prompt_gt_alignment,0.7783049108860111,0.875333477539837,0.7986842105263158,0.9682565002392726,0.875333477539837
deepcrack_0143,ampf_v2,deepcrack,oracle_gt_prompt_gt_alignment,0.6884159807267617,0.8154577883472057,0.7145238591373203,0.9495984491830518,0.8154577883472057
deepcrack_0144,ampf_v2,deepcrack,oracle_gt_prompt_gt_alignment,0.5485523955931335,0.7084712111184646,0.5707811250333245,0.9337112952464021,0.7084712111184647
deepcrack_0145,ampf_v2,deepcrack,oracle_gt_prompt_gt_alignment,0.6139507790883938,0.7608048362356763,0.6426829268292683,0.9321246959982312,0.7608048362356762
deepcrack_0146,ampf_v2,deepcrack,oracle_gt_prompt_gt_alignment,0.7711480362537765,0.8707889125799574,0.7857875833760903,0.9764105833598979,0.8707889125799574
deepcrack_0147,ampf_v2,deepcrack,oracle_gt_prompt_gt_alignment,0.7872594558725946,0.880968292864038,0.9738959120013134,0.8042299349240781,0.880968292864038
deepcrack_0148,ampf_v2,deepcrack,oracle_gt_prompt_gt_alignment,0.7491059147180192,0.8565586662472475,0.8058597218111867,0.914065122524337,0.8565586662472475
deepcrack_0149,ampf_v2,deepcrack,oracle_gt_prompt_gt_alignment,0.8125,0.896551724137931,0.8717001055966209,0.9228619340413639,0.896551724137931
deepcrack_0150,ampf_v2,deepcrack,oracle_gt_prompt_gt_alignment,0.6751840168243953,0.8061013119076015,0.7388952819332566,0.8867559729319154,0.8061013119076015
deepcrack_0151,ampf_v2,deepcrack,oracle_gt_prompt_gt_alignment,0.7251787132644957,0.8406998158379374,0.8295475195347992,0.8521560574948666,0.8406998158379374
deepcrack_0152,ampf_v2,deepcrack,oracle_gt_prompt_gt_alignment,0.4839582528024739,0.6522531909351393,0.842813867384719,0.5319736562566391,0.6522531909351393
deepcrack_0153,ampf_v2,deepcrack,oracle_gt_prompt_gt_alignment,0.6905299365795979,0.8169390220639664,0.9046613153077031,0.7447252492464642,0.8169390220639665
deepcrack_0154,ampf_v2,deepcrack,oracle_gt_prompt_gt_alignment,0.6853593825373855,0.813309481216458,0.874711405263968,0.7599625568333779,0.8133094812164579
deepcrack_0155,ampf_v2,deepcrack,oracle_gt_prompt_gt_alignment,0.798051948051948,0.8876850848681834,0.9514224888716857,0.8319512607886275,0.8876850848681834
deepcrack_0156,ampf_v2,deepcrack,oracle_gt_prompt_gt_alignment,0.826463391680783,0.9049876339653751,0.8485024154589372,0.969529697504968,0.9049876339653751
deepcrack_0157,ampf_v2,deepcrack,oracle_gt_prompt_gt_alignment,0.5842147162515637,0.7375448671931084,0.7373331419549304,0.7377567140600316,0.7375448671931084
deepcrack_0158,ampf_v2,deepcrack,oracle_gt_prompt_gt_alignment,0.3673697132016516,0.5373377948257569,0.8823371750201019,0.38629429711335367,0.5373377948257569
deepcrack_0159,ampf_v2,deepcrack,oracle_gt_prompt_gt_alignment,0.7478737478737478,0.8557525951557093,0.7661181026137464,0.9691403379867745,0.8557525951557092
deepcrack_0160,ampf_v2,deepcrack,oracle_gt_prompt_gt_alignment,0.9112104758862983,0.953542780748663,0.994621246077992,0.9157228667064056,0.953542780748663
deepcrack_0161,ampf_v2,deepcrack,oracle_gt_prompt_gt_alignment,0.9358530451579983,0.9668637270776067,0.9995717844908129,0.9362283964121636,0.9668637270776066
deepcrack_0162,ampf_v2,deepcrack,oracle_gt_prompt_gt_alignment,0.8176326170312543,0.899667632908895,0.9991235758106923,0.8182194616977225,0.8996676329088951
deepcrack_0163,ampf_v2,deepcrack,oracle_gt_prompt_gt_alignment,0.9200487189525425,0.9583597643860444,0.998395090866179,0.9214114571988673,0.9583597643860445
deepcrack_0164,ampf_v2,deepcrack,oracle_gt_prompt_gt_alignment,0.9151227642797615,0.9556805248711254,0.9958144401813742,0.9186562841881717,0.9556805248711254
deepcrack_0165,ampf_v2,deepcrack,oracle_gt_prompt_gt_alignment,0.8337123919682891,0.9093164180162302,0.9783437547658991,0.8493876199933796,0.9093164180162302
deepcrack_0166,ampf_v2,deepcrack,oracle_gt_prompt_gt_alignment,0.9252280475444578,0.9611620282849553,0.9998008662318912,0.9253985807759654,0.9611620282849553
deepcrack_0167,ampf_v2,deepcrack,oracle_gt_prompt_gt_alignment,0.6510098418769532,0.7886201830715335,0.9989979242717056,0.6514352392065345,0.7886201830715336
deepcrack_0168,ampf_v2,deepcrack,oracle_gt_prompt_gt_alignment,0.7246115739698266,0.8403185794490142,0.7789881384652626,0.9121315192743764,0.8403185794490142
deepcrack_0169,ampf_v2,deepcrack,oracle_gt_prompt_gt_alignment,0.6612695343966489,0.7961014401396499,0.9798281212699929,0.6703960800326664,0.7961014401396499
deepcrack_0170,ampf_v2,deepcrack,oracle_gt_prompt_gt_alignment,0.6841684647966115,0.8124703426022587,0.9654900191722116,0.7013189153764233,0.8124703426022587
deepcrack_0171,ampf_v2,deepcrack,oracle_gt_prompt_gt_alignment,0.7598957098838587,0.8635690235690235,0.8163992869875223,0.9165237278444825,0.8635690235690234
deepcrack_0172,ampf_v2,deepcrack,oracle_gt_prompt_gt_alignment,0.6560170394036209,0.7922829581993569,0.700955848884843,0.9109730848861284,0.7922829581993568
deepcrack_0173,ampf_v2,deepcrack,oracle_gt_prompt_gt_alignment,0.5679560899111343,0.7244540756792799,0.6010233715945236,0.9116844975875813,0.7244540756792799
deepcrack_0174,ampf_v2,deepcrack,oracle_gt_prompt_gt_alignment,0.4896364254162419,0.6573905109489051,0.49030282408982645,0.9972318339100346,0.6573905109489051
deepcrack_0175,ampf_v2,deepcrack,oracle_gt_prompt_gt_alignment,0.3733300947291717,0.5436858860983375,0.3769928869266618,0.9746353836398225,0.5436858860983376
deepcrack_0176,ampf_v2,deepcrack,oracle_gt_prompt_gt_alignment,0.3360484940329608,0.5030483482206154,0.34253716933771,0.9466382070437567,0.5030483482206154
deepcrack_0177,ampf_v2,deepcrack,oracle_gt_prompt_gt_alignment,0.4297057449789818,0.6011107481215289,0.43355325164938735,0.979765708200213,0.601110748121529
deepcrack_0178,ampf_v2,deepcrack,oracle_gt_prompt_gt_alignment,0.856887897378695,0.922929056286418,0.8986897519887693,0.9485121619953081,0.922929056286418
deepcrack_0179,ampf_v2,deepcrack,oracle_gt_prompt_gt_alignment,0.6521913147888734,0.7894864341085271,0.8343573988735279,0.7491954022988506,0.7894864341085273
deepcrack_0180,ampf_v2,deepcrack,oracle_gt_prompt_gt_alignment,0.9125138427464009,0.9542559351476549,0.954034965844622,0.9544770068342407,0.954255935147655
deepcrack_0181,ampf_v2,deepcrack,oracle_gt_prompt_gt_alignment,0.7835455435847208,0.8786381109280615,0.8151620134501733,0.9528346831824679,0.8786381109280617
deepcrack_0182,ampf_v2,deepcrack,oracle_gt_prompt_gt_alignment,0.8559391697492807,0.922378474144613,0.9030789245446661,0.9425209323376329,0.922378474144613
deepcrack_0183,ampf_v2,deepcrack,oracle_gt_prompt_gt_alignment,0.7581090407177363,0.8624141315014721,0.8191648023862789,0.9104848736013261,0.8624141315014721
deepcrack_0184,ampf_v2,deepcrack,oracle_gt_prompt_gt_alignment,0.7457675480311965,0.8543721056932716,0.7966067255917911,0.9211701127819549,0.8543721056932716
deepcrack_0185,ampf_v2,deepcrack,oracle_gt_prompt_gt_alignment,0.7369142857142857,0.8485327016712725,0.8433167669369604,0.8538135593220338,0.8485327016712725
deepcrack_0186,ampf_v2,deepcrack,oracle_gt_prompt_gt_alignment,0.7795418006430869,0.8761151891586674,0.8967749393133742,0.8563859145601059,0.8761151891586674
deepcrack_0187,ampf_v2,deepcrack,oracle_gt_prompt_gt_alignment,0.7943246810382754,0.8853745249478975,0.9668005354752343,0.8165988240615106,0.8853745249478975
deepcrack_0188,ampf_v2,deepcrack,oracle_gt_prompt_gt_alignment,0.8248774672142005,0.9040360046457607,0.916813898704358,0.8916093928980527,0.9040360046457608
deepcrack_0189,ampf_v2,deepcrack,oracle_gt_prompt_gt_alignment,0.6958846403110823,0.820674500812076,0.9057359763812737,0.7502183406113537,0.8206745008120762
deepcrack_0190,ampf_v2,deepcrack,oracle_gt_prompt_gt_alignment,0.8125783011776497,0.896599391761128,0.889589905362776,0.9037202173610144,0.896599391761128
deepcrack_0191,ampf_v2,deepcrack,oracle_gt_prompt_gt_alignment,0.7949668874172185,0.8857733175914995,0.8554732041049031,0.9182986536107711,0.8857733175914995
deepcrack_0192,ampf_v2,deepcrack,oracle_gt_prompt_gt_alignment,0.711629125196438,0.831522570772762,0.747455295735901,0.9368965517241379,0.8315225707727619
deepcrack_0193,ampf_v2,deepcrack,oracle_gt_prompt_gt_alignment,0.72751269035533,0.8422661024917725,0.833837561089132,0.8508667774875327,0.8422661024917725
deepcrack_0194,ampf_v2,deepcrack,oracle_gt_prompt_gt_alignment,0.8335368335368335,0.9092119866814651,0.8906283974777125,0.9285876218544548,0.909211986681465
deepcrack_0195,ampf_v2,deepcrack,oracle_gt_prompt_gt_alignment,0.6933071831331209,0.8188793977124657,0.6991347342398022,0.9881201956673655,0.8188793977124657
deepcrack_0196,ampf_v2,deepcrack,oracle_gt_prompt_gt_alignment,0.7520204168438962,0.8584607914542365,0.7873524827432643,0.9436882839605018,0.8584607914542365
deepcrack_0197,ampf_v2,deepcrack,oracle_gt_prompt_gt_alignment,0.7547428124388813,0.8602318323673651,0.7650674068199841,0.9824338085539714,0.8602318323673651
deepcrack_0198,ampf_v2,deepcrack,oracle_gt_prompt_gt_alignment,0.5587561048539819,0.7169256346313703,0.7181655137074046,0.7156900293629516,0.7169256346313703
deepcrack_0199,ampf_v2,deepcrack,oracle_gt_prompt_gt_alignment,0.28966750841750843,0.44921269478665254,0.7647222222222222,0.3180085479958415,0.4492126947866525
deepcrack_0200,ampf_v2,deepcrack,oracle_gt_prompt_gt_alignment,0.6866470711736301,0.8142154727080351,0.82807950373465,0.8008080313418218,0.8142154727080351
deepcrack_0201,ampf_v2,deepcrack,oracle_gt_prompt_gt_alignment,0.5856802693160358,0.7387116818558409,0.6978086480140873,0.7847084708470847,0.7387116818558409
deepcrack_0202,ampf_v2,deepcrack,oracle_gt_prompt_gt_alignment,0.601316116215545,0.7510273707063658,0.8339934561735836,0.6830747531734838,0.7510273707063657
deepcrack_0203,ampf_v2,deepcrack,oracle_gt_prompt_gt_alignment,0.6052394760523948,0.754079980067273,0.7430640805303216,0.7654274152756702,0.754079980067273
deepcrack_0204,ampf_v2,deepcrack,oracle_gt_prompt_gt_alignment,0.6052418538757337,0.7540818256319738,0.7625908453397935,0.7457605985037407,0.7540818256319738
deepcrack_0205,ampf_v2,deepcrack,oracle_gt_prompt_gt_alignment,0.542970073404856,0.7037985801068579,0.6615299944964227,0.7518373729476153,0.703798580106858
deepcrack_0206,ampf_v2,deepcrack,oracle_gt_prompt_gt_alignment,0.5591004662217753,0.717209029610085,0.5859360030657214,0.9242859301798398,0.717209029610085
deepcrack_0207,ampf_v2,deepcrack,oracle_gt_prompt_gt_alignment,0.5077459333849729,0.6735165681993321,0.514319340918007,0.9754464285714286,0.6735165681993321
deepcrack_0208,ampf_v2,deepcrack,oracle_gt_prompt_gt_alignment,0.5495945945945946,0.7093398447719543,0.5654894327030033,0.951345029239766,0.7093398447719542
deepcrack_0209,ampf_v2,deepcrack,oracle_gt_prompt_gt_alignment,0.4313835770528684,0.6027504911591356,0.4435235158057055,0.9403351042092358,0.6027504911591356
deepcrack_0210,ampf_v2,deepcrack,oracle_gt_prompt_gt_alignment,0.3955693317531224,0.5668931277763261,0.408992364973136,0.9233879548840179,0.5668931277763262
deepcrack_0211,ampf_v2,deepcrack,oracle_gt_prompt_gt_alignment,0.44099234871319265,0.6120675784392599,0.7785509619320508,0.5042417815482503,0.6120675784392599
deepcrack_0212,ampf_v2,deepcrack,oracle_gt_prompt_gt_alignment,0.3378868729989328,0.5051052967453733,0.344880174291939,0.9433849821215733,0.5051052967453733
deepcrack_0213,ampf_v2,deepcrack,oracle_gt_prompt_gt_alignment,0.6121221468229487,0.7593992155362097,0.6810226492793411,0.8581621621621621,0.7593992155362097
deepcrack_0214,ampf_v2,deepcrack,oracle_gt_prompt_gt_alignment,0.5423893436936312,0.7033105433609212,0.5615572475219077,0.9407942238267148,0.7033105433609211
deepcrack_0215,ampf_v2,deepcrack,oracle_gt_prompt_gt_alignment,0.674428450465707,0.8055625790139065,0.7830575126986727,0.8293995140576189,0.8055625790139065
deepcrack_0216,ampf_v2,deepcrack,oracle_gt_prompt_gt_alignment,0.6986696585991344,0.8226080392526892,0.7481977342945417,0.9134534786253143,0.8226080392526892
deepcrack_0217,ampf_v2,deepcrack,oracle_gt_prompt_gt_alignment,0.8022395943376294,0.8902696365767878,0.882817949314113,0.8978481910617168,0.8902696365767878
deepcrack_0218,ampf_v2,deepcrack,oracle_gt_prompt_gt_alignment,0.7350073460665153,0.8472671285604311,0.791684649690692,0.9112435833747309,0.8472671285604311
deepcrack_0219,ampf_v2,deepcrack,oracle_gt_prompt_gt_alignment,0.49450958496184627,0.6617683686176837,0.5184390243902439,0.9146299483648881,0.6617683686176837
deepcrack_0220,ampf_v2,deepcrack,oracle_gt_prompt_gt_alignment,0.6589654729816455,0.7944294003868472,0.6776663146779303,0.9598055711347916,0.7944294003868471
deepcrack_0221,ampf_v2,deepcrack,oracle_gt_prompt_gt_alignment,0.7578333333333334,0.8622357068360671,0.8261264534883721,0.90164584572675,0.8622357068360671
deepcrack_0222,ampf_v2,deepcrack,oracle_gt_prompt_gt_alignment,0.7548283261802575,0.8602873738917762,0.812512030798845,0.9140320485058467,0.8602873738917762
deepcrack_0223,ampf_v2,deepcrack,oracle_gt_prompt_gt_alignment,0.6919611097936922,0.8179397337070777,0.7199605230693313,0.9467878001297858,0.8179397337070777
deepcrack_0224,ampf_v2,deepcrack,oracle_gt_prompt_gt_alignment,0.712345850076209,0.8320116523709338,0.7848854961832061,0.8851584022038568,0.8320116523709339
deepcrack_0225,ampf_v2,deepcrack,oracle_gt_prompt_gt_alignment,0.23291342803537926,0.37782608695652176,0.27933140469302475,0.5836131631967764,0.37782608695652176
deepcrack_0226,ampf_v2,deepcrack,oracle_gt_prompt_gt_alignment,0.3799792171804641,0.5507028112449799,0.4388,0.7392183288409704,0.5507028112449799
deepcrack_0227,ampf_v2,deepcrack,oracle_gt_prompt_gt_alignment,0.8195108237278605,0.9008034610630408,0.8371625502584722,0.9749163879598662,0.9008034610630408
deepcrack_0228,ampf_v2,deepcrack,oracle_gt_prompt_gt_alignment,0.7151478575739287,0.8339197748064743,0.7375824723017552,0.9592034968431278,0.8339197748064744
deepcrack_0229,ampf_v2,deepcrack,oracle_gt_prompt_gt_alignment,0.8215725806451613,0.9020475926950747,0.8380462724935732,0.9766327142001199,0.9020475926950746
deepcrack_0230,ampf_v2,deepcrack,oracle_gt_prompt_gt_alignment,0.909130624726955,0.9524027459954233,0.9726571628885253,0.9329746693566465,0.9524027459954233
deepcrack_0231,ampf_v2,deepcrack,oracle_gt_prompt_gt_alignment,0.8114402451481103,0.8959061689410173,0.8438495857233907,0.9548076923076924,0.8959061689410174
deepcrack_0232,ampf_v2,deepcrack,oracle_gt_prompt_gt_alignment,0.6759573985950601,0.806652244456463,0.6791894353369763,0.9930093209054593,0.8066522444564629
deepcrack_0233,ampf_v2,deepcrack,oracle_gt_prompt_gt_alignment,0.8500673206385844,0.9189582575245621,0.9659053655338214,0.8763632758278802,0.918958257524562
deepcrack_0234,ampf_v2,deepcrack,oracle_gt_prompt_gt_alignment,0.8456097695750677,0.9163473053892216,0.9946054855063045,0.8495059398245809,0.9163473053892215
deepcrack_0235,ampf_v2,deepcrack,oracle_gt_prompt_gt_alignment,0.8912267416702726,0.9424853424853424,0.9931288047736725,0.896756286056384,0.9424853424853425
deepcrack_0236,ampf_v2,deepcrack,oracle_gt_prompt_gt_alignment,0.3869654969035683,0.5580030617451948,0.9964310122256815,0.38750258394117476,0.5580030617451949
deepcrack_0000,ablation_no_detection_v2,deepcrack,oracle_gt_prompt_gt_alignment,0.5890388413429888,0.7413775245986536,0.6093989443214711,0.9463246959280803,0.7413775245986535
deepcrack_0001,ablation_no_detection_v2,deepcrack,oracle_gt_prompt_gt_alignment,0.6030261348005502,0.7523597048223786,0.7973808657693707,0.7121507472384665,0.7523597048223785
deepcrack_0002,ablation_no_detection_v2,deepcrack,oracle_gt_prompt_gt_alignment,0.7195758822598513,0.8369225105834713,0.7428524750857703,0.9582718651211802,0.8369225105834713
deepcrack_0003,ablation_no_detection_v2,deepcrack,oracle_gt_prompt_gt_alignment,0.4958076723306374,0.6629297088149214,0.5915368271954674,0.7539207943134378,0.6629297088149213
deepcrack_0004,ablation_no_detection_v2,deepcrack,oracle_gt_prompt_gt_alignment,0.4085760517799353,0.5801263641585296,0.7843644835619984,0.46027646969466807,0.5801263641585296
deepcrack_0005,ablation_no_detection_v2,deepcrack,oracle_gt_prompt_gt_alignment,0.6054179290679024,0.7542184724689165,0.7794860027535567,0.7305376344086022,0.7542184724689166
deepcrack_0006,ablation_no_detection_v2,deepcrack,oracle_gt_prompt_gt_alignment,0.5661697036628014,0.7229991773416382,0.7442535688361964,0.7029250457038391,0.7229991773416383
deepcrack_0007,ablation_no_detection_v2,deepcrack,oracle_gt_prompt_gt_alignment,0.7594339622641509,0.8632707774798928,0.8142279163857047,0.9186002282236592,0.8632707774798928
deepcrack_0008,ablation_no_detection_v2,deepcrack,oracle_gt_prompt_gt_alignment,0.810110267793212,0.8950949367088608,0.8872333751568381,0.9030970625798213,0.8950949367088608
deepcrack_0009,ablation_no_detection_v2,deepcrack,oracle_gt_prompt_gt_alignment,0.6574553828439839,0.7933310177144842,0.7862306368330465,0.8005608131791097,0.7933310177144842
deepcrack_0010,ablation_no_detection_v2,deepcrack,oracle_gt_prompt_gt_alignment,0.4281757754800591,0.599612152553329,0.7294746775715634,0.5089991220368745,0.599612152553329
deepcrack_0011,ablation_no_detection_v2,deepcrack,oracle_gt_prompt_gt_alignment,0.7285589899869395,0.8429668807454981,0.7957679505468378,0.8961178045515394,0.842966880745498
deepcrack_0012,ablation_no_detection_v2,deepcrack,oracle_gt_prompt_gt_alignment,0.3362591813721008,0.5032843718638811,0.9488304093567251,0.34246958033275393,0.5032843718638811
deepcrack_0013,ablation_no_detection_v2,deepcrack,oracle_gt_prompt_gt_alignment,0.4661803243855797,0.6359113086324332,0.9384088964927289,0.48089427924307737,0.6359113086324333
deepcrack_0014,ablation_no_detection_v2,deepcrack,oracle_gt_prompt_gt_alignment,0.282693075053506,0.4407805429864253,0.506894757382594,0.3899229460622436,0.4407805429864254
deepcrack_0015,ablation_no_detection_v2,deepcrack,oracle_gt_prompt_gt_alignment,0.2444076222038111,0.39280958721704395,0.4872372372372372,0.32904076252281483,0.39280958721704395
deepcrack_0016,ablation_no_detection_v2,deepcrack,oracle_gt_prompt_gt_alignment,0.2751839275608376,0.43159880173083326,0.5210286632735066,0.3683712121212121,0.4315988017308332
deepcrack_0017,ablation_no_detection_v2,deepcrack,oracle_gt_prompt_gt_alignment,0.20497061422041254,0.3402084860849884,0.9015036323703328,0.20966601178781924,0.3402084860849884
deepcrack_0018,ablation_no_detection_v2,deepcrack,oracle_gt_prompt_gt_alignment,0.4807798519827681,0.64936033717504,0.8455560951918407,0.527064664567692,0.6493603371750402
deepcrack_0019,ablation_no_detection_v2,deepcrack,oracle_gt_prompt_gt_alignment,0.3301740406793877,0.49643735418374424,0.9848636477358018,0.3318580340583375,0.4964373541837442
deepcrack_0020,ablation_no_detection_v2,deepcrack,oracle_gt_prompt_gt_alignment,0.4779695662048603,0.6467921628889742,0.9812332439678284,0.48237923328176036,0.6467921628889742
deepcrack_0021,ablation_no_detection_v2,deepcrack,oracle_gt_prompt_gt_alignment,0.7129646754207509,0.8324335996545023,0.9336401065633325,0.7510227936879018,0.8324335996545024
deepcrack_0022,ablation_no_detection_v2,deepcrack,oracle_gt_prompt_gt_alignment,0.33526541572518587,0.5021704475781729,0.9601425490012192,0.3399973432518597,0.5021704475781729
deepcrack_0023,ablation_no_detection_v2,deepcrack,oracle_gt_prompt_gt_alignment,0.6434293401822295,0.7830325581395349,0.9382914214374889,0.6718600344805568,0.7830325581395349
deepcrack_0024,ablation_no_detection_v2,deepcrack,oracle_gt_prompt_gt_alignment,0.48204649923389514,0.6505146761361082,0.9291217257318952,0.5004495469949513,0.6505146761361082
deepcrack_0025,ablation_no_detection_v2,deepcrack,oracle_gt_prompt_gt_alignment,0.46005009933488816,0.6301839910075134,0.7675457558726041,0.5345242874347651,0.6301839910075133
deepcrack_0026,ablation_no_detection_v2,deepcrack,oracle_gt_prompt_gt_alignment,0.6344947735191637,0.7763803027073118,0.9118678017025539,0.6759465478841871,0.7763803027073118
deepcrack_0027,ablation_no_detection_v2,deepcrack,oracle_gt_prompt_gt_alignment,0.5125184094256259,0.6777020447906524,0.5368529310935893,0.9187444998533294,0.6777020447906524
deepcrack_0028,ablation_no_detection_v2,deepcrack,oracle_gt_prompt_gt_alignment,0.22652590885436028,0.3693781064371439,0.8368580060422961,0.23699152212802366,0.3693781064371439
deepcrack_0029,ablation_no_detection_v2,deepcrack,oracle_gt_prompt_gt_alignment,0.6385459103729239,0.7794055770187048,0.9912434325744308,0.6421682949889694,0.7794055770187047
deepcrack_0030,ablation_no_detection_v2,deepcrack,oracle_gt_prompt_gt_alignment,0.6075825979889186,0.7558959629806925,0.9999155690645052,0.6076137704581602,0.7558959629806925
deepcrack_0031,ablation_no_detection_v2,deepcrack,oracle_gt_prompt_gt_alignment,0.8825828061034611,0.9376297321340318,0.9989469250210615,0.8834047308623579,0.9376297321340319
deepcrack_0032,ablation_no_detection_v2,deepcrack,oracle_gt_prompt_gt_alignment,0.627859477124183,0.7713927227101631,0.6643613572509185,0.919533353275501,0.7713927227101631
deepcrack_0033,ablation_no_detection_v2,deepcrack,oracle_gt_prompt_gt_alignment,0.8013497144834747,0.8897214217098943,0.8500367107195301,0.9332930270052399,0.8897214217098944
deepcrack_0034,ablation_no_detection_v2,deepcrack,oracle_gt_prompt_gt_alignment,0.7453857075248462,0.85412147505423,0.7661748013620885,0.9648764549724321,0.85412147505423
deepcrack_0035,ablation_no_detection_v2,deepcrack,oracle_gt_prompt_gt_alignment,0.6050632911392405,0.7539432176656151,0.6954413191076625,0.8231917336394948,0.7539432176656152
deepcrack_0036,ablation_no_detection_v2,deepcrack,oracle_gt_prompt_gt_alignment,0.5666158794650414,0.7233628701102226,1.0,0.5666158794650414,0.7233628701102226
deepcrack_0037,ablation_no_detection_v2,deepcrack,oracle_gt_prompt_gt_alignment,0.26162251314297497,0.41473976632077786,0.9837209302325581,0.26276012009524796,0.41473976632077786
deepcrack_0038,ablation_no_detection_v2,deepcrack,oracle_gt_prompt_gt_alignment,0.4506601806810285,0.6213173652694611,0.9957773512476008,0.4515230635335074,0.6213173652694611
deepcrack_0039,ablation_no_detection_v2,deepcrack,oracle_gt_prompt_gt_alignment,0.15733534390504914,0.27189240306819373,0.7996291718170581,0.16379288517533866,0.27189240306819373
deepcrack_0040,ablation_no_detection_v2,deepcrack,oracle_gt_prompt_gt_alignment,0.6880863039399625,0.8152264517921645,0.7342342342342343,0.9163023110555902,0.8152264517921646
deepcrack_0041,ablation_no_detection_v2,deepcrack,oracle_gt_prompt_gt_alignment,0.5907865027596588,0.7427602657361957,0.9672434153103661,0.602848,0.7427602657361956
deepcrack_0042,ablation_no_detection_v2,deepcrack,oracle_gt_prompt_gt_alignment,0.3855389854391733,0.556518422781109,0.9315505745495815,0.3967793588930179,0.556518422781109
deepcrack_0043,ablation_no_detection_v2,deepcrack,oracle_gt_prompt_gt_alignment,0.5062168254199084,0.672169925174994,0.9561873369042714,0.5182373083221676,0.672169925174994
deepcrack_0044,ablation_no_detection_v2,deepcrack,oracle_gt_prompt_gt_alignment,0.7030997189815209,0.8256706417660441,0.9765805192501035,0.7151580770896492,0.8256706417660441
deepcrack_0045,ablation_no_detection_v2,deepcrack,oracle_gt_prompt_gt_alignment,0.8285916239618307,0.9062620796289138,0.8499184339314845,0.9706064996895053,0.9062620796289138
deepcrack_0046,ablation_no_detection_v2,deepcrack,oracle_gt_prompt_gt_alignment,0.6652746965940233,0.7989969438131808,0.6947397110929409,0.9400700719159137,0.7989969438131809
deepcrack_0047,ablation_no_detection_v2,deepcrack,oracle_gt_prompt_gt_alignment,0.5171728640363327,0.6817586529466791,0.6130551816958277,0.7678044669195112,0.6817586529466791
deepcrack_0048,ablation_no_detection_v2,deepcrack,oracle_gt_prompt_gt_alignment,0.6212828704841484,0.7664089737759587,0.6318420394901275,0.9738058551617874,0.7664089737759588
deepcrack_0049,ablation_no_detection_v2,deepcrack,oracle_gt_prompt_gt_alignment,0.8161579892280072,0.8987742190589165,0.8375092114959469,0.9697098976109215,0.8987742190589166
deepcrack_0050,ablation_no_detection_v2,deepcrack,oracle_gt_prompt_gt_alignment,0.7614908662345315,0.8645981433469934,0.7797556192487555,0.9701576576576577,0.8645981433469934
deepcrack_0051,ablation_no_detection_v2,deepcrack,oracle_gt_prompt_gt_alignment,0.5356600910470409,0.6976284584980237,0.5427985648385444,0.976036866359447,0.6976284584980239
deepcrack_0052,ablation_no_detection_v2,deepcrack,oracle_gt_prompt_gt_alignment,0.7988789976920541,0.8881964809384164,0.8090150250417363,0.9845591223080049,0.8881964809384164
deepcrack_0053,ablation_no_detection_v2,deepcrack,oracle_gt_prompt_gt_alignment,0.8231801755291688,0.9030157157015433,0.8677551020408163,0.9412632821723731,0.9030157157015433
deepcrack_0054,ablation_no_detection_v2,deepcrack,oracle_gt_prompt_gt_alignment,0.8207113476893297,0.9015282392026578,0.8690750704586215,0.9364991717283269,0.9015282392026578
deepcrack_0055,ablation_no_detection_v2,deepcrack,oracle_gt_prompt_gt_alignment,0.6576951977594098,0.7935055837145094,0.9192285659728853,0.6980352352642645,0.7935055837145093
deepcrack_0056,ablation_no_detection_v2,deepcrack,oracle_gt_prompt_gt_alignment,0.495260663507109,0.6624405705229794,0.605,0.731932505571474,0.6624405705229793
deepcrack_0057,ablation_no_detection_v2,deepcrack,oracle_gt_prompt_gt_alignment,0.5382543103448276,0.6998248686514886,0.5840397544577609,0.872870249017038,0.6998248686514886
deepcrack_0058,ablation_no_detection_v2,deepcrack,oracle_gt_prompt_gt_alignment,0.38746908491343773,0.5585264408793821,0.3972950126796281,0.94,0.5585264408793821
deepcrack_0059,ablation_no_detection_v2,deepcrack,oracle_gt_prompt_gt_alignment,0.7614278376990241,0.8645575156728386,0.9226221346333368,0.8133686905632772,0.8645575156728387
deepcrack_0060,ablation_no_detection_v2,deepcrack,oracle_gt_prompt_gt_alignment,0.7291890729189073,0.8433884811543725,0.9546606589693044,0.7553475935828877,0.8433884811543724
deepcrack_0061,ablation_no_detection_v2,deepcrack,oracle_gt_prompt_gt_alignment,0.8070669568557163,0.8932341480694297,0.970742223591007,0.8271880330665267,0.8932341480694296
deepcrack_0062,ablation_no_detection_v2,deepcrack,oracle_gt_prompt_gt_alignment,0.6877901578458682,0.815018566909641,0.8477016975014304,0.7847620729231041,0.815018566909641
deepcrack_0063,ablation_no_detection_v2,deepcrack,oracle_gt_prompt_gt_alignment,0.4718541649084311,0.6411697247706422,0.8392374662263584,0.5187418816106885,0.6411697247706422
deepcrack_0064,ablation_no_detection_v2,deepcrack,oracle_gt_prompt_gt_alignment,0.6557528245330874,0.7920902381283944,0.8281887012230634,0.7590072057646117,0.7920902381283943
deepcrack_0065,ablation_no_detection_v2,deepcrack,oracle_gt_prompt_gt_alignment,0.5182304326689353,0.6826769132244637,0.7908011869436202,0.6005633802816901,0.6826769132244637
deepcrack_0066,ablation_no_detection_v2,deepcrack,oracle_gt_prompt_gt_alignment,0.46758104738154616,0.637213254035684,0.7253384912959381,0.5681818181818182,0.637213254035684
deepcrack_0067,ablation_no_detection_v2,deepcrack,oracle_gt_prompt_gt_alignment,0.7728389708008094,0.8718659545843696,0.8164465144689623,0.9353568929321203,0.8718659545843694
deepcrack_0068,ablation_no_detection_v2,deepcrack,oracle_gt_prompt_gt_alignment,0.6731714583643676,0.8046652421652422,0.681804465902233,0.981537793223284,0.804665242165242
deepcrack_0069,ablation_no_detection_v2,deepcrack,oracle_gt_prompt_gt_alignment,0.5603428306694463,0.7182304038004751,0.570115484327127,0.9703168872843964,0.718230403800475
deepcrack_0070,ablation_no_detection_v2,deepcrack,oracle_gt_prompt_gt_alignment,0.7453188894468756,0.8540776060506412,0.779311379491411,0.9447121942347914,0.8540776060506413
deepcrack_0071,ablation_no_detection_v2,deepcrack,oracle_gt_prompt_gt_alignment,0.738110964332893,0.8493254797643929,0.764102564102564,0.955945252352438,0.849325479764393
deepcrack_0072,ablation_no_detection_v2,deepcrack,oracle_gt_prompt_gt_alignment,0.7035421926401959,0.8259756590470203,0.7143079074102843,0.9790269349515597,0.8259756590470203
deepcrack_0073,ablation_no_detection_v2,deepcrack,oracle_gt_prompt_gt_alignment,0.526477086451429,0.6897936315248856,0.5335114834609274,0.975567881669308,0.6897936315248856
deepcrack_0074,ablation_no_detection_v2,deepcrack,oracle_gt_prompt_gt_alignment,0.7476253702379736,0.8555899713634504,0.7853234631477309,0.9396662387676509,0.8555899713634505
deepcrack_0075,ablation_no_detection_v2,deepcrack,oracle_gt_prompt_gt_alignment,0.6336383944656626,0.7757388619320689,0.6465441176470588,0.9694597574421169,0.7757388619320688
deepcrack_0076,ablation_no_detection_v2,deepcrack,oracle_gt_prompt_gt_alignment,0.752410127038472,0.8587146529562982,0.7669207457066765,0.9754701553556827,0.8587146529562982
deepcrack_0077,ablation_no_detection_v2,deepcrack,oracle_gt_prompt_gt_alignment,0.5924294726818236,0.7440574076842578,0.6010143702451395,0.9764567392583873,0.7440574076842577
deepcrack_0078,ablation_no_detection_v2,deepcrack,oracle_gt_prompt_gt_alignment,0.6026541764246682,0.7520701412566975,0.6117274167987322,0.9759797724399494,0.7520701412566975
deepcrack_0079,ablation_no_detection_v2,deepcrack,oracle_gt_prompt_gt_alignment,0.7387836490528414,0.8497706422018348,0.8372881355932204,0.8626309662398137,0.849770642201835
deepcrack_0080,ablation_no_detection_v2,deepcrack,oracle_gt_prompt_gt_alignment,0.7331506849315068,0.84603224786595,0.8691133484897694,0.8241453649522636,0.84603224786595
deepcrack_0081,ablation_no_detection_v2,deepcrack,oracle_gt_prompt_gt_alignment,0.7879646418857661,0.8814096469544274,0.9677105080027836,0.8092411545623837,0.8814096469544275
deepcrack_0082,ablation_no_detection_v2,deepcrack,oracle_gt_prompt_gt_alignment,0.7223821339950373,0.8388174955339135,0.9685919616715465,0.739709320052851,0.8388174955339135
deepcrack_0083,ablation_no_detection_v2,deepcrack,oracle_gt_prompt_gt_alignment,0.7258304940374787,0.8411376395829477,0.9309026355318858,0.767161827593968,0.8411376395829477
deepcrack_0084,ablation_no_detection_v2,deepcrack,oracle_gt_prompt_gt_alignment,0.8674924534193817,0.9290452037233153,0.9397834912043301,0.9185495425989199,0.9290452037233152
deepcrack_0085,ablation_no_detection_v2,deepcrack,oracle_gt_prompt_gt_alignment,0.7591854051760712,0.8631101678564538,0.9686045252787702,0.7783384080034798,0.8631101678564538
deepcrack_0086,ablation_no_detection_v2,deepcrack,oracle_gt_prompt_gt_alignment,0.8009249949728534,0.8894595801697186,0.9496900333810205,0.8364132717345653,0.8894595801697185
deepcrack_0087,ablation_no_detection_v2,deepcrack,oracle_gt_prompt_gt_alignment,0.7018104366347178,0.8247809762202754,0.8959891230455472,0.7640579710144928,0.8247809762202755
deepcrack_0088,ablation_no_detection_v2,deepcrack,oracle_gt_prompt_gt_alignment,0.7982937233394272,0.8878346323280244,0.9506531204644412,0.8328035600762873,0.8878346323280244
deepcrack_0089,ablation_no_detection_v2,deepcrack,oracle_gt_prompt_gt_alignment,0.12629205036647248,0.2242616385783414,0.5838401390095569,0.13878562577447337,0.2242616385783414
deepcrack_0090,ablation_no_detection_v2,deepcrack,oracle_gt_prompt_gt_alignment,0.6507882691981692,0.7884575888272746,0.8187246747707401,0.7603485838779956,0.7884575888272747
deepcrack_0091,ablation_no_detection_v2,deepcrack,oracle_gt_prompt_gt_alignment,0.29959846687351704,0.4610631275893547,0.972452606635071,0.30216290842153704,0.4610631275893547
deepcrack_0092,ablation_no_detection_v2,deepcrack,oracle_gt_prompt_gt_alignment,0.6453463663408415,0.7844504713935168,0.9627516246631795,0.6618720714830555,0.7844504713935168
deepcrack_0093,ablation_no_detection_v2,deepcrack,oracle_gt_prompt_gt_alignment,0.7709686803064094,0.8706745510293473,0.9864764267990075,0.779204233633869,0.8706745510293473
deepcrack_0094,ablation_no_detection_v2,deepcrack,oracle_gt_prompt_gt_alignment,0.7132709837812241,0.8326423438363737,0.9202688254162211,0.7602523659305994,0.8326423438363737
deepcrack_0095,ablation_no_detection_v2,deepcrack,oracle_gt_prompt_gt_alignment,0.6753649399302416,0.8062302413447452,0.9299181785841337,0.711582959030897,0.8062302413447452
deepcrack_0096,ablation_no_detection_v2,deepcrack,oracle_gt_prompt_gt_alignment,0.7972334962312598,0.8871785418010877,0.9187667048491791,0.8576902512921047,0.8871785418010877
deepcrack_0097,ablation_no_detection_v2,deepcrack,oracle_gt_prompt_gt_alignment,0.7600104230000868,0.8636430933228051,0.948509485094851,0.792716071752129,0.863643093322805
deepcrack_0098,ablation_no_detection_v2,deepcrack,oracle_gt_prompt_gt_alignment,0.7605038315863648,0.8639615750237655,0.9473337722185649,0.79407707164536,0.8639615750237655
deepcrack_0099,ablation_no_detection_v2,deepcrack,oracle_gt_prompt_gt_alignment,0.8002545608824777,0.8890460030165912,0.929620502710695,0.8518652334929094,0.8890460030165913
deepcrack_0100,ablation_no_detection_v2,deepcrack,oracle_gt_prompt_gt_alignment,0.7892502335059862,0.882213363705391,0.9397432008896976,0.8313209909668187,0.8822133637053909
deepcrack_0101,ablation_no_detection_v2,deepcrack,oracle_gt_prompt_gt_alignment,0.5918851583817772,0.7436279624385155,0.644823575029081,0.8781904594261574,0.7436279624385154
deepcrack_0102,ablation_no_detection_v2,deepcrack,oracle_gt_prompt_gt_alignment,0.7499409402315143,0.8571042861964225,0.8233692128128648,0.8937218468468469,0.8571042861964225
deepcrack_0103,ablation_no_detection_v2,deepcrack,oracle_gt_prompt_gt_alignment,0.8943310657596372,0.9442183385204692,0.9586776859504132,0.930188679245283,0.9442183385204692
deepcrack_0104,ablation_no_detection_v2,deepcrack,oracle_gt_prompt_gt_alignment,0.9245606515216459,0.9608017817371938,0.9899036255162919,0.9333621808740805,0.9608017817371938
deepcrack_0105,ablation_no_detection_v2,deepcrack,oracle_gt_prompt_gt_alignment,0.8589106400243433,0.9241010530910678,0.999291951852726,0.8594336750228356,0.9241010530910678
deepcrack_0106,ablation_no_detection_v2,deepcrack,oracle_gt_prompt_gt_alignment,0.8963259722493648,0.9453290049981965,0.9957663916630481,0.8997547817557626,0.9453290049981964
deepcrack_0107,ablation_no_detection_v2,deepcrack,oracle_gt_prompt_gt_alignment,0.6777716083657227,0.8079426365140651,0.6980556614563477,0.9588897617177271,0.8079426365140651
deepcrack_0108,ablation_no_detection_v2,deepcrack,oracle_gt_prompt_gt_alignment,0.6310018903591682,0.7737598516458044,0.640937019969278,0.9760233918128655,0.7737598516458044
deepcrack_0109,ablation_no_detection_v2,deepcrack,oracle_gt_prompt_gt_alignment,0.7770003042287801,0.874507789762027,1.0,0.7770003042287801,0.874507789762027
deepcrack_0110,ablation_no_detection_v2,deepcrack,oracle_gt_prompt_gt_alignment,0.7578265858056057,0.8622313394563849,1.0,0.7578265858056057,0.862231339456385
deepcrack_0111,ablation_no_detection_v2,deepcrack,oracle_gt_prompt_gt_alignment,0.44120650380959864,0.6122738173097886,0.9831962191493085,0.4445587653343886,0.6122738173097885
deepcrack_0112,ablation_no_detection_v2,deepcrack,oracle_gt_prompt_gt_alignment,0.6593742648788521,0.7947263963708534,0.9958550450023685,0.6611888661739267,0.7947263963708535
deepcrack_0113,ablation_no_detection_v2,deepcrack,oracle_gt_prompt_gt_alignment,0.874345100060122,0.9329606378591394,0.9417206290471786,0.924362117497503,0.9329606378591394
deepcrack_0114,ablation_no_detection_v2,deepcrack,oracle_gt_prompt_gt_alignment,0.8821214713430282,0.9373693300609035,0.9254240330252176,0.949627037480431,0.9373693300609036
deepcrack_0115,ablation_no_detection_v2,deepcrack,oracle_gt_prompt_gt_alignment,0.8405228758169935,0.9133522727272727,0.9672405147919104,0.8651517416654209,0.9133522727272727
deepcrack_0116,ablation_no_detection_v2,deepcrack,oracle_gt_prompt_gt_alignment,0.814866581956798,0.8979906182174613,0.8595362551936737,0.9400469070653767,0.8979906182174614
deepcrack_0117,ablation_no_detection_v2,deepcrack,oracle_gt_prompt_gt_alignment,0.8185777777777777,0.900239503397038,0.9110605461020973,0.8896724954110714,0.9002395033970381
deepcrack_0118,ablation_no_detection_v2,deepcrack,oracle_gt_prompt_gt_alignment,0.5467320261437908,0.7069511937460384,0.6360007603117278,0.7957193816884661,0.7069511937460384
deepcrack_0119,ablation_no_detection_v2,deepcrack,oracle_gt_prompt_gt_alignment,0.8106567534076827,0.8954284150013687,0.9337710533828147,0.860110439127005,0.8954284150013686
deepcrack_0120,ablation_no_detection_v2,deepcrack,oracle_gt_prompt_gt_alignment,0.7161423718800768,0.8345955249569708,0.9332178598922248,0.7548256537982565,0.8345955249569708
deepcrack_0121,ablation_no_detection_v2,deepcrack,oracle_gt_prompt_gt_alignment,0.7784967645594824,0.8754547998880493,0.9644398766700925,0.8015032456440041,0.8754547998880492
deepcrack_0122,ablation_no_detection_v2,deepcrack,oracle_gt_prompt_gt_alignment,0.7895259369570613,0.8823855755894591,0.9302529609592045,0.8392032713362353,0.8823855755894592
deepcrack_0123,ablation_no_detection_v2,deepcrack,oracle_gt_prompt_gt_alignment,0.7759834368530021,0.8738633714152483,0.9682252647894601,0.7962608880390907,0.8738633714152483
deepcrack_0124,ablation_no_detection_v2,deepcrack,oracle_gt_prompt_gt_alignment,0.8057387274995544,0.8924200552704303,0.8502915177731803,0.9389408099688473,0.8924200552704302
deepcrack_0125,ablation_no_detection_v2,deepcrack,oracle_gt_prompt_gt_alignment,0.7699256110520722,0.8700090063044131,0.8310074555534315,0.9128517429651407,0.870009006304413
deepcrack_0126,ablation_no_detection_v2,deepcrack,oracle_gt_prompt_gt_alignment,0.8066585554695277,0.892983959838374,0.9726593758335557,0.8253734721593481,0.892983959838374
deepcrack_0127,ablation_no_detection_v2,deepcrack,oracle_gt_prompt_gt_alignment,0.7854974102518307,0.8798639591877563,0.9885367498314228,0.7927180966113915,0.8798639591877564
deepcrack_0128,ablation_no_detection_v2,deepcrack,oracle_gt_prompt_gt_alignment,0.7599897540983607,0.8636297482171446,0.9883411059293804,0.7668648229516671,0.8636297482171446
deepcrack_0129,ablation_no_detection_v2,deepcrack,oracle_gt_prompt_gt_alignment,0.7618677042801556,0.8648409893992933,0.9857027788964962,0.7703808624488511,0.8648409893992931
deepcrack_0130,ablation_no_detection_v2,deepcrack,oracle_gt_prompt_gt_alignment,0.8374336710082007,0.9115253347335258,0.9890610756608933,0.8452624403544649,0.9115253347335258
deepcrack_0131,ablation_no_detection_v2,deepcrack,oracle_gt_prompt_gt_alignment,0.6608733624454148,0.795814271441342,0.9994716682076344,0.6611043159182247,0.795814271441342
deepcrack_0132,ablation_no_detection_v2,deepcrack,oracle_gt_prompt_gt_alignment,0.7967420814479638,0.8868741815251334,0.9501402978631556,0.831507366830374,0.8868741815251334
deepcrack_0133,ablation_no_detection_v2,deepcrack,oracle_gt_prompt_gt_alignment,0.846412791920892,0.9168185961713765,0.8857331571994715,0.9501653282947568,0.9168185961713765
deepcrack_0134,ablation_no_detection_v2,deepcrack,oracle_gt_prompt_gt_alignment,0.40631549531926786,0.5778440139095877,0.4124237696780598,0.9648307896483079,0.5778440139095877
deepcrack_0135,ablation_no_detection_v2,deepcrack,oracle_gt_prompt_gt_alignment,0.5294781382228491,0.6923644411656216,0.540454938093867,0.9630579784504875,0.6923644411656216
deepcrack_0136,ablation_no_detection_v2,deepcrack,oracle_gt_prompt_gt_alignment,0.738574473123372,0.8496322527921547,0.9716510903426792,0.754840271055179,0.8496322527921547
deepcrack_0137,ablation_no_detection_v2,deepcrack,oracle_gt_prompt_gt_alignment,0.6747505368195024,0.8057922920280565,0.7309797482211275,0.897664258107881,0.8057922920280565
deepcrack_0138,ablation_no_detection_v2,deepcrack,oracle_gt_prompt_gt_alignment,0.6678043230944255,0.800818553888131,0.6954976303317536,0.9437299035369775,0.8008185538881311
deepcrack_0139,ablation_no_detection_v2,deepcrack,oracle_gt_prompt_gt_alignment,0.7170357182597085,0.8352018663728857,0.8764961915125136,0.7976234682510212,0.8352018663728857
deepcrack_0140,ablation_no_detection_v2,deepcrack,oracle_gt_prompt_gt_alignment,0.7602880658436214,0.863822326125073,0.8068566437383994,0.9294428373789461,0.863822326125073
deepcrack_0141,ablation_no_detection_v2,deepcrack,oracle_gt_prompt_gt_alignment,0.7721278365213259,0.8714132475194422,0.7850930176371104,0.9790599578186201,0.871413247519442
deepcrack_0142,ablation_no_detection_v2,deepcrack,oracle_gt_prompt_gt_alignment,0.7783049108860111,0.875333477539837,0.7986842105263158,0.9682565002392726,0.875333477539837
deepcrack_0143,ablation_no_detection_v2,deepcrack,oracle_gt_prompt_gt_alignment,0.6884159807267617,0.8154577883472057,0.7145238591373203,0.9495984491830518,0.8154577883472057
deepcrack_0144,ablation_no_detection_v2,deepcrack,oracle_gt_prompt_gt_alignment,0.5485523955931335,0.7084712111184646,0.5707811250333245,0.9337112952464021,0.7084712111184647
deepcrack_0145,ablation_no_detection_v2,deepcrack,oracle_gt_prompt_gt_alignment,0.6139507790883938,0.7608048362356763,0.6426829268292683,0.9321246959982312,0.7608048362356762
deepcrack_0146,ablation_no_detection_v2,deepcrack,oracle_gt_prompt_gt_alignment,0.7711480362537765,0.8707889125799574,0.7857875833760903,0.9764105833598979,0.8707889125799574
deepcrack_0147,ablation_no_detection_v2,deepcrack,oracle_gt_prompt_gt_alignment,0.7872594558725946,0.880968292864038,0.9738959120013134,0.8042299349240781,0.880968292864038
deepcrack_0148,ablation_no_detection_v2,deepcrack,oracle_gt_prompt_gt_alignment,0.7491059147180192,0.8565586662472475,0.8058597218111867,0.914065122524337,0.8565586662472475
deepcrack_0149,ablation_no_detection_v2,deepcrack,oracle_gt_prompt_gt_alignment,0.8125,0.896551724137931,0.8717001055966209,0.9228619340413639,0.896551724137931
deepcrack_0150,ablation_no_detection_v2,deepcrack,oracle_gt_prompt_gt_alignment,0.6751840168243953,0.8061013119076015,0.7388952819332566,0.8867559729319154,0.8061013119076015
deepcrack_0151,ablation_no_detection_v2,deepcrack,oracle_gt_prompt_gt_alignment,0.7251787132644957,0.8406998158379374,0.8295475195347992,0.8521560574948666,0.8406998158379374
deepcrack_0152,ablation_no_detection_v2,deepcrack,oracle_gt_prompt_gt_alignment,0.4839582528024739,0.6522531909351393,0.842813867384719,0.5319736562566391,0.6522531909351393
deepcrack_0153,ablation_no_detection_v2,deepcrack,oracle_gt_prompt_gt_alignment,0.6858006042296072,0.8136200716845878,0.9082595027150614,0.7368421052631579,0.8136200716845878
deepcrack_0154,ablation_no_detection_v2,deepcrack,oracle_gt_prompt_gt_alignment,0.6853593825373855,0.813309481216458,0.874711405263968,0.7599625568333779,0.8133094812164579
deepcrack_0155,ablation_no_detection_v2,deepcrack,oracle_gt_prompt_gt_alignment,0.798051948051948,0.8876850848681834,0.9514224888716857,0.8319512607886275,0.8876850848681834
deepcrack_0156,ablation_no_detection_v2,deepcrack,oracle_gt_prompt_gt_alignment,0.826463391680783,0.9049876339653751,0.8485024154589372,0.969529697504968,0.9049876339653751
deepcrack_0157,ablation_no_detection_v2,deepcrack,oracle_gt_prompt_gt_alignment,0.5842147162515637,0.7375448671931084,0.7373331419549304,0.7377567140600316,0.7375448671931084
deepcrack_0158,ablation_no_detection_v2,deepcrack,oracle_gt_prompt_gt_alignment,0.3673697132016516,0.5373377948257569,0.8823371750201019,0.38629429711335367,0.5373377948257569
deepcrack_0159,ablation_no_detection_v2,deepcrack,oracle_gt_prompt_gt_alignment,0.7478737478737478,0.8557525951557093,0.7661181026137464,0.9691403379867745,0.8557525951557092
deepcrack_0160,ablation_no_detection_v2,deepcrack,oracle_gt_prompt_gt_alignment,0.9112104758862983,0.953542780748663,0.994621246077992,0.9157228667064056,0.953542780748663
deepcrack_0161,ablation_no_detection_v2,deepcrack,oracle_gt_prompt_gt_alignment,0.9358530451579983,0.9668637270776067,0.9995717844908129,0.9362283964121636,0.9668637270776066
deepcrack_0162,ablation_no_detection_v2,deepcrack,oracle_gt_prompt_gt_alignment,0.8176326170312543,0.899667632908895,0.9991235758106923,0.8182194616977225,0.8996676329088951
deepcrack_0163,ablation_no_detection_v2,deepcrack,oracle_gt_prompt_gt_alignment,0.9200487189525425,0.9583597643860444,0.998395090866179,0.9214114571988673,0.9583597643860445
deepcrack_0164,ablation_no_detection_v2,deepcrack,oracle_gt_prompt_gt_alignment,0.9151227642797615,0.9556805248711254,0.9958144401813742,0.9186562841881717,0.9556805248711254
deepcrack_0165,ablation_no_detection_v2,deepcrack,oracle_gt_prompt_gt_alignment,0.8337123919682891,0.9093164180162302,0.9783437547658991,0.8493876199933796,0.9093164180162302
deepcrack_0166,ablation_no_detection_v2,deepcrack,oracle_gt_prompt_gt_alignment,0.9252280475444578,0.9611620282849553,0.9998008662318912,0.9253985807759654,0.9611620282849553
deepcrack_0167,ablation_no_detection_v2,deepcrack,oracle_gt_prompt_gt_alignment,0.6510098418769532,0.7886201830715335,0.9989979242717056,0.6514352392065345,0.7886201830715336
deepcrack_0168,ablation_no_detection_v2,deepcrack,oracle_gt_prompt_gt_alignment,0.7246115739698266,0.8403185794490142,0.7789881384652626,0.9121315192743764,0.8403185794490142
deepcrack_0169,ablation_no_detection_v2,deepcrack,oracle_gt_prompt_gt_alignment,0.6612695343966489,0.7961014401396499,0.9798281212699929,0.6703960800326664,0.7961014401396499
deepcrack_0170,ablation_no_detection_v2,deepcrack,oracle_gt_prompt_gt_alignment,0.6841684647966115,0.8124703426022587,0.9654900191722116,0.7013189153764233,0.8124703426022587
deepcrack_0171,ablation_no_detection_v2,deepcrack,oracle_gt_prompt_gt_alignment,0.7598957098838587,0.8635690235690235,0.8163992869875223,0.9165237278444825,0.8635690235690234
deepcrack_0172,ablation_no_detection_v2,deepcrack,oracle_gt_prompt_gt_alignment,0.6695557963163596,0.8020765736534717,0.7146160962072156,0.9139307897071872,0.8020765736534718
deepcrack_0173,ablation_no_detection_v2,deepcrack,oracle_gt_prompt_gt_alignment,0.5679560899111343,0.7244540756792799,0.6010233715945236,0.9116844975875813,0.7244540756792799
deepcrack_0174,ablation_no_detection_v2,deepcrack,oracle_gt_prompt_gt_alignment,0.4896364254162419,0.6573905109489051,0.49030282408982645,0.9972318339100346,0.6573905109489051
deepcrack_0175,ablation_no_detection_v2,deepcrack,oracle_gt_prompt_gt_alignment,0.3116960221650505,0.4752564876282438,0.31181944169471393,0.9987317691819911,0.47525648762824385
deepcrack_0176,ablation_no_detection_v2,deepcrack,oracle_gt_prompt_gt_alignment,0.3360484940329608,0.5030483482206154,0.34253716933771,0.9466382070437567,0.5030483482206154
deepcrack_0177,ablation_no_detection_v2,deepcrack,oracle_gt_prompt_gt_alignment,0.4357329531955334,0.606983286447129,0.4403361344537815,0.9765708200212992,0.6069832864471288
deepcrack_0178,ablation_no_detection_v2,deepcrack,oracle_gt_prompt_gt_alignment,0.8535738292628277,0.9210033242671501,0.9020838266635094,0.9407334238794913,0.9210033242671501
deepcrack_0179,ablation_no_detection_v2,deepcrack,oracle_gt_prompt_gt_alignment,0.6521913147888734,0.7894864341085271,0.8343573988735279,0.7491954022988506,0.7894864341085273
deepcrack_0180,ablation_no_detection_v2,deepcrack,oracle_gt_prompt_gt_alignment,0.9125138427464009,0.9542559351476549,0.954034965844622,0.9544770068342407,0.954255935147655
deepcrack_0181,ablation_no_detection_v2,deepcrack,oracle_gt_prompt_gt_alignment,0.7835455435847208,0.8786381109280615,0.8151620134501733,0.9528346831824679,0.8786381109280617
deepcrack_0182,ablation_no_detection_v2,deepcrack,oracle_gt_prompt_gt_alignment,0.8559391697492807,0.922378474144613,0.9030789245446661,0.9425209323376329,0.922378474144613
deepcrack_0183,ablation_no_detection_v2,deepcrack,oracle_gt_prompt_gt_alignment,0.764891012938571,0.8667855491711247,0.8304226778030879,0.9064787954137312,0.8667855491711248
deepcrack_0184,ablation_no_detection_v2,deepcrack,oracle_gt_prompt_gt_alignment,0.7641170181747498,0.8662883587681119,0.8156447764290902,0.9236372180451128,0.8662883587681118
deepcrack_0185,ablation_no_detection_v2,deepcrack,oracle_gt_prompt_gt_alignment,0.7369142857142857,0.8485327016712725,0.8433167669369604,0.8538135593220338,0.8485327016712725
deepcrack_0186,ablation_no_detection_v2,deepcrack,oracle_gt_prompt_gt_alignment,0.7795418006430869,0.8761151891586674,0.8967749393133742,0.8563859145601059,0.8761151891586674
deepcrack_0187,ablation_no_detection_v2,deepcrack,oracle_gt_prompt_gt_alignment,0.7950557333627635,0.8858284660313557,0.9707586578628217,0.8145635459068294,0.8858284660313556
deepcrack_0188,ablation_no_detection_v2,deepcrack,oracle_gt_prompt_gt_alignment,0.825483256193847,0.904399701715138,0.9436663554310614,0.868270332187858,0.904399701715138
deepcrack_0189,ablation_no_detection_v2,deepcrack,oracle_gt_prompt_gt_alignment,0.6958846403110823,0.820674500812076,0.9057359763812737,0.7502183406113537,0.8206745008120762
deepcrack_0190,ablation_no_detection_v2,deepcrack,oracle_gt_prompt_gt_alignment,0.8125783011776497,0.896599391761128,0.889589905362776,0.9037202173610144,0.896599391761128
deepcrack_0191,ablation_no_detection_v2,deepcrack,oracle_gt_prompt_gt_alignment,0.7949668874172185,0.8857733175914995,0.8554732041049031,0.9182986536107711,0.8857733175914995
deepcrack_0192,ablation_no_detection_v2,deepcrack,oracle_gt_prompt_gt_alignment,0.711629125196438,0.831522570772762,0.747455295735901,0.9368965517241379,0.8315225707727619
deepcrack_0193,ablation_no_detection_v2,deepcrack,oracle_gt_prompt_gt_alignment,0.72751269035533,0.8422661024917725,0.833837561089132,0.8508667774875327,0.8422661024917725
deepcrack_0194,ablation_no_detection_v2,deepcrack,oracle_gt_prompt_gt_alignment,0.8335368335368335,0.9092119866814651,0.8906283974777125,0.9285876218544548,0.909211986681465
deepcrack_0195,ablation_no_detection_v2,deepcrack,oracle_gt_prompt_gt_alignment,0.6933071831331209,0.8188793977124657,0.6991347342398022,0.9881201956673655,0.8188793977124657
deepcrack_0196,ablation_no_detection_v2,deepcrack,oracle_gt_prompt_gt_alignment,0.7520204168438962,0.8584607914542365,0.7873524827432643,0.9436882839605018,0.8584607914542365
deepcrack_0197,ablation_no_detection_v2,deepcrack,oracle_gt_prompt_gt_alignment,0.7547428124388813,0.8602318323673651,0.7650674068199841,0.9824338085539714,0.8602318323673651
deepcrack_0198,ablation_no_detection_v2,deepcrack,oracle_gt_prompt_gt_alignment,0.5688628326819282,0.7251912924847262,0.6772656769333038,0.7804161879228904,0.7251912924847261
deepcrack_0199,ablation_no_detection_v2,deepcrack,oracle_gt_prompt_gt_alignment,0.6074646074646075,0.755804643714972,0.8094986807387863,0.7087905741018828,0.7558046437149718
deepcrack_0200,ablation_no_detection_v2,deepcrack,oracle_gt_prompt_gt_alignment,0.7026120540705356,0.8253342884431709,0.8053355079217148,0.8463516160626836,0.825334288443171
deepcrack_0201,ablation_no_detection_v2,deepcrack,oracle_gt_prompt_gt_alignment,0.5856802693160358,0.7387116818558409,0.6978086480140873,0.7847084708470847,0.7387116818558409
deepcrack_0202,ablation_no_detection_v2,deepcrack,oracle_gt_prompt_gt_alignment,0.601316116215545,0.7510273707063658,0.8339934561735836,0.6830747531734838,0.7510273707063657
deepcrack_0203,ablation_no_detection_v2,deepcrack,oracle_gt_prompt_gt_alignment,0.6052394760523948,0.754079980067273,0.7430640805303216,0.7654274152756702,0.754079980067273
deepcrack_0204,ablation_no_detection_v2,deepcrack,oracle_gt_prompt_gt_alignment,0.5810893512851897,0.735049351654732,0.7615292073252239,0.7103491271820449,0.735049351654732
deepcrack_0205,ablation_no_detection_v2,deepcrack,oracle_gt_prompt_gt_alignment,0.5583957690612604,0.7166289592760181,0.6540198735320687,0.7924941360437842,0.7166289592760181
deepcrack_0206,ablation_no_detection_v2,deepcrack,oracle_gt_prompt_gt_alignment,0.5674178762414056,0.7240160838308761,0.6065121976115138,0.897990025691401,0.7240160838308761
deepcrack_0207,ablation_no_detection_v2,deepcrack,oracle_gt_prompt_gt_alignment,0.5077459333849729,0.6735165681993321,0.514319340918007,0.9754464285714286,0.6735165681993321
deepcrack_0208,ablation_no_detection_v2,deepcrack,oracle_gt_prompt_gt_alignment,0.5495945945945946,0.7093398447719543,0.5654894327030033,0.951345029239766,0.7093398447719542
deepcrack_0209,ablation_no_detection_v2,deepcrack,oracle_gt_prompt_gt_alignment,0.4313835770528684,0.6027504911591356,0.4435235158057055,0.9403351042092358,0.6027504911591356
deepcrack_0210,ablation_no_detection_v2,deepcrack,oracle_gt_prompt_gt_alignment,0.3955693317531224,0.5668931277763261,0.408992364973136,0.9233879548840179,0.5668931277763262
deepcrack_0211,ablation_no_detection_v2,deepcrack,oracle_gt_prompt_gt_alignment,0.5847345132743362,0.7379589557447996,0.7794161014450015,0.7006892895015907,0.7379589557447997
deepcrack_0212,ablation_no_detection_v2,deepcrack,oracle_gt_prompt_gt_alignment,0.3128672745694022,0.4766167618459639,0.32159966673609663,0.9201430274135876,0.4766167618459638
deepcrack_0213,ablation_no_detection_v2,deepcrack,oracle_gt_prompt_gt_alignment,0.6121221468229487,0.7593992155362097,0.6810226492793411,0.8581621621621621,0.7593992155362097
deepcrack_0214,ablation_no_detection_v2,deepcrack,oracle_gt_prompt_gt_alignment,0.5669003797838154,0.7235946676610422,0.5905356055995131,0.9340553549939832,0.7235946676610424
deepcrack_0215,ablation_no_detection_v2,deepcrack,oracle_gt_prompt_gt_alignment,0.6806399051992298,0.8099770844350432,0.8228868194842407,0.7974661575841722,0.8099770844350432
deepcrack_0216,ablation_no_detection_v2,deepcrack,oracle_gt_prompt_gt_alignment,0.6986696585991344,0.8226080392526892,0.7481977342945417,0.9134534786253143,0.8226080392526892
deepcrack_0217,ablation_no_detection_v2,deepcrack,oracle_gt_prompt_gt_alignment,0.7981613891726251,0.8877527834583049,0.8543625628690138,0.9238590683376685,0.887752783458305
deepcrack_0218,ablation_no_detection_v2,deepcrack,oracle_gt_prompt_gt_alignment,0.7364,0.848191660907625,0.790807560137457,0.914555389965226,0.848191660907625
deepcrack_0219,ablation_no_detection_v2,deepcrack,oracle_gt_prompt_gt_alignment,0.4884629698548567,0.6563320415051882,0.5153121319199058,0.9036144578313253,0.6563320415051881
deepcrack_0220,ablation_no_detection_v2,deepcrack,oracle_gt_prompt_gt_alignment,0.6568146618482189,0.7928643764119343,0.6796207264957265,0.9513927836978875,0.7928643764119342
deepcrack_0221,ablation_no_detection_v2,deepcrack,oracle_gt_prompt_gt_alignment,0.7587464765378876,0.862826435372867,0.822429906542056,0.9073963910370811,0.862826435372867
deepcrack_0222,ablation_no_detection_v2,deepcrack,oracle_gt_prompt_gt_alignment,0.7658654677503026,0.8674108891500196,0.7917411512334644,0.9590731918579471,0.8674108891500196
deepcrack_0223,ablation_no_detection_v2,deepcrack,oracle_gt_prompt_gt_alignment,0.6919611097936922,0.8179397337070777,0.7199605230693313,0.9467878001297858,0.8179397337070777
deepcrack_0224,ablation_no_detection_v2,deepcrack,oracle_gt_prompt_gt_alignment,0.712345850076209,0.8320116523709338,0.7848854961832061,0.8851584022038568,0.8320116523709339
deepcrack_0225,ablation_no_detection_v2,deepcrack,oracle_gt_prompt_gt_alignment,0.23394004282655245,0.37917570498915404,0.2800384492149952,0.5869711215580927,0.37917570498915404
deepcrack_0226,ablation_no_detection_v2,deepcrack,oracle_gt_prompt_gt_alignment,0.3799792171804641,0.5507028112449799,0.4388,0.7392183288409704,0.5507028112449799
deepcrack_0227,ablation_no_detection_v2,deepcrack,oracle_gt_prompt_gt_alignment,0.8195108237278605,0.9008034610630408,0.8371625502584722,0.9749163879598662,0.9008034610630408
deepcrack_0228,ablation_no_detection_v2,deepcrack,oracle_gt_prompt_gt_alignment,0.7151478575739287,0.8339197748064743,0.7375824723017552,0.9592034968431278,0.8339197748064744
deepcrack_0229,ablation_no_detection_v2,deepcrack,oracle_gt_prompt_gt_alignment,0.8215725806451613,0.9020475926950747,0.8380462724935732,0.9766327142001199,0.9020475926950746
deepcrack_0230,ablation_no_detection_v2,deepcrack,oracle_gt_prompt_gt_alignment,0.909130624726955,0.9524027459954233,0.9726571628885253,0.9329746693566465,0.9524027459954233
deepcrack_0231,ablation_no_detection_v2,deepcrack,oracle_gt_prompt_gt_alignment,0.8114402451481103,0.8959061689410173,0.8438495857233907,0.9548076923076924,0.8959061689410174
deepcrack_0232,ablation_no_detection_v2,deepcrack,oracle_gt_prompt_gt_alignment,0.6759573985950601,0.806652244456463,0.6791894353369763,0.9930093209054593,0.8066522444564629
deepcrack_0233,ablation_no_detection_v2,deepcrack,oracle_gt_prompt_gt_alignment,0.8500673206385844,0.9189582575245621,0.9659053655338214,0.8763632758278802,0.918958257524562
deepcrack_0234,ablation_no_detection_v2,deepcrack,oracle_gt_prompt_gt_alignment,0.85110263637871,0.9195628806879255,0.9948959813929448,0.8548351282335961,0.9195628806879255
deepcrack_0235,ablation_no_detection_v2,deepcrack,oracle_gt_prompt_gt_alignment,0.9188301195734138,0.957698245614035,0.9888702104225842,0.9284314792641777,0.957698245614035
deepcrack_0236,ablation_no_detection_v2,deepcrack,oracle_gt_prompt_gt_alignment,0.5189581856839122,0.6833080601889654,0.9999431009957326,0.5189735109116145,0.6833080601889654
deepcrack_0000,ablation_no_stability_v2,deepcrack,oracle_gt_prompt_gt_alignment,0.5890388413429888,0.7413775245986536,0.6093989443214711,0.9463246959280803,0.7413775245986535
deepcrack_0001,ablation_no_stability_v2,deepcrack,oracle_gt_prompt_gt_alignment,0.7101119811400185,0.8304859435773718,0.7613974902952063,0.9133636560537145,0.8304859435773719
deepcrack_0002,ablation_no_stability_v2,deepcrack,oracle_gt_prompt_gt_alignment,0.7195758822598513,0.8369225105834713,0.7428524750857703,0.9582718651211802,0.8369225105834713
deepcrack_0003,ablation_no_stability_v2,deepcrack,oracle_gt_prompt_gt_alignment,0.534357316087308,0.6965226554267651,0.6051602163961715,0.8203768475685433,0.6965226554267651
deepcrack_0004,ablation_no_stability_v2,deepcrack,oracle_gt_prompt_gt_alignment,0.6481802426343154,0.786540483701367,0.8411764705882353,0.7385690414704542,0.786540483701367
deepcrack_0005,ablation_no_stability_v2,deepcrack,oracle_gt_prompt_gt_alignment,0.6054179290679024,0.7542184724689165,0.7794860027535567,0.7305376344086022,0.7542184724689166
deepcrack_0006,ablation_no_stability_v2,deepcrack,oracle_gt_prompt_gt_alignment,0.5661697036628014,0.7229991773416382,0.7442535688361964,0.7029250457038391,0.7229991773416383
deepcrack_0007,ablation_no_stability_v2,deepcrack,oracle_gt_prompt_gt_alignment,0.7205907031381105,0.8376085048278553,0.8596596596596596,0.8166603271205781,0.8376085048278552
deepcrack_0008,ablation_no_stability_v2,deepcrack,oracle_gt_prompt_gt_alignment,0.7430841671571513,0.8526084754347459,0.9046936581870297,0.8061941251596424,0.8526084754347459
deepcrack_0009,ablation_no_stability_v2,deepcrack,oracle_gt_prompt_gt_alignment,0.6574553828439839,0.7933310177144842,0.7862306368330465,0.8005608131791097,0.7933310177144842
deepcrack_0010,ablation_no_stability_v2,deepcrack,oracle_gt_prompt_gt_alignment,0.5389432485322896,0.7004069175991862,0.8325272067714631,0.6044776119402985,0.7004069175991862
deepcrack_0011,ablation_no_stability_v2,deepcrack,oracle_gt_prompt_gt_alignment,0.7285589899869395,0.8429668807454981,0.7957679505468378,0.8961178045515394,0.842966880745498
deepcrack_0012,ablation_no_stability_v2,deepcrack,oracle_gt_prompt_gt_alignment,0.47656682452795374,0.6455066125169218,0.9808848661307678,0.481034268686367,0.6455066125169218
deepcrack_0013,ablation_no_stability_v2,deepcrack,oracle_gt_prompt_gt_alignment,0.4661803243855797,0.6359113086324332,0.9384088964927289,0.48089427924307737,0.6359113086324333
deepcrack_0014,ablation_no_stability_v2,deepcrack,oracle_gt_prompt_gt_alignment,0.28087678415380135,0.43856956052078006,0.5077672459189047,0.3859701791253878,0.43856956052078006
deepcrack_0015,ablation_no_stability_v2,deepcrack,oracle_gt_prompt_gt_alignment,0.3010844462295411,0.4628207601775034,0.9686641899531578,0.30404583248833905,0.46282076017750334
deepcrack_0016,ablation_no_stability_v2,deepcrack,oracle_gt_prompt_gt_alignment,0.24167500357295985,0.38927255985267034,0.4961854460093897,0.3202651515151515,0.38927255985267034
deepcrack_0017,ablation_no_stability_v2,deepcrack,oracle_gt_prompt_gt_alignment,0.20497061422041254,0.3402084860849884,0.9015036323703328,0.20966601178781924,0.3402084860849884
deepcrack_0018,ablation_no_stability_v2,deepcrack,oracle_gt_prompt_gt_alignment,0.4807798519827681,0.64936033717504,0.8455560951918407,0.527064664567692,0.6493603371750402
deepcrack_0019,ablation_no_stability_v2,deepcrack,oracle_gt_prompt_gt_alignment,0.4140683774972833,0.5856412378447078,0.9800178059155208,0.41759399763952115,0.5856412378447078
deepcrack_0020,ablation_no_stability_v2,deepcrack,oracle_gt_prompt_gt_alignment,0.6095137655417406,0.7573886953822809,0.9510653040013858,0.6292476075869577,0.7573886953822808
deepcrack_0021,ablation_no_stability_v2,deepcrack,oracle_gt_prompt_gt_alignment,0.7129646754207509,0.8324335996545023,0.9336401065633325,0.7510227936879018,0.8324335996545024
deepcrack_0022,ablation_no_stability_v2,deepcrack,oracle_gt_prompt_gt_alignment,0.5229159856162144,0.6867299188597432,0.9709845817652057,0.5312167906482466,0.6867299188597432
deepcrack_0023,ablation_no_stability_v2,deepcrack,oracle_gt_prompt_gt_alignment,0.6434293401822295,0.7830325581395349,0.9382914214374889,0.6718600344805568,0.7830325581395349
deepcrack_0024,ablation_no_stability_v2,deepcrack,oracle_gt_prompt_gt_alignment,0.48204649923389514,0.6505146761361082,0.9291217257318952,0.5004495469949513,0.6505146761361082
deepcrack_0025,ablation_no_stability_v2,deepcrack,oracle_gt_prompt_gt_alignment,0.46005009933488816,0.6301839910075134,0.7675457558726041,0.5345242874347651,0.6301839910075133
deepcrack_0026,ablation_no_stability_v2,deepcrack,oracle_gt_prompt_gt_alignment,0.6344947735191637,0.7763803027073118,0.9118678017025539,0.6759465478841871,0.7763803027073118
deepcrack_0027,ablation_no_stability_v2,deepcrack,oracle_gt_prompt_gt_alignment,0.5443324061196105,0.7049420240909603,0.57197661673365,0.9184511586975652,0.7049420240909603
deepcrack_0028,ablation_no_stability_v2,deepcrack,oracle_gt_prompt_gt_alignment,0.562489126022154,0.7199910919753545,0.688604898828541,0.7543750486116513,0.7199910919753546
deepcrack_0029,ablation_no_stability_v2,deepcrack,oracle_gt_prompt_gt_alignment,0.6385459103729239,0.7794055770187048,0.9912434325744308,0.6421682949889694,0.7794055770187047
deepcrack_0030,ablation_no_stability_v2,deepcrack,oracle_gt_prompt_gt_alignment,0.6075825979889186,0.7558959629806925,0.9999155690645052,0.6076137704581602,0.7558959629806925
deepcrack_0031,ablation_no_stability_v2,deepcrack,oracle_gt_prompt_gt_alignment,0.8825828061034611,0.9376297321340318,0.9989469250210615,0.8834047308623579,0.9376297321340319
deepcrack_0032,ablation_no_stability_v2,deepcrack,oracle_gt_prompt_gt_alignment,0.627859477124183,0.7713927227101631,0.6643613572509185,0.919533353275501,0.7713927227101631
deepcrack_0033,ablation_no_stability_v2,deepcrack,oracle_gt_prompt_gt_alignment,0.8013497144834747,0.8897214217098943,0.8500367107195301,0.9332930270052399,0.8897214217098944
deepcrack_0034,ablation_no_stability_v2,deepcrack,oracle_gt_prompt_gt_alignment,0.7453857075248462,0.85412147505423,0.7661748013620885,0.9648764549724321,0.85412147505423
deepcrack_0035,ablation_no_stability_v2,deepcrack,oracle_gt_prompt_gt_alignment,0.6242435030259879,0.7686575342465753,0.7352201257861635,0.8052812858783008,0.7686575342465753
deepcrack_0036,ablation_no_stability_v2,deepcrack,oracle_gt_prompt_gt_alignment,0.5666158794650414,0.7233628701102226,1.0,0.5666158794650414,0.7233628701102226
deepcrack_0037,ablation_no_stability_v2,deepcrack,oracle_gt_prompt_gt_alignment,0.26903749516814845,0.4240024367956138,0.9840701291356395,0.27021430789936846,0.4240024367956138
deepcrack_0038,ablation_no_stability_v2,deepcrack,oracle_gt_prompt_gt_alignment,0.4506601806810285,0.6213173652694611,0.9957773512476008,0.4515230635335074,0.6213173652694611
deepcrack_0039,ablation_no_stability_v2,deepcrack,oracle_gt_prompt_gt_alignment,0.15733534390504914,0.27189240306819373,0.7996291718170581,0.16379288517533866,0.27189240306819373
deepcrack_0040,ablation_no_stability_v2,deepcrack,oracle_gt_prompt_gt_alignment,0.6880863039399625,0.8152264517921645,0.7342342342342343,0.9163023110555902,0.8152264517921646
deepcrack_0041,ablation_no_stability_v2,deepcrack,oracle_gt_prompt_gt_alignment,0.6693128333856291,0.8019022198830849,0.9717552731082867,0.682592,0.801902219883085
deepcrack_0042,ablation_no_stability_v2,deepcrack,oracle_gt_prompt_gt_alignment,0.3855389854391733,0.556518422781109,0.9315505745495815,0.3967793588930179,0.556518422781109
deepcrack_0043,ablation_no_stability_v2,deepcrack,oracle_gt_prompt_gt_alignment,0.5062168254199084,0.672169925174994,0.9561873369042714,0.5182373083221676,0.672169925174994
deepcrack_0044,ablation_no_stability_v2,deepcrack,oracle_gt_prompt_gt_alignment,0.7632376462665208,0.8657229476498531,0.9644699750013297,0.7853183196188827,0.8657229476498531
deepcrack_0045,ablation_no_stability_v2,deepcrack,oracle_gt_prompt_gt_alignment,0.8285916239618307,0.9062620796289138,0.8499184339314845,0.9706064996895053,0.9062620796289138
deepcrack_0046,ablation_no_stability_v2,deepcrack,oracle_gt_prompt_gt_alignment,0.6652746965940233,0.7989969438131808,0.6947397110929409,0.9400700719159137,0.7989969438131809
deepcrack_0047,ablation_no_stability_v2,deepcrack,oracle_gt_prompt_gt_alignment,0.5171728640363327,0.6817586529466791,0.6130551816958277,0.7678044669195112,0.6817586529466791
deepcrack_0048,ablation_no_stability_v2,deepcrack,oracle_gt_prompt_gt_alignment,0.6212828704841484,0.7664089737759587,0.6318420394901275,0.9738058551617874,0.7664089737759588
deepcrack_0049,ablation_no_stability_v2,deepcrack,oracle_gt_prompt_gt_alignment,0.8161579892280072,0.8987742190589165,0.8375092114959469,0.9697098976109215,0.8987742190589166
deepcrack_0050,ablation_no_stability_v2,deepcrack,oracle_gt_prompt_gt_alignment,0.7614908662345315,0.8645981433469934,0.7797556192487555,0.9701576576576577,0.8645981433469934
deepcrack_0051,ablation_no_stability_v2,deepcrack,oracle_gt_prompt_gt_alignment,0.5356600910470409,0.6976284584980237,0.5427985648385444,0.976036866359447,0.6976284584980239
deepcrack_0052,ablation_no_stability_v2,deepcrack,oracle_gt_prompt_gt_alignment,0.7988789976920541,0.8881964809384164,0.8090150250417363,0.9845591223080049,0.8881964809384164
deepcrack_0053,ablation_no_stability_v2,deepcrack,oracle_gt_prompt_gt_alignment,0.8231801755291688,0.9030157157015433,0.8677551020408163,0.9412632821723731,0.9030157157015433
deepcrack_0054,ablation_no_stability_v2,deepcrack,oracle_gt_prompt_gt_alignment,0.8207113476893297,0.9015282392026578,0.8690750704586215,0.9364991717283269,0.9015282392026578
deepcrack_0055,ablation_no_stability_v2,deepcrack,oracle_gt_prompt_gt_alignment,0.7146753955264593,0.8335984727966911,0.9232666725398643,0.759805698542739,0.833598472796691
deepcrack_0056,ablation_no_stability_v2,deepcrack,oracle_gt_prompt_gt_alignment,0.495260663507109,0.6624405705229794,0.605,0.731932505571474,0.6624405705229793
deepcrack_0057,ablation_no_stability_v2,deepcrack,oracle_gt_prompt_gt_alignment,0.5316122233930453,0.694186446508428,0.5724822695035461,0.8816076889471385,0.6941864465084279
deepcrack_0058,ablation_no_stability_v2,deepcrack,oracle_gt_prompt_gt_alignment,0.40051457975986277,0.5719534598897734,0.412180052956752,0.934,0.5719534598897734
deepcrack_0059,ablation_no_stability_v2,deepcrack,oracle_gt_prompt_gt_alignment,0.8099385245901639,0.8949900934050382,0.9243812122393296,0.8674103877103145,0.8949900934050382
deepcrack_0060,ablation_no_stability_v2,deepcrack,oracle_gt_prompt_gt_alignment,0.7291890729189073,0.8433884811543725,0.9546606589693044,0.7553475935828877,0.8433884811543724
deepcrack_0061,ablation_no_stability_v2,deepcrack,oracle_gt_prompt_gt_alignment,0.7785391079508727,0.875481573017373,0.9814211212516297,0.7901850150898833,0.8754815730173731
deepcrack_0062,ablation_no_stability_v2,deepcrack,oracle_gt_prompt_gt_alignment,0.745771958537916,0.854375,0.8641741172220717,0.8447956210823696,0.854375
deepcrack_0063,ablation_no_stability_v2,deepcrack,oracle_gt_prompt_gt_alignment,0.47353736895502196,0.6427219002811406,0.8421290031574199,0.5196696975320096,0.6427219002811406
deepcrack_0064,ablation_no_stability_v2,deepcrack,oracle_gt_prompt_gt_alignment,0.6557528245330874,0.7920902381283944,0.8281887012230634,0.7590072057646117,0.7920902381283943
deepcrack_0065,ablation_no_stability_v2,deepcrack,oracle_gt_prompt_gt_alignment,0.5830521928954158,0.7366177761063056,0.8300607430428026,0.6620845070422535,0.7366177761063056
deepcrack_0066,ablation_no_stability_v2,deepcrack,oracle_gt_prompt_gt_alignment,0.47159025951754885,0.6409260410192666,0.735032074126871,0.5681818181818182,0.6409260410192668
deepcrack_0067,ablation_no_stability_v2,deepcrack,oracle_gt_prompt_gt_alignment,0.7728389708008094,0.8718659545843696,0.8164465144689623,0.9353568929321203,0.8718659545843694
deepcrack_0068,ablation_no_stability_v2,deepcrack,oracle_gt_prompt_gt_alignment,0.6731714583643676,0.8046652421652422,0.681804465902233,0.981537793223284,0.804665242165242
deepcrack_0069,ablation_no_stability_v2,deepcrack,oracle_gt_prompt_gt_alignment,0.65715069997255,0.7931091601788968,0.6755079006772009,0.9602888086642599,0.7931091601788969
deepcrack_0070,ablation_no_stability_v2,deepcrack,oracle_gt_prompt_gt_alignment,0.7453188894468756,0.8540776060506412,0.779311379491411,0.9447121942347914,0.8540776060506413
deepcrack_0071,ablation_no_stability_v2,deepcrack,oracle_gt_prompt_gt_alignment,0.738110964332893,0.8493254797643929,0.764102564102564,0.955945252352438,0.849325479764393
deepcrack_0072,ablation_no_stability_v2,deepcrack,oracle_gt_prompt_gt_alignment,0.7035421926401959,0.8259756590470203,0.7143079074102843,0.9790269349515597,0.8259756590470203
deepcrack_0073,ablation_no_stability_v2,deepcrack,oracle_gt_prompt_gt_alignment,0.526477086451429,0.6897936315248856,0.5335114834609274,0.975567881669308,0.6897936315248856
deepcrack_0074,ablation_no_stability_v2,deepcrack,oracle_gt_prompt_gt_alignment,0.7476253702379736,0.8555899713634504,0.7853234631477309,0.9396662387676509,0.8555899713634505
deepcrack_0075,ablation_no_stability_v2,deepcrack,oracle_gt_prompt_gt_alignment,0.6336383944656626,0.7757388619320689,0.6465441176470588,0.9694597574421169,0.7757388619320688
deepcrack_0076,ablation_no_stability_v2,deepcrack,oracle_gt_prompt_gt_alignment,0.752410127038472,0.8587146529562982,0.7669207457066765,0.9754701553556827,0.8587146529562982
deepcrack_0077,ablation_no_stability_v2,deepcrack,oracle_gt_prompt_gt_alignment,0.5924294726818236,0.7440574076842578,0.6010143702451395,0.9764567392583873,0.7440574076842577
deepcrack_0078,ablation_no_stability_v2,deepcrack,oracle_gt_prompt_gt_alignment,0.6026541764246682,0.7520701412566975,0.6117274167987322,0.9759797724399494,0.7520701412566975
deepcrack_0079,ablation_no_stability_v2,deepcrack,oracle_gt_prompt_gt_alignment,0.7387836490528414,0.8497706422018348,0.8372881355932204,0.8626309662398137,0.849770642201835
deepcrack_0080,ablation_no_stability_v2,deepcrack,oracle_gt_prompt_gt_alignment,0.7331506849315068,0.84603224786595,0.8691133484897694,0.8241453649522636,0.84603224786595
deepcrack_0081,ablation_no_stability_v2,deepcrack,oracle_gt_prompt_gt_alignment,0.8157983952989039,0.898556136420214,0.9656233279828785,0.8402001862197392,0.898556136420214
deepcrack_0082,ablation_no_stability_v2,deepcrack,oracle_gt_prompt_gt_alignment,0.6998505231689088,0.823425958494548,0.9728494251281341,0.7137920520378087,0.823425958494548
deepcrack_0083,ablation_no_stability_v2,deepcrack,oracle_gt_prompt_gt_alignment,0.7258304940374787,0.8411376395829477,0.9309026355318858,0.767161827593968,0.8411376395829477
deepcrack_0084,ablation_no_stability_v2,deepcrack,oracle_gt_prompt_gt_alignment,0.8674924534193817,0.9290452037233153,0.9397834912043301,0.9185495425989199,0.9290452037233152
deepcrack_0085,ablation_no_stability_v2,deepcrack,oracle_gt_prompt_gt_alignment,0.7611637347767253,0.8643872454859777,0.9647336263265087,0.7829491083079599,0.8643872454859777
deepcrack_0086,ablation_no_stability_v2,deepcrack,oracle_gt_prompt_gt_alignment,0.8009249949728534,0.8894595801697186,0.9496900333810205,0.8364132717345653,0.8894595801697185
deepcrack_0087,ablation_no_stability_v2,deepcrack,oracle_gt_prompt_gt_alignment,0.7655749377002492,0.8672245186006654,0.906618887015177,0.8311111111111111,0.8672245186006653
deepcrack_0088,ablation_no_stability_v2,deepcrack,oracle_gt_prompt_gt_alignment,0.7982937233394272,0.8878346323280244,0.9506531204644412,0.8328035600762873,0.8878346323280244
deepcrack_0089,ablation_no_stability_v2,deepcrack,oracle_gt_prompt_gt_alignment,0.12629205036647248,0.2242616385783414,0.5838401390095569,0.13878562577447337,0.2242616385783414
deepcrack_0090,ablation_no_stability_v2,deepcrack,oracle_gt_prompt_gt_alignment,0.5947234042553191,0.7458640196392358,0.8087962962962963,0.6920182214299861,0.7458640196392359
deepcrack_0091,ablation_no_stability_v2,deepcrack,oracle_gt_prompt_gt_alignment,0.6403365906623235,0.780738044017872,0.9742566079295154,0.6513575701794754,0.780738044017872
deepcrack_0092,ablation_no_stability_v2,deepcrack,oracle_gt_prompt_gt_alignment,0.5615731785944552,0.7192402972749794,0.9759103641456582,0.569467146126185,0.7192402972749793
deepcrack_0093,ablation_no_stability_v2,deepcrack,oracle_gt_prompt_gt_alignment,0.7709686803064094,0.8706745510293473,0.9864764267990075,0.779204233633869,0.8706745510293473
deepcrack_0094,ablation_no_stability_v2,deepcrack,oracle_gt_prompt_gt_alignment,0.5919768702565956,0.743700340522134,0.9289224952741021,0.6200630914826498,0.743700340522134
deepcrack_0095,ablation_no_stability_v2,deepcrack,oracle_gt_prompt_gt_alignment,0.6410919912019666,0.7812992746767581,0.9284242083567548,0.674424935347761,0.7812992746767582
deepcrack_0096,ablation_no_stability_v2,deepcrack,oracle_gt_prompt_gt_alignment,0.7972334962312598,0.8871785418010877,0.9187667048491791,0.8576902512921047,0.8871785418010877
deepcrack_0097,ablation_no_stability_v2,deepcrack,oracle_gt_prompt_gt_alignment,0.7600104230000868,0.8636430933228051,0.948509485094851,0.792716071752129,0.863643093322805
deepcrack_0098,ablation_no_stability_v2,deepcrack,oracle_gt_prompt_gt_alignment,0.772060737527115,0.8713705136365862,0.9317277486910994,0.8183573990618964,0.8713705136365861
deepcrack_0099,ablation_no_stability_v2,deepcrack,oracle_gt_prompt_gt_alignment,0.7930517370657336,0.8845832171731252,0.9108219309157018,0.8598139282810947,0.8845832171731252
deepcrack_0100,ablation_no_stability_v2,deepcrack,oracle_gt_prompt_gt_alignment,0.7892502335059862,0.882213363705391,0.9397432008896976,0.8313209909668187,0.8822133637053909
deepcrack_0101,ablation_no_stability_v2,deepcrack,oracle_gt_prompt_gt_alignment,0.5918851583817772,0.7436279624385155,0.644823575029081,0.8781904594261574,0.7436279624385154
deepcrack_0102,ablation_no_stability_v2,deepcrack,oracle_gt_prompt_gt_alignment,0.7499409402315143,0.8571042861964225,0.8233692128128648,0.8937218468468469,0.8571042861964225
deepcrack_0103,ablation_no_stability_v2,deepcrack,oracle_gt_prompt_gt_alignment,0.8943310657596372,0.9442183385204692,0.9586776859504132,0.930188679245283,0.9442183385204692
deepcrack_0104,ablation_no_stability_v2,deepcrack,oracle_gt_prompt_gt_alignment,0.9245606515216459,0.9608017817371938,0.9899036255162919,0.9333621808740805,0.9608017817371938
deepcrack_0105,ablation_no_stability_v2,deepcrack,oracle_gt_prompt_gt_alignment,0.8589106400243433,0.9241010530910678,0.999291951852726,0.8594336750228356,0.9241010530910678
deepcrack_0106,ablation_no_stability_v2,deepcrack,oracle_gt_prompt_gt_alignment,0.8963259722493648,0.9453290049981965,0.9957663916630481,0.8997547817557626,0.9453290049981964
deepcrack_0107,ablation_no_stability_v2,deepcrack,oracle_gt_prompt_gt_alignment,0.6777716083657227,0.8079426365140651,0.6980556614563477,0.9588897617177271,0.8079426365140651
deepcrack_0108,ablation_no_stability_v2,deepcrack,oracle_gt_prompt_gt_alignment,0.6310018903591682,0.7737598516458044,0.640937019969278,0.9760233918128655,0.7737598516458044
deepcrack_0109,ablation_no_stability_v2,deepcrack,oracle_gt_prompt_gt_alignment,0.7826792414562418,0.8780931793617385,1.0,0.7826792414562418,0.8780931793617385
deepcrack_0110,ablation_no_stability_v2,deepcrack,oracle_gt_prompt_gt_alignment,0.7578265858056057,0.8622313394563849,1.0,0.7578265858056057,0.862231339456385
deepcrack_0111,ablation_no_stability_v2,deepcrack,oracle_gt_prompt_gt_alignment,0.6174618170366871,0.7634947675833537,0.9915297092288242,0.6207360506529481,0.7634947675833534
deepcrack_0112,ablation_no_stability_v2,deepcrack,oracle_gt_prompt_gt_alignment,0.6593742648788521,0.7947263963708534,0.9958550450023685,0.6611888661739267,0.7947263963708535
deepcrack_0113,ablation_no_stability_v2,deepcrack,oracle_gt_prompt_gt_alignment,0.874345100060122,0.9329606378591394,0.9417206290471786,0.924362117497503,0.9329606378591394
deepcrack_0114,ablation_no_stability_v2,deepcrack,oracle_gt_prompt_gt_alignment,0.8821214713430282,0.9373693300609035,0.9254240330252176,0.949627037480431,0.9373693300609036
deepcrack_0115,ablation_no_stability_v2,deepcrack,oracle_gt_prompt_gt_alignment,0.8405228758169935,0.9133522727272727,0.9672405147919104,0.8651517416654209,0.9133522727272727
deepcrack_0116,ablation_no_stability_v2,deepcrack,oracle_gt_prompt_gt_alignment,0.8123578975524943,0.8964652055198878,0.902660127805023,0.8903547346819115,0.8964652055198878
deepcrack_0117,ablation_no_stability_v2,deepcrack,oracle_gt_prompt_gt_alignment,0.8163012729844413,0.8988610921833934,0.9057381069151544,0.8920877209931407,0.8988610921833933
deepcrack_0118,ablation_no_stability_v2,deepcrack,oracle_gt_prompt_gt_alignment,0.5297656744775174,0.6926102256261644,0.6131574124977094,0.7957193816884661,0.6926102256261644
deepcrack_0119,ablation_no_stability_v2,deepcrack,oracle_gt_prompt_gt_alignment,0.8106567534076827,0.8954284150013687,0.9337710533828147,0.860110439127005,0.8954284150013686
deepcrack_0120,ablation_no_stability_v2,deepcrack,oracle_gt_prompt_gt_alignment,0.7161423718800768,0.8345955249569708,0.9332178598922248,0.7548256537982565,0.8345955249569708
deepcrack_0121,ablation_no_stability_v2,deepcrack,oracle_gt_prompt_gt_alignment,0.7784967645594824,0.8754547998880493,0.9644398766700925,0.8015032456440041,0.8754547998880492
deepcrack_0122,ablation_no_stability_v2,deepcrack,oracle_gt_prompt_gt_alignment,0.7895259369570613,0.8823855755894591,0.9302529609592045,0.8392032713362353,0.8823855755894592
deepcrack_0123,ablation_no_stability_v2,deepcrack,oracle_gt_prompt_gt_alignment,0.7759834368530021,0.8738633714152483,0.9682252647894601,0.7962608880390907,0.8738633714152483
deepcrack_0124,ablation_no_stability_v2,deepcrack,oracle_gt_prompt_gt_alignment,0.8057387274995544,0.8924200552704303,0.8502915177731803,0.9389408099688473,0.8924200552704302
deepcrack_0125,ablation_no_stability_v2,deepcrack,oracle_gt_prompt_gt_alignment,0.7699256110520722,0.8700090063044131,0.8310074555534315,0.9128517429651407,0.870009006304413
deepcrack_0126,ablation_no_stability_v2,deepcrack,oracle_gt_prompt_gt_alignment,0.8066585554695277,0.892983959838374,0.9726593758335557,0.8253734721593481,0.892983959838374
deepcrack_0127,ablation_no_stability_v2,deepcrack,oracle_gt_prompt_gt_alignment,0.7854974102518307,0.8798639591877563,0.9885367498314228,0.7927180966113915,0.8798639591877564
deepcrack_0128,ablation_no_stability_v2,deepcrack,oracle_gt_prompt_gt_alignment,0.7599897540983607,0.8636297482171446,0.9883411059293804,0.7668648229516671,0.8636297482171446
deepcrack_0129,ablation_no_stability_v2,deepcrack,oracle_gt_prompt_gt_alignment,0.7618677042801556,0.8648409893992933,0.9857027788964962,0.7703808624488511,0.8648409893992931
deepcrack_0130,ablation_no_stability_v2,deepcrack,oracle_gt_prompt_gt_alignment,0.8374336710082007,0.9115253347335258,0.9890610756608933,0.8452624403544649,0.9115253347335258
deepcrack_0131,ablation_no_stability_v2,deepcrack,oracle_gt_prompt_gt_alignment,0.6608733624454148,0.795814271441342,0.9994716682076344,0.6611043159182247,0.795814271441342
deepcrack_0132,ablation_no_stability_v2,deepcrack,oracle_gt_prompt_gt_alignment,0.7967420814479638,0.8868741815251334,0.9501402978631556,0.831507366830374,0.8868741815251334
deepcrack_0133,ablation_no_stability_v2,deepcrack,oracle_gt_prompt_gt_alignment,0.846412791920892,0.9168185961713765,0.8857331571994715,0.9501653282947568,0.9168185961713765
deepcrack_0134,ablation_no_stability_v2,deepcrack,oracle_gt_prompt_gt_alignment,0.40631549531926786,0.5778440139095877,0.4124237696780598,0.9648307896483079,0.5778440139095877
deepcrack_0135,ablation_no_stability_v2,deepcrack,oracle_gt_prompt_gt_alignment,0.5294781382228491,0.6923644411656216,0.540454938093867,0.9630579784504875,0.6923644411656216
deepcrack_0136,ablation_no_stability_v2,deepcrack,oracle_gt_prompt_gt_alignment,0.738574473123372,0.8496322527921547,0.9716510903426792,0.754840271055179,0.8496322527921547
deepcrack_0137,ablation_no_stability_v2,deepcrack,oracle_gt_prompt_gt_alignment,0.41164294954721864,0.5832111436950147,0.45819333781319,0.8020500756175433,0.5832111436950147
deepcrack_0138,ablation_no_stability_v2,deepcrack,oracle_gt_prompt_gt_alignment,0.6703814338235294,0.8026686842286265,0.7014064190407501,0.9381028938906752,0.8026686842286265
deepcrack_0139,ablation_no_stability_v2,deepcrack,oracle_gt_prompt_gt_alignment,0.7278307574262852,0.8424792234980651,0.8641332639250391,0.8218838965218468,0.8424792234980651
deepcrack_0140,ablation_no_stability_v2,deepcrack,oracle_gt_prompt_gt_alignment,0.7522658610271903,0.8586206896551725,0.8141842372308039,0.9081876493522827,0.8586206896551724
deepcrack_0141,ablation_no_stability_v2,deepcrack,oracle_gt_prompt_gt_alignment,0.7714862298195632,0.8710044897138645,0.7844296922148462,0.9790599578186201,0.8710044897138645
deepcrack_0142,ablation_no_stability_v2,deepcrack,oracle_gt_prompt_gt_alignment,0.7645801910507792,0.8665859391694565,0.7828828828828829,0.9703301962035412,0.8665859391694565
deepcrack_0143,ablation_no_stability_v2,deepcrack,oracle_gt_prompt_gt_alignment,0.6851888866679992,0.8131894199976278,0.7112033195020747,0.9493215175851565,0.8131894199976278
deepcrack_0144,ablation_no_stability_v2,deepcrack,oracle_gt_prompt_gt_alignment,0.5455478573261483,0.7059604848082351,0.5699731903485254,0.9271696467509812,0.705960484808235
deepcrack_0145,ablation_no_stability_v2,deepcrack,oracle_gt_prompt_gt_alignment,0.5868638043787319,0.7396523920444364,0.6217803886127429,0.9126685827990272,0.7396523920444366
deepcrack_0146,ablation_no_stability_v2,deepcrack,oracle_gt_prompt_gt_alignment,0.7711480362537765,0.8707889125799574,0.7857875833760903,0.9764105833598979,0.8707889125799574
deepcrack_0147,ablation_no_stability_v2,deepcrack,oracle_gt_prompt_gt_alignment,0.7872594558725946,0.880968292864038,0.9738959120013134,0.8042299349240781,0.880968292864038
deepcrack_0148,ablation_no_stability_v2,deepcrack,oracle_gt_prompt_gt_alignment,0.7491059147180192,0.8565586662472475,0.8058597218111867,0.914065122524337,0.8565586662472475
deepcrack_0149,ablation_no_stability_v2,deepcrack,oracle_gt_prompt_gt_alignment,0.8125,0.896551724137931,0.8717001055966209,0.9228619340413639,0.896551724137931
deepcrack_0150,ablation_no_stability_v2,deepcrack,oracle_gt_prompt_gt_alignment,0.6733557470056735,0.8047968857914234,0.7378540179599355,0.8850987432675045,0.8047968857914235
deepcrack_0151,ablation_no_stability_v2,deepcrack,oracle_gt_prompt_gt_alignment,0.7251787132644957,0.8406998158379374,0.8295475195347992,0.8521560574948666,0.8406998158379374
deepcrack_0152,ablation_no_stability_v2,deepcrack,oracle_gt_prompt_gt_alignment,0.4839582528024739,0.6522531909351393,0.842813867384719,0.5319736562566391,0.6522531909351393
deepcrack_0153,ablation_no_stability_v2,deepcrack,oracle_gt_prompt_gt_alignment,0.6858006042296072,0.8136200716845878,0.9082595027150614,0.7368421052631579,0.8136200716845878
deepcrack_0154,ablation_no_stability_v2,deepcrack,oracle_gt_prompt_gt_alignment,0.6853593825373855,0.813309481216458,0.874711405263968,0.7599625568333779,0.8133094812164579
deepcrack_0155,ablation_no_stability_v2,deepcrack,oracle_gt_prompt_gt_alignment,0.798051948051948,0.8876850848681834,0.9514224888716857,0.8319512607886275,0.8876850848681834
deepcrack_0156,ablation_no_stability_v2,deepcrack,oracle_gt_prompt_gt_alignment,0.826463391680783,0.9049876339653751,0.8485024154589372,0.969529697504968,0.9049876339653751
deepcrack_0157,ablation_no_stability_v2,deepcrack,oracle_gt_prompt_gt_alignment,0.6013590033975085,0.751060820367751,0.8292555960437272,0.6863420939250323,0.751060820367751
deepcrack_0158,ablation_no_stability_v2,deepcrack,oracle_gt_prompt_gt_alignment,0.3682334595678325,0.538261152718984,0.8787878787878788,0.3879371039662051,0.5382611527189841
deepcrack_0159,ablation_no_stability_v2,deepcrack,oracle_gt_prompt_gt_alignment,0.7478737478737478,0.8557525951557093,0.7661181026137464,0.9691403379867745,0.8557525951557092
deepcrack_0160,ablation_no_stability_v2,deepcrack,oracle_gt_prompt_gt_alignment,0.9112104758862983,0.953542780748663,0.994621246077992,0.9157228667064056,0.953542780748663
deepcrack_0161,ablation_no_stability_v2,deepcrack,oracle_gt_prompt_gt_alignment,0.9358530451579983,0.9668637270776067,0.9995717844908129,0.9362283964121636,0.9668637270776066
deepcrack_0162,ablation_no_stability_v2,deepcrack,oracle_gt_prompt_gt_alignment,0.8176326170312543,0.899667632908895,0.9991235758106923,0.8182194616977225,0.8996676329088951
deepcrack_0163,ablation_no_stability_v2,deepcrack,oracle_gt_prompt_gt_alignment,0.9200487189525425,0.9583597643860444,0.998395090866179,0.9214114571988673,0.9583597643860445
deepcrack_0164,ablation_no_stability_v2,deepcrack,oracle_gt_prompt_gt_alignment,0.9151227642797615,0.9556805248711254,0.9958144401813742,0.9186562841881717,0.9556805248711254
deepcrack_0165,ablation_no_stability_v2,deepcrack,oracle_gt_prompt_gt_alignment,0.8337123919682891,0.9093164180162302,0.9783437547658991,0.8493876199933796,0.9093164180162302
deepcrack_0166,ablation_no_stability_v2,deepcrack,oracle_gt_prompt_gt_alignment,0.9252280475444578,0.9611620282849553,0.9998008662318912,0.9253985807759654,0.9611620282849553
deepcrack_0167,ablation_no_stability_v2,deepcrack,oracle_gt_prompt_gt_alignment,0.6510098418769532,0.7886201830715335,0.9989979242717056,0.6514352392065345,0.7886201830715336
deepcrack_0168,ablation_no_stability_v2,deepcrack,oracle_gt_prompt_gt_alignment,0.7246115739698266,0.8403185794490142,0.7789881384652626,0.9121315192743764,0.8403185794490142
deepcrack_0169,ablation_no_stability_v2,deepcrack,oracle_gt_prompt_gt_alignment,0.6612695343966489,0.7961014401396499,0.9798281212699929,0.6703960800326664,0.7961014401396499
deepcrack_0170,ablation_no_stability_v2,deepcrack,oracle_gt_prompt_gt_alignment,0.6841684647966115,0.8124703426022587,0.9654900191722116,0.7013189153764233,0.8124703426022587
deepcrack_0171,ablation_no_stability_v2,deepcrack,oracle_gt_prompt_gt_alignment,0.7528534824132308,0.8590033222591362,0.8025825676682394,0.923956546598056,0.8590033222591363
deepcrack_0172,ablation_no_stability_v2,deepcrack,oracle_gt_prompt_gt_alignment,0.6221997981836529,0.7671062453346603,0.6620141722138716,0.911860396332446,0.7671062453346603
deepcrack_0173,ablation_no_stability_v2,deepcrack,oracle_gt_prompt_gt_alignment,0.5602516755573793,0.7181555185412466,0.6168674698795181,0.8592406125445773,0.7181555185412466
deepcrack_0174,ablation_no_stability_v2,deepcrack,oracle_gt_prompt_gt_alignment,0.4896364254162419,0.6573905109489051,0.49030282408982645,0.9972318339100346,0.6573905109489051
deepcrack_0175,ablation_no_stability_v2,deepcrack,oracle_gt_prompt_gt_alignment,0.3733300947291717,0.5436858860983375,0.3769928869266618,0.9746353836398225,0.5436858860983376
deepcrack_0176,ablation_no_stability_v2,deepcrack,oracle_gt_prompt_gt_alignment,0.34195291393284444,0.5096347425941904,0.3488188976377953,0.9455709711846318,0.5096347425941904
deepcrack_0177,ablation_no_stability_v2,deepcrack,oracle_gt_prompt_gt_alignment,0.4357329531955334,0.606983286447129,0.4403361344537815,0.9765708200212992,0.6069832864471288
deepcrack_0178,ablation_no_stability_v2,deepcrack,oracle_gt_prompt_gt_alignment,0.856887897378695,0.922929056286418,0.8986897519887693,0.9485121619953081,0.922929056286418
deepcrack_0179,ablation_no_stability_v2,deepcrack,oracle_gt_prompt_gt_alignment,0.6521913147888734,0.7894864341085271,0.8343573988735279,0.7491954022988506,0.7894864341085273
deepcrack_0180,ablation_no_stability_v2,deepcrack,oracle_gt_prompt_gt_alignment,0.9125138427464009,0.9542559351476549,0.954034965844622,0.9544770068342407,0.954255935147655
deepcrack_0181,ablation_no_stability_v2,deepcrack,oracle_gt_prompt_gt_alignment,0.7835455435847208,0.8786381109280615,0.8151620134501733,0.9528346831824679,0.8786381109280617
deepcrack_0182,ablation_no_stability_v2,deepcrack,oracle_gt_prompt_gt_alignment,0.8559391697492807,0.922378474144613,0.9030789245446661,0.9425209323376329,0.922378474144613
deepcrack_0183,ablation_no_stability_v2,deepcrack,oracle_gt_prompt_gt_alignment,0.7581090407177363,0.8624141315014721,0.8191648023862789,0.9104848736013261,0.8624141315014721
deepcrack_0184,ablation_no_stability_v2,deepcrack,oracle_gt_prompt_gt_alignment,0.7457675480311965,0.8543721056932716,0.7966067255917911,0.9211701127819549,0.8543721056932716
deepcrack_0185,ablation_no_stability_v2,deepcrack,oracle_gt_prompt_gt_alignment,0.7369142857142857,0.8485327016712725,0.8433167669369604,0.8538135593220338,0.8485327016712725
deepcrack_0186,ablation_no_stability_v2,deepcrack,oracle_gt_prompt_gt_alignment,0.7795418006430869,0.8761151891586674,0.8967749393133742,0.8563859145601059,0.8761151891586674
deepcrack_0187,ablation_no_stability_v2,deepcrack,oracle_gt_prompt_gt_alignment,0.7943246810382754,0.8853745249478975,0.9668005354752343,0.8165988240615106,0.8853745249478975
deepcrack_0188,ablation_no_stability_v2,deepcrack,oracle_gt_prompt_gt_alignment,0.8248774672142005,0.9040360046457607,0.916813898704358,0.8916093928980527,0.9040360046457608
deepcrack_0189,ablation_no_stability_v2,deepcrack,oracle_gt_prompt_gt_alignment,0.6958846403110823,0.820674500812076,0.9057359763812737,0.7502183406113537,0.8206745008120762
deepcrack_0190,ablation_no_stability_v2,deepcrack,oracle_gt_prompt_gt_alignment,0.8125783011776497,0.896599391761128,0.889589905362776,0.9037202173610144,0.896599391761128
deepcrack_0191,ablation_no_stability_v2,deepcrack,oracle_gt_prompt_gt_alignment,0.7949668874172185,0.8857733175914995,0.8554732041049031,0.9182986536107711,0.8857733175914995
deepcrack_0192,ablation_no_stability_v2,deepcrack,oracle_gt_prompt_gt_alignment,0.711629125196438,0.831522570772762,0.747455295735901,0.9368965517241379,0.8315225707727619
deepcrack_0193,ablation_no_stability_v2,deepcrack,oracle_gt_prompt_gt_alignment,0.72751269035533,0.8422661024917725,0.833837561089132,0.8508667774875327,0.8422661024917725
deepcrack_0194,ablation_no_stability_v2,deepcrack,oracle_gt_prompt_gt_alignment,0.8335368335368335,0.9092119866814651,0.8906283974777125,0.9285876218544548,0.909211986681465
deepcrack_0195,ablation_no_stability_v2,deepcrack,oracle_gt_prompt_gt_alignment,0.6933071831331209,0.8188793977124657,0.6991347342398022,0.9881201956673655,0.8188793977124657
deepcrack_0196,ablation_no_stability_v2,deepcrack,oracle_gt_prompt_gt_alignment,0.7520204168438962,0.8584607914542365,0.7873524827432643,0.9436882839605018,0.8584607914542365
deepcrack_0197,ablation_no_stability_v2,deepcrack,oracle_gt_prompt_gt_alignment,0.7547428124388813,0.8602318323673651,0.7650674068199841,0.9824338085539714,0.8602318323673651
deepcrack_0198,ablation_no_stability_v2,deepcrack,oracle_gt_prompt_gt_alignment,0.5589672016748081,0.7170993733213966,0.7183856502242153,0.7158176943699732,0.7170993733213967
deepcrack_0199,ablation_no_stability_v2,deepcrack,oracle_gt_prompt_gt_alignment,0.301997528830313,0.4638987742190589,0.7354563691073219,0.33880097031304146,0.4638987742190589
deepcrack_0200,ablation_no_stability_v2,deepcrack,oracle_gt_prompt_gt_alignment,0.702357461834043,0.8251586139580283,0.8223492217898832,0.8279872673849168,0.8251586139580284
deepcrack_0201,ablation_no_stability_v2,deepcrack,oracle_gt_prompt_gt_alignment,0.5847070344377346,0.7379370719398527,0.6936779939974829,0.7882288228822882,0.7379370719398528
deepcrack_0202,ablation_no_stability_v2,deepcrack,oracle_gt_prompt_gt_alignment,0.601316116215545,0.7510273707063658,0.8339934561735836,0.6830747531734838,0.7510273707063657
deepcrack_0203,ablation_no_stability_v2,deepcrack,oracle_gt_prompt_gt_alignment,0.614731161303218,0.7614037259392213,0.7456661413504667,0.7778199291856348,0.7614037259392215
deepcrack_0204,ablation_no_stability_v2,deepcrack,oracle_gt_prompt_gt_alignment,0.607330903199676,0.7557011465289152,0.7636872930990578,0.7478802992518703,0.7557011465289152
deepcrack_0205,ablation_no_stability_v2,deepcrack,oracle_gt_prompt_gt_alignment,0.5448761645080663,0.7053978526253861,0.6658336804109399,0.7499609069585613,0.705397852625386
deepcrack_0206,ablation_no_stability_v2,deepcrack,oracle_gt_prompt_gt_alignment,0.5969325153374233,0.7475989243180945,0.6485946005999333,0.8822729333534834,0.7475989243180945
deepcrack_0207,ablation_no_stability_v2,deepcrack,oracle_gt_prompt_gt_alignment,0.5077459333849729,0.6735165681993321,0.514319340918007,0.9754464285714286,0.6735165681993321
deepcrack_0208,ablation_no_stability_v2,deepcrack,oracle_gt_prompt_gt_alignment,0.5495945945945946,0.7093398447719543,0.5654894327030033,0.951345029239766,0.7093398447719542
deepcrack_0209,ablation_no_stability_v2,deepcrack,oracle_gt_prompt_gt_alignment,0.4239985693848355,0.595504206957177,0.4298404641044235,0.9689415610952187,0.595504206957177
deepcrack_0210,ablation_no_stability_v2,deepcrack,oracle_gt_prompt_gt_alignment,0.4010850247872042,0.572534882168369,0.4171206225680934,0.9125345818259204,0.572534882168369
deepcrack_0211,ablation_no_stability_v2,deepcrack,oracle_gt_prompt_gt_alignment,0.4488532110091743,0.6195979104005066,0.768958742632613,0.5188229056203606,0.6195979104005066
deepcrack_0212,ablation_no_stability_v2,deepcrack,oracle_gt_prompt_gt_alignment,0.3378868729989328,0.5051052967453733,0.344880174291939,0.9433849821215733,0.5051052967453733
deepcrack_0213,ablation_no_stability_v2,deepcrack,oracle_gt_prompt_gt_alignment,0.6102751177990576,0.7579762129507268,0.6726419835818395,0.8681081081081081,0.7579762129507267
deepcrack_0214,ablation_no_stability_v2,deepcrack,oracle_gt_prompt_gt_alignment,0.5669003797838154,0.7235946676610422,0.5905356055995131,0.9340553549939832,0.7235946676610424
deepcrack_0215,ablation_no_stability_v2,deepcrack,oracle_gt_prompt_gt_alignment,0.6806399051992298,0.8099770844350432,0.8228868194842407,0.7974661575841722,0.8099770844350432
deepcrack_0216,ablation_no_stability_v2,deepcrack,oracle_gt_prompt_gt_alignment,0.6986696585991344,0.8226080392526892,0.7481977342945417,0.9134534786253143,0.8226080392526892
deepcrack_0217,ablation_no_stability_v2,deepcrack,oracle_gt_prompt_gt_alignment,0.7981613891726251,0.8877527834583049,0.8543625628690138,0.9238590683376685,0.887752783458305
deepcrack_0218,ablation_no_stability_v2,deepcrack,oracle_gt_prompt_gt_alignment,0.7364,0.848191660907625,0.790807560137457,0.914555389965226,0.848191660907625
deepcrack_0219,ablation_no_stability_v2,deepcrack,oracle_gt_prompt_gt_alignment,0.4936264548309625,0.6609771181199753,0.5158301158301158,0.9197934595524957,0.6609771181199754
deepcrack_0220,ablation_no_stability_v2,deepcrack,oracle_gt_prompt_gt_alignment,0.6545338441890166,0.7912003087610961,0.6738101498816723,0.9581230136474107,0.791200308761096
deepcrack_0221,ablation_no_stability_v2,deepcrack,oracle_gt_prompt_gt_alignment,0.7587464765378876,0.862826435372867,0.822429906542056,0.9073963910370811,0.862826435372867
deepcrack_0222,ablation_no_stability_v2,deepcrack,oracle_gt_prompt_gt_alignment,0.7658654677503026,0.8674108891500196,0.7917411512334644,0.9590731918579471,0.8674108891500196
deepcrack_0223,ablation_no_stability_v2,deepcrack,oracle_gt_prompt_gt_alignment,0.6919611097936922,0.8179397337070777,0.7199605230693313,0.9467878001297858,0.8179397337070777
deepcrack_0224,ablation_no_stability_v2,deepcrack,oracle_gt_prompt_gt_alignment,0.712345850076209,0.8320116523709338,0.7848854961832061,0.8851584022038568,0.8320116523709339
deepcrack_0225,ablation_no_stability_v2,deepcrack,oracle_gt_prompt_gt_alignment,0.22878907276070395,0.37238135955536555,0.273126371903418,0.5849563465413029,0.37238135955536555
deepcrack_0226,ablation_no_stability_v2,deepcrack,oracle_gt_prompt_gt_alignment,0.373781512605042,0.5441644237827257,0.4271993853246254,0.7493261455525606,0.5441644237827257
deepcrack_0227,ablation_no_stability_v2,deepcrack,oracle_gt_prompt_gt_alignment,0.8195108237278605,0.9008034610630408,0.8371625502584722,0.9749163879598662,0.9008034610630408
deepcrack_0228,ablation_no_stability_v2,deepcrack,oracle_gt_prompt_gt_alignment,0.7151478575739287,0.8339197748064743,0.7375824723017552,0.9592034968431278,0.8339197748064744
deepcrack_0229,ablation_no_stability_v2,deepcrack,oracle_gt_prompt_gt_alignment,0.8215725806451613,0.9020475926950747,0.8380462724935732,0.9766327142001199,0.9020475926950746
deepcrack_0230,ablation_no_stability_v2,deepcrack,oracle_gt_prompt_gt_alignment,0.909130624726955,0.9524027459954233,0.9726571628885253,0.9329746693566465,0.9524027459954233
deepcrack_0231,ablation_no_stability_v2,deepcrack,oracle_gt_prompt_gt_alignment,0.8114402451481103,0.8959061689410173,0.8438495857233907,0.9548076923076924,0.8959061689410174
deepcrack_0232,ablation_no_stability_v2,deepcrack,oracle_gt_prompt_gt_alignment,0.6759573985950601,0.806652244456463,0.6791894353369763,0.9930093209054593,0.8066522444564629
deepcrack_0233,ablation_no_stability_v2,deepcrack,oracle_gt_prompt_gt_alignment,0.8500673206385844,0.9189582575245621,0.9659053655338214,0.8763632758278802,0.918958257524562
deepcrack_0234,ablation_no_stability_v2,deepcrack,oracle_gt_prompt_gt_alignment,0.8456097695750677,0.9163473053892216,0.9946054855063045,0.8495059398245809,0.9163473053892215
deepcrack_0235,ablation_no_stability_v2,deepcrack,oracle_gt_prompt_gt_alignment,0.8912267416702726,0.9424853424853424,0.9931288047736725,0.896756286056384,0.9424853424853425
deepcrack_0236,ablation_no_stability_v2,deepcrack,oracle_gt_prompt_gt_alignment,0.3869654969035683,0.5580030617451948,0.9964310122256815,0.38750258394117476,0.5580030617451949
deepcrack_0000,ablation_no_boundary_v2,deepcrack,oracle_gt_prompt_gt_alignment,0.5890388413429888,0.7413775245986536,0.6093989443214711,0.9463246959280803,0.7413775245986535
deepcrack_0001,ablation_no_boundary_v2,deepcrack,oracle_gt_prompt_gt_alignment,0.7227479845776376,0.8390640895218718,0.7910991751390754,0.8932207060862032,0.8390640895218718
deepcrack_0002,ablation_no_boundary_v2,deepcrack,oracle_gt_prompt_gt_alignment,0.7195758822598513,0.8369225105834713,0.7428524750857703,0.9582718651211802,0.8369225105834713
deepcrack_0003,ablation_no_boundary_v2,deepcrack,oracle_gt_prompt_gt_alignment,0.4958076723306374,0.6629297088149214,0.5915368271954674,0.7539207943134378,0.6629297088149213
deepcrack_0004,ablation_no_boundary_v2,deepcrack,oracle_gt_prompt_gt_alignment,0.4085760517799353,0.5801263641585296,0.7843644835619984,0.46027646969466807,0.5801263641585296
deepcrack_0005,ablation_no_boundary_v2,deepcrack,oracle_gt_prompt_gt_alignment,0.6054179290679024,0.7542184724689165,0.7794860027535567,0.7305376344086022,0.7542184724689166
deepcrack_0006,ablation_no_boundary_v2,deepcrack,oracle_gt_prompt_gt_alignment,0.5661697036628014,0.7229991773416382,0.7442535688361964,0.7029250457038391,0.7229991773416383
deepcrack_0007,ablation_no_boundary_v2,deepcrack,oracle_gt_prompt_gt_alignment,0.7205907031381105,0.8376085048278553,0.8596596596596596,0.8166603271205781,0.8376085048278552
deepcrack_0008,ablation_no_boundary_v2,deepcrack,oracle_gt_prompt_gt_alignment,0.7430841671571513,0.8526084754347459,0.9046936581870297,0.8061941251596424,0.8526084754347459
deepcrack_0009,ablation_no_boundary_v2,deepcrack,oracle_gt_prompt_gt_alignment,0.6574553828439839,0.7933310177144842,0.7862306368330465,0.8005608131791097,0.7933310177144842
deepcrack_0010,ablation_no_boundary_v2,deepcrack,oracle_gt_prompt_gt_alignment,0.4281757754800591,0.599612152553329,0.7294746775715634,0.5089991220368745,0.599612152553329
deepcrack_0011,ablation_no_boundary_v2,deepcrack,oracle_gt_prompt_gt_alignment,0.7285589899869395,0.8429668807454981,0.7957679505468378,0.8961178045515394,0.842966880745498
deepcrack_0012,ablation_no_boundary_v2,deepcrack,oracle_gt_prompt_gt_alignment,0.47656682452795374,0.6455066125169218,0.9808848661307678,0.481034268686367,0.6455066125169218
deepcrack_0013,ablation_no_boundary_v2,deepcrack,oracle_gt_prompt_gt_alignment,0.4661803243855797,0.6359113086324332,0.9384088964927289,0.48089427924307737,0.6359113086324333
deepcrack_0014,ablation_no_boundary_v2,deepcrack,oracle_gt_prompt_gt_alignment,0.282693075053506,0.4407805429864253,0.506894757382594,0.3899229460622436,0.4407805429864254
deepcrack_0015,ablation_no_boundary_v2,deepcrack,oracle_gt_prompt_gt_alignment,0.2444076222038111,0.39280958721704395,0.4872372372372372,0.32904076252281483,0.39280958721704395
deepcrack_0016,ablation_no_boundary_v2,deepcrack,oracle_gt_prompt_gt_alignment,0.3427747088420534,0.5105468647643004,0.5716129789356333,0.46126893939393937,0.5105468647643004
deepcrack_0017,ablation_no_boundary_v2,deepcrack,oracle_gt_prompt_gt_alignment,0.23239949411719618,0.37714960972727557,0.9041300134188162,0.2382711198428291,0.37714960972727557
deepcrack_0018,ablation_no_boundary_v2,deepcrack,oracle_gt_prompt_gt_alignment,0.4807798519827681,0.64936033717504,0.8455560951918407,0.527064664567692,0.6493603371750402
deepcrack_0019,ablation_no_boundary_v2,deepcrack,oracle_gt_prompt_gt_alignment,0.4140683774972833,0.5856412378447078,0.9800178059155208,0.41759399763952115,0.5856412378447078
deepcrack_0020,ablation_no_boundary_v2,deepcrack,oracle_gt_prompt_gt_alignment,0.6095137655417406,0.7573886953822809,0.9510653040013858,0.6292476075869577,0.7573886953822808
deepcrack_0021,ablation_no_boundary_v2,deepcrack,oracle_gt_prompt_gt_alignment,0.7129646754207509,0.8324335996545023,0.9336401065633325,0.7510227936879018,0.8324335996545024
deepcrack_0022,ablation_no_boundary_v2,deepcrack,oracle_gt_prompt_gt_alignment,0.5192301386930719,0.6835437574187979,0.9761449793503051,0.5259032943676939,0.6835437574187979
deepcrack_0023,ablation_no_boundary_v2,deepcrack,oracle_gt_prompt_gt_alignment,0.6434293401822295,0.7830325581395349,0.9382914214374889,0.6718600344805568,0.7830325581395349
deepcrack_0024,ablation_no_boundary_v2,deepcrack,oracle_gt_prompt_gt_alignment,0.48204649923389514,0.6505146761361082,0.9291217257318952,0.5004495469949513,0.6505146761361082
deepcrack_0025,ablation_no_boundary_v2,deepcrack,oracle_gt_prompt_gt_alignment,0.46005009933488816,0.6301839910075134,0.7675457558726041,0.5345242874347651,0.6301839910075133
deepcrack_0026,ablation_no_boundary_v2,deepcrack,oracle_gt_prompt_gt_alignment,0.7537511032656664,0.8595873175641671,0.8743281289992322,0.8453353130413264,0.8595873175641671
deepcrack_0027,ablation_no_boundary_v2,deepcrack,oracle_gt_prompt_gt_alignment,0.4855310753041763,0.6536801328168235,0.5248844649840029,0.866236432971546,0.6536801328168235
deepcrack_0028,ablation_no_boundary_v2,deepcrack,oracle_gt_prompt_gt_alignment,0.562489126022154,0.7199910919753545,0.688604898828541,0.7543750486116513,0.7199910919753546
deepcrack_0029,ablation_no_boundary_v2,deepcrack,oracle_gt_prompt_gt_alignment,0.6385459103729239,0.7794055770187048,0.9912434325744308,0.6421682949889694,0.7794055770187047
deepcrack_0030,ablation_no_boundary_v2,deepcrack,oracle_gt_prompt_gt_alignment,0.6075825979889186,0.7558959629806925,0.9999155690645052,0.6076137704581602,0.7558959629806925
deepcrack_0031,ablation_no_boundary_v2,deepcrack,oracle_gt_prompt_gt_alignment,0.8825828061034611,0.9376297321340318,0.9989469250210615,0.8834047308623579,0.9376297321340319
deepcrack_0032,ablation_no_boundary_v2,deepcrack,oracle_gt_prompt_gt_alignment,0.6274790431404621,0.771105527638191,0.6647173489278753,0.9180376906969787,0.771105527638191
deepcrack_0033,ablation_no_boundary_v2,deepcrack,oracle_gt_prompt_gt_alignment,0.7822859970311727,0.8778456413103831,0.8116016427104723,0.9558645707376058,0.8778456413103831
deepcrack_0034,ablation_no_boundary_v2,deepcrack,oracle_gt_prompt_gt_alignment,0.7355230386052304,0.8476096510897838,0.7557581573896354,0.9648764549724321,0.8476096510897838
deepcrack_0035,ablation_no_boundary_v2,deepcrack,oracle_gt_prompt_gt_alignment,0.6050632911392405,0.7539432176656151,0.6954413191076625,0.8231917336394948,0.7539432176656152
deepcrack_0036,ablation_no_boundary_v2,deepcrack,oracle_gt_prompt_gt_alignment,0.5666158794650414,0.7233628701102226,1.0,0.5666158794650414,0.7233628701102226
deepcrack_0037,ablation_no_boundary_v2,deepcrack,oracle_gt_prompt_gt_alignment,0.26903749516814845,0.4240024367956138,0.9840701291356395,0.27021430789936846,0.4240024367956138
deepcrack_0038,ablation_no_boundary_v2,deepcrack,oracle_gt_prompt_gt_alignment,0.4509074680154716,0.6215523428688609,0.9936076053106048,0.45221932114882507,0.6215523428688609
deepcrack_0039,ablation_no_boundary_v2,deepcrack,oracle_gt_prompt_gt_alignment,0.15733534390504914,0.27189240306819373,0.7996291718170581,0.16379288517533866,0.27189240306819373
deepcrack_0040,ablation_no_boundary_v2,deepcrack,oracle_gt_prompt_gt_alignment,0.6784460566346829,0.8084216397099833,0.7302267002518892,0.905371642723298,0.8084216397099833
deepcrack_0041,ablation_no_boundary_v2,deepcrack,oracle_gt_prompt_gt_alignment,0.5907865027596588,0.7427602657361957,0.9672434153103661,0.602848,0.7427602657361956
deepcrack_0042,ablation_no_boundary_v2,deepcrack,oracle_gt_prompt_gt_alignment,0.3855389854391733,0.556518422781109,0.9315505745495815,0.3967793588930179,0.556518422781109
deepcrack_0043,ablation_no_boundary_v2,deepcrack,oracle_gt_prompt_gt_alignment,0.5062168254199084,0.672169925174994,0.9561873369042714,0.5182373083221676,0.672169925174994
deepcrack_0044,ablation_no_boundary_v2,deepcrack,oracle_gt_prompt_gt_alignment,0.7030997189815209,0.8256706417660441,0.9765805192501035,0.7151580770896492,0.8256706417660441
deepcrack_0045,ablation_no_boundary_v2,deepcrack,oracle_gt_prompt_gt_alignment,0.8285916239618307,0.9062620796289138,0.8499184339314845,0.9706064996895053,0.9062620796289138
deepcrack_0046,ablation_no_boundary_v2,deepcrack,oracle_gt_prompt_gt_alignment,0.5725953788285868,0.7282170436684207,0.5785016286644951,0.9824820210215748,0.7282170436684207
deepcrack_0047,ablation_no_boundary_v2,deepcrack,oracle_gt_prompt_gt_alignment,0.49725274725274726,0.6642201834862386,0.6433649289099526,0.6864728192161821,0.6642201834862385
deepcrack_0048,ablation_no_boundary_v2,deepcrack,oracle_gt_prompt_gt_alignment,0.6212828704841484,0.7664089737759587,0.6318420394901275,0.9738058551617874,0.7664089737759588
deepcrack_0049,ablation_no_boundary_v2,deepcrack,oracle_gt_prompt_gt_alignment,0.8161579892280072,0.8987742190589165,0.8375092114959469,0.9697098976109215,0.8987742190589166
deepcrack_0050,ablation_no_boundary_v2,deepcrack,oracle_gt_prompt_gt_alignment,0.7307209594198857,0.8444122149705906,0.7397995199774107,0.9834834834834835,0.8444122149705906
deepcrack_0051,ablation_no_boundary_v2,deepcrack,oracle_gt_prompt_gt_alignment,0.5356600910470409,0.6976284584980237,0.5427985648385444,0.976036866359447,0.6976284584980239
deepcrack_0052,ablation_no_boundary_v2,deepcrack,oracle_gt_prompt_gt_alignment,0.7988789976920541,0.8881964809384164,0.8090150250417363,0.9845591223080049,0.8881964809384164
deepcrack_0053,ablation_no_boundary_v2,deepcrack,oracle_gt_prompt_gt_alignment,0.794546759148529,0.8855124616819938,0.8072904009720535,0.9805194805194806,0.8855124616819938
deepcrack_0054,ablation_no_boundary_v2,deepcrack,oracle_gt_prompt_gt_alignment,0.8207113476893297,0.9015282392026578,0.8690750704586215,0.9364991717283269,0.9015282392026578
deepcrack_0055,ablation_no_boundary_v2,deepcrack,oracle_gt_prompt_gt_alignment,0.7190918472652219,0.836595029415296,0.9337144899053064,0.7577756833176249,0.836595029415296
deepcrack_0056,ablation_no_boundary_v2,deepcrack,oracle_gt_prompt_gt_alignment,0.495260663507109,0.6624405705229794,0.605,0.731932505571474,0.6624405705229793
deepcrack_0057,ablation_no_boundary_v2,deepcrack,oracle_gt_prompt_gt_alignment,0.5382543103448276,0.6998248686514886,0.5840397544577609,0.872870249017038,0.6998248686514886
deepcrack_0058,ablation_no_boundary_v2,deepcrack,oracle_gt_prompt_gt_alignment,0.38746908491343773,0.5585264408793821,0.3972950126796281,0.94,0.5585264408793821
deepcrack_0059,ablation_no_boundary_v2,deepcrack,oracle_gt_prompt_gt_alignment,0.7588352199084075,0.8628838123311225,0.9323707399936298,0.8030358449158742,0.8628838123311225
deepcrack_0060,ablation_no_boundary_v2,deepcrack,oracle_gt_prompt_gt_alignment,0.7291890729189073,0.8433884811543725,0.9546606589693044,0.7553475935828877,0.8433884811543724
deepcrack_0061,ablation_no_boundary_v2,deepcrack,oracle_gt_prompt_gt_alignment,0.8070669568557163,0.8932341480694297,0.970742223591007,0.8271880330665267,0.8932341480694296
deepcrack_0062,ablation_no_boundary_v2,deepcrack,oracle_gt_prompt_gt_alignment,0.6877901578458682,0.815018566909641,0.8477016975014304,0.7847620729231041,0.815018566909641
deepcrack_0063,ablation_no_boundary_v2,deepcrack,oracle_gt_prompt_gt_alignment,0.4718541649084311,0.6411697247706422,0.8392374662263584,0.5187418816106885,0.6411697247706422
deepcrack_0064,ablation_no_boundary_v2,deepcrack,oracle_gt_prompt_gt_alignment,0.6392585010804048,0.7799361731649785,0.8122832369942197,0.7500667200427008,0.7799361731649784
deepcrack_0065,ablation_no_boundary_v2,deepcrack,oracle_gt_prompt_gt_alignment,0.5834090221011202,0.7369024856596559,0.8482758620689655,0.6513802816901408,0.7369024856596559
deepcrack_0066,ablation_no_boundary_v2,deepcrack,oracle_gt_prompt_gt_alignment,0.46758104738154616,0.637213254035684,0.7253384912959381,0.5681818181818182,0.637213254035684
deepcrack_0067,ablation_no_boundary_v2,deepcrack,oracle_gt_prompt_gt_alignment,0.7728389708008094,0.8718659545843696,0.8164465144689623,0.9353568929321203,0.8718659545843694
deepcrack_0068,ablation_no_boundary_v2,deepcrack,oracle_gt_prompt_gt_alignment,0.637967240655187,0.778974358974359,0.6421927846674182,0.9897914856646395,0.7789743589743591
deepcrack_0069,ablation_no_boundary_v2,deepcrack,oracle_gt_prompt_gt_alignment,0.65715069997255,0.7931091601788968,0.6755079006772009,0.9602888086642599,0.7931091601788969
deepcrack_0070,ablation_no_boundary_v2,deepcrack,oracle_gt_prompt_gt_alignment,0.6531569965870307,0.7901935483870968,0.6644965277777778,0.9745385105028644,0.7901935483870968
deepcrack_0071,ablation_no_boundary_v2,deepcrack,oracle_gt_prompt_gt_alignment,0.738110964332893,0.8493254797643929,0.764102564102564,0.955945252352438,0.849325479764393
deepcrack_0072,ablation_no_boundary_v2,deepcrack,oracle_gt_prompt_gt_alignment,0.7035421926401959,0.8259756590470203,0.7143079074102843,0.9790269349515597,0.8259756590470203
deepcrack_0073,ablation_no_boundary_v2,deepcrack,oracle_gt_prompt_gt_alignment,0.526477086451429,0.6897936315248856,0.5335114834609274,0.975567881669308,0.6897936315248856
deepcrack_0074,ablation_no_boundary_v2,deepcrack,oracle_gt_prompt_gt_alignment,0.6870338754605085,0.8144873501997337,0.6960400546199362,0.9815147625160462,0.8144873501997337
deepcrack_0075,ablation_no_boundary_v2,deepcrack,oracle_gt_prompt_gt_alignment,0.6336383944656626,0.7757388619320689,0.6465441176470588,0.9694597574421169,0.7757388619320688
deepcrack_0076,ablation_no_boundary_v2,deepcrack,oracle_gt_prompt_gt_alignment,0.752410127038472,0.8587146529562982,0.7669207457066765,0.9754701553556827,0.8587146529562982
deepcrack_0077,ablation_no_boundary_v2,deepcrack,oracle_gt_prompt_gt_alignment,0.526452013666011,0.6897721106890938,0.5271068726028817,0.9976456739258387,0.6897721106890938
deepcrack_0078,ablation_no_boundary_v2,deepcrack,oracle_gt_prompt_gt_alignment,0.6026541764246682,0.7520701412566975,0.6117274167987322,0.9759797724399494,0.7520701412566975
deepcrack_0079,ablation_no_boundary_v2,deepcrack,oracle_gt_prompt_gt_alignment,0.7387836490528414,0.8497706422018348,0.8372881355932204,0.8626309662398137,0.849770642201835
deepcrack_0080,ablation_no_boundary_v2,deepcrack,oracle_gt_prompt_gt_alignment,0.7331506849315068,0.84603224786595,0.8691133484897694,0.8241453649522636,0.84603224786595
deepcrack_0081,ablation_no_boundary_v2,deepcrack,oracle_gt_prompt_gt_alignment,0.7879646418857661,0.8814096469544274,0.9677105080027836,0.8092411545623837,0.8814096469544275
deepcrack_0082,ablation_no_boundary_v2,deepcrack,oracle_gt_prompt_gt_alignment,0.6998505231689088,0.823425958494548,0.9728494251281341,0.7137920520378087,0.823425958494548
deepcrack_0083,ablation_no_boundary_v2,deepcrack,oracle_gt_prompt_gt_alignment,0.7258304940374787,0.8411376395829477,0.9309026355318858,0.767161827593968,0.8411376395829477
deepcrack_0084,ablation_no_boundary_v2,deepcrack,oracle_gt_prompt_gt_alignment,0.8674924534193817,0.9290452037233153,0.9397834912043301,0.9185495425989199,0.9290452037233152
deepcrack_0085,ablation_no_boundary_v2,deepcrack,oracle_gt_prompt_gt_alignment,0.7611637347767253,0.8643872454859777,0.9647336263265087,0.7829491083079599,0.8643872454859777
deepcrack_0086,ablation_no_boundary_v2,deepcrack,oracle_gt_prompt_gt_alignment,0.8009249949728534,0.8894595801697186,0.9496900333810205,0.8364132717345653,0.8894595801697185
deepcrack_0087,ablation_no_boundary_v2,deepcrack,oracle_gt_prompt_gt_alignment,0.7655749377002492,0.8672245186006654,0.906618887015177,0.8311111111111111,0.8672245186006653
deepcrack_0088,ablation_no_boundary_v2,deepcrack,oracle_gt_prompt_gt_alignment,0.7982937233394272,0.8878346323280244,0.9506531204644412,0.8328035600762873,0.8878346323280244
deepcrack_0089,ablation_no_boundary_v2,deepcrack,oracle_gt_prompt_gt_alignment,0.12629205036647248,0.2242616385783414,0.5838401390095569,0.13878562577447337,0.2242616385783414
deepcrack_0090,ablation_no_boundary_v2,deepcrack,oracle_gt_prompt_gt_alignment,0.4207114070439811,0.5922545633941786,0.7848970251716247,0.47553971083382846,0.5922545633941786
deepcrack_0091,ablation_no_boundary_v2,deepcrack,oracle_gt_prompt_gt_alignment,0.7165937695260198,0.8349019811762259,0.95959837437246,0.738886332259549,0.8349019811762258
deepcrack_0092,ablation_no_boundary_v2,deepcrack,oracle_gt_prompt_gt_alignment,0.5615731785944552,0.7192402972749794,0.9759103641456582,0.569467146126185,0.7192402972749793
deepcrack_0093,ablation_no_boundary_v2,deepcrack,oracle_gt_prompt_gt_alignment,0.7709686803064094,0.8706745510293473,0.9864764267990075,0.779204233633869,0.8706745510293473
deepcrack_0094,ablation_no_boundary_v2,deepcrack,oracle_gt_prompt_gt_alignment,0.5919768702565956,0.743700340522134,0.9289224952741021,0.6200630914826498,0.743700340522134
deepcrack_0095,ablation_no_boundary_v2,deepcrack,oracle_gt_prompt_gt_alignment,0.6753649399302416,0.8062302413447452,0.9299181785841337,0.711582959030897,0.8062302413447452
deepcrack_0096,ablation_no_boundary_v2,deepcrack,oracle_gt_prompt_gt_alignment,0.7995156980627922,0.8885898566191824,0.9270016458514861,0.8532347175191588,0.8885898566191823
deepcrack_0097,ablation_no_boundary_v2,deepcrack,oracle_gt_prompt_gt_alignment,0.7004993112947658,0.8238748544524882,0.9336775674125072,0.737180648668237,0.8238748544524882
deepcrack_0098,ablation_no_boundary_v2,deepcrack,oracle_gt_prompt_gt_alignment,0.7520318173958154,0.8584682195025661,0.9262059418592269,0.7999632116251265,0.8584682195025662
deepcrack_0099,ablation_no_boundary_v2,deepcrack,oracle_gt_prompt_gt_alignment,0.8002545608824777,0.8890460030165912,0.929620502710695,0.8518652334929094,0.8890460030165913
deepcrack_0100,ablation_no_boundary_v2,deepcrack,oracle_gt_prompt_gt_alignment,0.7855583543240974,0.879902191291263,0.9277144273673773,0.8367766747160361,0.879902191291263
deepcrack_0101,ablation_no_boundary_v2,deepcrack,oracle_gt_prompt_gt_alignment,0.560088588413568,0.7180215182307232,0.6237829417110217,0.8458017954585461,0.7180215182307231
deepcrack_0102,ablation_no_boundary_v2,deepcrack,oracle_gt_prompt_gt_alignment,0.7487911310296026,0.8563528459670893,0.821983428275505,0.8937218468468469,0.8563528459670894
deepcrack_0103,ablation_no_boundary_v2,deepcrack,oracle_gt_prompt_gt_alignment,0.8943310657596372,0.9442183385204692,0.9586776859504132,0.930188679245283,0.9442183385204692
deepcrack_0104,ablation_no_boundary_v2,deepcrack,oracle_gt_prompt_gt_alignment,0.9245606515216459,0.9608017817371938,0.9899036255162919,0.9333621808740805,0.9608017817371938
deepcrack_0105,ablation_no_boundary_v2,deepcrack,oracle_gt_prompt_gt_alignment,0.8562442933955564,0.922555610209324,0.9995262908574135,0.8565919009438749,0.9225556102093239
deepcrack_0106,ablation_no_boundary_v2,deepcrack,oracle_gt_prompt_gt_alignment,0.8963259722493648,0.9453290049981965,0.9957663916630481,0.8997547817557626,0.9453290049981964
deepcrack_0107,ablation_no_boundary_v2,deepcrack,oracle_gt_prompt_gt_alignment,0.6784655300222387,0.808435464281771,0.6989308896525391,0.9586279130662477,0.8084354642817709
deepcrack_0108,ablation_no_boundary_v2,deepcrack,oracle_gt_prompt_gt_alignment,0.624064371257485,0.7685217190920614,0.6341509792736262,0.9751461988304093,0.7685217190920614
deepcrack_0109,ablation_no_boundary_v2,deepcrack,oracle_gt_prompt_gt_alignment,0.7826792414562418,0.8780931793617385,1.0,0.7826792414562418,0.8780931793617385
deepcrack_0110,ablation_no_boundary_v2,deepcrack,oracle_gt_prompt_gt_alignment,0.7578265858056057,0.8622313394563849,1.0,0.7578265858056057,0.862231339456385
deepcrack_0111,ablation_no_boundary_v2,deepcrack,oracle_gt_prompt_gt_alignment,0.6174618170366871,0.7634947675833537,0.9915297092288242,0.6207360506529481,0.7634947675833534
deepcrack_0112,ablation_no_boundary_v2,deepcrack,oracle_gt_prompt_gt_alignment,0.6593742648788521,0.7947263963708534,0.9958550450023685,0.6611888661739267,0.7947263963708535
deepcrack_0113,ablation_no_boundary_v2,deepcrack,oracle_gt_prompt_gt_alignment,0.874345100060122,0.9329606378591394,0.9417206290471786,0.924362117497503,0.9329606378591394
deepcrack_0114,ablation_no_boundary_v2,deepcrack,oracle_gt_prompt_gt_alignment,0.8821214713430282,0.9373693300609035,0.9254240330252176,0.949627037480431,0.9373693300609036
deepcrack_0115,ablation_no_boundary_v2,deepcrack,oracle_gt_prompt_gt_alignment,0.8405228758169935,0.9133522727272727,0.9672405147919104,0.8651517416654209,0.9133522727272727
deepcrack_0116,ablation_no_boundary_v2,deepcrack,oracle_gt_prompt_gt_alignment,0.8123578975524943,0.8964652055198878,0.902660127805023,0.8903547346819115,0.8964652055198878
deepcrack_0117,ablation_no_boundary_v2,deepcrack,oracle_gt_prompt_gt_alignment,0.8185777777777777,0.900239503397038,0.9110605461020973,0.8896724954110714,0.9002395033970381
deepcrack_0118,ablation_no_boundary_v2,deepcrack,oracle_gt_prompt_gt_alignment,0.5467320261437908,0.7069511937460384,0.6360007603117278,0.7957193816884661,0.7069511937460384
deepcrack_0119,ablation_no_boundary_v2,deepcrack,oracle_gt_prompt_gt_alignment,0.8151904997525977,0.898187270001363,0.9323712507074137,0.8664212463844333,0.8981872700013629
deepcrack_0120,ablation_no_boundary_v2,deepcrack,oracle_gt_prompt_gt_alignment,0.7161423718800768,0.8345955249569708,0.9332178598922248,0.7548256537982565,0.8345955249569708
deepcrack_0121,ablation_no_boundary_v2,deepcrack,oracle_gt_prompt_gt_alignment,0.7784967645594824,0.8754547998880493,0.9644398766700925,0.8015032456440041,0.8754547998880492
deepcrack_0122,ablation_no_boundary_v2,deepcrack,oracle_gt_prompt_gt_alignment,0.7895259369570613,0.8823855755894591,0.9302529609592045,0.8392032713362353,0.8823855755894592
deepcrack_0123,ablation_no_boundary_v2,deepcrack,oracle_gt_prompt_gt_alignment,0.7737317149081855,0.8724337603088261,0.970714564623194,0.7922243467176545,0.8724337603088259
deepcrack_0124,ablation_no_boundary_v2,deepcrack,oracle_gt_prompt_gt_alignment,0.8057387274995544,0.8924200552704303,0.8502915177731803,0.9389408099688473,0.8924200552704302
deepcrack_0125,ablation_no_boundary_v2,deepcrack,oracle_gt_prompt_gt_alignment,0.7699256110520722,0.8700090063044131,0.8310074555534315,0.9128517429651407,0.870009006304413
deepcrack_0126,ablation_no_boundary_v2,deepcrack,oracle_gt_prompt_gt_alignment,0.8066585554695277,0.892983959838374,0.9726593758335557,0.8253734721593481,0.892983959838374
deepcrack_0127,ablation_no_boundary_v2,deepcrack,oracle_gt_prompt_gt_alignment,0.7854974102518307,0.8798639591877563,0.9885367498314228,0.7927180966113915,0.8798639591877564
deepcrack_0128,ablation_no_boundary_v2,deepcrack,oracle_gt_prompt_gt_alignment,0.7599897540983607,0.8636297482171446,0.9883411059293804,0.7668648229516671,0.8636297482171446
deepcrack_0129,ablation_no_boundary_v2,deepcrack,oracle_gt_prompt_gt_alignment,0.7618677042801556,0.8648409893992933,0.9857027788964962,0.7703808624488511,0.8648409893992931
deepcrack_0130,ablation_no_boundary_v2,deepcrack,oracle_gt_prompt_gt_alignment,0.8374336710082007,0.9115253347335258,0.9890610756608933,0.8452624403544649,0.9115253347335258
deepcrack_0131,ablation_no_boundary_v2,deepcrack,oracle_gt_prompt_gt_alignment,0.6608733624454148,0.795814271441342,0.9994716682076344,0.6611043159182247,0.795814271441342
deepcrack_0132,ablation_no_boundary_v2,deepcrack,oracle_gt_prompt_gt_alignment,0.7967420814479638,0.8868741815251334,0.9501402978631556,0.831507366830374,0.8868741815251334
deepcrack_0133,ablation_no_boundary_v2,deepcrack,oracle_gt_prompt_gt_alignment,0.846412791920892,0.9168185961713765,0.8857331571994715,0.9501653282947568,0.9168185961713765
deepcrack_0134,ablation_no_boundary_v2,deepcrack,oracle_gt_prompt_gt_alignment,0.40631549531926786,0.5778440139095877,0.4124237696780598,0.9648307896483079,0.5778440139095877
deepcrack_0135,ablation_no_boundary_v2,deepcrack,oracle_gt_prompt_gt_alignment,0.5269209197980931,0.6901744719926538,0.5374713958810069,0.9640841457157516,0.6901744719926538
deepcrack_0136,ablation_no_boundary_v2,deepcrack,oracle_gt_prompt_gt_alignment,0.44371460928652323,0.6146846564166928,0.8737734165923283,0.4741045498547919,0.6146846564166929
deepcrack_0137,ablation_no_boundary_v2,deepcrack,oracle_gt_prompt_gt_alignment,0.40613951884107957,0.5776660329919666,0.4548088064889919,0.7914636195597379,0.5776660329919666
deepcrack_0138,ablation_no_boundary_v2,deepcrack,oracle_gt_prompt_gt_alignment,0.6678043230944255,0.800818553888131,0.6954976303317536,0.9437299035369775,0.8008185538881311
deepcrack_0139,ablation_no_boundary_v2,deepcrack,oracle_gt_prompt_gt_alignment,0.7227689925909543,0.8390782463572758,0.8714666666666666,0.809011016214878,0.8390782463572757
deepcrack_0140,ablation_no_boundary_v2,deepcrack,oracle_gt_prompt_gt_alignment,0.7602880658436214,0.863822326125073,0.8068566437383994,0.9294428373789461,0.863822326125073
deepcrack_0141,ablation_no_boundary_v2,deepcrack,oracle_gt_prompt_gt_alignment,0.7721278365213259,0.8714132475194422,0.7850930176371104,0.9790599578186201,0.871413247519442
deepcrack_0142,ablation_no_boundary_v2,deepcrack,oracle_gt_prompt_gt_alignment,0.7783049108860111,0.875333477539837,0.7986842105263158,0.9682565002392726,0.875333477539837
deepcrack_0143,ablation_no_boundary_v2,deepcrack,oracle_gt_prompt_gt_alignment,0.6400294605045111,0.7805097114628944,0.6563444108761329,0.9626142342841318,0.7805097114628944
deepcrack_0144,ablation_no_boundary_v2,deepcrack,oracle_gt_prompt_gt_alignment,0.5485523955931335,0.7084712111184646,0.5707811250333245,0.9337112952464021,0.7084712111184647
deepcrack_0145,ablation_no_boundary_v2,deepcrack,oracle_gt_prompt_gt_alignment,0.6139507790883938,0.7608048362356763,0.6426829268292683,0.9321246959982312,0.7608048362356762
deepcrack_0146,ablation_no_boundary_v2,deepcrack,oracle_gt_prompt_gt_alignment,0.7714213709677419,0.8709631526532935,0.7864850976361768,0.9757730315588141,0.8709631526532936
deepcrack_0147,ablation_no_boundary_v2,deepcrack,oracle_gt_prompt_gt_alignment,0.7872594558725946,0.880968292864038,0.9738959120013134,0.8042299349240781,0.880968292864038
deepcrack_0148,ablation_no_boundary_v2,deepcrack,oracle_gt_prompt_gt_alignment,0.6988352745424293,0.8227228207639569,0.7053742802303263,0.9869083585095669,0.8227228207639569
deepcrack_0149,ablation_no_boundary_v2,deepcrack,oracle_gt_prompt_gt_alignment,0.8125,0.896551724137931,0.8717001055966209,0.9228619340413639,0.896551724137931
deepcrack_0150,ablation_no_boundary_v2,deepcrack,oracle_gt_prompt_gt_alignment,0.6751840168243953,0.8061013119076015,0.7388952819332566,0.8867559729319154,0.8061013119076015
deepcrack_0151,ablation_no_boundary_v2,deepcrack,oracle_gt_prompt_gt_alignment,0.7251787132644957,0.8406998158379374,0.8295475195347992,0.8521560574948666,0.8406998158379374
deepcrack_0152,ablation_no_boundary_v2,deepcrack,oracle_gt_prompt_gt_alignment,0.4839582528024739,0.6522531909351393,0.842813867384719,0.5319736562566391,0.6522531909351393
deepcrack_0153,ablation_no_boundary_v2,deepcrack,oracle_gt_prompt_gt_alignment,0.6905299365795979,0.8169390220639664,0.9046613153077031,0.7447252492464642,0.8169390220639665
deepcrack_0154,ablation_no_boundary_v2,deepcrack,oracle_gt_prompt_gt_alignment,0.6853593825373855,0.813309481216458,0.874711405263968,0.7599625568333779,0.8133094812164579
deepcrack_0155,ablation_no_boundary_v2,deepcrack,oracle_gt_prompt_gt_alignment,0.798051948051948,0.8876850848681834,0.9514224888716857,0.8319512607886275,0.8876850848681834
deepcrack_0156,ablation_no_boundary_v2,deepcrack,oracle_gt_prompt_gt_alignment,0.8263980418000376,0.9049484536082474,0.8487719976793657,0.9690880989180835,0.9049484536082474
deepcrack_0157,ablation_no_boundary_v2,deepcrack,oracle_gt_prompt_gt_alignment,0.5842147162515637,0.7375448671931084,0.7373331419549304,0.7377567140600316,0.7375448671931084
deepcrack_0158,ablation_no_boundary_v2,deepcrack,oracle_gt_prompt_gt_alignment,0.3673697132016516,0.5373377948257569,0.8823371750201019,0.38629429711335367,0.5373377948257569
deepcrack_0159,ablation_no_boundary_v2,deepcrack,oracle_gt_prompt_gt_alignment,0.7478737478737478,0.8557525951557093,0.7661181026137464,0.9691403379867745,0.8557525951557092
deepcrack_0160,ablation_no_boundary_v2,deepcrack,oracle_gt_prompt_gt_alignment,0.9112104758862983,0.953542780748663,0.994621246077992,0.9157228667064056,0.953542780748663
deepcrack_0161,ablation_no_boundary_v2,deepcrack,oracle_gt_prompt_gt_alignment,0.9358530451579983,0.9668637270776067,0.9995717844908129,0.9362283964121636,0.9668637270776066
deepcrack_0162,ablation_no_boundary_v2,deepcrack,oracle_gt_prompt_gt_alignment,0.8176326170312543,0.899667632908895,0.9991235758106923,0.8182194616977225,0.8996676329088951
deepcrack_0163,ablation_no_boundary_v2,deepcrack,oracle_gt_prompt_gt_alignment,0.9200487189525425,0.9583597643860444,0.998395090866179,0.9214114571988673,0.9583597643860445
deepcrack_0164,ablation_no_boundary_v2,deepcrack,oracle_gt_prompt_gt_alignment,0.9151227642797615,0.9556805248711254,0.9958144401813742,0.9186562841881717,0.9556805248711254
deepcrack_0165,ablation_no_boundary_v2,deepcrack,oracle_gt_prompt_gt_alignment,0.8337123919682891,0.9093164180162302,0.9783437547658991,0.8493876199933796,0.9093164180162302
deepcrack_0166,ablation_no_boundary_v2,deepcrack,oracle_gt_prompt_gt_alignment,0.9252280475444578,0.9611620282849553,0.9998008662318912,0.9253985807759654,0.9611620282849553
deepcrack_0167,ablation_no_boundary_v2,deepcrack,oracle_gt_prompt_gt_alignment,0.6510098418769532,0.7886201830715335,0.9989979242717056,0.6514352392065345,0.7886201830715336
deepcrack_0168,ablation_no_boundary_v2,deepcrack,oracle_gt_prompt_gt_alignment,0.7246115739698266,0.8403185794490142,0.7789881384652626,0.9121315192743764,0.8403185794490142
deepcrack_0169,ablation_no_boundary_v2,deepcrack,oracle_gt_prompt_gt_alignment,0.6612695343966489,0.7961014401396499,0.9798281212699929,0.6703960800326664,0.7961014401396499
deepcrack_0170,ablation_no_boundary_v2,deepcrack,oracle_gt_prompt_gt_alignment,0.6841684647966115,0.8124703426022587,0.9654900191722116,0.7013189153764233,0.8124703426022587
deepcrack_0171,ablation_no_boundary_v2,deepcrack,oracle_gt_prompt_gt_alignment,0.7663973384030418,0.8677519171263285,0.8195679796696315,0.9219554030874786,0.8677519171263285
deepcrack_0172,ablation_no_boundary_v2,deepcrack,oracle_gt_prompt_gt_alignment,0.6368726669431771,0.7781578613961738,0.6806294326241135,0.9083111505471754,0.7781578613961738
deepcrack_0173,ablation_no_boundary_v2,deepcrack,oracle_gt_prompt_gt_alignment,0.5679560899111343,0.7244540756792799,0.6010233715945236,0.9116844975875813,0.7244540756792799
deepcrack_0174,ablation_no_boundary_v2,deepcrack,oracle_gt_prompt_gt_alignment,0.4896364254162419,0.6573905109489051,0.49030282408982645,0.9972318339100346,0.6573905109489051
deepcrack_0175,ablation_no_boundary_v2,deepcrack,oracle_gt_prompt_gt_alignment,0.3733300947291717,0.5436858860983375,0.3769928869266618,0.9746353836398225,0.5436858860983376
deepcrack_0176,ablation_no_boundary_v2,deepcrack,oracle_gt_prompt_gt_alignment,0.3360484940329608,0.5030483482206154,0.34253716933771,0.9466382070437567,0.5030483482206154
deepcrack_0177,ablation_no_boundary_v2,deepcrack,oracle_gt_prompt_gt_alignment,0.4297057449789818,0.6011107481215289,0.43355325164938735,0.979765708200213,0.601110748121529
deepcrack_0178,ablation_no_boundary_v2,deepcrack,oracle_gt_prompt_gt_alignment,0.8548297040759353,0.921733895243829,0.8994242744683351,0.9451784170885295,0.921733895243829
deepcrack_0179,ablation_no_boundary_v2,deepcrack,oracle_gt_prompt_gt_alignment,0.26780047196679957,0.4224646983311938,0.29305431878895816,0.756551724137931,0.4224646983311939
deepcrack_0180,ablation_no_boundary_v2,deepcrack,oracle_gt_prompt_gt_alignment,0.9125138427464009,0.9542559351476549,0.954034965844622,0.9544770068342407,0.954255935147655
deepcrack_0181,ablation_no_boundary_v2,deepcrack,oracle_gt_prompt_gt_alignment,0.7835455435847208,0.8786381109280615,0.8151620134501733,0.9528346831824679,0.8786381109280617
deepcrack_0182,ablation_no_boundary_v2,deepcrack,oracle_gt_prompt_gt_alignment,0.8559391697492807,0.922378474144613,0.9030789245446661,0.9425209323376329,0.922378474144613
deepcrack_0183,ablation_no_boundary_v2,deepcrack,oracle_gt_prompt_gt_alignment,0.7455429497568882,0.8542246982358404,0.7738896366083445,0.9531703273932863,0.8542246982358402
deepcrack_0184,ablation_no_boundary_v2,deepcrack,oracle_gt_prompt_gt_alignment,0.7457675480311965,0.8543721056932716,0.7966067255917911,0.9211701127819549,0.8543721056932716
deepcrack_0185,ablation_no_boundary_v2,deepcrack,oracle_gt_prompt_gt_alignment,0.7369142857142857,0.8485327016712725,0.8433167669369604,0.8538135593220338,0.8485327016712725
deepcrack_0186,ablation_no_boundary_v2,deepcrack,oracle_gt_prompt_gt_alignment,0.7795418006430869,0.8761151891586674,0.8967749393133742,0.8563859145601059,0.8761151891586674
deepcrack_0187,ablation_no_boundary_v2,deepcrack,oracle_gt_prompt_gt_alignment,0.7943246810382754,0.8853745249478975,0.9668005354752343,0.8165988240615106,0.8853745249478975
deepcrack_0188,ablation_no_boundary_v2,deepcrack,oracle_gt_prompt_gt_alignment,0.8248774672142005,0.9040360046457607,0.916813898704358,0.8916093928980527,0.9040360046457608
deepcrack_0189,ablation_no_boundary_v2,deepcrack,oracle_gt_prompt_gt_alignment,0.6958846403110823,0.820674500812076,0.9057359763812737,0.7502183406113537,0.8206745008120762
deepcrack_0190,ablation_no_boundary_v2,deepcrack,oracle_gt_prompt_gt_alignment,0.8125783011776497,0.896599391761128,0.889589905362776,0.9037202173610144,0.896599391761128
deepcrack_0191,ablation_no_boundary_v2,deepcrack,oracle_gt_prompt_gt_alignment,0.7949668874172185,0.8857733175914995,0.8554732041049031,0.9182986536107711,0.8857733175914995
deepcrack_0192,ablation_no_boundary_v2,deepcrack,oracle_gt_prompt_gt_alignment,0.7114023591087811,0.8313677439117783,0.7478644254615596,0.9358620689655173,0.8313677439117783
deepcrack_0193,ablation_no_boundary_v2,deepcrack,oracle_gt_prompt_gt_alignment,0.72751269035533,0.8422661024917725,0.833837561089132,0.8508667774875327,0.8422661024917725
deepcrack_0194,ablation_no_boundary_v2,deepcrack,oracle_gt_prompt_gt_alignment,0.8335368335368335,0.9092119866814651,0.8906283974777125,0.9285876218544548,0.909211986681465
deepcrack_0195,ablation_no_boundary_v2,deepcrack,oracle_gt_prompt_gt_alignment,0.6933071831331209,0.8188793977124657,0.6991347342398022,0.9881201956673655,0.8188793977124657
deepcrack_0196,ablation_no_boundary_v2,deepcrack,oracle_gt_prompt_gt_alignment,0.7520204168438962,0.8584607914542365,0.7873524827432643,0.9436882839605018,0.8584607914542365
deepcrack_0197,ablation_no_boundary_v2,deepcrack,oracle_gt_prompt_gt_alignment,0.7547428124388813,0.8602318323673651,0.7650674068199841,0.9824338085539714,0.8602318323673651
deepcrack_0198,ablation_no_boundary_v2,deepcrack,oracle_gt_prompt_gt_alignment,0.5586124401913876,0.7168073676132003,0.7181853133410226,0.7154346993489085,0.7168073676132002
deepcrack_0199,ablation_no_boundary_v2,deepcrack,oracle_gt_prompt_gt_alignment,0.28966750841750843,0.44921269478665254,0.7647222222222222,0.3180085479958415,0.4492126947866525
deepcrack_0200,ablation_no_boundary_v2,deepcrack,oracle_gt_prompt_gt_alignment,0.6866470711736301,0.8142154727080351,0.82807950373465,0.8008080313418218,0.8142154727080351
deepcrack_0201,ablation_no_boundary_v2,deepcrack,oracle_gt_prompt_gt_alignment,0.5856802693160358,0.7387116818558409,0.6978086480140873,0.7847084708470847,0.7387116818558409
deepcrack_0202,ablation_no_boundary_v2,deepcrack,oracle_gt_prompt_gt_alignment,0.601316116215545,0.7510273707063658,0.8339934561735836,0.6830747531734838,0.7510273707063657
deepcrack_0203,ablation_no_boundary_v2,deepcrack,oracle_gt_prompt_gt_alignment,0.6052394760523948,0.754079980067273,0.7430640805303216,0.7654274152756702,0.754079980067273
deepcrack_0204,ablation_no_boundary_v2,deepcrack,oracle_gt_prompt_gt_alignment,0.6052418538757337,0.7540818256319738,0.7625908453397935,0.7457605985037407,0.7540818256319738
deepcrack_0205,ablation_no_boundary_v2,deepcrack,oracle_gt_prompt_gt_alignment,0.542970073404856,0.7037985801068579,0.6615299944964227,0.7518373729476153,0.703798580106858
deepcrack_0206,ablation_no_boundary_v2,deepcrack,oracle_gt_prompt_gt_alignment,0.5524534686971235,0.711716621253406,0.5937563144069509,0.8881668429802025,0.7117166212534061
deepcrack_0207,ablation_no_boundary_v2,deepcrack,oracle_gt_prompt_gt_alignment,0.5077459333849729,0.6735165681993321,0.514319340918007,0.9754464285714286,0.6735165681993321
deepcrack_0208,ablation_no_boundary_v2,deepcrack,oracle_gt_prompt_gt_alignment,0.5380350696235173,0.6996395339089614,0.5452051215050954,0.976140350877193,0.6996395339089614
deepcrack_0209,ablation_no_boundary_v2,deepcrack,oracle_gt_prompt_gt_alignment,0.4313835770528684,0.6027504911591356,0.4435235158057055,0.9403351042092358,0.6027504911591356
deepcrack_0210,ablation_no_boundary_v2,deepcrack,oracle_gt_prompt_gt_alignment,0.3955693317531224,0.5668931277763261,0.408992364973136,0.9233879548840179,0.5668931277763262
deepcrack_0211,ablation_no_boundary_v2,deepcrack,oracle_gt_prompt_gt_alignment,0.44099234871319265,0.6120675784392599,0.7785509619320508,0.5042417815482503,0.6120675784392599
deepcrack_0212,ablation_no_boundary_v2,deepcrack,oracle_gt_prompt_gt_alignment,0.3378868729989328,0.5051052967453733,0.344880174291939,0.9433849821215733,0.5051052967453733
deepcrack_0213,ablation_no_boundary_v2,deepcrack,oracle_gt_prompt_gt_alignment,0.6110113704368642,0.7585438335809807,0.6648217483314341,0.8830270270270271,0.7585438335809808
deepcrack_0214,ablation_no_boundary_v2,deepcrack,oracle_gt_prompt_gt_alignment,0.5370771312584574,0.698829122281891,0.5509439200444197,0.9552346570397112,0.6988291222818911
deepcrack_0215,ablation_no_boundary_v2,deepcrack,oracle_gt_prompt_gt_alignment,0.6816263365222285,0.8106751443152347,0.7825876272007753,0.8408538701839638,0.8106751443152346
deepcrack_0216,ablation_no_boundary_v2,deepcrack,oracle_gt_prompt_gt_alignment,0.6986696585991344,0.8226080392526892,0.7481977342945417,0.9134534786253143,0.8226080392526892
deepcrack_0217,ablation_no_boundary_v2,deepcrack,oracle_gt_prompt_gt_alignment,0.8022395943376294,0.8902696365767878,0.882817949314113,0.8978481910617168,0.8902696365767878
deepcrack_0218,ablation_no_boundary_v2,deepcrack,oracle_gt_prompt_gt_alignment,0.7350073460665153,0.8472671285604311,0.791684649690692,0.9112435833747309,0.8472671285604311
deepcrack_0219,ablation_no_boundary_v2,deepcrack,oracle_gt_prompt_gt_alignment,0.49450958496184627,0.6617683686176837,0.5184390243902439,0.9146299483648881,0.6617683686176837
deepcrack_0220,ablation_no_boundary_v2,deepcrack,oracle_gt_prompt_gt_alignment,0.6563814866760168,0.7925486875529213,0.6736456425019628,0.9624228827818284,0.7925486875529212
deepcrack_0221,ablation_no_boundary_v2,deepcrack,oracle_gt_prompt_gt_alignment,0.7578333333333334,0.8622357068360671,0.8261264534883721,0.90164584572675,0.8622357068360671
deepcrack_0222,ablation_no_boundary_v2,deepcrack,oracle_gt_prompt_gt_alignment,0.7548283261802575,0.8602873738917762,0.812512030798845,0.9140320485058467,0.8602873738917762
deepcrack_0223,ablation_no_boundary_v2,deepcrack,oracle_gt_prompt_gt_alignment,0.6919611097936922,0.8179397337070777,0.7199605230693313,0.9467878001297858,0.8179397337070777
deepcrack_0224,ablation_no_boundary_v2,deepcrack,oracle_gt_prompt_gt_alignment,0.712345850076209,0.8320116523709338,0.7848854961832061,0.8851584022038568,0.8320116523709339
deepcrack_0225,ablation_no_boundary_v2,deepcrack,oracle_gt_prompt_gt_alignment,0.23291342803537926,0.37782608695652176,0.27933140469302475,0.5836131631967764,0.37782608695652176
deepcrack_0226,ablation_no_boundary_v2,deepcrack,oracle_gt_prompt_gt_alignment,0.3799792171804641,0.5507028112449799,0.4388,0.7392183288409704,0.5507028112449799
deepcrack_0227,ablation_no_boundary_v2,deepcrack,oracle_gt_prompt_gt_alignment,0.8195108237278605,0.9008034610630408,0.8371625502584722,0.9749163879598662,0.9008034610630408
deepcrack_0228,ablation_no_boundary_v2,deepcrack,oracle_gt_prompt_gt_alignment,0.7151478575739287,0.8339197748064743,0.7375824723017552,0.9592034968431278,0.8339197748064744
deepcrack_0229,ablation_no_boundary_v2,deepcrack,oracle_gt_prompt_gt_alignment,0.8215725806451613,0.9020475926950747,0.8380462724935732,0.9766327142001199,0.9020475926950746
deepcrack_0230,ablation_no_boundary_v2,deepcrack,oracle_gt_prompt_gt_alignment,0.909130624726955,0.9524027459954233,0.9726571628885253,0.9329746693566465,0.9524027459954233
deepcrack_0231,ablation_no_boundary_v2,deepcrack,oracle_gt_prompt_gt_alignment,0.8114402451481103,0.8959061689410173,0.8438495857233907,0.9548076923076924,0.8959061689410174
deepcrack_0232,ablation_no_boundary_v2,deepcrack,oracle_gt_prompt_gt_alignment,0.6759573985950601,0.806652244456463,0.6791894353369763,0.9930093209054593,0.8066522444564629
deepcrack_0233,ablation_no_boundary_v2,deepcrack,oracle_gt_prompt_gt_alignment,0.8500673206385844,0.9189582575245621,0.9659053655338214,0.8763632758278802,0.918958257524562
deepcrack_0234,ablation_no_boundary_v2,deepcrack,oracle_gt_prompt_gt_alignment,0.8456097695750677,0.9163473053892216,0.9946054855063045,0.8495059398245809,0.9163473053892215
deepcrack_0235,ablation_no_boundary_v2,deepcrack,oracle_gt_prompt_gt_alignment,0.8912267416702726,0.9424853424853424,0.9931288047736725,0.896756286056384,0.9424853424853425
deepcrack_0236,ablation_no_boundary_v2,deepcrack,oracle_gt_prompt_gt_alignment,0.3869654969035683,0.5580030617451948,0.9964310122256815,0.38750258394117476,0.5580030617451949
deepcrack_0000,ablation_no_alignment_v2,deepcrack,oracle_gt_prompt_gt_alignment,0.5902391090730429,0.7423274974253347,0.6079622132253711,0.952934955050238,0.7423274974253347
deepcrack_0001,ablation_no_alignment_v2,deepcrack,oracle_gt_prompt_gt_alignment,0.0,0.0,0.0,0.0,0.0
deepcrack_0002,ablation_no_alignment_v2,deepcrack,oracle_gt_prompt_gt_alignment,0.0,0.0,0.0,0.0,0.0
deepcrack_0003,ablation_no_alignment_v2,deepcrack,oracle_gt_prompt_gt_alignment,0.0,0.0,0.0,0.0,0.0
deepcrack_0004,ablation_no_alignment_v2,deepcrack,oracle_gt_prompt_gt_alignment,0.4357311320754717,0.6069815195071868,0.9363319607222046,0.44903539419717453,0.6069815195071868
deepcrack_0005,ablation_no_alignment_v2,deepcrack,oracle_gt_prompt_gt_alignment,0.21608465608465607,0.35537765402018795,0.9315693430656934,0.21956989247311828,0.35537765402018795
deepcrack_0006,ablation_no_alignment_v2,deepcrack,oracle_gt_prompt_gt_alignment,0.2511737089201878,0.40150093808630394,0.7915265635507733,0.2689670932358318,0.4015009380863039
deepcrack_0007,ablation_no_alignment_v2,deepcrack,oracle_gt_prompt_gt_alignment,0.7541413810070526,0.8598410472183263,0.8456869597204341,0.8744769874476988,0.8598410472183264
deepcrack_0008,ablation_no_alignment_v2,deepcrack,oracle_gt_prompt_gt_alignment,0.7844117647058824,0.8791824625020603,0.9086882453151618,0.8515325670498084,0.8791824625020602
deepcrack_0009,ablation_no_alignment_v2,deepcrack,oracle_gt_prompt_gt_alignment,0.5875149342891278,0.7401693320790217,0.7989439480097482,0.6894497020679986,0.7401693320790217
deepcrack_0010,ablation_no_alignment_v2,deepcrack,oracle_gt_prompt_gt_alignment,0.0,0.0,0.0,0.0,0.0
deepcrack_0011,ablation_no_alignment_v2,deepcrack,oracle_gt_prompt_gt_alignment,0.7285589899869395,0.8429668807454981,0.7957679505468378,0.8961178045515394,0.842966880745498
deepcrack_0012,ablation_no_alignment_v2,deepcrack,oracle_gt_prompt_gt_alignment,0.08349369917437457,0.15411939956456971,0.9992570579494799,0.08349888254283586,0.15411939956456974
deepcrack_0013,ablation_no_alignment_v2,deepcrack,oracle_gt_prompt_gt_alignment,0.0,0.0,0.0,0.0,0.0
deepcrack_0014,ablation_no_alignment_v2,deepcrack,oracle_gt_prompt_gt_alignment,0.0,0.0,0.0,0.0,0.0
deepcrack_0015,ablation_no_alignment_v2,deepcrack,oracle_gt_prompt_gt_alignment,0.0,0.0,0.0,0.0,0.0
deepcrack_0016,ablation_no_alignment_v2,deepcrack,oracle_gt_prompt_gt_alignment,0.0,0.0,0.0,0.0,0.0
deepcrack_0017,ablation_no_alignment_v2,deepcrack,oracle_gt_prompt_gt_alignment,0.0,0.0,0.0,0.0,0.0
deepcrack_0018,ablation_no_alignment_v2,deepcrack,oracle_gt_prompt_gt_alignment,0.0216562004812489,0.04239430147058824,0.413677130044843,0.022341971421651733,0.042394301470588244
deepcrack_0019,ablation_no_alignment_v2,deepcrack,oracle_gt_prompt_gt_alignment,0.0,0.0,0.0,0.0,0.0
deepcrack_0020,ablation_no_alignment_v2,deepcrack,oracle_gt_prompt_gt_alignment,0.0,0.0,0.0,0.0,0.0
deepcrack_0021,ablation_no_alignment_v2,deepcrack,oracle_gt_prompt_gt_alignment,0.6826409078120604,0.8113922639616542,0.9482803543512246,0.7090395480225988,0.8113922639616541
deepcrack_0022,ablation_no_alignment_v2,deepcrack,oracle_gt_prompt_gt_alignment,0.023443199151137344,0.04581240887736919,0.9389110225763613,0.02347901168969182,0.04581240887736919
deepcrack_0023,ablation_no_alignment_v2,deepcrack,oracle_gt_prompt_gt_alignment,0.0,0.0,0.0,0.0,0.0
deepcrack_0024,ablation_no_alignment_v2,deepcrack,oracle_gt_prompt_gt_alignment,0.0,0.0,0.0,0.0,0.0
deepcrack_0025,ablation_no_alignment_v2,deepcrack,oracle_gt_prompt_gt_alignment,0.0,0.0,0.0,0.0,0.0
deepcrack_0026,ablation_no_alignment_v2,deepcrack,oracle_gt_prompt_gt_alignment,0.15608272506082724,0.27001999368620433,0.9028852920478536,0.15874783469438258,0.27001999368620433
deepcrack_0027,ablation_no_alignment_v2,deepcrack,oracle_gt_prompt_gt_alignment,0.0,0.0,0.0,0.0,0.0
deepcrack_0028,ablation_no_alignment_v2,deepcrack,oracle_gt_prompt_gt_alignment,0.0,0.0,0.0,0.0,0.0
deepcrack_0029,ablation_no_alignment_v2,deepcrack,oracle_gt_prompt_gt_alignment,0.5628387747384344,0.720277464107114,0.9998880304557161,0.562874251497006,0.7202774641071141
deepcrack_0030,ablation_no_alignment_v2,deepcrack,oracle_gt_prompt_gt_alignment,0.7570160586937561,0.8617064766688081,1.0,0.7570160586937561,0.861706476668808
deepcrack_0031,ablation_no_alignment_v2,deepcrack,oracle_gt_prompt_gt_alignment,0.8825828061034611,0.9376297321340318,0.9989469250210615,0.8834047308623579,0.9376297321340319
deepcrack_0032,ablation_no_alignment_v2,deepcrack,oracle_gt_prompt_gt_alignment,0.5117009132420092,0.6769869737587314,0.9176049129989765,0.5363446006580915,0.6769869737587313
deepcrack_0033,ablation_no_alignment_v2,deepcrack,oracle_gt_prompt_gt_alignment,0.003624647603705195,0.0072231139646869984,0.8181818181818182,0.0036275695284159614,0.007223113964686999
deepcrack_0034,ablation_no_alignment_v2,deepcrack,oracle_gt_prompt_gt_alignment,0.5892315920841504,0.7415301772492708,0.8227532984814538,0.6749030018378599,0.7415301772492707
deepcrack_0035,ablation_no_alignment_v2,deepcrack,oracle_gt_prompt_gt_alignment,0.0,0.0,0.0,0.0,0.0
deepcrack_0036,ablation_no_alignment_v2,deepcrack,oracle_gt_prompt_gt_alignment,0.18520399525986117,0.3125267818883017,1.0,0.18520399525986117,0.31252678188830163
deepcrack_0037,ablation_no_alignment_v2,deepcrack,oracle_gt_prompt_gt_alignment,0.0062377057666425095,0.01239807598322916,1.0,0.0062377057666425095,0.01239807598322916
deepcrack_0038,ablation_no_alignment_v2,deepcrack,oracle_gt_prompt_gt_alignment,0.0076584528930551754,0.015200493522516964,0.9935483870967742,0.007658833768494343,0.015200493522516966
deepcrack_0039,ablation_no_alignment_v2,deepcrack,oracle_gt_prompt_gt_alignment,0.0,0.0,0.0,0.0,0.0
deepcrack_0040,ablation_no_alignment_v2,deepcrack,oracle_gt_prompt_gt_alignment,0.6634720700985761,0.7976954732510289,0.843369300382875,0.7567145534041224,0.7976954732510289
deepcrack_0041,ablation_no_alignment_v2,deepcrack,oracle_gt_prompt_gt_alignment,0.0,0.0,0.0,0.0,0.0
deepcrack_0042,ablation_no_alignment_v2,deepcrack,oracle_gt_prompt_gt_alignment,0.0,0.0,0.0,0.0,0.0
deepcrack_0043,ablation_no_alignment_v2,deepcrack,oracle_gt_prompt_gt_alignment,0.3528202115158637,0.5216069489685125,0.9634977938227036,0.35760011910078904,0.5216069489685125
deepcrack_0044,ablation_no_alignment_v2,deepcrack,oracle_gt_prompt_gt_alignment,0.40523690773067333,0.5767524401064774,0.9824872302720734,0.40818536162841057,0.5767524401064774
deepcrack_0045,ablation_no_alignment_v2,deepcrack,oracle_gt_prompt_gt_alignment,0.8386681383370125,0.912256128064032,0.882842757552285,0.9436969571517284,0.912256128064032
deepcrack_0046,ablation_no_alignment_v2,deepcrack,oracle_gt_prompt_gt_alignment,0.6603582779543484,0.795440703036631,0.7530477759472817,0.8428913885303337,0.7954407030366308
deepcrack_0047,ablation_no_alignment_v2,deepcrack,oracle_gt_prompt_gt_alignment,0.0,0.0,0.0,0.0,0.0
deepcrack_0048,ablation_no_alignment_v2,deepcrack,oracle_gt_prompt_gt_alignment,0.6212828704841484,0.7664089737759587,0.6318420394901275,0.9738058551617874,0.7664089737759588
deepcrack_0049,ablation_no_alignment_v2,deepcrack,oracle_gt_prompt_gt_alignment,0.829689509461694,0.9069183652977206,0.8567634225004743,0.9633105802047781,0.9069183652977206
deepcrack_0050,ablation_no_alignment_v2,deepcrack,oracle_gt_prompt_gt_alignment,0.7761654831738191,0.8739787936728663,0.8138556167044351,0.9436936936936937,0.8739787936728663
deepcrack_0051,ablation_no_alignment_v2,deepcrack,oracle_gt_prompt_gt_alignment,0.5404014410705095,0.7016371533578349,0.550314465408805,0.967741935483871,0.701637153357835
deepcrack_0052,ablation_no_alignment_v2,deepcrack,oracle_gt_prompt_gt_alignment,0.8100539811066126,0.8950605778191985,0.8267906336088154,0.975619666802113,0.8950605778191985
deepcrack_0053,ablation_no_alignment_v2,deepcrack,oracle_gt_prompt_gt_alignment,0.8214765100671141,0.9019896831245394,0.900794818957904,0.9031877213695395,0.9019896831245393
deepcrack_0054,ablation_no_alignment_v2,deepcrack,oracle_gt_prompt_gt_alignment,0.8207113476893297,0.9015282392026578,0.8690750704586215,0.9364991717283269,0.9015282392026578
deepcrack_0055,ablation_no_alignment_v2,deepcrack,oracle_gt_prompt_gt_alignment,0.008698803914461761,0.017247574559827523,0.9836065573770492,0.008700065250489379,0.017247574559827523
deepcrack_0056,ablation_no_alignment_v2,deepcrack,oracle_gt_prompt_gt_alignment,0.0,0.0,0.0,0.0,0.0
deepcrack_0057,ablation_no_alignment_v2,deepcrack,oracle_gt_prompt_gt_alignment,0.013710368466152529,0.027049873203719356,0.4155844155844156,0.013979903888160769,0.027049873203719356
deepcrack_0058,ablation_no_alignment_v2,deepcrack,oracle_gt_prompt_gt_alignment,0.0,0.0,0.0,0.0,0.0
deepcrack_0059,ablation_no_alignment_v2,deepcrack,oracle_gt_prompt_gt_alignment,0.0013713658804168952,0.002738975623116954,0.8823529411764706,0.0013716166788588148,0.0027389756231169546
deepcrack_0060,ablation_no_alignment_v2,deepcrack,oracle_gt_prompt_gt_alignment,0.011990673920284224,0.02369720241360395,0.7769784172661871,0.012032085561497326,0.023697202413603947
deepcrack_0061,ablation_no_alignment_v2,deepcrack,oracle_gt_prompt_gt_alignment,0.7433697347893916,0.8527964205816555,0.9877353601658317,0.7502952368455583,0.8527964205816555
deepcrack_0062,ablation_no_alignment_v2,deepcrack,oracle_gt_prompt_gt_alignment,0.0,0.0,0.0,0.0,0.0
deepcrack_0063,ablation_no_alignment_v2,deepcrack,oracle_gt_prompt_gt_alignment,0.0,0.0,0.0,0.0,0.0
deepcrack_0064,ablation_no_alignment_v2,deepcrack,oracle_gt_prompt_gt_alignment,0.0,0.0,0.0,0.0,0.0
deepcrack_0065,ablation_no_alignment_v2,deepcrack,oracle_gt_prompt_gt_alignment,0.0,0.0,0.0,0.0,0.0
deepcrack_0066,ablation_no_alignment_v2,deepcrack,oracle_gt_prompt_gt_alignment,0.0,0.0,0.0,0.0,0.0
deepcrack_0067,ablation_no_alignment_v2,deepcrack,oracle_gt_prompt_gt_alignment,0.7278719397363466,0.8425068119891008,0.7590124842193856,0.9466410076976907,0.8425068119891008
deepcrack_0068,ablation_no_alignment_v2,deepcrack,oracle_gt_prompt_gt_alignment,0.6654291654291654,0.7991083370485956,0.6778097110875813,0.9732841007819287,0.7991083370485956
deepcrack_0069,ablation_no_alignment_v2,deepcrack,oracle_gt_prompt_gt_alignment,0.65715069997255,0.7931091601788968,0.6755079006772009,0.9602888086642599,0.7931091601788969
deepcrack_0070,ablation_no_alignment_v2,deepcrack,oracle_gt_prompt_gt_alignment,0.7156682341716077,0.8342734567410821,0.7407067785850321,0.9548967900336456,0.8342734567410821
deepcrack_0071,ablation_no_alignment_v2,deepcrack,oracle_gt_prompt_gt_alignment,0.7361667347772783,0.8480369080124283,0.7575273338940286,0.963109495295124,0.8480369080124283
deepcrack_0072,ablation_no_alignment_v2,deepcrack,oracle_gt_prompt_gt_alignment,0.6682772048748828,0.8011584680556756,0.6744050651335419,0.9865857553497285,0.8011584680556756
deepcrack_0073,ablation_no_alignment_v2,deepcrack,oracle_gt_prompt_gt_alignment,0.5790744466800805,0.7334352701325179,0.5971945551128818,0.9502113048071844,0.7334352701325179
deepcrack_0074,ablation_no_alignment_v2,deepcrack,oracle_gt_prompt_gt_alignment,0.7785080855503391,0.8754619581157975,0.8060926866155342,0.9578947368421052,0.8754619581157975
deepcrack_0075,ablation_no_alignment_v2,deepcrack,oracle_gt_prompt_gt_alignment,0.5974550997415335,0.7480086292731497,0.5996408141545829,0.9939360529217199,0.7480086292731496
deepcrack_0076,ablation_no_alignment_v2,deepcrack,oracle_gt_prompt_gt_alignment,0.7536817528735632,0.8595422192636591,0.7652261123267687,0.9803761242845462,0.8595422192636593
deepcrack_0077,ablation_no_alignment_v2,deepcrack,oracle_gt_prompt_gt_alignment,0.5987382454469706,0.7490134762862035,0.6035517158627309,0.9868550127525996,0.7490134762862035
deepcrack_0078,ablation_no_alignment_v2,deepcrack,oracle_gt_prompt_gt_alignment,0.5754294249439881,0.7305048589713202,0.5843761850587789,0.9740834386852086,0.7305048589713201
deepcrack_0079,ablation_no_alignment_v2,deepcrack,oracle_gt_prompt_gt_alignment,0.7387836490528414,0.8497706422018348,0.8372881355932204,0.8626309662398137,0.849770642201835
deepcrack_0080,ablation_no_alignment_v2,deepcrack,oracle_gt_prompt_gt_alignment,0.7331506849315068,0.84603224786595,0.8691133484897694,0.8241453649522636,0.84603224786595
deepcrack_0081,ablation_no_alignment_v2,deepcrack,oracle_gt_prompt_gt_alignment,0.8157983952989039,0.898556136420214,0.9656233279828785,0.8402001862197392,0.898556136420214
deepcrack_0082,ablation_no_alignment_v2,deepcrack,oracle_gt_prompt_gt_alignment,0.6998505231689088,0.823425958494548,0.9728494251281341,0.7137920520378087,0.823425958494548
deepcrack_0083,ablation_no_alignment_v2,deepcrack,oracle_gt_prompt_gt_alignment,0.7258304940374787,0.8411376395829477,0.9309026355318858,0.767161827593968,0.8411376395829477
deepcrack_0084,ablation_no_alignment_v2,deepcrack,oracle_gt_prompt_gt_alignment,0.8674924534193817,0.9290452037233153,0.9397834912043301,0.9185495425989199,0.9290452037233152
deepcrack_0085,ablation_no_alignment_v2,deepcrack,oracle_gt_prompt_gt_alignment,0.7611637347767253,0.8643872454859777,0.9647336263265087,0.7829491083079599,0.8643872454859777
deepcrack_0086,ablation_no_alignment_v2,deepcrack,oracle_gt_prompt_gt_alignment,0.8009249949728534,0.8894595801697186,0.9496900333810205,0.8364132717345653,0.8894595801697185
deepcrack_0087,ablation_no_alignment_v2,deepcrack,oracle_gt_prompt_gt_alignment,0.7655749377002492,0.8672245186006654,0.906618887015177,0.8311111111111111,0.8672245186006653
deepcrack_0088,ablation_no_alignment_v2,deepcrack,oracle_gt_prompt_gt_alignment,0.7982937233394272,0.8878346323280244,0.9506531204644412,0.8328035600762873,0.8878346323280244
deepcrack_0089,ablation_no_alignment_v2,deepcrack,oracle_gt_prompt_gt_alignment,0.0,0.0,0.0,0.0,0.0
deepcrack_0090,ablation_no_alignment_v2,deepcrack,oracle_gt_prompt_gt_alignment,0.03555204424254395,0.06866297921037574,0.9278350515463918,0.035650623885918005,0.06866297921037574
deepcrack_0091,ablation_no_alignment_v2,deepcrack,oracle_gt_prompt_gt_alignment,0.6403365906623235,0.780738044017872,0.9742566079295154,0.6513575701794754,0.780738044017872
deepcrack_0092,ablation_no_alignment_v2,deepcrack,oracle_gt_prompt_gt_alignment,0.5615731785944552,0.7192402972749794,0.9759103641456582,0.569467146126185,0.7192402972749793
deepcrack_0093,ablation_no_alignment_v2,deepcrack,oracle_gt_prompt_gt_alignment,0.7709686803064094,0.8706745510293473,0.9864764267990075,0.779204233633869,0.8706745510293473
deepcrack_0094,ablation_no_alignment_v2,deepcrack,oracle_gt_prompt_gt_alignment,0.5898550724637681,0.7420237010027347,0.9322389769039893,0.6162776025236593,0.7420237010027347
deepcrack_0095,ablation_no_alignment_v2,deepcrack,oracle_gt_prompt_gt_alignment,0.6410919912019666,0.7812992746767581,0.9284242083567548,0.674424935347761,0.7812992746767582
deepcrack_0096,ablation_no_alignment_v2,deepcrack,oracle_gt_prompt_gt_alignment,0.5707921233181859,0.7267570480458335,0.9998439207117216,0.5708429869898414,0.7267570480458335
deepcrack_0097,ablation_no_alignment_v2,deepcrack,oracle_gt_prompt_gt_alignment,0.6402097269933105,0.7806437389770723,0.9966225724739657,0.6416017394455518,0.7806437389770724
deepcrack_0098,ablation_no_alignment_v2,deepcrack,oracle_gt_prompt_gt_alignment,0.6250686687419886,0.7692827764944504,0.9928737638161722,0.6278855881541433,0.7692827764944503
deepcrack_0099,ablation_no_alignment_v2,deepcrack,oracle_gt_prompt_gt_alignment,0.5659969366609604,0.7228582935389218,0.9955625990491284,0.5674284165838678,0.7228582935389218
deepcrack_0100,ablation_no_alignment_v2,deepcrack,oracle_gt_prompt_gt_alignment,0.5538172715894869,0.7128473620620217,0.9991935483870967,0.5540649315803595,0.7128473620620217
deepcrack_0101,ablation_no_alignment_v2,deepcrack,oracle_gt_prompt_gt_alignment,0.0,0.0,0.0,0.0,0.0
deepcrack_0102,ablation_no_alignment_v2,deepcrack,oracle_gt_prompt_gt_alignment,0.23197115384615385,0.37658536585365854,0.8189533239038189,0.24451013513513514,0.3765853658536586
deepcrack_0103,ablation_no_alignment_v2,deepcrack,oracle_gt_prompt_gt_alignment,0.8943310657596372,0.9442183385204692,0.9586776859504132,0.930188679245283,0.9442183385204692
deepcrack_0104,ablation_no_alignment_v2,deepcrack,oracle_gt_prompt_gt_alignment,0.9245606515216459,0.9608017817371938,0.9899036255162919,0.9333621808740805,0.9608017817371938
deepcrack_0105,ablation_no_alignment_v2,deepcrack,oracle_gt_prompt_gt_alignment,0.8589106400243433,0.9241010530910678,0.999291951852726,0.8594336750228356,0.9241010530910678
deepcrack_0106,ablation_no_alignment_v2,deepcrack,oracle_gt_prompt_gt_alignment,0.8963259722493648,0.9453290049981965,0.9957663916630481,0.8997547817557626,0.9453290049981964
deepcrack_0107,ablation_no_alignment_v2,deepcrack,oracle_gt_prompt_gt_alignment,0.7485109199205824,0.8561695685087055,0.8261504747991234,0.8884524744697565,0.8561695685087055
deepcrack_0108,ablation_no_alignment_v2,deepcrack,oracle_gt_prompt_gt_alignment,0.6816288755205924,0.8106769400110072,0.7655925155925156,0.8614035087719298,0.8106769400110071
deepcrack_0109,ablation_no_alignment_v2,deepcrack,oracle_gt_prompt_gt_alignment,0.7826792414562418,0.8780931793617385,1.0,0.7826792414562418,0.8780931793617385
deepcrack_0110,ablation_no_alignment_v2,deepcrack,oracle_gt_prompt_gt_alignment,0.7578265858056057,0.8622313394563849,1.0,0.7578265858056057,0.862231339456385
deepcrack_0111,ablation_no_alignment_v2,deepcrack,oracle_gt_prompt_gt_alignment,0.6174618170366871,0.7634947675833537,0.9915297092288242,0.6207360506529481,0.7634947675833534
deepcrack_0112,ablation_no_alignment_v2,deepcrack,oracle_gt_prompt_gt_alignment,0.6593742648788521,0.7947263963708534,0.9958550450023685,0.6611888661739267,0.7947263963708535
deepcrack_0113,ablation_no_alignment_v2,deepcrack,oracle_gt_prompt_gt_alignment,0.874345100060122,0.9329606378591394,0.9417206290471786,0.924362117497503,0.9329606378591394
deepcrack_0114,ablation_no_alignment_v2,deepcrack,oracle_gt_prompt_gt_alignment,0.8821214713430282,0.9373693300609035,0.9254240330252176,0.949627037480431,0.9373693300609036
deepcrack_0115,ablation_no_alignment_v2,deepcrack,oracle_gt_prompt_gt_alignment,0.8405228758169935,0.9133522727272727,0.9672405147919104,0.8651517416654209,0.9133522727272727
deepcrack_0116,ablation_no_alignment_v2,deepcrack,oracle_gt_prompt_gt_alignment,0.5670351473922902,0.7237044406258479,0.9447461629279811,0.5864849017883319,0.7237044406258479
deepcrack_0117,ablation_no_alignment_v2,deepcrack,oracle_gt_prompt_gt_alignment,0.8186666666666667,0.9002932551319648,0.9110693441487783,0.8897691044343542,0.9002932551319647
deepcrack_0118,ablation_no_alignment_v2,deepcrack,oracle_gt_prompt_gt_alignment,0.21571330117160578,0.35487528344671204,0.8638454461821528,0.22330558858501784,0.354875283446712
deepcrack_0119,ablation_no_alignment_v2,deepcrack,oracle_gt_prompt_gt_alignment,0.5888299216578216,0.7412120248131064,0.9380032206119162,0.6126742045753353,0.7412120248131063
deepcrack_0120,ablation_no_alignment_v2,deepcrack,oracle_gt_prompt_gt_alignment,0.6940139775144333,0.819372197309417,0.9665679221328819,0.7110834371108343,0.819372197309417
deepcrack_0121,ablation_no_alignment_v2,deepcrack,oracle_gt_prompt_gt_alignment,0.7210084033613445,0.837890625,0.9781121751025992,0.7328322514519986,0.8378906249999999
deepcrack_0122,ablation_no_alignment_v2,deepcrack,oracle_gt_prompt_gt_alignment,0.766503820618815,0.8678201673521486,0.938353013341512,0.8071494525788154,0.8678201673521486
deepcrack_0123,ablation_no_alignment_v2,deepcrack,oracle_gt_prompt_gt_alignment,0.7759834368530021,0.8738633714152483,0.9682252647894601,0.7962608880390907,0.8738633714152483
deepcrack_0124,ablation_no_alignment_v2,deepcrack,oracle_gt_prompt_gt_alignment,0.8057387274995544,0.8924200552704303,0.8502915177731803,0.9389408099688473,0.8924200552704302
deepcrack_0125,ablation_no_alignment_v2,deepcrack,oracle_gt_prompt_gt_alignment,0.7699256110520722,0.8700090063044131,0.8310074555534315,0.9128517429651407,0.870009006304413
deepcrack_0126,ablation_no_alignment_v2,deepcrack,oracle_gt_prompt_gt_alignment,0.8066585554695277,0.892983959838374,0.9726593758335557,0.8253734721593481,0.892983959838374
deepcrack_0127,ablation_no_alignment_v2,deepcrack,oracle_gt_prompt_gt_alignment,0.7854974102518307,0.8798639591877563,0.9885367498314228,0.7927180966113915,0.8798639591877564
deepcrack_0128,ablation_no_alignment_v2,deepcrack,oracle_gt_prompt_gt_alignment,0.7599897540983607,0.8636297482171446,0.9883411059293804,0.7668648229516671,0.8636297482171446
deepcrack_0129,ablation_no_alignment_v2,deepcrack,oracle_gt_prompt_gt_alignment,0.7367598812685517,0.8484303319240802,0.990132269577997,0.7422096317280453,0.8484303319240802
deepcrack_0130,ablation_no_alignment_v2,deepcrack,oracle_gt_prompt_gt_alignment,0.8374336710082007,0.9115253347335258,0.9890610756608933,0.8452624403544649,0.9115253347335258
deepcrack_0131,ablation_no_alignment_v2,deepcrack,oracle_gt_prompt_gt_alignment,0.6602620087336245,0.7953708574434508,0.9994711792702274,0.6604927485584484,0.7953708574434508
deepcrack_0132,ablation_no_alignment_v2,deepcrack,oracle_gt_prompt_gt_alignment,0.7949607449333577,0.8857695046282169,0.959664976856954,0.8224404986777484,0.8857695046282169
deepcrack_0133,ablation_no_alignment_v2,deepcrack,oracle_gt_prompt_gt_alignment,0.846412791920892,0.9168185961713765,0.8857331571994715,0.9501653282947568,0.9168185961713765
deepcrack_0134,ablation_no_alignment_v2,deepcrack,oracle_gt_prompt_gt_alignment,0.0,0.0,0.0,0.0,0.0
deepcrack_0135,ablation_no_alignment_v2,deepcrack,oracle_gt_prompt_gt_alignment,0.1099273607748184,0.1980802792321117,0.6618075801749271,0.11646998460749101,0.1980802792321117
deepcrack_0136,ablation_no_alignment_v2,deepcrack,oracle_gt_prompt_gt_alignment,0.7108390777275969,0.8309829802014589,0.9755341706083837,0.7237415295256534,0.8309829802014588
deepcrack_0137,ablation_no_alignment_v2,deepcrack,oracle_gt_prompt_gt_alignment,0.0,0.0,0.0,0.0,0.0
deepcrack_0138,ablation_no_alignment_v2,deepcrack,oracle_gt_prompt_gt_alignment,0.0,0.0,0.0,0.0,0.0
deepcrack_0139,ablation_no_alignment_v2,deepcrack,oracle_gt_prompt_gt_alignment,0.041217972521351655,0.07917261055634807,1.0,0.041217972521351655,0.07917261055634807
deepcrack_0140,ablation_no_alignment_v2,deepcrack,oracle_gt_prompt_gt_alignment,0.008678153691359578,0.0172069825436409,1.0,0.008678153691359578,0.0172069825436409
deepcrack_0141,ablation_no_alignment_v2,deepcrack,oracle_gt_prompt_gt_alignment,0.1303499023877459,0.23063637571409593,0.9763779527559056,0.1307622777945164,0.2306363757140959
deepcrack_0142,ablation_no_alignment_v2,deepcrack,oracle_gt_prompt_gt_alignment,0.0,0.0,0.0,0.0,0.0
deepcrack_0143,ablation_no_alignment_v2,deepcrack,oracle_gt_prompt_gt_alignment,0.41939423546653637,0.5909482016864567,0.7804545454545454,0.4754915535862642,0.5909482016864567
deepcrack_0144,ablation_no_alignment_v2,deepcrack,oracle_gt_prompt_gt_alignment,0.5789860396767083,0.7333643555141927,0.7860349127182045,0.6873092019188836,0.7333643555141927
deepcrack_0145,ablation_no_alignment_v2,deepcrack,oracle_gt_prompt_gt_alignment,0.0,0.0,0.0,0.0,0.0
deepcrack_0146,ablation_no_alignment_v2,deepcrack,oracle_gt_prompt_gt_alignment,0.7227124941941477,0.8390401725532488,0.7269329595888812,0.992030602486452,0.8390401725532489
deepcrack_0147,ablation_no_alignment_v2,deepcrack,oracle_gt_prompt_gt_alignment,0.7872594558725946,0.880968292864038,0.9738959120013134,0.8042299349240781,0.880968292864038
deepcrack_0148,ablation_no_alignment_v2,deepcrack,oracle_gt_prompt_gt_alignment,0.777521613832853,0.8748378728923476,0.8460332392599561,0.9056730446458543,0.8748378728923476
deepcrack_0149,ablation_no_alignment_v2,deepcrack,oracle_gt_prompt_gt_alignment,0.8139126067302863,0.8974110480409802,0.8891632373113855,0.9058133035215205,0.8974110480409803
deepcrack_0150,ablation_no_alignment_v2,deepcrack,oracle_gt_prompt_gt_alignment,0.009519867549668874,0.01886018860188602,0.9078947368421053,0.009529070570363209,0.018860188601886017
deepcrack_0151,ablation_no_alignment_v2,deepcrack,oracle_gt_prompt_gt_alignment,0.0072801941385103605,0.014455151964418088,1.0,0.0072801941385103605,0.014455151964418088
deepcrack_0152,ablation_no_alignment_v2,deepcrack,oracle_gt_prompt_gt_alignment,0.0,0.0,0.0,0.0,0.0
deepcrack_0153,ablation_no_alignment_v2,deepcrack,oracle_gt_prompt_gt_alignment,0.0,0.0,0.0,0.0,0.0
deepcrack_0154,ablation_no_alignment_v2,deepcrack,oracle_gt_prompt_gt_alignment,0.0,0.0,0.0,0.0,0.0
deepcrack_0155,ablation_no_alignment_v2,deepcrack,oracle_gt_prompt_gt_alignment,0.7357743691241959,0.8477765108323831,0.9666305525460455,0.7549500761550177,0.8477765108323831
deepcrack_0156,ablation_no_alignment_v2,deepcrack,oracle_gt_prompt_gt_alignment,0.827267361794216,0.9054694229112834,0.883588989283463,0.9284610289247074,0.9054694229112834
deepcrack_0157,ablation_no_alignment_v2,deepcrack,oracle_gt_prompt_gt_alignment,0.0,0.0,0.0,0.0,0.0
deepcrack_0158,ablation_no_alignment_v2,deepcrack,oracle_gt_prompt_gt_alignment,0.0,0.0,0.0,0.0,0.0
deepcrack_0159,ablation_no_alignment_v2,deepcrack,oracle_gt_prompt_gt_alignment,0.7549170844581565,0.8603450170310954,0.7801913112793942,0.9588537839823659,0.8603450170310954
deepcrack_0160,ablation_no_alignment_v2,deepcrack,oracle_gt_prompt_gt_alignment,0.9112104758862983,0.953542780748663,0.994621246077992,0.9157228667064056,0.953542780748663
deepcrack_0161,ablation_no_alignment_v2,deepcrack,oracle_gt_prompt_gt_alignment,0.9358530451579983,0.9668637270776067,0.9995717844908129,0.9362283964121636,0.9668637270776066
deepcrack_0162,ablation_no_alignment_v2,deepcrack,oracle_gt_prompt_gt_alignment,0.8176326170312543,0.899667632908895,0.9991235758106923,0.8182194616977225,0.8996676329088951
deepcrack_0163,ablation_no_alignment_v2,deepcrack,oracle_gt_prompt_gt_alignment,0.9200487189525425,0.9583597643860444,0.998395090866179,0.9214114571988673,0.9583597643860445
deepcrack_0164,ablation_no_alignment_v2,deepcrack,oracle_gt_prompt_gt_alignment,0.9147381242387332,0.955470737913486,0.9958126875567032,0.9182701589548877,0.955470737913486
deepcrack_0165,ablation_no_alignment_v2,deepcrack,oracle_gt_prompt_gt_alignment,0.793511574828823,0.8848691984656498,0.9814493688752671,0.8055941741145316,0.8848691984656498
deepcrack_0166,ablation_no_alignment_v2,deepcrack,oracle_gt_prompt_gt_alignment,0.9252280475444578,0.9611620282849553,0.9998008662318912,0.9253985807759654,0.9611620282849553
deepcrack_0167,ablation_no_alignment_v2,deepcrack,oracle_gt_prompt_gt_alignment,0.5525222828876756,0.7117737232859419,0.999662276258021,0.5526254375729288,0.7117737232859419
deepcrack_0168,ablation_no_alignment_v2,deepcrack,oracle_gt_prompt_gt_alignment,0.0011334655709832814,0.0022643645626945937,0.8,0.0011337868480725624,0.002264364562694594
deepcrack_0169,ablation_no_alignment_v2,deepcrack,oracle_gt_prompt_gt_alignment,0.6495402484271656,0.7875409515427119,0.9813551060199853,0.6576561861984483,0.7875409515427119
deepcrack_0170,ablation_no_alignment_v2,deepcrack,oracle_gt_prompt_gt_alignment,0.6824978012313104,0.8112911657083115,0.9660479855138071,0.6992709101335299,0.8112911657083115
deepcrack_0171,ablation_no_alignment_v2,deepcrack,oracle_gt_prompt_gt_alignment,0.1706915477497256,0.2916080637599625,0.8098958333333334,0.17781589479702686,0.29160806375996245
deepcrack_0172,ablation_no_alignment_v2,deepcrack,oracle_gt_prompt_gt_alignment,0.00857734398107069,0.017008797653958945,1.0,0.00857734398107069,0.01700879765395894
deepcrack_0173,ablation_no_alignment_v2,deepcrack,oracle_gt_prompt_gt_alignment,0.0,0.0,0.0,0.0,0.0
deepcrack_0174,ablation_no_alignment_v2,deepcrack,oracle_gt_prompt_gt_alignment,0.4896364254162419,0.6573905109489051,0.49030282408982645,0.9972318339100346,0.6573905109489051
deepcrack_0175,ablation_no_alignment_v2,deepcrack,oracle_gt_prompt_gt_alignment,0.3160538476994173,0.4803053435114504,0.3163080635431329,0.9974635383639823,0.4803053435114504
deepcrack_0176,ablation_no_alignment_v2,deepcrack,oracle_gt_prompt_gt_alignment,0.0,0.0,0.0,0.0,0.0
deepcrack_0177,ablation_no_alignment_v2,deepcrack,oracle_gt_prompt_gt_alignment,0.42785951589938304,0.5993019777297657,0.43561246677941534,0.9600638977635783,0.5993019777297657
deepcrack_0178,ablation_no_alignment_v2,deepcrack,oracle_gt_prompt_gt_alignment,0.0,0.0,0.0,0.0,0.0
deepcrack_0179,ablation_no_alignment_v2,deepcrack,oracle_gt_prompt_gt_alignment,0.10855094726062468,0.19584295612009237,0.19675174013921112,0.19494252873563217,0.1958429561200924
deepcrack_0180,ablation_no_alignment_v2,deepcrack,oracle_gt_prompt_gt_alignment,0.9156558213354495,0.9559711208427033,0.977253478523896,0.9355959689563303,0.9559711208427033
deepcrack_0181,ablation_no_alignment_v2,deepcrack,oracle_gt_prompt_gt_alignment,0.7835455435847208,0.8786381109280615,0.8151620134501733,0.9528346831824679,0.8786381109280617
deepcrack_0182,ablation_no_alignment_v2,deepcrack,oracle_gt_prompt_gt_alignment,0.8559391697492807,0.922378474144613,0.9030789245446661,0.9425209323376329,0.922378474144613
deepcrack_0183,ablation_no_alignment_v2,deepcrack,oracle_gt_prompt_gt_alignment,0.7605214152700186,0.8639729215147027,0.8824546240276577,0.8462494819726482,0.8639729215147027
deepcrack_0184,ablation_no_alignment_v2,deepcrack,oracle_gt_prompt_gt_alignment,0.7452138298885608,0.8540086230420783,0.7974722250535113,0.9191729323308271,0.8540086230420783
deepcrack_0185,ablation_no_alignment_v2,deepcrack,oracle_gt_prompt_gt_alignment,0.7369142857142857,0.8485327016712725,0.8433167669369604,0.8538135593220338,0.8485327016712725
deepcrack_0186,ablation_no_alignment_v2,deepcrack,oracle_gt_prompt_gt_alignment,0.7370625186957822,0.848630962631307,0.8839990432910787,0.8159841042057622,0.848630962631307
deepcrack_0187,ablation_no_alignment_v2,deepcrack,oracle_gt_prompt_gt_alignment,0.7943246810382754,0.8853745249478975,0.9668005354752343,0.8165988240615106,0.8853745249478975
deepcrack_0188,ablation_no_alignment_v2,deepcrack,oracle_gt_prompt_gt_alignment,0.8248774672142005,0.9040360046457607,0.916813898704358,0.8916093928980527,0.9040360046457608
deepcrack_0189,ablation_no_alignment_v2,deepcrack,oracle_gt_prompt_gt_alignment,0.6958846403110823,0.820674500812076,0.9057359763812737,0.7502183406113537,0.8206745008120762
deepcrack_0190,ablation_no_alignment_v2,deepcrack,oracle_gt_prompt_gt_alignment,0.8120366880261339,0.896269588129247,0.8920634920634921,0.9005155357391668,0.896269588129247
deepcrack_0191,ablation_no_alignment_v2,deepcrack,oracle_gt_prompt_gt_alignment,0.8033205619412516,0.8909348441926346,0.8293776371308017,0.9623623011015912,0.8909348441926345
deepcrack_0192,ablation_no_alignment_v2,deepcrack,oracle_gt_prompt_gt_alignment,0.685948361469712,0.8137240465321749,0.7101002313030069,0.9527586206896552,0.8137240465321749
deepcrack_0193,ablation_no_alignment_v2,deepcrack,oracle_gt_prompt_gt_alignment,0.72751269035533,0.8422661024917725,0.833837561089132,0.8508667774875327,0.8422661024917725
deepcrack_0194,ablation_no_alignment_v2,deepcrack,oracle_gt_prompt_gt_alignment,0.8335368335368335,0.9092119866814651,0.8906283974777125,0.9285876218544548,0.909211986681465
deepcrack_0195,ablation_no_alignment_v2,deepcrack,oracle_gt_prompt_gt_alignment,0.6577552431435815,0.7935492840261366,0.658970214731009,0.9972047519217331,0.7935492840261364
deepcrack_0196,ablation_no_alignment_v2,deepcrack,oracle_gt_prompt_gt_alignment,0.7390948187589597,0.8499764484220442,0.7605900948366702,0.9631705364291433,0.8499764484220442
deepcrack_0197,ablation_no_alignment_v2,deepcrack,oracle_gt_prompt_gt_alignment,0.7616600790513834,0.8647072021539152,0.7729643000401123,0.9811608961303462,0.864707202153915
deepcrack_0198,ablation_no_alignment_v2,deepcrack,oracle_gt_prompt_gt_alignment,0.4744830883231744,0.6435924454891789,0.8814387211367674,0.5068300778756543,0.6435924454891789
deepcrack_0199,ablation_no_alignment_v2,deepcrack,oracle_gt_prompt_gt_alignment,0.010510510510510511,0.020802377414561663,0.9891304347826086,0.010511724615917754,0.020802377414561667
deepcrack_0200,ablation_no_alignment_v2,deepcrack,oracle_gt_prompt_gt_alignment,0.49199859829459175,0.6595161669145855,0.9146579804560261,0.5156709108716944,0.6595161669145855
deepcrack_0201,ablation_no_alignment_v2,deepcrack,oracle_gt_prompt_gt_alignment,0.0,0.0,0.0,0.0,0.0
deepcrack_0202,ablation_no_alignment_v2,deepcrack,oracle_gt_prompt_gt_alignment,0.0,0.0,0.0,0.0,0.0
deepcrack_0203,ablation_no_alignment_v2,deepcrack,oracle_gt_prompt_gt_alignment,0.0,0.0,0.0,0.0,0.0
deepcrack_0204,ablation_no_alignment_v2,deepcrack,oracle_gt_prompt_gt_alignment,0.4373639661426844,0.6085639774543619,0.9353504008275149,0.450997506234414,0.6085639774543619
deepcrack_0205,ablation_no_alignment_v2,deepcrack,oracle_gt_prompt_gt_alignment,0.0,0.0,0.0,0.0,0.0
deepcrack_0206,ablation_no_alignment_v2,deepcrack,oracle_gt_prompt_gt_alignment,0.0,0.0,0.0,0.0,0.0
deepcrack_0207,ablation_no_alignment_v2,deepcrack,oracle_gt_prompt_gt_alignment,0.48565872630043755,0.6537958115183246,0.48779296875,0.9910714285714286,0.6537958115183247
deepcrack_0208,ablation_no_alignment_v2,deepcrack,oracle_gt_prompt_gt_alignment,0.5208385325680059,0.6849360026255333,0.5274864147605207,0.976374269005848,0.6849360026255333
deepcrack_0209,ablation_no_alignment_v2,deepcrack,oracle_gt_prompt_gt_alignment,0.4185961713764813,0.5901555070042411,0.4304461942257218,0.938291785860237,0.5901555070042411
deepcrack_0210,ablation_no_alignment_v2,deepcrack,oracle_gt_prompt_gt_alignment,0.2817283472195311,0.4396069538926682,0.7588726513569938,0.30942753777399445,0.4396069538926682
deepcrack_0211,ablation_no_alignment_v2,deepcrack,oracle_gt_prompt_gt_alignment,0.0,0.0,0.0,0.0,0.0
deepcrack_0212,ablation_no_alignment_v2,deepcrack,oracle_gt_prompt_gt_alignment,0.35112692763938314,0.5197541703248464,0.41139680333564976,0.7056019070321812,0.5197541703248464
deepcrack_0213,ablation_no_alignment_v2,deepcrack,oracle_gt_prompt_gt_alignment,0.0,0.0,0.0,0.0,0.0
deepcrack_0214,ablation_no_alignment_v2,deepcrack,oracle_gt_prompt_gt_alignment,0.0913450011987533,0.16739894551845344,0.9596977329974811,0.09169675090252707,0.1673989455184534
deepcrack_0215,ablation_no_alignment_v2,deepcrack,oracle_gt_prompt_gt_alignment,0.30491354220167777,0.4673314090789819,0.9575268817204301,0.30909406456091637,0.4673314090789819
deepcrack_0216,ablation_no_alignment_v2,deepcrack,oracle_gt_prompt_gt_alignment,0.6365046535677352,0.7778830963665087,0.7819182722845649,0.7738893545683152,0.7778830963665088
deepcrack_0217,ablation_no_alignment_v2,deepcrack,oracle_gt_prompt_gt_alignment,0.8086003372681282,0.8941724941724942,0.8816364054240404,0.9070702293686451,0.8941724941724942
deepcrack_0218,ablation_no_alignment_v2,deepcrack,oracle_gt_prompt_gt_alignment,0.7240603493912123,0.8399478007215783,0.7829135661133372,0.9059446928299387,0.8399478007215783
deepcrack_0219,ablation_no_alignment_v2,deepcrack,oracle_gt_prompt_gt_alignment,0.0,0.0,0.0,0.0,0.0
deepcrack_0220,ablation_no_alignment_v2,deepcrack,oracle_gt_prompt_gt_alignment,0.0,0.0,0.0,0.0,0.0
deepcrack_0221,ablation_no_alignment_v2,deepcrack,oracle_gt_prompt_gt_alignment,0.3260362461869729,0.49174560216508795,0.7741798040051129,0.3603014078921277,0.49174560216508795
deepcrack_0222,ablation_no_alignment_v2,deepcrack,oracle_gt_prompt_gt_alignment,0.7805796010538201,0.8767702388501374,0.856317093311313,0.8982243395409268,0.8767702388501373
deepcrack_0223,ablation_no_alignment_v2,deepcrack,oracle_gt_prompt_gt_alignment,0.7259663032705649,0.8412288257249497,0.7543769309989702,0.9506813757300454,0.8412288257249497
deepcrack_0224,ablation_no_alignment_v2,deepcrack,oracle_gt_prompt_gt_alignment,0.5263977573586669,0.6897255382103867,0.846481342349111,0.5819559228650137,0.6897255382103867
deepcrack_0225,ablation_no_alignment_v2,deepcrack,oracle_gt_prompt_gt_alignment,0.19574905725059993,0.32740825688073394,0.28564282141070535,0.3834788448623237,0.32740825688073394
deepcrack_0226,ablation_no_alignment_v2,deepcrack,oracle_gt_prompt_gt_alignment,0.3173734610123119,0.4818276220145379,0.3241732650209595,0.9380053908355795,0.4818276220145379
deepcrack_0227,ablation_no_alignment_v2,deepcrack,oracle_gt_prompt_gt_alignment,0.8464430741464882,0.9168363606744319,0.8937589328251548,0.9411371237458194,0.9168363606744319
deepcrack_0228,ablation_no_alignment_v2,deepcrack,oracle_gt_prompt_gt_alignment,0.755926933540614,0.8610004426737494,0.7909719398129321,0.9446333171442448,0.8610004426737494
deepcrack_0229,ablation_no_alignment_v2,deepcrack,oracle_gt_prompt_gt_alignment,0.8215725806451613,0.9020475926950747,0.8380462724935732,0.9766327142001199,0.9020475926950746
deepcrack_0230,ablation_no_alignment_v2,deepcrack,oracle_gt_prompt_gt_alignment,0.8976447281532027,0.9460619417700963,0.9802884615384615,0.9141448105805873,0.9460619417700962
deepcrack_0231,ablation_no_alignment_v2,deepcrack,oracle_gt_prompt_gt_alignment,0.8114402451481103,0.8959061689410173,0.8438495857233907,0.9548076923076924,0.8959061689410174
deepcrack_0232,ablation_no_alignment_v2,deepcrack,oracle_gt_prompt_gt_alignment,0.6759573985950601,0.806652244456463,0.6791894353369763,0.9930093209054593,0.8066522444564629
deepcrack_0233,ablation_no_alignment_v2,deepcrack,oracle_gt_prompt_gt_alignment,0.8500673206385844,0.9189582575245621,0.9659053655338214,0.8763632758278802,0.918958257524562
deepcrack_0234,ablation_no_alignment_v2,deepcrack,oracle_gt_prompt_gt_alignment,0.8456097695750677,0.9163473053892216,0.9946054855063045,0.8495059398245809,0.9163473053892215
deepcrack_0235,ablation_no_alignment_v2,deepcrack,oracle_gt_prompt_gt_alignment,0.8912267416702726,0.9424853424853424,0.9931288047736725,0.896756286056384,0.9424853424853425
deepcrack_0236,ablation_no_alignment_v2,deepcrack,oracle_gt_prompt_gt_alignment,0.2854615157770569,0.44413856389080064,0.9951680888249204,0.2858577208162301,0.44413856389080064
deepcrack_0000,ablation_fusion_max_v2,deepcrack,oracle_gt_prompt_gt_alignment,0.5340382387022016,0.6962515343215938,0.5414892054633573,0.9748810153358012,0.6962515343215938
deepcrack_0001,ablation_fusion_max_v2,deepcrack,oracle_gt_prompt_gt_alignment,0.6768135221848345,0.8072615269740526,0.7092832540593734,0.9366471734892787,0.8072615269740525
deepcrack_0002,ablation_fusion_max_v2,deepcrack,oracle_gt_prompt_gt_alignment,0.7060601363918165,0.8277083806495571,0.7274251497005988,0.960063224446786,0.8277083806495571
deepcrack_0003,ablation_fusion_max_v2,deepcrack,oracle_gt_prompt_gt_alignment,0.5466242488511842,0.7068610869863327,0.5941293991086523,0.8723908383165971,0.7068610869863328
deepcrack_0004,ablation_fusion_max_v2,deepcrack,oracle_gt_prompt_gt_alignment,0.6573197803481715,0.7932322876277759,0.7400684030518284,0.8546255506607929,0.7932322876277759
deepcrack_0005,ablation_fusion_max_v2,deepcrack,oracle_gt_prompt_gt_alignment,0.6776636929809796,0.8078659576602789,0.7571939063381606,0.8658064516129033,0.8078659576602789
deepcrack_0006,ablation_fusion_max_v2,deepcrack,oracle_gt_prompt_gt_alignment,0.5921752738654147,0.7438568901120504,0.6526388409796482,0.8647166361974405,0.7438568901120503
deepcrack_0007,ablation_fusion_max_v2,deepcrack,oracle_gt_prompt_gt_alignment,0.7528975428836346,0.8590320021158424,0.8006573541495481,0.9265880562951693,0.8590320021158424
deepcrack_0008,ablation_fusion_max_v2,deepcrack,oracle_gt_prompt_gt_alignment,0.8021097046413502,0.8901896511355655,0.8708199725148877,0.9104406130268199,0.8901896511355654
deepcrack_0009,ablation_fusion_max_v2,deepcrack,oracle_gt_prompt_gt_alignment,0.6562123039806996,0.7924253459577567,0.7361299052774019,0.8580441640378549,0.7924253459577567
deepcrack_0010,ablation_fusion_max_v2,deepcrack,oracle_gt_prompt_gt_alignment,0.5437392795883362,0.7044444444444444,0.6525074850299402,0.7653643546971027,0.7044444444444444
deepcrack_0011,ablation_fusion_max_v2,deepcrack,oracle_gt_prompt_gt_alignment,0.6945134773465876,0.8197202166064982,0.7083252095925131,0.9726907630522088,0.8197202166064982
deepcrack_0012,ablation_fusion_max_v2,deepcrack,oracle_gt_prompt_gt_alignment,0.5411836115326252,0.7022960891654523,0.960465366799526,0.5535137819716911,0.7022960891654524
deepcrack_0013,ablation_fusion_max_v2,deepcrack,oracle_gt_prompt_gt_alignment,0.592996273117221,0.7445042818045379,0.9404483104717297,0.616132096149631,0.7445042818045379
deepcrack_0014,ablation_fusion_max_v2,deepcrack,oracle_gt_prompt_gt_alignment,0.34713583104296253,0.5153687149338273,0.5559803069794381,0.48028620034023817,0.5153687149338272
deepcrack_0015,ablation_fusion_max_v2,deepcrack,oracle_gt_prompt_gt_alignment,0.3885073002289532,0.5596042601502946,0.5993630573248407,0.5247921314135063,0.5596042601502945
deepcrack_0016,ablation_fusion_max_v2,deepcrack,oracle_gt_prompt_gt_alignment,0.49613590475527397,0.6632230443482712,0.6520267179064874,0.674810606060606,0.6632230443482712
deepcrack_0017,ablation_fusion_max_v2,deepcrack,oracle_gt_prompt_gt_alignment,0.2457614174431037,0.39455615497793034,0.8971285196543072,0.25288801571709235,0.39455615497793034
deepcrack_0018,ablation_fusion_max_v2,deepcrack,oracle_gt_prompt_gt_alignment,0.4996742317298295,0.6663770319684298,0.8287257991895542,0.5572172438847178,0.6663770319684298
deepcrack_0019,ablation_fusion_max_v2,deepcrack,oracle_gt_prompt_gt_alignment,0.43733578012261753,0.6085366915242434,0.9764410094049726,0.44199966278873715,0.6085366915242434
deepcrack_0020,ablation_fusion_max_v2,deepcrack,oracle_gt_prompt_gt_alignment,0.61846921797005,0.7642644186285596,0.9506393861892584,0.6389891696750902,0.7642644186285596
deepcrack_0021,ablation_fusion_max_v2,deepcrack,oracle_gt_prompt_gt_alignment,0.7521754263835712,0.8585617798967025,0.8757852077001013,0.8420027274498344,0.8585617798967023
deepcrack_0022,ablation_fusion_max_v2,deepcrack,oracle_gt_prompt_gt_alignment,0.5351898570412058,0.6972295375539872,0.9535526998213565,0.5495151434643996,0.6972295375539871
deepcrack_0023,ablation_fusion_max_v2,deepcrack,oracle_gt_prompt_gt_alignment,0.6613885505481121,0.7961876832844574,0.9346759617867286,0.6934423089202477,0.7961876832844574
deepcrack_0024,ablation_fusion_max_v2,deepcrack,oracle_gt_prompt_gt_alignment,0.48611573549976694,0.6542097952233723,0.9289895647747518,0.5048758558683173,0.6542097952233723
deepcrack_0025,ablation_fusion_max_v2,deepcrack,oracle_gt_prompt_gt_alignment,0.6774784826267134,0.8077343341726447,0.766892196662156,0.8531714171015656,0.8077343341726447
deepcrack_0026,ablation_fusion_max_v2,deepcrack,oracle_gt_prompt_gt_alignment,0.7465029364655633,0.8548544876497921,0.8449359439207155,0.8650086612224697,0.8548544876497922
deepcrack_0027,ablation_fusion_max_v2,deepcrack,oracle_gt_prompt_gt_alignment,0.47779500916396445,0.6466323220759397,0.47914604835289126,0.9941331768847169,0.6466323220759397
deepcrack_0028,ablation_fusion_max_v2,deepcrack,oracle_gt_prompt_gt_alignment,0.5771935893001269,0.7319248483076248,0.6904351424039722,0.7787197635529284,0.7319248483076248
deepcrack_0029,ablation_fusion_max_v2,deepcrack,oracle_gt_prompt_gt_alignment,0.7329692095312407,0.8459114051189692,0.9388068880688807,0.7697447210841475,0.8459114051189693
deepcrack_0030,ablation_fusion_max_v2,deepcrack,oracle_gt_prompt_gt_alignment,0.8896010665572762,0.9415755339068139,0.9993663594470046,0.8901031245190087,0.9415755339068139
deepcrack_0031,ablation_fusion_max_v2,deepcrack,oracle_gt_prompt_gt_alignment,0.9280562234140929,0.9626858513189448,0.9924841772151899,0.9346246973365617,0.9626858513189449
deepcrack_0032,ablation_fusion_max_v2,deepcrack,oracle_gt_prompt_gt_alignment,0.6142161635832522,0.7610085655688261,0.6376870198139911,0.9434639545318576,0.7610085655688261
deepcrack_0033,ablation_fusion_max_v2,deepcrack,oracle_gt_prompt_gt_alignment,0.7651312686684484,0.8669397933737086,0.7767315671879987,0.9808544941555825,0.8669397933737085
deepcrack_0034,ablation_fusion_max_v2,deepcrack,oracle_gt_prompt_gt_alignment,0.6882487164860239,0.8153404291265417,0.695288863276185,0.9855013273432713,0.8153404291265417
deepcrack_0035,ablation_fusion_max_v2,deepcrack,oracle_gt_prompt_gt_alignment,0.5991005996002665,0.749296948234559,0.6856652687762105,0.825947187141217,0.749296948234559
deepcrack_0036,ablation_fusion_max_v2,deepcrack,oracle_gt_prompt_gt_alignment,0.6677247333671915,0.8007613247049867,1.0,0.6677247333671915,0.8007613247049866
deepcrack_0037,ablation_fusion_max_v2,deepcrack,oracle_gt_prompt_gt_alignment,0.49149751742944614,0.6590658203394508,0.9878490175801448,0.49448700693653586,0.6590658203394508
deepcrack_0038,ablation_fusion_max_v2,deepcrack,oracle_gt_prompt_gt_alignment,0.46188041787063794,0.6318990421164665,0.9854568447676256,0.4650503543453935,0.6318990421164664
deepcrack_0039,ablation_fusion_max_v2,deepcrack,oracle_gt_prompt_gt_alignment,0.1979908012587751,0.33053809937561884,0.8183910346207725,0.207089505000633,0.33053809937561884
deepcrack_0040,ablation_fusion_max_v2,deepcrack,oracle_gt_prompt_gt_alignment,0.6406282722513089,0.7809548123563952,0.6604058721934369,0.9553404122423486,0.7809548123563952
deepcrack_0041,ablation_fusion_max_v2,deepcrack,oracle_gt_prompt_gt_alignment,0.6994891284032148,0.8231757611305607,0.9634444587462994,0.71856,0.8231757611305607
deepcrack_0042,ablation_fusion_max_v2,deepcrack,oracle_gt_prompt_gt_alignment,0.3860137809705322,0.5570129045906494,0.9290099498976784,0.39774615547297504,0.5570129045906496
deepcrack_0043,ablation_fusion_max_v2,deepcrack,oracle_gt_prompt_gt_alignment,0.6188960428271721,0.7645902225399946,0.9565071556350626,0.6368170314128331,0.7645902225399945
deepcrack_0044,ablation_fusion_max_v2,deepcrack,oracle_gt_prompt_gt_alignment,0.7766953600671845,0.8743146152391756,0.9622828009572365,0.8010827197921178,0.8743146152391756
deepcrack_0045,ablation_fusion_max_v2,deepcrack,oracle_gt_prompt_gt_alignment,0.7967967967967968,0.886908077994429,0.8041757871695572,0.9886151935417098,0.8869080779944291
deepcrack_0046,ablation_fusion_max_v2,deepcrack,oracle_gt_prompt_gt_alignment,0.5562228204597225,0.7148369926813041,0.5591756011241803,0.9905956112852664,0.7148369926813041
deepcrack_0047,ablation_fusion_max_v2,deepcrack,oracle_gt_prompt_gt_alignment,0.5625316455696202,0.7200259235255995,0.584890760726507,0.9363674673409187,0.7200259235255995
deepcrack_0048,ablation_fusion_max_v2,deepcrack,oracle_gt_prompt_gt_alignment,0.5271056661562021,0.6903329322101885,0.528670899037477,0.9944144838212635,0.6903329322101887
deepcrack_0049,ablation_fusion_max_v2,deepcrack,oracle_gt_prompt_gt_alignment,0.7458501208702659,0.8544262900396935,0.7531326281529699,0.9872013651877133,0.8544262900396935
deepcrack_0050,ablation_fusion_max_v2,deepcrack,oracle_gt_prompt_gt_alignment,0.7065450643776824,0.8280414963847846,0.7122769064359114,0.9887387387387387,0.8280414963847847
deepcrack_0051,ablation_fusion_max_v2,deepcrack,oracle_gt_prompt_gt_alignment,0.44873668824389223,0.6194868838281926,0.45071308724832215,0.9903225806451613,0.6194868838281925
deepcrack_0052,ablation_fusion_max_v2,deepcrack,oracle_gt_prompt_gt_alignment,0.7444545730780918,0.8535098414910295,0.7469512195121951,0.995530272247054,0.8535098414910295
deepcrack_0053,ablation_fusion_max_v2,deepcrack,oracle_gt_prompt_gt_alignment,0.7834858081163499,0.878600552413521,0.7924080664294187,0.9858323494687131,0.878600552413521
deepcrack_0054,ablation_fusion_max_v2,deepcrack,oracle_gt_prompt_gt_alignment,0.7505837401825515,0.8575239481023402,0.7645405405405405,0.9762562120375483,0.8575239481023403
deepcrack_0055,ablation_fusion_max_v2,deepcrack,oracle_gt_prompt_gt_alignment,0.7704244031830239,0.8703273653457188,0.9002712127082526,0.84231131733488,0.8703273653457188
deepcrack_0056,ablation_fusion_max_v2,deepcrack,oracle_gt_prompt_gt_alignment,0.5220541902961563,0.6859863382322501,0.6054073803434418,0.791308500477555,0.6859863382322501
deepcrack_0057,ablation_fusion_max_v2,deepcrack,oracle_gt_prompt_gt_alignment,0.5220531338663915,0.6859854261989493,0.5603543743078627,0.8842289209261687,0.6859854261989493
deepcrack_0058,ablation_fusion_max_v2,deepcrack,oracle_gt_prompt_gt_alignment,0.36668359573387505,0.5366034931252323,0.371973209685729,0.9626666666666667,0.5366034931252323
deepcrack_0059,ablation_fusion_max_v2,deepcrack,oracle_gt_prompt_gt_alignment,0.8085071168487256,0.8941154937311248,0.894852537094706,0.8933796634967082,0.8941154937311248
deepcrack_0060,ablation_fusion_max_v2,deepcrack,oracle_gt_prompt_gt_alignment,0.744726416104508,0.8536884742850129,0.9503962831374693,0.7748440285204992,0.8536884742850129
deepcrack_0061,ablation_fusion_max_v2,deepcrack,oracle_gt_prompt_gt_alignment,0.8224527150701647,0.9025778372949448,0.921520371889527,0.88439837291694,0.9025778372949448
deepcrack_0062,ablation_fusion_max_v2,deepcrack,oracle_gt_prompt_gt_alignment,0.4551171605789111,0.6255402285240661,0.47054108216432866,0.9328153968394103,0.6255402285240661
deepcrack_0063,ablation_fusion_max_v2,deepcrack,oracle_gt_prompt_gt_alignment,0.7321981424148607,0.8453976764968723,0.857292759706191,0.8338281684913713,0.8453976764968723
deepcrack_0064,ablation_fusion_max_v2,deepcrack,oracle_gt_prompt_gt_alignment,0.6737196180555556,0.8050567260940032,0.7828773168578994,0.8285294902588738,0.8050567260940032
deepcrack_0065,ablation_fusion_max_v2,deepcrack,oracle_gt_prompt_gt_alignment,0.5912801484230056,0.7431502856476624,0.7698997463461771,0.7181971830985916,0.7431502856476623
deepcrack_0066,ablation_fusion_max_v2,deepcrack,oracle_gt_prompt_gt_alignment,0.5493726132024004,0.7091549295774648,0.7255043227665706,0.6935261707988981,0.7091549295774647
deepcrack_0067,ablation_fusion_max_v2,deepcrack,oracle_gt_prompt_gt_alignment,0.7292524233169566,0.8434308531060432,0.7516080470781442,0.960811756473058,0.8434308531060432
deepcrack_0068,ablation_fusion_max_v2,deepcrack,oracle_gt_prompt_gt_alignment,0.6319425255595469,0.7744666440907552,0.6345726970033296,0.9934839270199827,0.7744666440907552
deepcrack_0069,ablation_fusion_max_v2,deepcrack,oracle_gt_prompt_gt_alignment,0.5642857142857143,0.7214611872146118,0.5700651769087524,0.9823505816285599,0.7214611872146118
deepcrack_0070,ablation_fusion_max_v2,deepcrack,oracle_gt_prompt_gt_alignment,0.6534756097560975,0.7904266696168455,0.6648263027295286,0.9745385105028644,0.7904266696168455
deepcrack_0071,ablation_fusion_max_v2,deepcrack,oracle_gt_prompt_gt_alignment,0.6574028004833321,0.7932927352260056,0.6622511814406415,0.9889863130881095,0.7932927352260056
deepcrack_0072,ablation_fusion_max_v2,deepcrack,oracle_gt_prompt_gt_alignment,0.5791070654529692,0.7334614328849849,0.5805810777253538,0.9956350473757053,0.7334614328849849
deepcrack_0073,ablation_fusion_max_v2,deepcrack,oracle_gt_prompt_gt_alignment,0.49587377038357433,0.6629887898314061,0.497878828052499,0.9919440042260962,0.6629887898314061
deepcrack_0074,ablation_fusion_max_v2,deepcrack,oracle_gt_prompt_gt_alignment,0.6851437270529238,0.8131576150494207,0.6937794704388829,0.9821566110397946,0.8131576150494207
deepcrack_0075,ablation_fusion_max_v2,deepcrack,oracle_gt_prompt_gt_alignment,0.5635231870525989,0.7208376463094195,0.5641201395812563,0.9981256890848953,0.7208376463094195
deepcrack_0076,ablation_fusion_max_v2,deepcrack,oracle_gt_prompt_gt_alignment,0.7363366509516326,0.8481496379726469,0.7445925664341838,0.9851652844293891,0.8481496379726469
deepcrack_0077,ablation_fusion_max_v2,deepcrack,oracle_gt_prompt_gt_alignment,0.5260271137327952,0.689407296894073,0.526790340967976,0.9972532862468119,0.6894072968940729
deepcrack_0078,ablation_fusion_max_v2,deepcrack,oracle_gt_prompt_gt_alignment,0.540447504302926,0.7016759776536313,0.5426892499135845,0.9924146649810367,0.7016759776536312
deepcrack_0079,ablation_fusion_max_v2,deepcrack,oracle_gt_prompt_gt_alignment,0.7626756261453879,0.865361289204644,0.7817783343769568,0.9689561505626698,0.8653612892046438
deepcrack_0080,ablation_fusion_max_v2,deepcrack,oracle_gt_prompt_gt_alignment,0.7523584905660378,0.8586810228802153,0.834593023255814,0.8842008007391439,0.8586810228802153
deepcrack_0081,ablation_fusion_max_v2,deepcrack,oracle_gt_prompt_gt_alignment,0.8346133044889129,0.9098520134426036,0.921973951487633,0.8980446927374302,0.9098520134426036
deepcrack_0082,ablation_fusion_max_v2,deepcrack,oracle_gt_prompt_gt_alignment,0.734599030950262,0.8469957815528446,0.9644294430741269,0.7550564081715622,0.8469957815528445
deepcrack_0083,ablation_fusion_max_v2,deepcrack,oracle_gt_prompt_gt_alignment,0.7688221473082031,0.8693040716142073,0.8928698540752165,0.8469502588341211,0.8693040716142073
deepcrack_0084,ablation_fusion_max_v2,deepcrack,oracle_gt_prompt_gt_alignment,0.8675853804673457,0.929098492139878,0.9022743794786582,0.9575664058194644,0.929098492139878
deepcrack_0085,ablation_fusion_max_v2,deepcrack,oracle_gt_prompt_gt_alignment,0.7957069451350903,0.8862325194997,0.9438655131734173,0.8352327098738582,0.8862325194996999
deepcrack_0086,ablation_fusion_max_v2,deepcrack,oracle_gt_prompt_gt_alignment,0.8167330677290837,0.8991228070175439,0.9407985314364388,0.8609827803443931,0.8991228070175439
deepcrack_0087,ablation_fusion_max_v2,deepcrack,oracle_gt_prompt_gt_alignment,0.7756138865368332,0.8736289938006676,0.8625235404896422,0.885024154589372,0.8736289938006676
deepcrack_0088,ablation_fusion_max_v2,deepcrack,oracle_gt_prompt_gt_alignment,0.8292610250297974,0.906662322853885,0.9298362846642165,0.8846153846153846,0.906662322853885
deepcrack_0089,ablation_fusion_max_v2,deepcrack,oracle_gt_prompt_gt_alignment,0.6315189048239895,0.7741484367196084,0.7496614432191914,0.8002891367203635,0.7741484367196083
deepcrack_0090,ablation_fusion_max_v2,deepcrack,oracle_gt_prompt_gt_alignment,0.23823067869752845,0.3847920792079208,0.24048314439879215,0.9621707268766092,0.3847920792079208
deepcrack_0091,ablation_fusion_max_v2,deepcrack,oracle_gt_prompt_gt_alignment,0.7395824078187472,0.850298789519383,0.9552444342437457,0.7661297745052922,0.850298789519383
deepcrack_0092,ablation_fusion_max_v2,deepcrack,oracle_gt_prompt_gt_alignment,0.6686384282243583,0.8014179907577388,0.9561933534743202,0.6897678980058842,0.8014179907577387
deepcrack_0093,ablation_fusion_max_v2,deepcrack,oracle_gt_prompt_gt_alignment,0.8435471554028255,0.9151348832392688,0.9701394225491272,0.8660329282634261,0.915134883239269
deepcrack_0094,ablation_fusion_max_v2,deepcrack,oracle_gt_prompt_gt_alignment,0.7345750873108265,0.8469798657718121,0.9046594982078853,0.7962145110410095,0.8469798657718121
deepcrack_0095,ablation_fusion_max_v2,deepcrack,oracle_gt_prompt_gt_alignment,0.6873321942885038,0.8146969477795458,0.8692699490662139,0.7665713896828638,0.8146969477795458
deepcrack_0096,ablation_fusion_max_v2,deepcrack,oracle_gt_prompt_gt_alignment,0.8365170327921044,0.9109820577273121,0.8867701653729329,0.936553199073249,0.9109820577273121
deepcrack_0097,ablation_fusion_max_v2,deepcrack,oracle_gt_prompt_gt_alignment,0.8133669609079445,0.8970792767732962,0.918628940372199,0.8765174850516398,0.8970792767732964
deepcrack_0098,ablation_fusion_max_v2,deepcrack,oracle_gt_prompt_gt_alignment,0.12499846484494934,0.22221979629488117,0.12607456955283042,0.9360801986572244,0.22221979629488117
deepcrack_0099,ablation_fusion_max_v2,deepcrack,oracle_gt_prompt_gt_alignment,0.8212277036798972,0.9018396788282526,0.8814246291824768,0.9232228344323006,0.9018396788282526
deepcrack_0100,ablation_fusion_max_v2,deepcrack,oracle_gt_prompt_gt_alignment,0.8354076910802617,0.9103238426429037,0.8855717185385656,0.9364994186566497,0.9103238426429037
deepcrack_0101,ablation_fusion_max_v2,deepcrack,oracle_gt_prompt_gt_alignment,0.5853298153034301,0.7384328606617402,0.5937901498929337,0.9762365780672417,0.7384328606617402
deepcrack_0102,ablation_fusion_max_v2,deepcrack,oracle_gt_prompt_gt_alignment,0.6652802722374516,0.7990009649770109,0.6694568629316084,0.9907094594594594,0.7990009649770108
deepcrack_0103,ablation_fusion_max_v2,deepcrack,oracle_gt_prompt_gt_alignment,0.8892199051086837,0.9413619904216797,0.9325387641749595,0.9503537735849057,0.9413619904216798
deepcrack_0104,ablation_fusion_max_v2,deepcrack,oracle_gt_prompt_gt_alignment,0.9357074314958951,0.9667860093638116,0.9848501851644036,0.9493725659887494,0.9667860093638115
deepcrack_0105,ablation_fusion_max_v2,deepcrack,oracle_gt_prompt_gt_alignment,0.8899221671889215,0.9417553618227523,0.9954771596562642,0.8935349639703644,0.9417553618227523
deepcrack_0106,ablation_fusion_max_v2,deepcrack,oracle_gt_prompt_gt_alignment,0.90818013811886,0.9518809256804975,0.9908733948848562,0.9158410985777342,0.9518809256804974
deepcrack_0107,ablation_fusion_max_v2,deepcrack,oracle_gt_prompt_gt_alignment,0.6321976149914821,0.7746581776432523,0.6440472058313086,0.9717203456402199,0.7746581776432523
deepcrack_0108,ablation_fusion_max_v2,deepcrack,oracle_gt_prompt_gt_alignment,0.5718633750422726,0.7276247848537005,0.5755616065350578,0.9888888888888889,0.7276247848537005
deepcrack_0109,ablation_fusion_max_v2,deepcrack,oracle_gt_prompt_gt_alignment,0.8136091674272387,0.8972265712368598,1.0,0.8136091674272387,0.8972265712368598
deepcrack_0110,ablation_fusion_max_v2,deepcrack,oracle_gt_prompt_gt_alignment,0.7922471725946566,0.8840824911975856,1.0,0.7922471725946566,0.8840824911975856
deepcrack_0111,ablation_fusion_max_v2,deepcrack,oracle_gt_prompt_gt_alignment,0.781532232949237,0.8773708591906302,0.97960378647409,0.7944598337950138,0.8773708591906302
deepcrack_0112,ablation_fusion_max_v2,deepcrack,oracle_gt_prompt_gt_alignment,0.7048239491236233,0.826858338640706,0.9810017271157168,0.7145777637993396,0.8268583386407061
deepcrack_0113,ablation_fusion_max_v2,deepcrack,oracle_gt_prompt_gt_alignment,0.8886107634543179,0.9410205434062293,0.9163655136809499,0.9670389539634977,0.9410205434062293
deepcrack_0114,ablation_fusion_max_v2,deepcrack,oracle_gt_prompt_gt_alignment,0.8698805109188298,0.930412939050725,0.8921568627450981,0.972096878165577,0.930412939050725
deepcrack_0115,ablation_fusion_max_v2,deepcrack,oracle_gt_prompt_gt_alignment,0.8414634146341463,0.9139072847682119,0.9201394150628883,0.9077590073254597,0.9139072847682118
deepcrack_0116,ablation_fusion_max_v2,deepcrack,oracle_gt_prompt_gt_alignment,0.8134140191628845,0.8971078976640712,0.8532134355990478,0.9457637056581648,0.8971078976640712
deepcrack_0117,ablation_fusion_max_v2,deepcrack,oracle_gt_prompt_gt_alignment,0.7834830627215034,0.878598826193447,0.8421332388377037,0.9183653753260554,0.878598826193447
deepcrack_0118,ablation_fusion_max_v2,deepcrack,oracle_gt_prompt_gt_alignment,0.5298956026573869,0.6927212572373863,0.6127675141759649,0.7966706302021404,0.6927212572373863
deepcrack_0119,ablation_fusion_max_v2,deepcrack,oracle_gt_prompt_gt_alignment,0.8218034351145038,0.9021867225350269,0.8985393844548775,0.9058637917433605,0.902186722535027
deepcrack_0120,ablation_fusion_max_v2,deepcrack,oracle_gt_prompt_gt_alignment,0.7257041734257484,0.8410528114852162,0.9323607427055703,0.7660336239103362,0.8410528114852163
deepcrack_0121,ablation_fusion_max_v2,deepcrack,oracle_gt_prompt_gt_alignment,0.7788094843309568,0.8756524981357197,0.963684858432499,0.8023573624871883,0.8756524981357197
deepcrack_0122,ablation_fusion_max_v2,deepcrack,oracle_gt_prompt_gt_alignment,0.7895781637717122,0.8824181919023849,0.9300014613473623,0.839467088774568,0.8824181919023849
deepcrack_0123,ablation_fusion_max_v2,deepcrack,oracle_gt_prompt_gt_alignment,0.8016182491713785,0.8898869108814458,0.9069151869416565,0.8734862970044615,0.8898869108814459
deepcrack_0124,ablation_fusion_max_v2,deepcrack,oracle_gt_prompt_gt_alignment,0.6837865055387714,0.812200956937799,0.6899404848308899,0.9871235721703011,0.812200956937799
deepcrack_0125,ablation_fusion_max_v2,deepcrack,oracle_gt_prompt_gt_alignment,0.7236863120907203,0.839696071163825,0.7514096185737977,0.9514909701805964,0.839696071163825
deepcrack_0126,ablation_fusion_max_v2,deepcrack,oracle_gt_prompt_gt_alignment,0.8312432432432433,0.9078457996339807,0.9489078119215105,0.8701901312811227,0.9078457996339808
deepcrack_0127,ablation_fusion_max_v2,deepcrack,oracle_gt_prompt_gt_alignment,0.8368757560048384,0.9111947318908749,0.9529712711530893,0.8729271809661139,0.9111947318908749
deepcrack_0128,ablation_fusion_max_v2,deepcrack,oracle_gt_prompt_gt_alignment,0.8136685194542699,0.8972626593299435,0.9731077201994259,0.8323856293615921,0.8972626593299435
deepcrack_0129,ablation_fusion_max_v2,deepcrack,oracle_gt_prompt_gt_alignment,0.7914221218961626,0.8835685483870968,0.9475675675675675,0.82766761095373,0.8835685483870968
deepcrack_0130,ablation_fusion_max_v2,deepcrack,oracle_gt_prompt_gt_alignment,0.860956937799043,0.9252841055175606,0.9802789278709959,0.876132047911189,0.9252841055175606
deepcrack_0131,ablation_fusion_max_v2,deepcrack,oracle_gt_prompt_gt_alignment,0.8504615920571329,0.9191885913305408,0.9963269054178145,0.8531364668879958,0.9191885913305409
deepcrack_0132,ablation_fusion_max_v2,deepcrack,oracle_gt_prompt_gt_alignment,0.8170954356846473,0.8993423456339057,0.8707110010611956,0.9299206649036645,0.8993423456339057
deepcrack_0133,ablation_fusion_max_v2,deepcrack,oracle_gt_prompt_gt_alignment,0.7859715639810426,0.880161341683473,0.7993059572006941,0.9792158715162966,0.8801613416834732
deepcrack_0134,ablation_fusion_max_v2,deepcrack,oracle_gt_prompt_gt_alignment,0.38372854709812654,0.5546298049611816,0.38804981452040277,0.9717982747179827,0.5546298049611816
deepcrack_0135,ablation_fusion_max_v2,deepcrack,oracle_gt_prompt_gt_alignment,0.49227997941327845,0.6597689256768409,0.49688311688311687,0.9815289892252437,0.6597689256768408
deepcrack_0136,ablation_fusion_max_v2,deepcrack,oracle_gt_prompt_gt_alignment,0.7773665320771647,0.8747396983656213,0.9140181986021364,0.8386979670861568,0.8747396983656213
deepcrack_0137,ablation_fusion_max_v2,deepcrack,oracle_gt_prompt_gt_alignment,0.4796472184531886,0.6483264557542412,0.49195442289292857,0.9504284994118636,0.6483264557542412
deepcrack_0138,ablation_fusion_max_v2,deepcrack,oracle_gt_prompt_gt_alignment,0.6689419795221843,0.8016359918200409,0.6958579881656805,0.9453376205787781,0.801635991820041
deepcrack_0139,ablation_fusion_max_v2,deepcrack,oracle_gt_prompt_gt_alignment,0.7313368983957219,0.8448233259204349,0.8432605746701196,0.846391880183191,0.8448233259204349
deepcrack_0140,ablation_fusion_max_v2,deepcrack,oracle_gt_prompt_gt_alignment,0.7477513491904857,0.855672461116194,0.7845234350424661,0.9410137089674255,0.8556724611161939
deepcrack_0141,ablation_fusion_max_v2,deepcrack,oracle_gt_prompt_gt_alignment,0.7273328192133965,0.8421455449964921,0.7302289569737861,0.994576679722808,0.8421455449964922
deepcrack_0142,ablation_fusion_max_v2,deepcrack,oracle_gt_prompt_gt_alignment,0.751008434176751,0.8578010471204188,0.76266137040715,0.9800606157281864,0.8578010471204188
deepcrack_0143,ablation_fusion_max_v2,deepcrack,oracle_gt_prompt_gt_alignment,0.5948965977318212,0.7460002091393914,0.5992943548387096,0.9878150096926059,0.7460002091393914
deepcrack_0144,ablation_fusion_max_v2,deepcrack,oracle_gt_prompt_gt_alignment,0.4886058981233244,0.6564610535794687,0.5004576659038902,0.9537723506323593,0.6564610535794687
deepcrack_0145,ablation_fusion_max_v2,deepcrack,oracle_gt_prompt_gt_alignment,0.5679442508710801,0.7244444444444444,0.5904974223213042,0.9369887242980323,0.7244444444444444
deepcrack_0146,ablation_fusion_max_v2,deepcrack,oracle_gt_prompt_gt_alignment,0.6581160639192599,0.7938118184123764,0.6590861233943989,0.9977685686962066,0.7938118184123764
deepcrack_0147,ablation_fusion_max_v2,deepcrack,oracle_gt_prompt_gt_alignment,0.8176686794434235,0.8996894634216798,0.9626023798485551,0.8444956616052061,0.8996894634216798
deepcrack_0148,ablation_fusion_max_v2,deepcrack,oracle_gt_prompt_gt_alignment,0.6982431149097815,0.822312316510555,0.7045999041686631,0.9872440416247062,0.822312316510555
deepcrack_0149,ablation_fusion_max_v2,deepcrack,oracle_gt_prompt_gt_alignment,0.7895218485472432,0.8823830222449501,0.8131479736098021,0.9645053102291783,0.8823830222449501
deepcrack_0150,ablation_fusion_max_v2,deepcrack,oracle_gt_prompt_gt_alignment,0.6898201102214828,0.8164420651036859,0.7362930077691454,0.9161717994752107,0.8164420651036861
deepcrack_0151,ablation_fusion_max_v2,deepcrack,oracle_gt_prompt_gt_alignment,0.711859527921704,0.8316798385740709,0.7566161847942481,0.9232779540787754,0.8316798385740709
deepcrack_0152,ablation_fusion_max_v2,deepcrack,oracle_gt_prompt_gt_alignment,0.6995622382946327,0.8232263844560166,0.8704558910597987,0.7808582961546633,0.8232263844560166
deepcrack_0153,ablation_fusion_max_v2,deepcrack,oracle_gt_prompt_gt_alignment,0.7724050365040737,0.8715897558354725,0.8984615384615384,0.8462786923255274,0.8715897558354725
deepcrack_0154,ablation_fusion_max_v2,deepcrack,oracle_gt_prompt_gt_alignment,0.7894918769443484,0.882364303650763,0.8508630324102818,0.9162877774806097,0.8823643036507629
deepcrack_0155,ablation_fusion_max_v2,deepcrack,oracle_gt_prompt_gt_alignment,0.8168159491476452,0.8991730279898219,0.848057597120144,0.9568454899306144,0.8991730279898219
deepcrack_0156,ablation_fusion_max_v2,deepcrack,oracle_gt_prompt_gt_alignment,0.7798053527980535,0.8762816131237184,0.7855392156862745,0.990726429675425,0.8762816131237183
deepcrack_0157,ablation_fusion_max_v2,deepcrack,oracle_gt_prompt_gt_alignment,0.5875098105168741,0.7401652659086093,0.7281823235130628,0.7525491885681459,0.7401652659086093
deepcrack_0158,ablation_fusion_max_v2,deepcrack,oracle_gt_prompt_gt_alignment,0.7511884183232498,0.8579184403726325,0.90451411473917,0.8158882891340061,0.8579184403726324
deepcrack_0159,ablation_fusion_max_v2,deepcrack,oracle_gt_prompt_gt_alignment,0.7115789473684211,0.8314883148831488,0.7149656266525648,0.9933872152828802,0.8314883148831489
deepcrack_0160,ablation_fusion_max_v2,deepcrack,oracle_gt_prompt_gt_alignment,0.9322164714428403,0.9649192885171174,0.9895421686746988,0.941492044568756,0.9649192885171174
deepcrack_0161,ablation_fusion_max_v2,deepcrack,oracle_gt_prompt_gt_alignment,0.9538349426124977,0.9763720791451429,0.9992747261136772,0.9544957339750602,0.976372079145143
deepcrack_0162,ablation_fusion_max_v2,deepcrack,oracle_gt_prompt_gt_alignment,0.8717554738517258,0.9314843589668416,0.9930922389272654,0.8770738440303658,0.9314843589668417
deepcrack_0163,ablation_fusion_max_v2,deepcrack,oracle_gt_prompt_gt_alignment,0.9357798165137615,0.966824644549763,0.9979597514606324,0.9375735133957743,0.966824644549763
deepcrack_0164,ablation_fusion_max_v2,deepcrack,oracle_gt_prompt_gt_alignment,0.9419808306709265,0.9701237167675704,0.9925267622702484,0.9487096981787759,0.9701237167675704
deepcrack_0165,ablation_fusion_max_v2,deepcrack,oracle_gt_prompt_gt_alignment,0.8628518660043306,0.9263773268833011,0.9577957654377718,0.8969546507778882,0.9263773268833012
deepcrack_0166,ablation_fusion_max_v2,deepcrack,oracle_gt_prompt_gt_alignment,0.9687054167241935,0.9841039786806303,0.9987189219965837,0.969910607317298,0.9841039786806303
deepcrack_0167,ablation_fusion_max_v2,deepcrack,oracle_gt_prompt_gt_alignment,0.9307939165620204,0.964156670039023,0.9962168350838767,0.934095682613769,0.964156670039023
deepcrack_0168,ablation_fusion_max_v2,deepcrack,oracle_gt_prompt_gt_alignment,0.6908557046979866,0.8171669560903002,0.7265108072342302,0.9336734693877551,0.8171669560903
deepcrack_0169,ablation_fusion_max_v2,deepcrack,oracle_gt_prompt_gt_alignment,0.7078938958133589,0.8289670658682635,0.9703208848976016,0.7235606369946918,0.8289670658682635
deepcrack_0170,ablation_fusion_max_v2,deepcrack,oracle_gt_prompt_gt_alignment,0.7453435840532615,0.8540938195358976,0.9582229468106787,0.7703776521667896,0.8540938195358976
deepcrack_0171,ablation_fusion_max_v2,deepcrack,oracle_gt_prompt_gt_alignment,0.7357490057445868,0.8477596741344195,0.7641119779715466,0.9519725557461407,0.8477596741344197
deepcrack_0172,ablation_fusion_max_v2,deepcrack,oracle_gt_prompt_gt_alignment,0.6145755071374907,0.7612843182875756,0.6274209012464046,0.9677610174504584,0.7612843182875756
deepcrack_0173,ablation_fusion_max_v2,deepcrack,oracle_gt_prompt_gt_alignment,0.5460582954126184,0.7063877177631056,0.5689390056381343,0.9314033983637507,0.7063877177631054
deepcrack_0174,ablation_fusion_max_v2,deepcrack,oracle_gt_prompt_gt_alignment,0.4529190207156309,0.6234607906675308,0.4532035175879397,0.9986159169550173,0.6234607906675308
deepcrack_0175,ablation_fusion_max_v2,deepcrack,oracle_gt_prompt_gt_alignment,0.2502380196762932,0.40030460718365274,0.2502380196762932,1.0,0.40030460718365274
deepcrack_0176,ablation_fusion_max_v2,deepcrack,oracle_gt_prompt_gt_alignment,0.3268275372604684,0.4926450922706606,0.3286937901498929,0.9829242262540021,0.49264509227066056
deepcrack_0177,ablation_fusion_max_v2,deepcrack,oracle_gt_prompt_gt_alignment,0.3824561403508772,0.5532994923857868,0.3844398340248963,0.9866879659211928,0.5532994923857868
deepcrack_0178,ablation_fusion_max_v2,deepcrack,oracle_gt_prompt_gt_alignment,0.8369279326670174,0.911225658648339,0.849802371541502,0.9822200271638474,0.9112256586483389
deepcrack_0179,ablation_fusion_max_v2,deepcrack,oracle_gt_prompt_gt_alignment,0.29347445153150625,0.45377695892489434,0.29686613726602384,0.9625287356321839,0.45377695892489434
deepcrack_0180,ablation_fusion_max_v2,deepcrack,oracle_gt_prompt_gt_alignment,0.9083206604388442,0.9519581056466302,0.9358701734750979,0.9686088265956214,0.9519581056466302
deepcrack_0181,ablation_fusion_max_v2,deepcrack,oracle_gt_prompt_gt_alignment,0.7648054145516074,0.8667305848513902,0.7839660820967431,0.9690328727965698,0.8667305848513903
deepcrack_0182,ablation_fusion_max_v2,deepcrack,oracle_gt_prompt_gt_alignment,0.7825696316262354,0.8780241935483871,0.7916742410470824,0.9855170853134193,0.8780241935483871
deepcrack_0183,ablation_fusion_max_v2,deepcrack,oracle_gt_prompt_gt_alignment,0.72448555393889,0.8402338335442656,0.7452426769296557,0.9629783119215362,0.8402338335442657
deepcrack_0184,ablation_fusion_max_v2,deepcrack,oracle_gt_prompt_gt_alignment,0.7374885426214483,0.8489132728423718,0.7703944848716967,0.9452537593984962,0.848913272842372
deepcrack_0185,ablation_fusion_max_v2,deepcrack,oracle_gt_prompt_gt_alignment,0.7372326494980358,0.8487437185929648,0.8073613766730402,0.8945974576271186,0.8487437185929648
deepcrack_0186,ablation_fusion_max_v2,deepcrack,oracle_gt_prompt_gt_alignment,0.7762848820821197,0.874054482941021,0.8391224862888482,0.912021194392317,0.874054482941021
deepcrack_0187,ablation_fusion_max_v2,deepcrack,oracle_gt_prompt_gt_alignment,0.8298446266724212,0.9070110265935492,0.947751078250154,0.8696291270918136,0.907011026593549
deepcrack_0188,ablation_fusion_max_v2,deepcrack,oracle_gt_prompt_gt_alignment,0.8276847162706142,0.9057193605683836,0.8988859117190805,0.9126575028636884,0.9057193605683835
deepcrack_0189,ablation_fusion_max_v2,deepcrack,oracle_gt_prompt_gt_alignment,0.76038632531044,0.8638857441435165,0.8614102118791247,0.8663755458515284,0.8638857441435164
deepcrack_0190,ablation_fusion_max_v2,deepcrack,oracle_gt_prompt_gt_alignment,0.7791790873652832,0.8758860677922413,0.814770411221676,0.9469137522641772,0.8758860677922413
deepcrack_0191,ablation_fusion_max_v2,deepcrack,oracle_gt_prompt_gt_alignment,0.7102721685689201,0.8305954825462012,0.7152961980548187,0.9902080783353733,0.8305954825462012
deepcrack_0192,ablation_fusion_max_v2,deepcrack,oracle_gt_prompt_gt_alignment,0.4733025708635465,0.6425055928411633,0.47549668874172185,0.9903448275862069,0.6425055928411633
deepcrack_0193,ablation_fusion_max_v2,deepcrack,oracle_gt_prompt_gt_alignment,0.6962894248608534,0.82095592256371,0.7609489051094891,0.8912372358109713,0.82095592256371
deepcrack_0194,ablation_fusion_max_v2,deepcrack,oracle_gt_prompt_gt_alignment,0.7911654135338346,0.8834085423444223,0.8223915592028136,0.9542053956019043,0.8834085423444222
deepcrack_0195,ablation_fusion_max_v2,deepcrack,oracle_gt_prompt_gt_alignment,0.6219273439199478,0.7668991416309013,0.6223334784501524,0.9989517819706499,0.7668991416309013
deepcrack_0196,ablation_fusion_max_v2,deepcrack,oracle_gt_prompt_gt_alignment,0.7153785798352295,0.8340766152086907,0.7296918767507002,0.973311982919669,0.8340766152086906
deepcrack_0197,ablation_fusion_max_v2,deepcrack,oracle_gt_prompt_gt_alignment,0.7195099313161314,0.8368779013278635,0.726522961574508,0.9867617107942973,0.8368779013278635
deepcrack_0198,ablation_fusion_max_v2,deepcrack,oracle_gt_prompt_gt_alignment,0.5833183695456994,0.7368301672809753,0.6628239134870435,0.8294395506191753,0.7368301672809754
deepcrack_0199,ablation_fusion_max_v2,deepcrack,oracle_gt_prompt_gt_alignment,0.6530612244897959,0.7901234567901234,0.7819889127729381,0.7984290169804782,0.7901234567901235
deepcrack_0200,ablation_fusion_max_v2,deepcrack,oracle_gt_prompt_gt_alignment,0.702014742014742,0.8249220464256842,0.780655737704918,0.8745102840352595,0.8249220464256842
deepcrack_0201,ablation_fusion_max_v2,deepcrack,oracle_gt_prompt_gt_alignment,0.6314110233708223,0.7740673739793673,0.696647012232685,0.8708470847084708,0.7740673739793672
deepcrack_0202,ablation_fusion_max_v2,deepcrack,oracle_gt_prompt_gt_alignment,0.6406138472519629,0.7809440939743311,0.8036114012833906,0.7595204513399154,0.7809440939743312
deepcrack_0203,ablation_fusion_max_v2,deepcrack,oracle_gt_prompt_gt_alignment,0.6126435653283597,0.759800340881422,0.7325117370892019,0.7892008093070308,0.759800340881422
deepcrack_0204,ablation_fusion_max_v2,deepcrack,oracle_gt_prompt_gt_alignment,0.606823883592574,0.7553085186110418,0.7566316316316316,0.7539900249376559,0.7553085186110418
deepcrack_0205,ablation_fusion_max_v2,deepcrack,oracle_gt_prompt_gt_alignment,0.5636382888606523,0.7209318074084107,0.6358098423315814,0.8323690383111806,0.7209318074084107
deepcrack_0206,ablation_fusion_max_v2,deepcrack,oracle_gt_prompt_gt_alignment,0.5418344127428671,0.7028438440143043,0.5628181818181818,0.9356203717696842,0.7028438440143043
deepcrack_0207,ablation_fusion_max_v2,deepcrack,oracle_gt_prompt_gt_alignment,0.47247436048567726,0.6417420542790809,0.4738148717342475,0.9940476190476191,0.641742054279081
deepcrack_0208,ablation_fusion_max_v2,deepcrack,oracle_gt_prompt_gt_alignment,0.48937644341801384,0.6571561482400372,0.49147628435579266,0.9913450292397661,0.6571561482400372
deepcrack_0209,ablation_fusion_max_v2,deepcrack,oracle_gt_prompt_gt_alignment,0.42233701460634127,0.5938634940513463,0.42813289996388587,0.9689415610952187,0.5938634940513462
deepcrack_0210,ablation_fusion_max_v2,deepcrack,oracle_gt_prompt_gt_alignment,0.395626423690205,0.5669517529542338,0.40892823507251835,0.9240263885933178,0.5669517529542338
deepcrack_0211,ablation_fusion_max_v2,deepcrack,oracle_gt_prompt_gt_alignment,0.5852580839526009,0.7383757760040542,0.7071099247755399,0.7725344644750796,0.7383757760040544
deepcrack_0212,ablation_fusion_max_v2,deepcrack,oracle_gt_prompt_gt_alignment,0.27942436182970704,0.43679700053561865,0.281692573402418,0.9719904648390941,0.43679700053561865
deepcrack_0213,ablation_fusion_max_v2,deepcrack,oracle_gt_prompt_gt_alignment,0.5949455459368891,0.7460386938632584,0.6268020005884084,0.9212972972972973,0.7460386938632584
deepcrack_0214,ablation_fusion_max_v2,deepcrack,oracle_gt_prompt_gt_alignment,0.4902081537135115,0.6579056120340524,0.501007049345418,0.9578820697954272,0.6579056120340524
deepcrack_0215,ablation_fusion_max_v2,deepcrack,oracle_gt_prompt_gt_alignment,0.6617336152219874,0.7964376590330788,0.7349574405635456,0.8691426587990281,0.7964376590330788
deepcrack_0216,ablation_fusion_max_v2,deepcrack,oracle_gt_prompt_gt_alignment,0.7008642765685019,0.8241272231109438,0.7479077711357813,0.9176445934618609,0.8241272231109438
deepcrack_0217,ablation_fusion_max_v2,deepcrack,oracle_gt_prompt_gt_alignment,0.6784041350347279,0.8083918775863729,0.6815968841285297,0.9931425868999764,0.8083918775863728
deepcrack_0218,ablation_fusion_max_v2,deepcrack,oracle_gt_prompt_gt_alignment,0.683719281663516,0.8121535330853975,0.7047004383828543,0.9582712369597616,0.8121535330853976
deepcrack_0219,ablation_fusion_max_v2,deepcrack,oracle_gt_prompt_gt_alignment,0.4871469949312093,0.6551430310407791,0.5067796610169492,0.9263339070567986,0.6551430310407791
deepcrack_0220,ablation_fusion_max_v2,deepcrack,oracle_gt_prompt_gt_alignment,0.6276633734079277,0.7712446979669446,0.6333933933933934,0.9857917367732286,0.7712446979669445
deepcrack_0221,ablation_fusion_max_v2,deepcrack,oracle_gt_prompt_gt_alignment,0.7290145985401459,0.8432717678100264,0.7577050734945472,0.9506246281975015,0.8432717678100264
deepcrack_0222,ablation_fusion_max_v2,deepcrack,oracle_gt_prompt_gt_alignment,0.7043586164107337,0.826538041499818,0.71287284144427,0.9833261152013859,0.826538041499818
deepcrack_0223,ablation_fusion_max_v2,deepcrack,oracle_gt_prompt_gt_alignment,0.645728911165618,0.7847330222913427,0.6533232628398792,0.9823166774821545,0.7847330222913427
deepcrack_0224,ablation_fusion_max_v2,deepcrack,oracle_gt_prompt_gt_alignment,0.6396257697773567,0.7802094618996027,0.6720169217369665,0.9299242424242424,0.7802094618996027
deepcrack_0225,ablation_fusion_max_v2,deepcrack,oracle_gt_prompt_gt_alignment,0.2150096525096525,0.35392254220456804,0.2512690355329949,0.5983881799865681,0.353922542204568
deepcrack_0226,ablation_fusion_max_v2,deepcrack,oracle_gt_prompt_gt_alignment,0.3914831130690162,0.5626846770789362,0.4096496619545175,0.8982479784366577,0.5626846770789362
deepcrack_0227,ablation_fusion_max_v2,deepcrack,oracle_gt_prompt_gt_alignment,0.7716555946333203,0.8711124182045438,0.7773258102611206,0.9906354515050168,0.8711124182045439
deepcrack_0228,ablation_fusion_max_v2,deepcrack,oracle_gt_prompt_gt_alignment,0.7021693976459727,0.8250288116059928,0.7097037555400046,0.9851060385300308,0.8250288116059928
deepcrack_0229,ablation_fusion_max_v2,deepcrack,oracle_gt_prompt_gt_alignment,0.7612249597052728,0.8644267224473787,0.7668754349338901,0.9904134212103056,0.8644267224473788
deepcrack_0230,ablation_fusion_max_v2,deepcrack,oracle_gt_prompt_gt_alignment,0.9235986012503974,0.9602820470445657,0.944209728090131,0.9769110065007846,0.9602820470445655
deepcrack_0231,ablation_fusion_max_v2,deepcrack,oracle_gt_prompt_gt_alignment,0.7978056426332288,0.8875326939843069,0.8118022328548644,0.9788461538461538,0.8875326939843068
deepcrack_0232,ablation_fusion_max_v2,deepcrack,oracle_gt_prompt_gt_alignment,0.6458513396715644,0.7848234212944729,0.6479514415781487,0.9950066577896138,0.7848234212944728
deepcrack_0233,ablation_fusion_max_v2,deepcrack,oracle_gt_prompt_gt_alignment,0.8765489611478617,0.9342137927610347,0.9356539035305818,0.9327781082688875,0.9342137927610347
deepcrack_0234,ablation_fusion_max_v2,deepcrack,oracle_gt_prompt_gt_alignment,0.8725668596636339,0.9319473482729174,0.9924114142364377,0.8784278894193405,0.9319473482729174
deepcrack_0235,ablation_fusion_max_v2,deepcrack,oracle_gt_prompt_gt_alignment,0.9227456258411844,0.9598208035839283,0.9884089729542702,0.9328398824425819,0.9598208035839283
deepcrack_0236,ablation_fusion_max_v2,deepcrack,oracle_gt_prompt_gt_alignment,0.8207410901158506,0.9015461831134137,0.9978496165149452,0.8221953164220536,0.9015461831134137
deepcrack_0000,ablation_fusion_mean_v2,deepcrack,oracle_gt_prompt_gt_alignment,0.5890388413429888,0.7413775245986536,0.6093989443214711,0.9463246959280803,0.7413775245986535
deepcrack_0001,ablation_fusion_mean_v2,deepcrack,oracle_gt_prompt_gt_alignment,0.6766640563821457,0.8071552005978235,0.709616490104295,0.935780810049816,0.8071552005978235
deepcrack_0002,ablation_fusion_mean_v2,deepcrack,oracle_gt_prompt_gt_alignment,0.7058549825513765,0.8275673955539392,0.7277524586231711,0.9591148577449947,0.8275673955539392
deepcrack_0003,ablation_fusion_mean_v2,deepcrack,oracle_gt_prompt_gt_alignment,0.5452089849303383,0.7056766951881498,0.5957281553398058,0.8653954642897439,0.7056766951881498
deepcrack_0004,ablation_fusion_mean_v2,deepcrack,oracle_gt_prompt_gt_alignment,0.6481802426343154,0.786540483701367,0.8411764705882353,0.7385690414704542,0.786540483701367
deepcrack_0005,ablation_fusion_mean_v2,deepcrack,oracle_gt_prompt_gt_alignment,0.6776315789473685,0.807843137254902,0.7586402266288952,0.8638709677419355,0.807843137254902
deepcrack_0006,ablation_fusion_mean_v2,deepcrack,oracle_gt_prompt_gt_alignment,0.5661697036628014,0.7229991773416382,0.7442535688361964,0.7029250457038391,0.7229991773416383
deepcrack_0007,ablation_fusion_mean_v2,deepcrack,oracle_gt_prompt_gt_alignment,0.7205907031381105,0.8376085048278553,0.8596596596596596,0.8166603271205781,0.8376085048278552
deepcrack_0008,ablation_fusion_mean_v2,deepcrack,oracle_gt_prompt_gt_alignment,0.7430841671571513,0.8526084754347459,0.9046936581870297,0.8061941251596424,0.8526084754347459
deepcrack_0009,ablation_fusion_mean_v2,deepcrack,oracle_gt_prompt_gt_alignment,0.6574553828439839,0.7933310177144842,0.7862306368330465,0.8005608131791097,0.7933310177144842
deepcrack_0010,ablation_fusion_mean_v2,deepcrack,oracle_gt_prompt_gt_alignment,0.5389432485322896,0.7004069175991862,0.8325272067714631,0.6044776119402985,0.7004069175991862
deepcrack_0011,ablation_fusion_mean_v2,deepcrack,oracle_gt_prompt_gt_alignment,0.7285589899869395,0.8429668807454981,0.7957679505468378,0.8961178045515394,0.842966880745498
deepcrack_0012,ablation_fusion_mean_v2,deepcrack,oracle_gt_prompt_gt_alignment,0.5208435507601765,0.6849403418252177,0.976551724137931,0.5274397814750434,0.6849403418252177
deepcrack_0013,ablation_fusion_mean_v2,deepcrack,oracle_gt_prompt_gt_alignment,0.5847105984949715,0.7379399103537034,0.9398598236491069,0.6074377146197122,0.7379399103537034
deepcrack_0014,ablation_fusion_mean_v2,deepcrack,oracle_gt_prompt_gt_alignment,0.3481374321880651,0.5164717244339522,0.556737998843262,0.48163714600220153,0.5164717244339522
deepcrack_0015,ablation_fusion_mean_v2,deepcrack,oracle_gt_prompt_gt_alignment,0.4343555822810182,0.6056456120737842,0.9739325842696629,0.4394646116406408,0.6056456120737842
deepcrack_0016,ablation_fusion_mean_v2,deepcrack,oracle_gt_prompt_gt_alignment,0.33444094877867725,0.5012450331125827,0.5689116055321708,0.4479640151515151,0.5012450331125827
deepcrack_0017,ablation_fusion_mean_v2,deepcrack,oracle_gt_prompt_gt_alignment,0.24330825919279087,0.3913884708700593,0.8960765011953312,0.2503732809430255,0.39138847087005924
deepcrack_0018,ablation_fusion_mean_v2,deepcrack,oracle_gt_prompt_gt_alignment,0.4953255788672682,0.6624986369088728,0.828831286948613,0.5517679825623638,0.6624986369088728
deepcrack_0019,ablation_fusion_mean_v2,deepcrack,oracle_gt_prompt_gt_alignment,0.433511303912572,0.604824395495679,0.9765103824109743,0.4380795818580341,0.604824395495679
deepcrack_0020,ablation_fusion_mean_v2,deepcrack,oracle_gt_prompt_gt_alignment,0.6179308050565535,0.7638531921455741,0.9501278772378516,0.6386453498366855,0.7638531921455741
deepcrack_0021,ablation_fusion_mean_v2,deepcrack,oracle_gt_prompt_gt_alignment,0.7129646754207509,0.8324335996545023,0.9336401065633325,0.7510227936879018,0.8324335996545024
deepcrack_0022,ablation_fusion_mean_v2,deepcrack,oracle_gt_prompt_gt_alignment,0.532191646512844,0.6946802610810119,0.9710196779964222,0.5407810839532412,0.6946802610810118
deepcrack_0023,ablation_fusion_mean_v2,deepcrack,oracle_gt_prompt_gt_alignment,0.6599244547337638,0.7951258900389048,0.935002157962883,0.6916544281974332,0.7951258900389048
deepcrack_0024,ablation_fusion_mean_v2,deepcrack,oracle_gt_prompt_gt_alignment,0.4819549873485151,0.650431344356578,0.9283057586251122,0.500587869147244,0.650431344356578
deepcrack_0025,ablation_fusion_mean_v2,deepcrack,oracle_gt_prompt_gt_alignment,0.6778876834716018,0.8080251022154606,0.7676603432700994,0.8528703331995182,0.8080251022154606
deepcrack_0026,ablation_fusion_mean_v2,deepcrack,oracle_gt_prompt_gt_alignment,0.6344947735191637,0.7763803027073118,0.9118678017025539,0.6759465478841871,0.7763803027073118
deepcrack_0027,ablation_fusion_mean_v2,deepcrack,oracle_gt_prompt_gt_alignment,0.4775613886536833,0.6464183381088825,0.4792522305622433,0.9926664711058961,0.6464183381088825
deepcrack_0028,ablation_fusion_mean_v2,deepcrack,oracle_gt_prompt_gt_alignment,0.5678891134854173,0.724399587446589,0.6880554194947869,0.7647973866376293,0.724399587446589
deepcrack_0029,ablation_fusion_mean_v2,deepcrack,oracle_gt_prompt_gt_alignment,0.6385459103729239,0.7794055770187048,0.9912434325744308,0.6421682949889694,0.7794055770187047
deepcrack_0030,ablation_fusion_mean_v2,deepcrack,oracle_gt_prompt_gt_alignment,0.6075825979889186,0.7558959629806925,0.9999155690645052,0.6076137704581602,0.7558959629806925
deepcrack_0031,ablation_fusion_mean_v2,deepcrack,oracle_gt_prompt_gt_alignment,0.8825828061034611,0.9376297321340318,0.9989469250210615,0.8834047308623579,0.9376297321340319
deepcrack_0032,ablation_fusion_mean_v2,deepcrack,oracle_gt_prompt_gt_alignment,0.6278072682727643,0.7713533174463816,0.6641468682505399,0.9198324857912055,0.7713533174463815
deepcrack_0033,ablation_fusion_mean_v2,deepcrack,oracle_gt_prompt_gt_alignment,0.8013497144834747,0.8897214217098943,0.8500367107195301,0.9332930270052399,0.8897214217098944
deepcrack_0034,ablation_fusion_mean_v2,deepcrack,oracle_gt_prompt_gt_alignment,0.7453857075248462,0.85412147505423,0.7661748013620885,0.9648764549724321,0.85412147505423
deepcrack_0035,ablation_fusion_mean_v2,deepcrack,oracle_gt_prompt_gt_alignment,0.5977011494252874,0.7482014388489209,0.6852559205500381,0.8238805970149253,0.7482014388489208
deepcrack_0036,ablation_fusion_mean_v2,deepcrack,oracle_gt_prompt_gt_alignment,0.6668359573387507,0.8001218769043267,1.0,0.6668359573387507,0.8001218769043266
deepcrack_0037,ablation_fusion_mean_v2,deepcrack,oracle_gt_prompt_gt_alignment,0.4886807985182136,0.6565286514135619,0.9877287853577371,0.4916658039134486,0.6565286514135619
deepcrack_0038,ablation_fusion_mean_v2,deepcrack,oracle_gt_prompt_gt_alignment,0.4506601806810285,0.6213173652694611,0.9957773512476008,0.4515230635335074,0.6213173652694611
deepcrack_0039,ablation_fusion_mean_v2,deepcrack,oracle_gt_prompt_gt_alignment,0.19793255380443991,0.3304569246003678,0.8185822987585102,0.20701354601848335,0.3304569246003678
deepcrack_0040,ablation_fusion_mean_v2,deepcrack,oracle_gt_prompt_gt_alignment,0.6638028487451956,0.7979345019703764,0.7062785662737551,0.9169269206745784,0.7979345019703763
deepcrack_0041,ablation_fusion_mean_v2,deepcrack,oracle_gt_prompt_gt_alignment,0.6761755485893417,0.8068075556386759,0.9707470747074708,0.69024,0.8068075556386758
deepcrack_0042,ablation_fusion_mean_v2,deepcrack,oracle_gt_prompt_gt_alignment,0.38557396276205835,0.5565548619193736,0.9289347273241029,0.39729296957612015,0.5565548619193735
deepcrack_0043,ablation_fusion_mean_v2,deepcrack,oracle_gt_prompt_gt_alignment,0.6192680457109793,0.7648740396641057,0.9562206834934107,0.637338097364895,0.7648740396641056
deepcrack_0044,ablation_fusion_mean_v2,deepcrack,oracle_gt_prompt_gt_alignment,0.7302060275838583,0.8440682970033951,0.9771018455228981,0.7429190125595496,0.8440682970033953
deepcrack_0045,ablation_fusion_mean_v2,deepcrack,oracle_gt_prompt_gt_alignment,0.8286219081272085,0.9062801932367149,0.8497916289182823,0.9708134961705651,0.906280193236715
deepcrack_0046,ablation_fusion_mean_v2,deepcrack,oracle_gt_prompt_gt_alignment,0.662829798241076,0.7972310803453372,0.6894000538068334,0.9450488659413608,0.7972310803453372
deepcrack_0047,ablation_fusion_mean_v2,deepcrack,oracle_gt_prompt_gt_alignment,0.5171728640363327,0.6817586529466791,0.6130551816958277,0.7678044669195112,0.6817586529466791
deepcrack_0048,ablation_fusion_mean_v2,deepcrack,oracle_gt_prompt_gt_alignment,0.6212828704841484,0.7664089737759587,0.6318420394901275,0.9738058551617874,0.7664089737759588
deepcrack_0049,ablation_fusion_mean_v2,deepcrack,oracle_gt_prompt_gt_alignment,0.8161579892280072,0.8987742190589165,0.8375092114959469,0.9697098976109215,0.8987742190589166
deepcrack_0050,ablation_fusion_mean_v2,deepcrack,oracle_gt_prompt_gt_alignment,0.7614908662345315,0.8645981433469934,0.7797556192487555,0.9701576576576577,0.8645981433469934
deepcrack_0051,ablation_fusion_mean_v2,deepcrack,oracle_gt_prompt_gt_alignment,0.5356600910470409,0.6976284584980237,0.5427985648385444,0.976036866359447,0.6976284584980239
deepcrack_0052,ablation_fusion_mean_v2,deepcrack,oracle_gt_prompt_gt_alignment,0.7988789976920541,0.8881964809384164,0.8090150250417363,0.9845591223080049,0.8881964809384164
deepcrack_0053,ablation_fusion_mean_v2,deepcrack,oracle_gt_prompt_gt_alignment,0.8231801755291688,0.9030157157015433,0.8677551020408163,0.9412632821723731,0.9030157157015433
deepcrack_0054,ablation_fusion_mean_v2,deepcrack,oracle_gt_prompt_gt_alignment,0.8207113476893297,0.9015282392026578,0.8690750704586215,0.9364991717283269,0.9015282392026578
deepcrack_0055,ablation_fusion_mean_v2,deepcrack,oracle_gt_prompt_gt_alignment,0.7143635868083946,0.8333863275039746,0.9223189935779009,0.7600957007177553,0.8333863275039746
deepcrack_0056,ablation_fusion_mean_v2,deepcrack,oracle_gt_prompt_gt_alignment,0.5216384121301464,0.6856272922289115,0.6064389766189252,0.7886023559375995,0.6856272922289115
deepcrack_0057,ablation_fusion_mean_v2,deepcrack,oracle_gt_prompt_gt_alignment,0.5239575239575239,0.6876274643099932,0.5627260083449235,0.8837920489296636,0.6876274643099931
deepcrack_0058,ablation_fusion_mean_v2,deepcrack,oracle_gt_prompt_gt_alignment,0.36669213139801377,0.5366126327557295,0.37238169123351433,0.96,0.5366126327557295
deepcrack_0059,ablation_fusion_mean_v2,deepcrack,oracle_gt_prompt_gt_alignment,0.8096900544959128,0.8948383757587164,0.9216826596878938,0.8695135332845647,0.8948383757587164
deepcrack_0060,ablation_fusion_mean_v2,deepcrack,oracle_gt_prompt_gt_alignment,0.7457173447537473,0.8543391597669426,0.9503342884431709,0.7759581105169341,0.8543391597669426
deepcrack_0061,ablation_fusion_mean_v2,deepcrack,oracle_gt_prompt_gt_alignment,0.7785391079508727,0.875481573017373,0.9814211212516297,0.7901850150898833,0.8754815730173731
deepcrack_0062,ablation_fusion_mean_v2,deepcrack,oracle_gt_prompt_gt_alignment,0.7102082196053966,0.8305517555859553,0.8589078562670942,0.8040081221859274,0.8305517555859553
deepcrack_0063,ablation_fusion_mean_v2,deepcrack,oracle_gt_prompt_gt_alignment,0.7313335507010108,0.8448210922787194,0.857579812655324,0.8324364446093895,0.8448210922787194
deepcrack_0064,ablation_fusion_mean_v2,deepcrack,oracle_gt_prompt_gt_alignment,0.6557528245330874,0.7920902381283944,0.8281887012230634,0.7590072057646117,0.7920902381283943
deepcrack_0065,ablation_fusion_mean_v2,deepcrack,oracle_gt_prompt_gt_alignment,0.5858042994810971,0.7388103307233843,0.7673261318121131,0.712338028169014,0.7388103307233842
deepcrack_0066,ablation_fusion_mean_v2,deepcrack,oracle_gt_prompt_gt_alignment,0.5536404817147277,0.7127008960318589,0.736695089679506,0.6902203856749312,0.7127008960318589
deepcrack_0067,ablation_fusion_mean_v2,deepcrack,oracle_gt_prompt_gt_alignment,0.7741609527246481,0.8727065619787641,0.8157274317438589,0.9382435269419174,0.8727065619787641
deepcrack_0068,ablation_fusion_mean_v2,deepcrack,oracle_gt_prompt_gt_alignment,0.6731714583643676,0.8046652421652422,0.681804465902233,0.981537793223284,0.804665242165242
deepcrack_0069,ablation_fusion_mean_v2,deepcrack,oracle_gt_prompt_gt_alignment,0.5623707787732598,0.7198941332157036,0.5682451253481894,0.9819494584837545,0.7198941332157035
deepcrack_0070,ablation_fusion_mean_v2,deepcrack,oracle_gt_prompt_gt_alignment,0.7453188894468756,0.8540776060506412,0.779311379491411,0.9447121942347914,0.8540776060506413
deepcrack_0071,ablation_fusion_mean_v2,deepcrack,oracle_gt_prompt_gt_alignment,0.738110964332893,0.8493254797643929,0.764102564102564,0.955945252352438,0.849325479764393
deepcrack_0072,ablation_fusion_mean_v2,deepcrack,oracle_gt_prompt_gt_alignment,0.7032958629655119,0.8258058723175002,0.7139973604533809,0.9791333972106888,0.8258058723175002
deepcrack_0073,ablation_fusion_mean_v2,deepcrack,oracle_gt_prompt_gt_alignment,0.5197720236419927,0.6840131487568869,0.5266272189349113,0.975567881669308,0.6840131487568869
deepcrack_0074,ablation_fusion_mean_v2,deepcrack,oracle_gt_prompt_gt_alignment,0.7476253702379736,0.8555899713634504,0.7853234631477309,0.9396662387676509,0.8555899713634505
deepcrack_0075,ablation_fusion_mean_v2,deepcrack,oracle_gt_prompt_gt_alignment,0.6336383944656626,0.7757388619320689,0.6465441176470588,0.9694597574421169,0.7757388619320688
deepcrack_0076,ablation_fusion_mean_v2,deepcrack,oracle_gt_prompt_gt_alignment,0.752410127038472,0.8587146529562982,0.7669207457066765,0.9754701553556827,0.8587146529562982
deepcrack_0077,ablation_fusion_mean_v2,deepcrack,oracle_gt_prompt_gt_alignment,0.5924294726818236,0.7440574076842578,0.6010143702451395,0.9764567392583873,0.7440574076842577
deepcrack_0078,ablation_fusion_mean_v2,deepcrack,oracle_gt_prompt_gt_alignment,0.6026541764246682,0.7520701412566975,0.6117274167987322,0.9759797724399494,0.7520701412566975
deepcrack_0079,ablation_fusion_mean_v2,deepcrack,oracle_gt_prompt_gt_alignment,0.7387836490528414,0.8497706422018348,0.8372881355932204,0.8626309662398137,0.849770642201835
deepcrack_0080,ablation_fusion_mean_v2,deepcrack,oracle_gt_prompt_gt_alignment,0.7331506849315068,0.84603224786595,0.8691133484897694,0.8241453649522636,0.84603224786595
deepcrack_0081,ablation_fusion_mean_v2,deepcrack,oracle_gt_prompt_gt_alignment,0.8157983952989039,0.898556136420214,0.9656233279828785,0.8402001862197392,0.898556136420214
deepcrack_0082,ablation_fusion_mean_v2,deepcrack,oracle_gt_prompt_gt_alignment,0.7343023830712944,0.846798563202007,0.9644155844155844,0.7547514991360911,0.846798563202007
deepcrack_0083,ablation_fusion_mean_v2,deepcrack,oracle_gt_prompt_gt_alignment,0.7324347272341328,0.8455553513447283,0.9279279279279279,0.7766148998424488,0.8455553513447283
deepcrack_0084,ablation_fusion_mean_v2,deepcrack,oracle_gt_prompt_gt_alignment,0.8674924534193817,0.9290452037233153,0.9397834912043301,0.9185495425989199,0.9290452037233152
deepcrack_0085,ablation_fusion_mean_v2,deepcrack,oracle_gt_prompt_gt_alignment,0.7591854051760712,0.8631101678564538,0.9686045252787702,0.7783384080034798,0.8631101678564538
deepcrack_0086,ablation_fusion_mean_v2,deepcrack,oracle_gt_prompt_gt_alignment,0.8161354581673307,0.8987605572008336,0.9407577497129735,0.8603527929441411,0.8987605572008335
deepcrack_0087,ablation_fusion_mean_v2,deepcrack,oracle_gt_prompt_gt_alignment,0.7655749377002492,0.8672245186006654,0.906618887015177,0.8311111111111111,0.8672245186006653
deepcrack_0088,ablation_fusion_mean_v2,deepcrack,oracle_gt_prompt_gt_alignment,0.7982937233394272,0.8878346323280244,0.9506531204644412,0.8328035600762873,0.8878346323280244
deepcrack_0089,ablation_fusion_mean_v2,deepcrack,oracle_gt_prompt_gt_alignment,0.6309698451507743,0.7737357585448731,0.7496127033307514,0.7994630318050392,0.773735758544873
deepcrack_0090,ablation_fusion_mean_v2,deepcrack,oracle_gt_prompt_gt_alignment,0.5961999315302978,0.7470241286863271,0.8145463049579046,0.6898395721925134,0.7470241286863271
deepcrack_0091,ablation_fusion_mean_v2,deepcrack,oracle_gt_prompt_gt_alignment,0.6403365906623235,0.780738044017872,0.9742566079295154,0.6513575701794754,0.780738044017872
deepcrack_0092,ablation_fusion_mean_v2,deepcrack,oracle_gt_prompt_gt_alignment,0.5615731785944552,0.7192402972749794,0.9759103641456582,0.569467146126185,0.7192402972749793
deepcrack_0093,ablation_fusion_mean_v2,deepcrack,oracle_gt_prompt_gt_alignment,0.7709686803064094,0.8706745510293473,0.9864764267990075,0.779204233633869,0.8706745510293473
deepcrack_0094,ablation_fusion_mean_v2,deepcrack,oracle_gt_prompt_gt_alignment,0.5919768702565956,0.743700340522134,0.9289224952741021,0.6200630914826498,0.743700340522134
deepcrack_0095,ablation_fusion_mean_v2,deepcrack,oracle_gt_prompt_gt_alignment,0.6410919912019666,0.7812992746767581,0.9284242083567548,0.674424935347761,0.7812992746767582
deepcrack_0096,ablation_fusion_mean_v2,deepcrack,oracle_gt_prompt_gt_alignment,0.7972334962312598,0.8871785418010877,0.9187667048491791,0.8576902512921047,0.8871785418010877
deepcrack_0097,ablation_fusion_mean_v2,deepcrack,oracle_gt_prompt_gt_alignment,0.7600104230000868,0.8636430933228051,0.948509485094851,0.792716071752129,0.863643093322805
deepcrack_0098,ablation_fusion_mean_v2,deepcrack,oracle_gt_prompt_gt_alignment,0.774293858512568,0.8727910033591354,0.9271824575920563,0.8244274809160306,0.8727910033591354
deepcrack_0099,ablation_fusion_mean_v2,deepcrack,oracle_gt_prompt_gt_alignment,0.7907053394858273,0.8831216639057611,0.9001031798142763,0.866769036220757,0.8831216639057612
deepcrack_0100,ablation_fusion_mean_v2,deepcrack,oracle_gt_prompt_gt_alignment,0.7892502335059862,0.882213363705391,0.9397432008896976,0.8313209909668187,0.8822133637053909
deepcrack_0101,ablation_fusion_mean_v2,deepcrack,oracle_gt_prompt_gt_alignment,0.6037293303623783,0.7529067641681901,0.6439829872404303,0.9061784897025171,0.7529067641681901
deepcrack_0102,ablation_fusion_mean_v2,deepcrack,oracle_gt_prompt_gt_alignment,0.7497343879116988,0.85696936985562,0.822881575537704,0.8940033783783784,0.8569693698556201
deepcrack_0103,ablation_fusion_mean_v2,deepcrack,oracle_gt_prompt_gt_alignment,0.8943310657596372,0.9442183385204692,0.9586776859504132,0.930188679245283,0.9442183385204692
deepcrack_0104,ablation_fusion_mean_v2,deepcrack,oracle_gt_prompt_gt_alignment,0.9245606515216459,0.9608017817371938,0.9899036255162919,0.9333621808740805,0.9608017817371938
deepcrack_0105,ablation_fusion_mean_v2,deepcrack,oracle_gt_prompt_gt_alignment,0.8589106400243433,0.9241010530910678,0.999291951852726,0.8594336750228356,0.9241010530910678
deepcrack_0106,ablation_fusion_mean_v2,deepcrack,oracle_gt_prompt_gt_alignment,0.8963259722493648,0.9453290049981965,0.9957663916630481,0.8997547817557626,0.9453290049981964
deepcrack_0107,ablation_fusion_mean_v2,deepcrack,oracle_gt_prompt_gt_alignment,0.6771449704142012,0.807497243660419,0.6973909731479718,0.9588897617177271,0.807497243660419
deepcrack_0108,ablation_fusion_mean_v2,deepcrack,oracle_gt_prompt_gt_alignment,0.6310018903591682,0.7737598516458044,0.640937019969278,0.9760233918128655,0.7737598516458044
deepcrack_0109,ablation_fusion_mean_v2,deepcrack,oracle_gt_prompt_gt_alignment,0.7826792414562418,0.8780931793617385,1.0,0.7826792414562418,0.8780931793617385
deepcrack_0110,ablation_fusion_mean_v2,deepcrack,oracle_gt_prompt_gt_alignment,0.7578265858056057,0.8622313394563849,1.0,0.7578265858056057,0.862231339456385
deepcrack_0111,ablation_fusion_mean_v2,deepcrack,oracle_gt_prompt_gt_alignment,0.6174618170366871,0.7634947675833537,0.9915297092288242,0.6207360506529481,0.7634947675833534
deepcrack_0112,ablation_fusion_mean_v2,deepcrack,oracle_gt_prompt_gt_alignment,0.6593742648788521,0.7947263963708534,0.9958550450023685,0.6611888661739267,0.7947263963708535
deepcrack_0113,ablation_fusion_mean_v2,deepcrack,oracle_gt_prompt_gt_alignment,0.874345100060122,0.9329606378591394,0.9417206290471786,0.924362117497503,0.9329606378591394
deepcrack_0114,ablation_fusion_mean_v2,deepcrack,oracle_gt_prompt_gt_alignment,0.8821214713430282,0.9373693300609035,0.9254240330252176,0.949627037480431,0.9373693300609036
deepcrack_0115,ablation_fusion_mean_v2,deepcrack,oracle_gt_prompt_gt_alignment,0.8405228758169935,0.9133522727272727,0.9672405147919104,0.8651517416654209,0.9133522727272727
deepcrack_0116,ablation_fusion_mean_v2,deepcrack,oracle_gt_prompt_gt_alignment,0.8123578975524943,0.8964652055198878,0.902660127805023,0.8903547346819115,0.8964652055198878
deepcrack_0117,ablation_fusion_mean_v2,deepcrack,oracle_gt_prompt_gt_alignment,0.8163012729844413,0.8988610921833934,0.9057381069151544,0.8920877209931407,0.8988610921833933
deepcrack_0118,ablation_fusion_mean_v2,deepcrack,oracle_gt_prompt_gt_alignment,0.5297656744775174,0.6926102256261644,0.6131574124977094,0.7957193816884661,0.6926102256261644
deepcrack_0119,ablation_fusion_mean_v2,deepcrack,oracle_gt_prompt_gt_alignment,0.8106567534076827,0.8954284150013687,0.9337710533828147,0.860110439127005,0.8954284150013686
deepcrack_0120,ablation_fusion_mean_v2,deepcrack,oracle_gt_prompt_gt_alignment,0.7252617608022416,0.8407556201384734,0.9323222748815165,0.7655666251556662,0.8407556201384732
deepcrack_0121,ablation_fusion_mean_v2,deepcrack,oracle_gt_prompt_gt_alignment,0.7796019900497513,0.87615320100643,0.9639122411318434,0.8030406559617356,0.87615320100643
deepcrack_0122,ablation_fusion_mean_v2,deepcrack,oracle_gt_prompt_gt_alignment,0.7896042674606129,0.8824344932760294,0.9298758217677137,0.8395989974937343,0.8824344932760294
deepcrack_0123,ablation_fusion_mean_v2,deepcrack,oracle_gt_prompt_gt_alignment,0.7759834368530021,0.8738633714152483,0.9682252647894601,0.7962608880390907,0.8738633714152483
deepcrack_0124,ablation_fusion_mean_v2,deepcrack,oracle_gt_prompt_gt_alignment,0.8057387274995544,0.8924200552704303,0.8502915177731803,0.9389408099688473,0.8924200552704302
deepcrack_0125,ablation_fusion_mean_v2,deepcrack,oracle_gt_prompt_gt_alignment,0.7699256110520722,0.8700090063044131,0.8310074555534315,0.9128517429651407,0.870009006304413
deepcrack_0126,ablation_fusion_mean_v2,deepcrack,oracle_gt_prompt_gt_alignment,0.8066585554695277,0.892983959838374,0.9726593758335557,0.8253734721593481,0.892983959838374
deepcrack_0127,ablation_fusion_mean_v2,deepcrack,oracle_gt_prompt_gt_alignment,0.7854974102518307,0.8798639591877563,0.9885367498314228,0.7927180966113915,0.8798639591877564
deepcrack_0128,ablation_fusion_mean_v2,deepcrack,oracle_gt_prompt_gt_alignment,0.7599897540983607,0.8636297482171446,0.9883411059293804,0.7668648229516671,0.8636297482171446
deepcrack_0129,ablation_fusion_mean_v2,deepcrack,oracle_gt_prompt_gt_alignment,0.7618677042801556,0.8648409893992933,0.9857027788964962,0.7703808624488511,0.8648409893992931
deepcrack_0130,ablation_fusion_mean_v2,deepcrack,oracle_gt_prompt_gt_alignment,0.8374336710082007,0.9115253347335258,0.9890610756608933,0.8452624403544649,0.9115253347335258
deepcrack_0131,ablation_fusion_mean_v2,deepcrack,oracle_gt_prompt_gt_alignment,0.6608733624454148,0.795814271441342,0.9994716682076344,0.6611043159182247,0.795814271441342
deepcrack_0132,ablation_fusion_mean_v2,deepcrack,oracle_gt_prompt_gt_alignment,0.7967420814479638,0.8868741815251334,0.9501402978631556,0.831507366830374,0.8868741815251334
deepcrack_0133,ablation_fusion_mean_v2,deepcrack,oracle_gt_prompt_gt_alignment,0.846412791920892,0.9168185961713765,0.8857331571994715,0.9501653282947568,0.9168185961713765
deepcrack_0134,ablation_fusion_mean_v2,deepcrack,oracle_gt_prompt_gt_alignment,0.40374220374220376,0.5752369668246445,0.40947427607534437,0.9664897146648972,0.5752369668246446
deepcrack_0135,ablation_fusion_mean_v2,deepcrack,oracle_gt_prompt_gt_alignment,0.5294781382228491,0.6923644411656216,0.540454938093867,0.9630579784504875,0.6923644411656216
deepcrack_0136,ablation_fusion_mean_v2,deepcrack,oracle_gt_prompt_gt_alignment,0.738574473123372,0.8496322527921547,0.9716510903426792,0.754840271055179,0.8496322527921547
deepcrack_0137,ablation_fusion_mean_v2,deepcrack,oracle_gt_prompt_gt_alignment,0.4802106335994564,0.6488409456047739,0.4926374488106648,0.9500924214417745,0.6488409456047739
deepcrack_0138,ablation_fusion_mean_v2,deepcrack,oracle_gt_prompt_gt_alignment,0.6678043230944255,0.800818553888131,0.6954976303317536,0.9437299035369775,0.8008185538881311
deepcrack_0139,ablation_fusion_mean_v2,deepcrack,oracle_gt_prompt_gt_alignment,0.720425343376163,0.837496780839557,0.8726687240037568,0.80505012996658,0.837496780839557
deepcrack_0140,ablation_fusion_mean_v2,deepcrack,oracle_gt_prompt_gt_alignment,0.7473768362146498,0.8554271989019787,0.784373361300472,0.9406363979373664,0.8554271989019787
deepcrack_0141,ablation_fusion_mean_v2,deepcrack,oracle_gt_prompt_gt_alignment,0.7717429889953852,0.8711681025846524,0.7824835032993401,0.9825248568846038,0.8711681025846524
deepcrack_0142,ablation_fusion_mean_v2,deepcrack,oracle_gt_prompt_gt_alignment,0.751131221719457,0.8578811369509044,0.7629813664596273,0.9797415855798373,0.8578811369509044
deepcrack_0143,ablation_fusion_mean_v2,deepcrack,oracle_gt_prompt_gt_alignment,0.6850409426802476,0.8130852198648809,0.7107335267302114,0.9498753807809471,0.8130852198648808
deepcrack_0144,ablation_fusion_mean_v2,deepcrack,oracle_gt_prompt_gt_alignment,0.5302657480314961,0.6930374658305194,0.5489047376464595,0.9398168338421282,0.6930374658305193
deepcrack_0145,ablation_fusion_mean_v2,deepcrack,oracle_gt_prompt_gt_alignment,0.5679624664879357,0.724459263058904,0.5906049623640925,0.9367676321025867,0.7244592630589041
deepcrack_0146,ablation_fusion_mean_v2,deepcrack,oracle_gt_prompt_gt_alignment,0.7711480362537765,0.8707889125799574,0.7857875833760903,0.9764105833598979,0.8707889125799574
deepcrack_0147,ablation_fusion_mean_v2,deepcrack,oracle_gt_prompt_gt_alignment,0.7872594558725946,0.880968292864038,0.9738959120013134,0.8042299349240781,0.880968292864038
deepcrack_0148,ablation_fusion_mean_v2,deepcrack,oracle_gt_prompt_gt_alignment,0.7491059147180192,0.8565586662472475,0.8058597218111867,0.914065122524337,0.8565586662472475
deepcrack_0149,ablation_fusion_mean_v2,deepcrack,oracle_gt_prompt_gt_alignment,0.8125,0.896551724137931,0.8717001055966209,0.9228619340413639,0.896551724137931
deepcrack_0150,ablation_fusion_mean_v2,deepcrack,oracle_gt_prompt_gt_alignment,0.6889489551928475,0.8158315893142928,0.7359244863964464,0.9152050821709709,0.8158315893142927
deepcrack_0151,ablation_fusion_mean_v2,deepcrack,oracle_gt_prompt_gt_alignment,0.7251787132644957,0.8406998158379374,0.8295475195347992,0.8521560574948666,0.8406998158379374
deepcrack_0152,ablation_fusion_mean_v2,deepcrack,oracle_gt_prompt_gt_alignment,0.6997239935281241,0.8233383728092278,0.870574304322084,0.78096452092628,0.8233383728092278
deepcrack_0153,ablation_fusion_mean_v2,deepcrack,oracle_gt_prompt_gt_alignment,0.6858006042296072,0.8136200716845878,0.9082595027150614,0.7368421052631579,0.8136200716845878
deepcrack_0154,ablation_fusion_mean_v2,deepcrack,oracle_gt_prompt_gt_alignment,0.6853593825373855,0.813309481216458,0.874711405263968,0.7599625568333779,0.8133094812164579
deepcrack_0155,ablation_fusion_mean_v2,deepcrack,oracle_gt_prompt_gt_alignment,0.798051948051948,0.8876850848681834,0.9514224888716857,0.8319512607886275,0.8876850848681834
deepcrack_0156,ablation_fusion_mean_v2,deepcrack,oracle_gt_prompt_gt_alignment,0.826463391680783,0.9049876339653751,0.8485024154589372,0.969529697504968,0.9049876339653751
deepcrack_0157,ablation_fusion_mean_v2,deepcrack,oracle_gt_prompt_gt_alignment,0.5858472580464281,0.7388444947316314,0.7277793257174701,0.7502513284503806,0.7388444947316314
deepcrack_0158,ablation_fusion_mean_v2,deepcrack,oracle_gt_prompt_gt_alignment,0.7514051015996541,0.8580597383362133,0.9049726633689144,0.8157709457873739,0.8580597383362133
deepcrack_0159,ablation_fusion_mean_v2,deepcrack,oracle_gt_prompt_gt_alignment,0.7478737478737478,0.8557525951557093,0.7661181026137464,0.9691403379867745,0.8557525951557092
deepcrack_0160,ablation_fusion_mean_v2,deepcrack,oracle_gt_prompt_gt_alignment,0.9112104758862983,0.953542780748663,0.994621246077992,0.9157228667064056,0.953542780748663
deepcrack_0161,ablation_fusion_mean_v2,deepcrack,oracle_gt_prompt_gt_alignment,0.9358530451579983,0.9668637270776067,0.9995717844908129,0.9362283964121636,0.9668637270776066
deepcrack_0162,ablation_fusion_mean_v2,deepcrack,oracle_gt_prompt_gt_alignment,0.8176326170312543,0.899667632908895,0.9991235758106923,0.8182194616977225,0.8996676329088951
deepcrack_0163,ablation_fusion_mean_v2,deepcrack,oracle_gt_prompt_gt_alignment,0.9200487189525425,0.9583597643860444,0.998395090866179,0.9214114571988673,0.9583597643860445
deepcrack_0164,ablation_fusion_mean_v2,deepcrack,oracle_gt_prompt_gt_alignment,0.9151227642797615,0.9556805248711254,0.9958144401813742,0.9186562841881717,0.9556805248711254
deepcrack_0165,ablation_fusion_mean_v2,deepcrack,oracle_gt_prompt_gt_alignment,0.8337123919682891,0.9093164180162302,0.9783437547658991,0.8493876199933796,0.9093164180162302
deepcrack_0166,ablation_fusion_mean_v2,deepcrack,oracle_gt_prompt_gt_alignment,0.9252280475444578,0.9611620282849553,0.9998008662318912,0.9253985807759654,0.9611620282849553
deepcrack_0167,ablation_fusion_mean_v2,deepcrack,oracle_gt_prompt_gt_alignment,0.6510098418769532,0.7886201830715335,0.9989979242717056,0.6514352392065345,0.7886201830715336
deepcrack_0168,ablation_fusion_mean_v2,deepcrack,oracle_gt_prompt_gt_alignment,0.7246115739698266,0.8403185794490142,0.7789881384652626,0.9121315192743764,0.8403185794490142
deepcrack_0169,ablation_fusion_mean_v2,deepcrack,oracle_gt_prompt_gt_alignment,0.6612695343966489,0.7961014401396499,0.9798281212699929,0.6703960800326664,0.7961014401396499
deepcrack_0170,ablation_fusion_mean_v2,deepcrack,oracle_gt_prompt_gt_alignment,0.6841684647966115,0.8124703426022587,0.9654900191722116,0.7013189153764233,0.8124703426022587
deepcrack_0171,ablation_fusion_mean_v2,deepcrack,oracle_gt_prompt_gt_alignment,0.7521526646497556,0.8585469517864258,0.8017861572810717,0.923956546598056,0.8585469517864259
deepcrack_0172,ablation_fusion_mean_v2,deepcrack,oracle_gt_prompt_gt_alignment,0.6206480177098007,0.7659257419595182,0.6601027397260274,0.9121561668145519,0.7659257419595183
deepcrack_0173,ablation_fusion_mean_v2,deepcrack,oracle_gt_prompt_gt_alignment,0.5646982478909799,0.7217982747179827,0.5969268761146934,0.9127333752884413,0.7217982747179829
deepcrack_0174,ablation_fusion_mean_v2,deepcrack,oracle_gt_prompt_gt_alignment,0.4896364254162419,0.6573905109489051,0.49030282408982645,0.9972318339100346,0.6573905109489051
deepcrack_0175,ablation_fusion_mean_v2,deepcrack,oracle_gt_prompt_gt_alignment,0.33184713375796177,0.4983261597321856,0.3328364565587734,0.9911223842739378,0.4983261597321856
deepcrack_0176,ablation_fusion_mean_v2,deepcrack,oracle_gt_prompt_gt_alignment,0.32601769911504425,0.49172450613988256,0.327874688501246,0.9829242262540021,0.49172450613988256
deepcrack_0177,ablation_fusion_mean_v2,deepcrack,oracle_gt_prompt_gt_alignment,0.4357329531955334,0.606983286447129,0.4403361344537815,0.9765708200212992,0.6069832864471288
deepcrack_0178,ablation_fusion_mean_v2,deepcrack,oracle_gt_prompt_gt_alignment,0.856887897378695,0.922929056286418,0.8986897519887693,0.9485121619953081,0.922929056286418
deepcrack_0179,ablation_fusion_mean_v2,deepcrack,oracle_gt_prompt_gt_alignment,0.6521913147888734,0.7894864341085271,0.8343573988735279,0.7491954022988506,0.7894864341085273
deepcrack_0180,ablation_fusion_mean_v2,deepcrack,oracle_gt_prompt_gt_alignment,0.9125138427464009,0.9542559351476549,0.954034965844622,0.9544770068342407,0.954255935147655
deepcrack_0181,ablation_fusion_mean_v2,deepcrack,oracle_gt_prompt_gt_alignment,0.7835455435847208,0.8786381109280615,0.8151620134501733,0.9528346831824679,0.8786381109280617
deepcrack_0182,ablation_fusion_mean_v2,deepcrack,oracle_gt_prompt_gt_alignment,0.8559391697492807,0.922378474144613,0.9030789245446661,0.9425209323376329,0.922378474144613
deepcrack_0183,ablation_fusion_mean_v2,deepcrack,oracle_gt_prompt_gt_alignment,0.7687976539589443,0.8692884143510843,0.835969387755102,0.9053736703964635,0.8692884143510844
deepcrack_0184,ablation_fusion_mean_v2,deepcrack,oracle_gt_prompt_gt_alignment,0.7457675480311965,0.8543721056932716,0.7966067255917911,0.9211701127819549,0.8543721056932716
deepcrack_0185,ablation_fusion_mean_v2,deepcrack,oracle_gt_prompt_gt_alignment,0.7369142857142857,0.8485327016712725,0.8433167669369604,0.8538135593220338,0.8485327016712725
deepcrack_0186,ablation_fusion_mean_v2,deepcrack,oracle_gt_prompt_gt_alignment,0.7795418006430869,0.8761151891586674,0.8967749393133742,0.8563859145601059,0.8761151891586674
deepcrack_0187,ablation_fusion_mean_v2,deepcrack,oracle_gt_prompt_gt_alignment,0.7943246810382754,0.8853745249478975,0.9668005354752343,0.8165988240615106,0.8853745249478975
deepcrack_0188,ablation_fusion_mean_v2,deepcrack,oracle_gt_prompt_gt_alignment,0.8248774672142005,0.9040360046457607,0.916813898704358,0.8916093928980527,0.9040360046457608
deepcrack_0189,ablation_fusion_mean_v2,deepcrack,oracle_gt_prompt_gt_alignment,0.6958846403110823,0.820674500812076,0.9057359763812737,0.7502183406113537,0.8206745008120762
deepcrack_0190,ablation_fusion_mean_v2,deepcrack,oracle_gt_prompt_gt_alignment,0.8125783011776497,0.896599391761128,0.889589905362776,0.9037202173610144,0.896599391761128
deepcrack_0191,ablation_fusion_mean_v2,deepcrack,oracle_gt_prompt_gt_alignment,0.7949668874172185,0.8857733175914995,0.8554732041049031,0.9182986536107711,0.8857733175914995
deepcrack_0192,ablation_fusion_mean_v2,deepcrack,oracle_gt_prompt_gt_alignment,0.711629125196438,0.831522570772762,0.747455295735901,0.9368965517241379,0.8315225707727619
deepcrack_0193,ablation_fusion_mean_v2,deepcrack,oracle_gt_prompt_gt_alignment,0.72751269035533,0.8422661024917725,0.833837561089132,0.8508667774875327,0.8422661024917725
deepcrack_0194,ablation_fusion_mean_v2,deepcrack,oracle_gt_prompt_gt_alignment,0.8335368335368335,0.9092119866814651,0.8906283974777125,0.9285876218544548,0.909211986681465
deepcrack_0195,ablation_fusion_mean_v2,deepcrack,oracle_gt_prompt_gt_alignment,0.6933071831331209,0.8188793977124657,0.6991347342398022,0.9881201956673655,0.8188793977124657
deepcrack_0196,ablation_fusion_mean_v2,deepcrack,oracle_gt_prompt_gt_alignment,0.7520204168438962,0.8584607914542365,0.7873524827432643,0.9436882839605018,0.8584607914542365
deepcrack_0197,ablation_fusion_mean_v2,deepcrack,oracle_gt_prompt_gt_alignment,0.7547428124388813,0.8602318323673651,0.7650674068199841,0.9824338085539714,0.8602318323673651
deepcrack_0198,ablation_fusion_mean_v2,deepcrack,oracle_gt_prompt_gt_alignment,0.576555472263868,0.7314115898959881,0.6842749110320284,0.7855227882037533,0.7314115898959881
deepcrack_0199,ablation_fusion_mean_v2,deepcrack,oracle_gt_prompt_gt_alignment,0.6515251676267825,0.7889981701738334,0.7812252293058544,0.7969273420353471,0.7889981701738334
deepcrack_0200,ablation_fusion_mean_v2,deepcrack,oracle_gt_prompt_gt_alignment,0.6879624804585722,0.8151395406273154,0.8222471350274041,0.8081537708129285,0.8151395406273154
deepcrack_0201,ablation_fusion_mean_v2,deepcrack,oracle_gt_prompt_gt_alignment,0.6315159256007025,0.7741461982581466,0.6971272470919986,0.8702970297029703,0.7741461982581466
deepcrack_0202,ablation_fusion_mean_v2,deepcrack,oracle_gt_prompt_gt_alignment,0.623734601780705,0.7682716142116728,0.8217901333761851,0.7212976022566996,0.7682716142116728
deepcrack_0203,ablation_fusion_mean_v2,deepcrack,oracle_gt_prompt_gt_alignment,0.6116791191506095,0.7590581920214713,0.7332076361065284,0.7867981790591806,0.7590581920214712
deepcrack_0204,ablation_fusion_mean_v2,deepcrack,oracle_gt_prompt_gt_alignment,0.6056196688409433,0.754375,0.756265664160401,0.7524937655860349,0.754375
deepcrack_0205,ablation_fusion_mean_v2,deepcrack,oracle_gt_prompt_gt_alignment,0.561345079501504,0.7190531892933324,0.6420496436470877,0.8170445660672401,0.7190531892933325
deepcrack_0206,ablation_fusion_mean_v2,deepcrack,oracle_gt_prompt_gt_alignment,0.5441008018327605,0.7047477744807121,0.5962966837535307,0.8614175608281699,0.7047477744807121
deepcrack_0207,ablation_fusion_mean_v2,deepcrack,oracle_gt_prompt_gt_alignment,0.5059156378600823,0.6719043552519214,0.5123730138056786,0.9756944444444444,0.6719043552519215
deepcrack_0208,ablation_fusion_mean_v2,deepcrack,oracle_gt_prompt_gt_alignment,0.5495945945945946,0.7093398447719543,0.5654894327030033,0.951345029239766,0.7093398447719542
deepcrack_0209,ablation_fusion_mean_v2,deepcrack,oracle_gt_prompt_gt_alignment,0.4227888730385164,0.5943100639177842,0.4285972523499638,0.9689415610952187,0.5943100639177842
deepcrack_0210,ablation_fusion_mean_v2,deepcrack,oracle_gt_prompt_gt_alignment,0.39484939484939485,0.5661534446764092,0.4082227867155894,0.9233879548840179,0.5661534446764092
deepcrack_0211,ablation_fusion_mean_v2,deepcrack,oracle_gt_prompt_gt_alignment,0.5594092638174089,0.7174630506528914,0.781983109164842,0.662778366914104,0.7174630506528914
deepcrack_0212,ablation_fusion_mean_v2,deepcrack,oracle_gt_prompt_gt_alignment,0.3378868729989328,0.5051052967453733,0.344880174291939,0.9433849821215733,0.5051052967453733
deepcrack_0213,ablation_fusion_mean_v2,deepcrack,oracle_gt_prompt_gt_alignment,0.6014578994346921,0.7511379470506271,0.6584690553745929,0.8741621621621621,0.751137947050627
deepcrack_0214,ablation_fusion_mean_v2,deepcrack,oracle_gt_prompt_gt_alignment,0.5669003797838154,0.7235946676610422,0.5905356055995131,0.9340553549939832,0.7235946676610424
deepcrack_0215,ablation_fusion_mean_v2,deepcrack,oracle_gt_prompt_gt_alignment,0.6796216935126348,0.8092556748196376,0.8206638115631691,0.7981603609857688,0.8092556748196376
deepcrack_0216,ablation_fusion_mean_v2,deepcrack,oracle_gt_prompt_gt_alignment,0.7003841229193342,0.8237951807228916,0.7477785372522214,0.9170159262363788,0.8237951807228915
deepcrack_0217,ablation_fusion_mean_v2,deepcrack,oracle_gt_prompt_gt_alignment,0.7981613891726251,0.8877527834583049,0.8543625628690138,0.9238590683376685,0.887752783458305
deepcrack_0218,ablation_fusion_mean_v2,deepcrack,oracle_gt_prompt_gt_alignment,0.7364,0.848191660907625,0.790807560137457,0.914555389965226,0.848191660907625
deepcrack_0219,ablation_fusion_mean_v2,deepcrack,oracle_gt_prompt_gt_alignment,0.48555140554354237,0.6536985576286887,0.5309544282029235,0.8502581755593803,0.6536985576286886
deepcrack_0220,ablation_fusion_mean_v2,deepcrack,oracle_gt_prompt_gt_alignment,0.6513866025072812,0.7888965570124991,0.6687467498699948,0.9616750794541036,0.7888965570124991
deepcrack_0221,ablation_fusion_mean_v2,deepcrack,oracle_gt_prompt_gt_alignment,0.755192878338279,0.8605240912933221,0.8174518201284796,0.9083878643664486,0.860524091293322
deepcrack_0222,ablation_fusion_mean_v2,deepcrack,oracle_gt_prompt_gt_alignment,0.7648681261851404,0.8667708536823598,0.7895017793594306,0.9608055435253356,0.8667708536823597
deepcrack_0223,ablation_fusion_mean_v2,deepcrack,oracle_gt_prompt_gt_alignment,0.6919611097936922,0.8179397337070777,0.7199605230693313,0.9467878001297858,0.8179397337070777
deepcrack_0224,ablation_fusion_mean_v2,deepcrack,oracle_gt_prompt_gt_alignment,0.712345850076209,0.8320116523709338,0.7848854961832061,0.8851584022038568,0.8320116523709339
deepcrack_0225,ablation_fusion_mean_v2,deepcrack,oracle_gt_prompt_gt_alignment,0.22813886713651788,0.37151965993623803,0.27176616915422885,0.5869711215580927,0.37151965993623803
deepcrack_0226,ablation_fusion_mean_v2,deepcrack,oracle_gt_prompt_gt_alignment,0.3726541554959786,0.54296875,0.42572741194486985,0.7493261455525606,0.5429687499999999
deepcrack_0227,ablation_fusion_mean_v2,deepcrack,oracle_gt_prompt_gt_alignment,0.8195108237278605,0.9008034610630408,0.8371625502584722,0.9749163879598662,0.9008034610630408
deepcrack_0228,ablation_fusion_mean_v2,deepcrack,oracle_gt_prompt_gt_alignment,0.7151478575739287,0.8339197748064743,0.7375824723017552,0.9592034968431278,0.8339197748064744
deepcrack_0229,ablation_fusion_mean_v2,deepcrack,oracle_gt_prompt_gt_alignment,0.8215725806451613,0.9020475926950747,0.8380462724935732,0.9766327142001199,0.9020475926950746
deepcrack_0230,ablation_fusion_mean_v2,deepcrack,oracle_gt_prompt_gt_alignment,0.909130624726955,0.9524027459954233,0.9726571628885253,0.9329746693566465,0.9524027459954233
deepcrack_0231,ablation_fusion_mean_v2,deepcrack,oracle_gt_prompt_gt_alignment,0.8114402451481103,0.8959061689410173,0.8438495857233907,0.9548076923076924,0.8959061689410174
deepcrack_0232,ablation_fusion_mean_v2,deepcrack,oracle_gt_prompt_gt_alignment,0.6759573985950601,0.806652244456463,0.6791894353369763,0.9930093209054593,0.8066522444564629
deepcrack_0233,ablation_fusion_mean_v2,deepcrack,oracle_gt_prompt_gt_alignment,0.8500673206385844,0.9189582575245621,0.9659053655338214,0.8763632758278802,0.918958257524562
deepcrack_0234,ablation_fusion_mean_v2,deepcrack,oracle_gt_prompt_gt_alignment,0.8456097695750677,0.9163473053892216,0.9946054855063045,0.8495059398245809,0.9163473053892215
deepcrack_0235,ablation_fusion_mean_v2,deepcrack,oracle_gt_prompt_gt_alignment,0.8912267416702726,0.9424853424853424,0.9931288047736725,0.896756286056384,0.9424853424853425
deepcrack_0236,ablation_fusion_mean_v2,deepcrack,oracle_gt_prompt_gt_alignment,0.3869654969035683,0.5580030617451948,0.9964310122256815,0.38750258394117476,0.5580030617451949
deepcrack_0000,point+text,deepcrack,oracle_gt_prompt_gt_alignment,0.5431238885595732,0.703927782579468,0.5527069823556024,0.9690639873083025,0.703927782579468
deepcrack_0001,point+text,deepcrack,oracle_gt_prompt_gt_alignment,0.6030261348005502,0.7523597048223786,0.7973808657693707,0.7121507472384665,0.7523597048223785
deepcrack_0002,point+text,deepcrack,oracle_gt_prompt_gt_alignment,0.7195758822598513,0.8369225105834713,0.7428524750857703,0.9582718651211802,0.8369225105834713
deepcrack_0003,point+text,deepcrack,oracle_gt_prompt_gt_alignment,0.4958076723306374,0.6629297088149214,0.5915368271954674,0.7539207943134378,0.6629297088149213
deepcrack_0004,point+text,deepcrack,oracle_gt_prompt_gt_alignment,0.4085760517799353,0.5801263641585296,0.7843644835619984,0.46027646969466807,0.5801263641585296
deepcrack_0005,point+text,deepcrack,oracle_gt_prompt_gt_alignment,0.682363315696649,0.8111961421532655,0.7913683779914092,0.8320430107526882,0.8111961421532656
deepcrack_0006,point+text,deepcrack,oracle_gt_prompt_gt_alignment,0.64056875449964,0.7809105869445968,0.7510023211648027,0.8132998171846435,0.7809105869445968
deepcrack_0007,point+text,deepcrack,oracle_gt_prompt_gt_alignment,0.7594339622641509,0.8632707774798928,0.8142279163857047,0.9186002282236592,0.8632707774798928
deepcrack_0008,point+text,deepcrack,oracle_gt_prompt_gt_alignment,0.810110267793212,0.8950949367088608,0.8872333751568381,0.9030970625798213,0.8950949367088608
deepcrack_0009,point+text,deepcrack,oracle_gt_prompt_gt_alignment,0.6315214422288992,0.7741503432111166,0.7410256410256411,0.8103750438135296,0.7741503432111166
deepcrack_0010,point+text,deepcrack,oracle_gt_prompt_gt_alignment,0.4281757754800591,0.599612152553329,0.7294746775715634,0.5089991220368745,0.599612152553329
deepcrack_0011,point+text,deepcrack,oracle_gt_prompt_gt_alignment,0.7043731778425656,0.8265480670543962,0.7199046483909416,0.970281124497992,0.8265480670543962
deepcrack_0012,point+text,deepcrack,oracle_gt_prompt_gt_alignment,0.3362591813721008,0.5032843718638811,0.9488304093567251,0.34246958033275393,0.5032843718638811
deepcrack_0013,point+text,deepcrack,oracle_gt_prompt_gt_alignment,0.5445945945945946,0.705161854768154,0.9535491905354919,0.5594359611310002,0.705161854768154
deepcrack_0014,point+text,deepcrack,oracle_gt_prompt_gt_alignment,0.28087678415380135,0.43856956052078006,0.5077672459189047,0.3859701791253878,0.43856956052078006
deepcrack_0015,point+text,deepcrack,oracle_gt_prompt_gt_alignment,0.295532387368738,0.45623311350628976,0.5342586922501191,0.3980936929628879,0.4562331135062898
deepcrack_0016,point+text,deepcrack,oracle_gt_prompt_gt_alignment,0.3477605663419079,0.5160568947135762,0.5723596931418354,0.46983901515151516,0.5160568947135763
deepcrack_0017,point+text,deepcrack,oracle_gt_prompt_gt_alignment,0.20497061422041254,0.3402084860849884,0.9015036323703328,0.20966601178781924,0.3402084860849884
deepcrack_0018,point+text,deepcrack,oracle_gt_prompt_gt_alignment,0.28689865207828097,0.44587606275747216,0.8072040622024754,0.3080043594090579,0.44587606275747227
deepcrack_0019,point+text,deepcrack,oracle_gt_prompt_gt_alignment,0.3301740406793877,0.49643735418374424,0.9848636477358018,0.3318580340583375,0.4964373541837442
deepcrack_0020,point+text,deepcrack,oracle_gt_prompt_gt_alignment,0.4779695662048603,0.6467921628889742,0.9812332439678284,0.48237923328176036,0.6467921628889742
deepcrack_0021,point+text,deepcrack,oracle_gt_prompt_gt_alignment,0.734651040755641,0.8470303519209438,0.8779264214046822,0.8182349503214494,0.8470303519209439
deepcrack_0022,point+text,deepcrack,oracle_gt_prompt_gt_alignment,0.32617617124659376,0.4919047383274744,0.9662517020035013,0.3299349096705632,0.4919047383274744
deepcrack_0023,point+text,deepcrack,oracle_gt_prompt_gt_alignment,0.5218848829854522,0.6858401562694817,0.9822619047619048,0.5268501372836983,0.6858401562694818
deepcrack_0024,point+text,deepcrack,oracle_gt_prompt_gt_alignment,0.48204649923389514,0.6505146761361082,0.9291217257318952,0.5004495469949513,0.6505146761361082
deepcrack_0025,point+text,deepcrack,oracle_gt_prompt_gt_alignment,0.46005009933488816,0.6301839910075134,0.7675457558726041,0.5345242874347651,0.6301839910075133
deepcrack_0026,point+text,deepcrack,oracle_gt_prompt_gt_alignment,0.3309278350515464,0.4972889233152595,0.816793893129771,0.3574610244988864,0.4972889233152595
deepcrack_0027,point+text,deepcrack,oracle_gt_prompt_gt_alignment,0.4883316422669952,0.656213478768991,0.49117947222627206,0.9882663537694338,0.656213478768991
deepcrack_0028,point+text,deepcrack,oracle_gt_prompt_gt_alignment,0.22652590885436028,0.3693781064371439,0.8368580060422961,0.23699152212802366,0.3693781064371439
deepcrack_0029,point+text,deepcrack,oracle_gt_prompt_gt_alignment,0.587529256436416,0.7401806978414547,0.9246316584812996,0.6170816262212417,0.7401806978414547
deepcrack_0030,point+text,deepcrack,oracle_gt_prompt_gt_alignment,0.6179366218849349,0.7638576363578741,0.999088045100315,0.6182853624749884,0.7638576363578741
deepcrack_0031,point+text,deepcrack,oracle_gt_prompt_gt_alignment,0.9247988160207197,0.9609303666682686,0.9927514646013306,0.9310858632892531,0.9609303666682685
deepcrack_0032,point+text,deepcrack,oracle_gt_prompt_gt_alignment,0.6735876388218252,0.8049624927870744,0.7773753134577877,0.8345797188154352,0.8049624927870745
deepcrack_0033,point+text,deepcrack,oracle_gt_prompt_gt_alignment,0.7930351543158937,0.8845729013254786,0.8141308031175872,0.9683595324465941,0.8845729013254785
deepcrack_0034,point+text,deepcrack,oracle_gt_prompt_gt_alignment,0.6926081730769231,0.8183916208059648,0.7238184958392212,0.9413926894016745,0.8183916208059648
deepcrack_0035,point+text,deepcrack,oracle_gt_prompt_gt_alignment,0.6050632911392405,0.7539432176656151,0.6954413191076625,0.8231917336394948,0.7539432176656152
deepcrack_0036,point+text,deepcrack,oracle_gt_prompt_gt_alignment,0.5084645336041984,0.6741484765164694,1.0,0.5084645336041984,0.6741484765164694
deepcrack_0037,point+text,deepcrack,oracle_gt_prompt_gt_alignment,0.26162251314297497,0.41473976632077786,0.9837209302325581,0.26276012009524796,0.41473976632077786
deepcrack_0038,point+text,deepcrack,oracle_gt_prompt_gt_alignment,0.46181018724371325,0.6318333136184666,0.9859192068347221,0.4648762899415641,0.6318333136184666
deepcrack_0039,point+text,deepcrack,oracle_gt_prompt_gt_alignment,0.15733534390504914,0.27189240306819373,0.7996291718170581,0.16379288517533866,0.27189240306819373
deepcrack_0040,point+text,deepcrack,oracle_gt_prompt_gt_alignment,0.6694690265486726,0.8020143122183938,0.6965930018416207,0.9450343535290443,0.8020143122183938
deepcrack_0041,point+text,deepcrack,oracle_gt_prompt_gt_alignment,0.6693128333856291,0.8019022198830849,0.9717552731082867,0.682592,0.801902219883085
deepcrack_0042,point+text,deepcrack,oracle_gt_prompt_gt_alignment,0.3848951459158234,0.5558473463509679,0.9294567603937955,0.39647723496178133,0.5558473463509679
deepcrack_0043,point+text,deepcrack,oracle_gt_prompt_gt_alignment,0.6035498654251836,0.7527671928869534,0.9636469221835076,0.6176120291796933,0.7527671928869534
deepcrack_0044,point+text,deepcrack,oracle_gt_prompt_gt_alignment,0.7632376462665208,0.8657229476498531,0.9644699750013297,0.7853183196188827,0.8657229476498531
deepcrack_0045,point+text,deepcrack,oracle_gt_prompt_gt_alignment,0.7981867024848892,0.8877684407096171,0.8086409253274366,0.9840612709583937,0.8877684407096171
deepcrack_0046,point+text,deepcrack,oracle_gt_prompt_gt_alignment,0.5725953788285868,0.7282170436684207,0.5785016286644951,0.9824820210215748,0.7282170436684207
deepcrack_0047,point+text,deepcrack,oracle_gt_prompt_gt_alignment,0.49725274725274726,0.6642201834862386,0.6433649289099526,0.6864728192161821,0.6642201834862385
deepcrack_0048,point+text,deepcrack,oracle_gt_prompt_gt_alignment,0.5362861301725931,0.6981591770438549,0.5381886477462438,0.9934514637904468,0.6981591770438549
deepcrack_0049,point+text,deepcrack,oracle_gt_prompt_gt_alignment,0.7584849975405804,0.8626573426573426,0.766274639721716,0.9867747440273038,0.8626573426573426
deepcrack_0050,point+text,deepcrack,oracle_gt_prompt_gt_alignment,0.7286929836797322,0.8430565641894618,0.7394196744515216,0.9804804804804805,0.8430565641894618
deepcrack_0051,point+text,deepcrack,oracle_gt_prompt_gt_alignment,0.46011610406364223,0.6302459137093211,0.4631032244103008,0.9861751152073732,0.630245913709321
deepcrack_0052,point+text,deepcrack,oracle_gt_prompt_gt_alignment,0.7496940024479805,0.856942987058412,0.7522259748234572,0.995530272247054,0.856942987058412
deepcrack_0053,point+text,deepcrack,oracle_gt_prompt_gt_alignment,0.7902843601895735,0.8828590337524818,0.8003359731221502,0.9843565525383707,0.8828590337524818
deepcrack_0054,point+text,deepcrack,oracle_gt_prompt_gt_alignment,0.7536324786324786,0.8595101742415011,0.7692475463467829,0.973771397018222,0.8595101742415012
deepcrack_0055,point+text,deepcrack,oracle_gt_prompt_gt_alignment,0.6664863036861685,0.7998701245992126,0.9085377097547483,0.7144203581526861,0.7998701245992126
deepcrack_0056,point+text,deepcrack,oracle_gt_prompt_gt_alignment,0.545966017778778,0.7063105029478128,0.6506638058200349,0.7723654886978669,0.7063105029478128
deepcrack_0057,point+text,deepcrack,oracle_gt_prompt_gt_alignment,0.5316122233930453,0.694186446508428,0.5724822695035461,0.8816076889471385,0.6941864465084279
deepcrack_0058,point+text,deepcrack,oracle_gt_prompt_gt_alignment,0.38746908491343773,0.5585264408793821,0.3972950126796281,0.94,0.5585264408793821
deepcrack_0059,point+text,deepcrack,oracle_gt_prompt_gt_alignment,0.8132601351351352,0.8970142996879221,0.9141744991930124,0.8804864667154353,0.897014299687922
deepcrack_0060,point+text,deepcrack,oracle_gt_prompt_gt_alignment,0.7150898462870752,0.8338803332491795,0.9618520675596971,0.7359625668449198,0.8338803332491794
deepcrack_0061,point+text,deepcrack,oracle_gt_prompt_gt_alignment,0.6655827913956979,0.7992191019672623,0.9341758820431806,0.698333552027293,0.7992191019672623
deepcrack_0062,point+text,deepcrack,oracle_gt_prompt_gt_alignment,0.6877901578458682,0.815018566909641,0.8477016975014304,0.7847620729231041,0.815018566909641
deepcrack_0063,point+text,deepcrack,oracle_gt_prompt_gt_alignment,0.4718541649084311,0.6411697247706422,0.8392374662263584,0.5187418816106885,0.6411697247706422
deepcrack_0064,point+text,deepcrack,oracle_gt_prompt_gt_alignment,0.6599499089253188,0.7951443659556958,0.817976576830817,0.773552175073392,0.7951443659556958
deepcrack_0065,point+text,deepcrack,oracle_gt_prompt_gt_alignment,0.583671449777338,0.7371117915390865,0.8274410774410774,0.6645633802816902,0.7371117915390865
deepcrack_0066,point+text,deepcrack,oracle_gt_prompt_gt_alignment,0.5557780002224446,0.7144695453245639,0.742717003567182,0.6882920110192837,0.7144695453245639
deepcrack_0067,point+text,deepcrack,oracle_gt_prompt_gt_alignment,0.7293867517108498,0.8435206884628683,0.7520723436322532,0.9602869139258222,0.8435206884628682
deepcrack_0068,point+text,deepcrack,oracle_gt_prompt_gt_alignment,0.635407905803196,0.7770635124710723,0.6417952711312473,0.9845786272806255,0.7770635124710722
deepcrack_0069,point+text,deepcrack,oracle_gt_prompt_gt_alignment,0.5603428306694463,0.7182304038004751,0.570115484327127,0.9703168872843964,0.718230403800475
deepcrack_0070,point+text,deepcrack,oracle_gt_prompt_gt_alignment,0.6518654434250765,0.7892476303317536,0.6656673536943352,0.9691734109302537,0.7892476303317536
deepcrack_0071,point+text,deepcrack,oracle_gt_prompt_gt_alignment,0.6580916411316183,0.7937940519167956,0.6636246047714861,0.9874893071000855,0.7937940519167955
deepcrack_0072,point+text,deepcrack,oracle_gt_prompt_gt_alignment,0.5780236079352327,0.7325918383332027,0.5794560436156372,0.9957415096348344,0.7325918383332028
deepcrack_0073,point+text,deepcrack,oracle_gt_prompt_gt_alignment,0.553530070974972,0.7126094065595845,0.5603539555286643,0.978473322768093,0.7126094065595845
deepcrack_0074,point+text,deepcrack,oracle_gt_prompt_gt_alignment,0.6869095816464238,0.8144,0.6966240875912408,0.9801026957637997,0.8144
deepcrack_0075,point+text,deepcrack,oracle_gt_prompt_gt_alignment,0.5642367601246105,0.7214211742213017,0.5647293589423796,0.9984564498346197,0.7214211742213017
deepcrack_0076,point+text,deepcrack,oracle_gt_prompt_gt_alignment,0.7693514161823046,0.8696422984669935,0.7854384477724404,0.974068449947436,0.8696422984669934
deepcrack_0077,point+text,deepcrack,oracle_gt_prompt_gt_alignment,0.5267792396146276,0.6900529244130819,0.5274349133907271,0.9976456739258387,0.6900529244130819
deepcrack_0078,point+text,deepcrack,oracle_gt_prompt_gt_alignment,0.547460595446585,0.707559981892259,0.5511283497884344,0.9879898862199747,0.7075599818922589
deepcrack_0079,point+text,deepcrack,oracle_gt_prompt_gt_alignment,0.7642351492767006,0.866364270760642,0.7870047543581616,0.9635234769111369,0.866364270760642
deepcrack_0080,point+text,deepcrack,oracle_gt_prompt_gt_alignment,0.7555438225976768,0.8607518796992482,0.8410226270937409,0.881429011395134,0.8607518796992482
deepcrack_0081,point+text,deepcrack,oracle_gt_prompt_gt_alignment,0.8347429334520365,0.9099290349972706,0.9500949968334389,0.8730214152700186,0.9099290349972705
deepcrack_0082,point+text,deepcrack,oracle_gt_prompt_gt_alignment,0.7223821339950373,0.8388174955339135,0.9685919616715465,0.739709320052851,0.8388174955339135
deepcrack_0083,point+text,deepcrack,oracle_gt_prompt_gt_alignment,0.7505544408068434,0.8575048262548263,0.924187256176853,0.7997974341661039,0.8575048262548262
deepcrack_0084,point+text,deepcrack,oracle_gt_prompt_gt_alignment,0.7441954780492751,0.8533395338022438,0.9028290282902829,0.8089937176237187,0.8533395338022438
deepcrack_0085,point+text,deepcrack,oracle_gt_prompt_gt_alignment,0.7656992532247114,0.8673042726005671,0.9689647766323024,0.7849499782514137,0.8673042726005672
deepcrack_0086,point+text,deepcrack,oracle_gt_prompt_gt_alignment,0.801845166466105,0.890026714158504,0.9469445760303173,0.8395632087358252,0.890026714158504
deepcrack_0087,point+text,deepcrack,oracle_gt_prompt_gt_alignment,0.7018104366347178,0.8247809762202754,0.8959891230455472,0.7640579710144928,0.8247809762202755
deepcrack_0088,point+text,deepcrack,oracle_gt_prompt_gt_alignment,0.7976624165148756,0.8874440597821498,0.946676274545127,0.8351875397329943,0.8874440597821498
deepcrack_0089,point+text,deepcrack,oracle_gt_prompt_gt_alignment,0.5655940594059405,0.7225296442687748,0.7971592324943932,0.6606774060305659,0.7225296442687748
deepcrack_0090,point+text,deepcrack,oracle_gt_prompt_gt_alignment,0.21424992484216857,0.3528926301889907,0.22288246025540787,0.846900376312141,0.3528926301889907
deepcrack_0091,point+text,deepcrack,oracle_gt_prompt_gt_alignment,0.29959846687351704,0.4610631275893547,0.972452606635071,0.30216290842153704,0.4610631275893547
deepcrack_0092,point+text,deepcrack,oracle_gt_prompt_gt_alignment,0.6453463663408415,0.7844504713935168,0.9627516246631795,0.6618720714830555,0.7844504713935168
deepcrack_0093,point+text,deepcrack,oracle_gt_prompt_gt_alignment,0.7630607885026218,0.8656091650143203,0.9881790744466801,0.7700901607212858,0.8656091650143204
deepcrack_0094,point+text,deepcrack,oracle_gt_prompt_gt_alignment,0.7132709837812241,0.8326423438363737,0.9202688254162211,0.7602523659305994,0.8326423438363737
deepcrack_0095,point+text,deepcrack,oracle_gt_prompt_gt_alignment,0.6372472783825817,0.7784374257895986,0.9301929625425652,0.6692527562270314,0.7784374257895987
deepcrack_0096,point+text,deepcrack,oracle_gt_prompt_gt_alignment,0.8258702402353326,0.9046319087044081,0.9086577362222422,0.9006415968633043,0.9046319087044082
deepcrack_0097,point+text,deepcrack,oracle_gt_prompt_gt_alignment,0.7850266460374764,0.879568546251264,0.9387398499331895,0.8274143866642508,0.8795685462512641
deepcrack_0098,point+text,deepcrack,oracle_gt_prompt_gt_alignment,0.7605038315863648,0.8639615750237655,0.9473337722185649,0.79407707164536,0.8639615750237655
deepcrack_0099,point+text,deepcrack,oracle_gt_prompt_gt_alignment,0.7828274358544357,0.878186435895024,0.916102443332352,0.8432842561647548,0.8781864358950239
deepcrack_0100,point+text,deepcrack,oracle_gt_prompt_gt_alignment,0.7846231324492194,0.8793152102342207,0.9272889594286281,0.8360611752079421,0.8793152102342207
deepcrack_0101,point+text,deepcrack,oracle_gt_prompt_gt_alignment,0.560088588413568,0.7180215182307232,0.6237829417110217,0.8458017954585461,0.7180215182307231
deepcrack_0102,point+text,deepcrack,oracle_gt_prompt_gt_alignment,0.6696802436239055,0.8021658592191507,0.673977588353606,0.9905686936936937,0.8021658592191507
deepcrack_0103,point+text,deepcrack,oracle_gt_prompt_gt_alignment,0.8787101093505914,0.9354398051909485,0.9423238004068446,0.9286556603773585,0.9354398051909486
deepcrack_0104,point+text,deepcrack,oracle_gt_prompt_gt_alignment,0.9115376367145615,0.9537218825377237,0.9904462309215892,0.9196235395932497,0.9537218825377237
deepcrack_0105,point+text,deepcrack,oracle_gt_prompt_gt_alignment,0.8727622130069789,0.9320587599913588,0.9960752626111047,0.8757738759768599,0.9320587599913588
deepcrack_0106,point+text,deepcrack,oracle_gt_prompt_gt_alignment,0.8429970617042115,0.9148110750916725,0.9982602644398052,0.8442373712604218,0.9148110750916724
deepcrack_0107,point+text,deepcrack,oracle_gt_prompt_gt_alignment,0.6600412525782862,0.7952106630520728,0.6992451330949543,0.921707253207646,0.7952106630520727
deepcrack_0108,point+text,deepcrack,oracle_gt_prompt_gt_alignment,0.5869451697127938,0.7397170121750576,0.5918904686677199,0.9859649122807017,0.7397170121750576
deepcrack_0109,point+text,deepcrack,oracle_gt_prompt_gt_alignment,0.7770003042287801,0.874507789762027,1.0,0.7770003042287801,0.874507789762027
deepcrack_0110,point+text,deepcrack,oracle_gt_prompt_gt_alignment,0.7877397148008524,0.8812689098743925,1.0,0.7877397148008524,0.8812689098743925
deepcrack_0111,point+text,deepcrack,oracle_gt_prompt_gt_alignment,0.7243983010854177,0.8401751505199782,0.9914953170416622,0.7289275821131777,0.840175150519978
deepcrack_0112,point+text,deepcrack,oracle_gt_prompt_gt_alignment,0.6423306695631934,0.7822184429327287,0.9797633136094674,0.6509671331970436,0.7822184429327286
deepcrack_0113,point+text,deepcrack,oracle_gt_prompt_gt_alignment,0.8886870783601453,0.941063332875395,0.9492793791574279,0.9329882865704168,0.941063332875395
deepcrack_0114,point+text,deepcrack,oracle_gt_prompt_gt_alignment,0.8830012717253073,0.9378658262044124,0.9175403048189587,0.9591122571139147,0.9378658262044124
deepcrack_0115,point+text,deepcrack,oracle_gt_prompt_gt_alignment,0.8404899338307757,0.9133328233764247,0.9351503759398496,0.8925100911944984,0.9133328233764247
deepcrack_0116,point+text,deepcrack,oracle_gt_prompt_gt_alignment,0.814866581956798,0.8979906182174613,0.8595362551936737,0.9400469070653767,0.8979906182174614
deepcrack_0117,point+text,deepcrack,oracle_gt_prompt_gt_alignment,0.813884007029877,0.8973936634047088,0.9000097172286464,0.8947927736450585,0.8973936634047089
deepcrack_0118,point+text,deepcrack,oracle_gt_prompt_gt_alignment,0.5467320261437908,0.7069511937460384,0.6360007603117278,0.7957193816884661,0.7069511937460384
deepcrack_0119,point+text,deepcrack,oracle_gt_prompt_gt_alignment,0.28384499245093103,0.4421795374362995,0.8683602771362586,0.29660794109913224,0.4421795374362995
deepcrack_0120,point+text,deepcrack,oracle_gt_prompt_gt_alignment,0.6741778319123021,0.8053837759185158,0.968503937007874,0.6892901618929016,0.8053837759185157
deepcrack_0121,point+text,deepcrack,oracle_gt_prompt_gt_alignment,0.7336017446737124,0.8463324946777627,0.9761160714285714,0.7470105910488555,0.8463324946777626
deepcrack_0122,point+text,deepcrack,oracle_gt_prompt_gt_alignment,0.7627075993960745,0.8653818700927909,0.9429149167833255,0.7996306555863343,0.8653818700927908
deepcrack_0123,point+text,deepcrack,oracle_gt_prompt_gt_alignment,0.7976016379058204,0.8874064432150992,0.9065824468085106,0.8690248565965584,0.8874064432150993
deepcrack_0124,point+text,deepcrack,oracle_gt_prompt_gt_alignment,0.6848108576378862,0.8129231296597823,0.6920046688065363,0.9850467289719627,0.8129231296597823
deepcrack_0125,point+text,deepcrack,oracle_gt_prompt_gt_alignment,0.7736252002135612,0.872366044551475,0.8353189853958494,0.9128517429651407,0.8723660445514749
deepcrack_0126,point+text,deepcrack,oracle_gt_prompt_gt_alignment,0.7982743556138051,0.887822654114789,0.9580547909293485,0.8271842462652784,0.887822654114789
deepcrack_0127,point+text,deepcrack,oracle_gt_prompt_gt_alignment,0.8370280568063734,0.9112850004713868,0.955327139750939,0.8711247296322999,0.9112850004713868
deepcrack_0128,point+text,deepcrack,oracle_gt_prompt_gt_alignment,0.8060268422385414,0.8925967470555244,0.9754826846460313,0.8226932023778755,0.8925967470555244
deepcrack_0129,point+text,deepcrack,oracle_gt_prompt_gt_alignment,0.690066425120773,0.8166145600714605,0.9442263995042347,0.7193893610324206,0.8166145600714605
deepcrack_0130,point+text,deepcrack,oracle_gt_prompt_gt_alignment,0.3944054599634721,0.5656969529849717,0.9683738494217606,0.39955204985879833,0.5656969529849717
deepcrack_0131,point+text,deepcrack,oracle_gt_prompt_gt_alignment,0.5900751354184868,0.7421978021978022,1.0,0.5900751354184868,0.7421978021978022
deepcrack_0132,point+text,deepcrack,oracle_gt_prompt_gt_alignment,0.7329790767186981,0.8459179762361058,0.8584208479190977,0.8337740838685304,0.8459179762361058
deepcrack_0133,point+text,deepcrack,oracle_gt_prompt_gt_alignment,0.7902979373567609,0.8828675058672925,0.8050583657587549,0.9773264052905054,0.8828675058672925
deepcrack_0134,point+text,deepcrack,oracle_gt_prompt_gt_alignment,0.38851126216180193,0.5596083701286235,0.3937061048082118,0.9671532846715328,0.5596083701286235
deepcrack_0135,point+text,deepcrack,oracle_gt_prompt_gt_alignment,0.5680844048796571,0.7245584524810765,0.6138225863911649,0.8840430990251411,0.7245584524810765
deepcrack_0136,point+text,deepcrack,oracle_gt_prompt_gt_alignment,0.44371460928652323,0.6146846564166928,0.8737734165923283,0.4741045498547919,0.6146846564166929
deepcrack_0137,point+text,deepcrack,oracle_gt_prompt_gt_alignment,0.6747505368195024,0.8057922920280565,0.7309797482211275,0.897664258107881,0.8057922920280565
deepcrack_0138,point+text,deepcrack,oracle_gt_prompt_gt_alignment,0.6678043230944255,0.800818553888131,0.6954976303317536,0.9437299035369775,0.8008185538881311
deepcrack_0139,point+text,deepcrack,oracle_gt_prompt_gt_alignment,0.7270837891052286,0.8419785926911141,0.8621271076523995,0.822750340388662,0.8419785926911141
deepcrack_0140,point+text,deepcrack,oracle_gt_prompt_gt_alignment,0.7602880658436214,0.863822326125073,0.8068566437383994,0.9294428373789461,0.863822326125073
deepcrack_0141,point+text,deepcrack,oracle_gt_prompt_gt_alignment,0.7378378378378379,0.8491446345256609,0.7450534455310439,0.9870442904489304,0.8491446345256609
deepcrack_0142,point+text,deepcrack,oracle_gt_prompt_gt_alignment,0.7783049108860111,0.875333477539837,0.7986842105263158,0.9682565002392726,0.875333477539837
deepcrack_0143,point+text,deepcrack,oracle_gt_prompt_gt_alignment,0.5960220625104463,0.7468844905225678,0.6005389019872011,0.9875380780947106,0.7468844905225678
deepcrack_0144,point+text,deepcrack,oracle_gt_prompt_gt_alignment,0.5024154589371981,0.6688102893890675,0.5153374233128835,0.9524640209332752,0.6688102893890675
deepcrack_0145,point+text,deepcrack,oracle_gt_prompt_gt_alignment,0.6139507790883938,0.7608048362356763,0.6426829268292683,0.9321246959982312,0.7608048362356762
deepcrack_0146,point+text,deepcrack,oracle_gt_prompt_gt_alignment,0.6588086718585561,0.7943154422027662,0.6597807757166948,0.9977685686962066,0.7943154422027662
deepcrack_0147,point+text,deepcrack,oracle_gt_prompt_gt_alignment,0.7854111405835543,0.8798098350913683,0.9730529083141637,0.8028741865509761,0.8798098350913682
deepcrack_0148,point+text,deepcrack,oracle_gt_prompt_gt_alignment,0.6991676575505351,0.8229531140657803,0.7057129140662506,0.9869083585095669,0.8229531140657803
deepcrack_0149,point+text,deepcrack,oracle_gt_prompt_gt_alignment,0.7873708381171067,0.8810380267214799,0.8152639087018545,0.9583566238121856,0.8810380267214799
deepcrack_0150,point+text,deepcrack,oracle_gt_prompt_gt_alignment,0.6751840168243953,0.8061013119076015,0.7388952819332566,0.8867559729319154,0.8061013119076015
deepcrack_0151,point+text,deepcrack,oracle_gt_prompt_gt_alignment,0.7013878743608474,0.8244890949682294,0.7633964064239148,0.896210565615083,0.8244890949682294
deepcrack_0152,point+text,deepcrack,oracle_gt_prompt_gt_alignment,0.4839582528024739,0.6522531909351393,0.842813867384719,0.5319736562566391,0.6522531909351393
deepcrack_0153,point+text,deepcrack,oracle_gt_prompt_gt_alignment,0.657192449555218,0.7931395653312385,0.9109774436090226,0.702295386042198,0.7931395653312385
deepcrack_0154,point+text,deepcrack,oracle_gt_prompt_gt_alignment,0.7192325690219934,0.8366902558519325,0.8517594901634802,0.8221449585450655,0.8366902558519325
deepcrack_0155,point+text,deepcrack,oracle_gt_prompt_gt_alignment,0.8204644412191582,0.9013792553615563,0.8521254145312029,0.9566762565577932,0.9013792553615562
deepcrack_0156,point+text,deepcrack,oracle_gt_prompt_gt_alignment,0.7892044452284354,0.8821847579611555,0.7969362308514428,0.9878560388606756,0.8821847579611555
deepcrack_0157,point+text,deepcrack,oracle_gt_prompt_gt_alignment,0.5842147162515637,0.7375448671931084,0.7373331419549304,0.7377567140600316,0.7375448671931084
deepcrack_0158,point+text,deepcrack,oracle_gt_prompt_gt_alignment,0.3673697132016516,0.5373377948257569,0.8823371750201019,0.38629429711335367,0.5373377948257569
deepcrack_0159,point+text,deepcrack,oracle_gt_prompt_gt_alignment,0.7225806451612903,0.8389513108614233,0.7292457948996202,0.9875091844232182,0.8389513108614232
deepcrack_0160,point+text,deepcrack,oracle_gt_prompt_gt_alignment,0.9273704834373718,0.9623167848699764,0.9932653360011713,0.9332385712320601,0.9623167848699763
deepcrack_0161,point+text,deepcrack,oracle_gt_prompt_gt_alignment,0.9419803928714603,0.9701234845925759,0.9994972931167827,0.9424268941879967,0.9701234845925759
deepcrack_0162,point+text,deepcrack,oracle_gt_prompt_gt_alignment,0.8649545915987599,0.9275878302830577,0.993007213279995,0.8702553485162181,0.9275878302830578
deepcrack_0163,point+text,deepcrack,oracle_gt_prompt_gt_alignment,0.9294818810632096,0.9634523031136564,0.9985045331339377,0.9307776083641908,0.9634523031136564
deepcrack_0164,point+text,deepcrack,oracle_gt_prompt_gt_alignment,0.9347909474491753,0.9662965900079302,0.9930050933786078,0.9409871935130961,0.9662965900079302
deepcrack_0165,point+text,deepcrack,oracle_gt_prompt_gt_alignment,0.8205275779376499,0.9014173560250803,0.9601526546189246,0.8494538232373386,0.9014173560250803
deepcrack_0166,point+text,deepcrack,oracle_gt_prompt_gt_alignment,0.9628589837997055,0.9810781026518793,0.9987587721392085,0.9640125334070593,0.9810781026518792
deepcrack_0167,point+text,deepcrack,oracle_gt_prompt_gt_alignment,0.888630226278052,0.9410314564638596,0.9972307853074873,0.890828471411902,0.9410314564638596
deepcrack_0168,point+text,deepcrack,oracle_gt_prompt_gt_alignment,0.7090909090909091,0.8297872340425532,0.75,0.9285714285714286,0.8297872340425532
deepcrack_0169,point+text,deepcrack,oracle_gt_prompt_gt_alignment,0.6759177797328642,0.8066240335974039,0.9703754736479504,0.6901592486729278,0.8066240335974039
deepcrack_0170,point+text,deepcrack,oracle_gt_prompt_gt_alignment,0.6265503720893014,0.7704038962955675,0.9642857142857143,0.6414352420742198,0.7704038962955674
deepcrack_0171,point+text,deepcrack,oracle_gt_prompt_gt_alignment,0.7514071294559099,0.8580610605249063,0.8070528967254408,0.9159519725557461,0.8580610605249063
deepcrack_0172,point+text,deepcrack,oracle_gt_prompt_gt_alignment,0.6675208199871877,0.8006146753745678,0.7059620596205962,0.9245785270629991,0.8006146753745679
deepcrack_0173,point+text,deepcrack,oracle_gt_prompt_gt_alignment,0.4760044642857143,0.6449905482041588,0.5869602614828832,0.7157541430669184,0.6449905482041588
deepcrack_0174,point+text,deepcrack,oracle_gt_prompt_gt_alignment,0.46163723916532906,0.63167142543378,0.4626769626769627,0.9951557093425606,0.6316714254337799
deepcrack_0175,point+text,deepcrack,oracle_gt_prompt_gt_alignment,0.24972288202692003,0.3996452103395844,0.24972288202692003,1.0,0.3996452103395844
deepcrack_0176,point+text,deepcrack,oracle_gt_prompt_gt_alignment,0.3360484940329608,0.5030483482206154,0.34253716933771,0.9466382070437567,0.5030483482206154
deepcrack_0177,point+text,deepcrack,oracle_gt_prompt_gt_alignment,0.3971071663379356,0.5684705882352942,0.4029352901934623,0.9648562300319489,0.5684705882352942
deepcrack_0178,point+text,deepcrack,oracle_gt_prompt_gt_alignment,0.853700889950076,0.9210772833723654,0.875849014586349,0.9712310161748364,0.9210772833723654
deepcrack_0179,point+text,deepcrack,oracle_gt_prompt_gt_alignment,0.26780047196679957,0.4224646983311938,0.29305431878895816,0.756551724137931,0.4224646983311939
deepcrack_0180,point+text,deepcrack,oracle_gt_prompt_gt_alignment,0.9078563411896745,0.9517030413553739,0.9668897920153,0.9369859840148268,0.9517030413553738
deepcrack_0181,point+text,deepcrack,oracle_gt_prompt_gt_alignment,0.7803846153846153,0.8766472240224671,0.8019762845849803,0.9666507860886137,0.8766472240224671
deepcrack_0182,point+text,deepcrack,oracle_gt_prompt_gt_alignment,0.7807553956834532,0.8768811231188769,0.7918642831083547,0.9823489477257298,0.876881123118877
deepcrack_0183,point+text,deepcrack,oracle_gt_prompt_gt_alignment,0.7539673853562439,0.8597279420940971,0.7839990895641288,0.9516507804945434,0.8597279420940971
deepcrack_0184,point+text,deepcrack,oracle_gt_prompt_gt_alignment,0.7641170181747498,0.8662883587681119,0.8156447764290902,0.9236372180451128,0.8662883587681118
deepcrack_0185,point+text,deepcrack,oracle_gt_prompt_gt_alignment,0.7381454747362577,0.8493483260925121,0.8206172839506173,0.8801641949152542,0.8493483260925121
deepcrack_0186,point+text,deepcrack,oracle_gt_prompt_gt_alignment,0.7770488686061989,0.8745385479642609,0.8485257475083057,0.9021967104536924,0.8745385479642608
deepcrack_0187,point+text,deepcrack,oracle_gt_prompt_gt_alignment,0.7950557333627635,0.8858284660313557,0.9707586578628217,0.8145635459068294,0.8858284660313556
deepcrack_0188,point+text,deepcrack,oracle_gt_prompt_gt_alignment,0.825483256193847,0.904399701715138,0.9436663554310614,0.868270332187858,0.904399701715138
deepcrack_0189,point+text,deepcrack,oracle_gt_prompt_gt_alignment,0.7560787934749154,0.8610989396196652,0.8640520576855435,0.8581659388646288,0.8610989396196652
deepcrack_0190,point+text,deepcrack,oracle_gt_prompt_gt_alignment,0.7736974982786321,0.8724120082815735,0.8143495591254982,0.9393897171520134,0.8724120082815735
deepcrack_0191,point+text,deepcrack,oracle_gt_prompt_gt_alignment,0.7113651351945482,0.8313423249839434,0.7164046933805623,0.9902080783353733,0.8313423249839436
deepcrack_0192,point+text,deepcrack,oracle_gt_prompt_gt_alignment,0.6339750849377124,0.7759911283615193,0.6488178025034771,0.9651724137931035,0.7759911283615194
deepcrack_0193,point+text,deepcrack,oracle_gt_prompt_gt_alignment,0.6847098214285714,0.8128519377277245,0.7595955427156418,0.8741391593445738,0.8128519377277245
deepcrack_0194,point+text,deepcrack,oracle_gt_prompt_gt_alignment,0.6075078616352201,0.7558381220198068,0.8203290870488322,0.7007481296758105,0.7558381220198067
deepcrack_0195,point+text,deepcrack,oracle_gt_prompt_gt_alignment,0.6413730803974707,0.7815079801871216,0.6445755787562415,0.9923130677847659,0.7815079801871218
deepcrack_0196,point+text,deepcrack,oracle_gt_prompt_gt_alignment,0.7192842942345924,0.8367252543940795,0.7382166904713324,0.9655724579663731,0.8367252543940795
deepcrack_0197,point+text,deepcrack,oracle_gt_prompt_gt_alignment,0.7403717187200614,0.8508202135858197,0.7495635305528613,0.9837067209775967,0.8508202135858197
deepcrack_0198,point+text,deepcrack,oracle_gt_prompt_gt_alignment,0.5575734525054673,0.7159514071180025,0.6860084230229293,0.7486276011745181,0.7159514071180025
deepcrack_0199,point+text,deepcrack,oracle_gt_prompt_gt_alignment,0.6074646074646075,0.755804643714972,0.8094986807387863,0.7087905741018828,0.7558046437149718
deepcrack_0200,point+text,deepcrack,oracle_gt_prompt_gt_alignment,0.6660297239915074,0.7995412259462215,0.8336433696518735,0.7681194906953966,0.7995412259462213
deepcrack_0201,point+text,deepcrack,oracle_gt_prompt_gt_alignment,0.5961340206185567,0.7469723881802035,0.7312677837496048,0.7633663366336634,0.7469723881802034
deepcrack_0202,point+text,deepcrack,oracle_gt_prompt_gt_alignment,0.48605230386052306,0.6541523506243191,0.8059054305182738,0.55049365303244,0.6541523506243191
deepcrack_0203,point+text,deepcrack,oracle_gt_prompt_gt_alignment,0.614731161303218,0.7614037259392213,0.7456661413504667,0.7778199291856348,0.7614037259392215
deepcrack_0204,point+text,deepcrack,oracle_gt_prompt_gt_alignment,0.607330903199676,0.7557011465289152,0.7636872930990578,0.7478802992518703,0.7557011465289152
deepcrack_0205,point+text,deepcrack,oracle_gt_prompt_gt_alignment,0.5583957690612604,0.7166289592760181,0.6540198735320687,0.7924941360437842,0.7166289592760181
deepcrack_0206,point+text,deepcrack,oracle_gt_prompt_gt_alignment,0.5678759508484494,0.7243888785221123,0.61553911205074,0.8800060450355146,0.7243888785221124
deepcrack_0207,point+text,deepcrack,oracle_gt_prompt_gt_alignment,0.4746325272641062,0.6437299035369775,0.47621313035204565,0.9930555555555556,0.6437299035369775
deepcrack_0208,point+text,deepcrack,oracle_gt_prompt_gt_alignment,0.49278398510242083,0.6602214252300016,0.49514676646006317,0.9904093567251462,0.6602214252300015
deepcrack_0209,point+text,deepcrack,oracle_gt_prompt_gt_alignment,0.4265862132016822,0.5980517815944629,0.43566760037348273,0.953412341642828,0.598051781594463
deepcrack_0210,point+text,deepcrack,oracle_gt_prompt_gt_alignment,0.4704617330803289,0.6398830006882312,0.5370397111913358,0.791444988295382,0.6398830006882312
deepcrack_0211,point+text,deepcrack,oracle_gt_prompt_gt_alignment,0.4904017857142857,0.6580799760371424,0.7562822719449226,0.5824496288441146,0.6580799760371424
deepcrack_0212,point+text,deepcrack,oracle_gt_prompt_gt_alignment,0.3128672745694022,0.4766167618459639,0.32159966673609663,0.9201430274135876,0.4766167618459638
deepcrack_0213,point+text,deepcrack,oracle_gt_prompt_gt_alignment,0.5915209654958997,0.7433404627649232,0.6753223812047342,0.8265945945945946,0.7433404627649232
deepcrack_0214,point+text,deepcrack,oracle_gt_prompt_gt_alignment,0.5370771312584574,0.698829122281891,0.5509439200444197,0.9552346570397112,0.6988291222818911
deepcrack_0215,point+text,deepcrack,oracle_gt_prompt_gt_alignment,0.6533457249070632,0.7903316469926925,0.7354655507397997,0.8540437348143006,0.7903316469926925
deepcrack_0216,point+text,deepcrack,oracle_gt_prompt_gt_alignment,0.6606182795698925,0.7956292998785917,0.769170579029734,0.8239731768650461,0.7956292998785917
deepcrack_0217,point+text,deepcrack,oracle_gt_prompt_gt_alignment,0.678513731825525,0.8084696823869105,0.6817075150137965,0.9931425868999764,0.8084696823869105
deepcrack_0218,point+text,deepcrack,oracle_gt_prompt_gt_alignment,0.6833112742148959,0.8118656182987849,0.7142497799018991,0.940387481371088,0.8118656182987849
deepcrack_0219,point+text,deepcrack,oracle_gt_prompt_gt_alignment,0.4936264548309625,0.6609771181199753,0.5158301158301158,0.9197934595524957,0.6609771181199754
deepcrack_0220,point+text,deepcrack,oracle_gt_prompt_gt_alignment,0.6728595556710406,0.8044423734078906,0.6880563305433772,0.9682183585716957,0.8044423734078907
deepcrack_0221,point+text,deepcrack,oracle_gt_prompt_gt_alignment,0.7188600704450848,0.8364381520119225,0.7886878622870191,0.8903430497719611,0.8364381520119225
deepcrack_0222,point+text,deepcrack,oracle_gt_prompt_gt_alignment,0.7089996864220759,0.8297247706422018,0.7198344476281439,0.9792117799913382,0.829724770642202
deepcrack_0223,point+text,deepcrack,oracle_gt_prompt_gt_alignment,0.6482374370513233,0.7865825911720731,0.6562533897385834,0.981505515898767,0.7865825911720732
deepcrack_0224,point+text,deepcrack,oracle_gt_prompt_gt_alignment,0.6478425620339812,0.7862918181143832,0.690733741691646,0.912534435261708,0.7862918181143831
deepcrack_0225,point+text,deepcrack,oracle_gt_prompt_gt_alignment,0.21913043478260869,0.3594864479315264,0.2580456407255705,0.5923438549361988,0.35948644793152645
deepcrack_0226,point+text,deepcrack,oracle_gt_prompt_gt_alignment,0.38851251840942563,0.5596096733135342,0.408359133126935,0.8888140161725068,0.5596096733135342
deepcrack_0227,point+text,deepcrack,oracle_gt_prompt_gt_alignment,0.7811380819737366,0.8771224307417337,0.7906820622986036,0.9847826086956522,0.8771224307417337
deepcrack_0228,point+text,deepcrack,oracle_gt_prompt_gt_alignment,0.7465273509526736,0.8548704954954955,0.7561947453617234,0.983163347903513,0.8548704954954955
deepcrack_0229,point+text,deepcrack,oracle_gt_prompt_gt_alignment,0.7646922720962518,0.8666579257899567,0.7705758918162742,0.9901138406231276,0.8666579257899567
deepcrack_0230,point+text,deepcrack,oracle_gt_prompt_gt_alignment,0.9210246598639455,0.9588889503679522,0.9468910501584527,0.971194799372338,0.9588889503679521
deepcrack_0231,point+text,deepcrack,oracle_gt_prompt_gt_alignment,0.8296341964652693,0.9068853195552061,0.8511490617752477,0.9704326923076924,0.9068853195552061
deepcrack_0232,point+text,deepcrack,oracle_gt_prompt_gt_alignment,0.7000472366556448,0.8235621005834954,0.7067238912732475,0.9866844207723036,0.8235621005834954
deepcrack_0233,point+text,deepcrack,oracle_gt_prompt_gt_alignment,0.8759240198371854,0.9338587390263368,0.9396707488456133,0.9281181836208606,0.9338587390263369
deepcrack_0234,point+text,deepcrack,oracle_gt_prompt_gt_alignment,0.85110263637871,0.9195628806879255,0.9948959813929448,0.8548351282335961,0.9195628806879255
deepcrack_0235,point+text,deepcrack,oracle_gt_prompt_gt_alignment,0.9188301195734138,0.957698245614035,0.9888702104225842,0.9284314792641777,0.957698245614035
deepcrack_0236,point+text,deepcrack,oracle_gt_prompt_gt_alignment,0.5189581856839122,0.6833080601889654,0.9999431009957326,0.5189735109116145,0.6833080601889654
deepcrack_0000,box+point,deepcrack,oracle_gt_prompt_gt_alignment,0.5431238885595732,0.703927782579468,0.5527069823556024,0.9690639873083025,0.703927782579468
deepcrack_0001,box+point,deepcrack,oracle_gt_prompt_gt_alignment,0.5502295197740112,0.7098684585160299,0.7485288819502822,0.6750054147714967,0.7098684585160299
deepcrack_0002,box+point,deepcrack,oracle_gt_prompt_gt_alignment,0.7466117687424945,0.8549258422551812,0.8005886681383371,0.9171759747102213,0.8549258422551813
deepcrack_0003,box+point,deepcrack,oracle_gt_prompt_gt_alignment,0.11972107640934983,0.21384089114989913,0.4802994483845548,0.13753807965700102,0.21384089114989915
deepcrack_0004,box+point,deepcrack,oracle_gt_prompt_gt_alignment,0.4085760517799353,0.5801263641585296,0.7843644835619984,0.46027646969466807,0.5801263641585296
deepcrack_0005,box+point,deepcrack,oracle_gt_prompt_gt_alignment,0.6054179290679024,0.7542184724689165,0.7794860027535567,0.7305376344086022,0.7542184724689166
deepcrack_0006,box+point,deepcrack,oracle_gt_prompt_gt_alignment,0.38666666666666666,0.5576923076923077,0.6990358126721763,0.4638939670932358,0.5576923076923077
deepcrack_0007,box+point,deepcrack,oracle_gt_prompt_gt_alignment,0.7177378754824635,0.8356779992184447,0.8591803937324226,0.8134271586154431,0.8356779992184447
deepcrack_0008,box+point,deepcrack,oracle_gt_prompt_gt_alignment,0.7390921110621419,0.8499746578813989,0.9025834230355221,0.8031609195402298,0.8499746578813988
deepcrack_0009,box+point,deepcrack,oracle_gt_prompt_gt_alignment,0.6541958563124162,0.7909533249234096,0.8139836795252225,0.7691903259726603,0.7909533249234096
deepcrack_0010,box+point,deepcrack,oracle_gt_prompt_gt_alignment,0.4281757754800591,0.599612152553329,0.7294746775715634,0.5089991220368745,0.599612152553329
deepcrack_0011,box+point,deepcrack,oracle_gt_prompt_gt_alignment,0.7321076822061721,0.8453373768006065,0.8004307250538406,0.8955823293172691,0.8453373768006065
deepcrack_0012,box+point,deepcrack,oracle_gt_prompt_gt_alignment,0.49569162378589043,0.6628259674694135,0.962914769030579,0.5053389620064564,0.6628259674694135
deepcrack_0013,box+point,deepcrack,oracle_gt_prompt_gt_alignment,0.4661803243855797,0.6359113086324332,0.9384088964927289,0.48089427924307737,0.6359113086324333
deepcrack_0014,box+point,deepcrack,oracle_gt_prompt_gt_alignment,0.08070566388115134,0.14935734414736407,0.23847673397717295,0.10872610827579306,0.1493573441473641
deepcrack_0015,box+point,deepcrack,oracle_gt_prompt_gt_alignment,0.22457482671110943,0.3667800804206619,0.47033158813263526,0.3005982559318597,0.36678008042066196
deepcrack_0016,box+point,deepcrack,oracle_gt_prompt_gt_alignment,0.361758381217612,0.5313106733283285,0.5860985778742361,0.4858901515151515,0.5313106733283285
deepcrack_0017,box+point,deepcrack,oracle_gt_prompt_gt_alignment,0.13912141924583366,0.24426091353446822,0.8595492289442468,0.14235756385068762,0.24426091353446824
deepcrack_0018,box+point,deepcrack,oracle_gt_prompt_gt_alignment,0.47244575170653197,0.6417156641037238,0.8499400958466453,0.5154395737466699,0.6417156641037237
deepcrack_0019,box+point,deepcrack,oracle_gt_prompt_gt_alignment,0.4140683774972833,0.5856412378447078,0.9800178059155208,0.41759399763952115,0.5856412378447078
deepcrack_0020,box+point,deepcrack,oracle_gt_prompt_gt_alignment,0.6095137655417406,0.7573886953822809,0.9510653040013858,0.6292476075869577,0.7573886953822808
deepcrack_0021,box+point,deepcrack,oracle_gt_prompt_gt_alignment,0.7106043752317389,0.8308225858892381,0.936248168050806,0.74673680109098,0.8308225858892381
deepcrack_0022,box+point,deepcrack,oracle_gt_prompt_gt_alignment,0.5165623668949249,0.6812279905805085,0.9747140649149922,0.5235786397449522,0.6812279905805086
deepcrack_0023,box+point,deepcrack,oracle_gt_prompt_gt_alignment,0.6434293401822295,0.7830325581395349,0.9382914214374889,0.6718600344805568,0.7830325581395349
deepcrack_0024,box+point,deepcrack,oracle_gt_prompt_gt_alignment,0.008889195148842337,0.017621747148418822,0.7087912087912088,0.008921778822878484,0.017621747148418822
deepcrack_0025,box+point,deepcrack,oracle_gt_prompt_gt_alignment,0.46005009933488816,0.6301839910075134,0.7675457558726041,0.5345242874347651,0.6301839910075133
deepcrack_0026,box+point,deepcrack,oracle_gt_prompt_gt_alignment,0.7537511032656664,0.8595873175641671,0.8743281289992322,0.8453353130413264,0.8595873175641671
deepcrack_0027,box+point,deepcrack,oracle_gt_prompt_gt_alignment,0.4855310753041763,0.6536801328168235,0.5248844649840029,0.866236432971546,0.6536801328168235
deepcrack_0028,box+point,deepcrack,oracle_gt_prompt_gt_alignment,0.562489126022154,0.7199910919753545,0.688604898828541,0.7543750486116513,0.7199910919753546
deepcrack_0029,box+point,deepcrack,oracle_gt_prompt_gt_alignment,0.5355477120887432,0.6975331445224315,0.9998823252530007,0.535581468641664,0.6975331445224315
deepcrack_0030,box+point,deepcrack,oracle_gt_prompt_gt_alignment,0.6179366218849349,0.7638576363578741,0.999088045100315,0.6182853624749884,0.7638576363578741
deepcrack_0031,box+point,deepcrack,oracle_gt_prompt_gt_alignment,0.9247988160207197,0.9609303666682686,0.9927514646013306,0.9310858632892531,0.9609303666682685
deepcrack_0032,box+point,deepcrack,oracle_gt_prompt_gt_alignment,0.6247163193728079,0.769015873015873,0.6681376875551632,0.905773257553096,0.7690158730158729
deepcrack_0033,box+point,deepcrack,oracle_gt_prompt_gt_alignment,0.7930351543158937,0.8845729013254786,0.8141308031175872,0.9683595324465941,0.8845729013254785
deepcrack_0034,box+point,deepcrack,oracle_gt_prompt_gt_alignment,0.7140929535232384,0.8332021341730079,0.7287331701346389,0.972636307943639,0.8332021341730079
deepcrack_0035,box+point,deepcrack,oracle_gt_prompt_gt_alignment,0.600555748523793,0.7504340277777778,0.7113762600288006,0.7940298507462686,0.7504340277777777
deepcrack_0036,box+point,deepcrack,oracle_gt_prompt_gt_alignment,0.5666158794650414,0.7233628701102226,1.0,0.5666158794650414,0.7233628701102226
deepcrack_0037,box+point,deepcrack,oracle_gt_prompt_gt_alignment,0.26903749516814845,0.4240024367956138,0.9840701291356395,0.27021430789936846,0.4240024367956138
deepcrack_0038,box+point,deepcrack,oracle_gt_prompt_gt_alignment,0.028582770940849545,0.05557699729834041,0.9282836422240129,0.02864602760164118,0.05557699729834041
deepcrack_0039,box+point,deepcrack,oracle_gt_prompt_gt_alignment,0.06285686158692656,0.11827907192145602,0.6919534001625576,0.0646664134700595,0.11827907192145602
deepcrack_0040,box+point,deepcrack,oracle_gt_prompt_gt_alignment,0.6660008877052819,0.7995204475822566,0.6970963995354239,0.9372267332916927,0.7995204475822565
deepcrack_0041,box+point,deepcrack,oracle_gt_prompt_gt_alignment,0.5879527905078787,0.7405167131194529,0.9685609390351104,0.599392,0.7405167131194529
deepcrack_0042,box+point,deepcrack,oracle_gt_prompt_gt_alignment,0.03530785816962147,0.068207457117237,0.8009510869565217,0.035620411492794345,0.06820745711723698
deepcrack_0043,box+point,deepcrack,oracle_gt_prompt_gt_alignment,0.5062168254199084,0.672169925174994,0.9561873369042714,0.5182373083221676,0.672169925174994
deepcrack_0044,box+point,deepcrack,oracle_gt_prompt_gt_alignment,0.7416316232127839,0.8516515356384006,0.9623485757939539,0.7637938501515807,0.8516515356384007
deepcrack_0045,box+point,deepcrack,oracle_gt_prompt_gt_alignment,0.8364620938628159,0.9109494790642815,0.8673030132884147,0.9592216932312151,0.9109494790642815
deepcrack_0046,box+point,deepcrack,oracle_gt_prompt_gt_alignment,0.6483781044095286,0.7866861403643631,0.6745320326918007,0.9435736677115988,0.786686140364363
deepcrack_0047,box+point,deepcrack,oracle_gt_prompt_gt_alignment,0.49725274725274726,0.6642201834862386,0.6433649289099526,0.6864728192161821,0.6642201834862385
deepcrack_0048,box+point,deepcrack,oracle_gt_prompt_gt_alignment,0.7294671769208125,0.8435744680851064,0.7557182067703568,0.9545454545454546,0.8435744680851065
deepcrack_0049,box+point,deepcrack,oracle_gt_prompt_gt_alignment,0.8224486083318173,0.9025753643441805,0.8482176360225141,0.9643771331058021,0.9025753643441805
deepcrack_0050,box+point,deepcrack,oracle_gt_prompt_gt_alignment,0.7286929836797322,0.8430565641894618,0.7394196744515216,0.9804804804804805,0.8430565641894618
deepcrack_0051,box+point,deepcrack,oracle_gt_prompt_gt_alignment,0.5422407070444503,0.7031855722231586,0.5543449375498273,0.9612903225806452,0.7031855722231587
deepcrack_0052,box+point,deepcrack,oracle_gt_prompt_gt_alignment,0.8033932135728543,0.8909795240730493,0.8158783783783784,0.9813084112149533,0.8909795240730494
deepcrack_0053,box+point,deepcrack,oracle_gt_prompt_gt_alignment,0.7902843601895735,0.8828590337524818,0.8003359731221502,0.9843565525383707,0.8828590337524818
deepcrack_0054,box+point,deepcrack,oracle_gt_prompt_gt_alignment,0.8165003650523242,0.8989817792068596,0.8732431025507548,0.9262838210933186,0.8989817792068595
deepcrack_0055,box+point,deepcrack,oracle_gt_prompt_gt_alignment,0.7277285527852188,0.8424107497813469,0.9325763577149899,0.7681432610744581,0.8424107497813469
deepcrack_0056,box+point,deepcrack,oracle_gt_prompt_gt_alignment,0.449645048730598,0.6203519256308101,0.6481096080471731,0.5948742438713785,0.6203519256308101
deepcrack_0057,box+point,deepcrack,oracle_gt_prompt_gt_alignment,0.5444759206798867,0.7050623624358033,0.607650964274423,0.8396679772826562,0.7050623624358033
deepcrack_0058,box+point,deepcrack,oracle_gt_prompt_gt_alignment,0.38746908491343773,0.5585264408793821,0.3972950126796281,0.94,0.5585264408793821
deepcrack_0059,box+point,deepcrack,oracle_gt_prompt_gt_alignment,0.7614278376990241,0.8645575156728386,0.9226221346333368,0.8133686905632772,0.8645575156728387
deepcrack_0060,box+point,deepcrack,oracle_gt_prompt_gt_alignment,0.7291890729189073,0.8433884811543725,0.9546606589693044,0.7553475935828877,0.8433884811543724
deepcrack_0061,box+point,deepcrack,oracle_gt_prompt_gt_alignment,0.8070669568557163,0.8932341480694297,0.970742223591007,0.8271880330665267,0.8932341480694296
deepcrack_0062,box+point,deepcrack,oracle_gt_prompt_gt_alignment,0.7099842832326909,0.8303986068111455,0.9184590690208668,0.7577469762514346,0.8303986068111455
deepcrack_0063,box+point,deepcrack,oracle_gt_prompt_gt_alignment,0.4718541649084311,0.6411697247706422,0.8392374662263584,0.5187418816106885,0.6411697247706422
deepcrack_0064,box+point,deepcrack,oracle_gt_prompt_gt_alignment,0.6162776635627041,0.7625888514777404,0.8679952307954352,0.6800106752068321,0.7625888514777402
deepcrack_0065,box+point,deepcrack,oracle_gt_prompt_gt_alignment,0.4267422539341218,0.5982051106391725,0.7630199231038098,0.491943661971831,0.5982051106391724
deepcrack_0066,box+point,deepcrack,oracle_gt_prompt_gt_alignment,0.19613939629485685,0.3279540777645402,0.7673593512417638,0.20853994490358127,0.3279540777645403
deepcrack_0067,box+point,deepcrack,oracle_gt_prompt_gt_alignment,0.7282883362149222,0.8427856868026163,0.7523011402665202,0.9580125962211337,0.8427856868026165
deepcrack_0068,box+point,deepcrack,oracle_gt_prompt_gt_alignment,0.7225947033188066,0.83896078622166,0.7599153886832364,0.9363596872284969,0.8389607862216599
deepcrack_0069,box+point,deepcrack,oracle_gt_prompt_gt_alignment,0.65715069997255,0.7931091601788968,0.6755079006772009,0.9602888086642599,0.7931091601788969
deepcrack_0070,box+point,deepcrack,oracle_gt_prompt_gt_alignment,0.7172643303450149,0.835356930986751,0.7391517357222844,0.9603528234973174,0.835356930986751
deepcrack_0071,box+point,deepcrack,oracle_gt_prompt_gt_alignment,0.6580916411316183,0.7937940519167956,0.6636246047714861,0.9874893071000855,0.7937940519167955
deepcrack_0072,box+point,deepcrack,oracle_gt_prompt_gt_alignment,0.7340374072879716,0.8466223441350132,0.7514856388246947,0.969338869370808,0.8466223441350132
deepcrack_0073,box+point,deepcrack,oracle_gt_prompt_gt_alignment,0.5212578438976239,0.6852984797923619,0.5279205941159668,0.9763602746962493,0.6852984797923618
deepcrack_0074,box+point,deepcrack,oracle_gt_prompt_gt_alignment,0.7840043525571273,0.8789265019823117,0.8373038930854154,0.9249037227214377,0.8789265019823117
deepcrack_0075,box+point,deepcrack,oracle_gt_prompt_gt_alignment,0.6353651440209485,0.7770315349375083,0.6512338775814508,0.9630650496141124,0.7770315349375083
deepcrack_0076,box+point,deepcrack,oracle_gt_prompt_gt_alignment,0.7693514161823046,0.8696422984669935,0.7854384477724404,0.974068449947436,0.8696422984669934
deepcrack_0077,box+point,deepcrack,oracle_gt_prompt_gt_alignment,0.609621062992126,0.7574715279370176,0.6204608064112196,0.9721404747890916,0.7574715279370174
deepcrack_0078,box+point,deepcrack,oracle_gt_prompt_gt_alignment,0.618308132407029,0.7641414141414141,0.6362489486963835,0.9563843236409608,0.764141414141414
deepcrack_0079,box+point,deepcrack,oracle_gt_prompt_gt_alignment,0.7283120376597175,0.8428015564202335,0.8451033944596177,0.840512223515716,0.8428015564202336
deepcrack_0080,box+point,deepcrack,oracle_gt_prompt_gt_alignment,0.7334801762114538,0.8462515883100381,0.8737290915054116,0.8204496458269172,0.8462515883100381
deepcrack_0081,box+point,deepcrack,oracle_gt_prompt_gt_alignment,0.7879646418857661,0.8814096469544274,0.9677105080027836,0.8092411545623837,0.8814096469544275
deepcrack_0082,box+point,deepcrack,oracle_gt_prompt_gt_alignment,0.6998505231689088,0.823425958494548,0.9728494251281341,0.7137920520378087,0.823425958494548
deepcrack_0083,box+point,deepcrack,oracle_gt_prompt_gt_alignment,0.7258304940374787,0.8411376395829477,0.9309026355318858,0.767161827593968,0.8411376395829477
deepcrack_0084,box+point,deepcrack,oracle_gt_prompt_gt_alignment,0.7441954780492751,0.8533395338022438,0.9028290282902829,0.8089937176237187,0.8533395338022438
deepcrack_0085,box+point,deepcrack,oracle_gt_prompt_gt_alignment,0.7611637347767253,0.8643872454859777,0.9647336263265087,0.7829491083079599,0.8643872454859777
deepcrack_0086,box+point,deepcrack,oracle_gt_prompt_gt_alignment,0.8009249949728534,0.8894595801697186,0.9496900333810205,0.8364132717345653,0.8894595801697185
deepcrack_0087,box+point,deepcrack,oracle_gt_prompt_gt_alignment,0.7478510028653295,0.8557377049180328,0.9107960741548528,0.8069565217391305,0.8557377049180328
deepcrack_0088,box+point,deepcrack,oracle_gt_prompt_gt_alignment,0.7880956005480286,0.8814915715988422,0.9492115878254492,0.8227908455181182,0.8814915715988422
deepcrack_0089,box+point,deepcrack,oracle_gt_prompt_gt_alignment,0.12629205036647248,0.2242616385783414,0.5838401390095569,0.13878562577447337,0.2242616385783414
deepcrack_0090,box+point,deepcrack,oracle_gt_prompt_gt_alignment,0.44699738903394254,0.6178274990977987,0.7867647058823529,0.5086155674390969,0.6178274990977988
deepcrack_0091,box+point,deepcrack,oracle_gt_prompt_gt_alignment,0.7165937695260198,0.8349019811762259,0.95959837437246,0.738886332259549,0.8349019811762258
deepcrack_0092,box+point,deepcrack,oracle_gt_prompt_gt_alignment,0.5741534504929275,0.7294758339006127,0.9718846363141666,0.5838509316770186,0.7294758339006128
deepcrack_0093,box+point,deepcrack,oracle_gt_prompt_gt_alignment,0.8061067231747255,0.8926457255613034,0.9791739791739792,0.8201685613484908,0.8926457255613033
deepcrack_0094,box+point,deepcrack,oracle_gt_prompt_gt_alignment,0.595731854352544,0.7466565923687193,0.9305084745762712,0.6234700315457413,0.7466565923687193
deepcrack_0095,box+point,deepcrack,oracle_gt_prompt_gt_alignment,0.6753649399302416,0.8062302413447452,0.9299181785841337,0.711582959030897,0.8062302413447452
deepcrack_0096,box+point,deepcrack,oracle_gt_prompt_gt_alignment,0.8258702402353326,0.9046319087044081,0.9086577362222422,0.9006415968633043,0.9046319087044082
deepcrack_0097,box+point,deepcrack,oracle_gt_prompt_gt_alignment,0.6906753544069737,0.8170407791260872,0.9609212299399731,0.7106359847798515,0.8170407791260872
deepcrack_0098,box+point,deepcrack,oracle_gt_prompt_gt_alignment,0.7605038315863648,0.8639615750237655,0.9473337722185649,0.79407707164536,0.8639615750237655
deepcrack_0099,box+point,deepcrack,oracle_gt_prompt_gt_alignment,0.7078047551037554,0.8289059425423062,0.9101220697850275,0.7609971998916087,0.8289059425423062
deepcrack_0100,box+point,deepcrack,oracle_gt_prompt_gt_alignment,0.778400535385645,0.8753939507973094,0.9232982734669577,0.8322153653519363,0.8753939507973094
deepcrack_0101,box+point,deepcrack,oracle_gt_prompt_gt_alignment,0.6352610560567963,0.7769536903039074,0.7990697674418604,0.7560288681570146,0.7769536903039075
deepcrack_0102,box+point,deepcrack,oracle_gt_prompt_gt_alignment,0.760914760914761,0.8642266824085005,0.8529129540781357,0.8758445945945946,0.8642266824085006
deepcrack_0103,box+point,deepcrack,oracle_gt_prompt_gt_alignment,0.8890655160667651,0.9412754703372003,0.9599117322545053,0.9233490566037735,0.9412754703372003
deepcrack_0104,box+point,deepcrack,oracle_gt_prompt_gt_alignment,0.9211146838156484,0.9589377371122517,0.9900921658986175,0.9296841194288187,0.9589377371122517
deepcrack_0105,box+point,deepcrack,oracle_gt_prompt_gt_alignment,0.8727622130069789,0.9320587599913588,0.9960752626111047,0.8757738759768599,0.9320587599913588
deepcrack_0106,box+point,deepcrack,oracle_gt_prompt_gt_alignment,0.9014855355746677,0.9481907894736842,0.9960047511067919,0.904757233938205,0.9481907894736841
deepcrack_0107,box+point,deepcrack,oracle_gt_prompt_gt_alignment,0.6808190869810258,0.8101039454565776,0.7067082683307332,0.9489395129615082,0.8101039454565776
deepcrack_0108,box+point,deepcrack,oracle_gt_prompt_gt_alignment,0.663023679417122,0.7973713033953997,0.6829268292682927,0.9578947368421052,0.7973713033953999
deepcrack_0109,box+point,deepcrack,oracle_gt_prompt_gt_alignment,0.7956596694047257,0.8862031964759699,1.0,0.7956596694047257,0.88620319647597
deepcrack_0110,box+point,deepcrack,oracle_gt_prompt_gt_alignment,0.7578265858056057,0.8622313394563849,1.0,0.7578265858056057,0.862231339456385
deepcrack_0111,box+point,deepcrack,oracle_gt_prompt_gt_alignment,0.44120650380959864,0.6122738173097886,0.9831962191493085,0.4445587653343886,0.6122738173097885
deepcrack_0112,box+point,deepcrack,oracle_gt_prompt_gt_alignment,0.660624607658506,0.7956338893351604,0.9969212551805803,0.6619751533259947,0.7956338893351604
deepcrack_0113,box+point,deepcrack,oracle_gt_prompt_gt_alignment,0.8886870783601453,0.941063332875395,0.9492793791574279,0.9329882865704168,0.941063332875395
deepcrack_0114,box+point,deepcrack,oracle_gt_prompt_gt_alignment,0.8830012717253073,0.9378658262044124,0.9175403048189587,0.9591122571139147,0.9378658262044124
deepcrack_0115,box+point,deepcrack,oracle_gt_prompt_gt_alignment,0.8280635290689203,0.9059461182847123,0.9702919583404473,0.8496038271789506,0.9059461182847124
deepcrack_0116,box+point,deepcrack,oracle_gt_prompt_gt_alignment,0.814866581956798,0.8979906182174613,0.8595362551936737,0.9400469070653767,0.8979906182174614
deepcrack_0117,box+point,deepcrack,oracle_gt_prompt_gt_alignment,0.8185777777777777,0.900239503397038,0.9110605461020973,0.8896724954110714,0.9002395033970381
deepcrack_0118,box+point,deepcrack,oracle_gt_prompt_gt_alignment,0.013879250520471894,0.02737850787132101,0.33707865168539325,0.014268727705112961,0.02737850787132101
deepcrack_0119,box+point,deepcrack,oracle_gt_prompt_gt_alignment,0.8151904997525977,0.898187270001363,0.9323712507074137,0.8664212463844333,0.8981872700013629
deepcrack_0120,box+point,deepcrack,oracle_gt_prompt_gt_alignment,0.7161423718800768,0.8345955249569708,0.9332178598922248,0.7548256537982565,0.8345955249569708
deepcrack_0121,box+point,deepcrack,oracle_gt_prompt_gt_alignment,0.7784967645594824,0.8754547998880493,0.9644398766700925,0.8015032456440041,0.8754547998880492
deepcrack_0122,box+point,deepcrack,oracle_gt_prompt_gt_alignment,0.7895259369570613,0.8823855755894591,0.9302529609592045,0.8392032713362353,0.8823855755894592
deepcrack_0123,box+point,deepcrack,oracle_gt_prompt_gt_alignment,0.7976016379058204,0.8874064432150992,0.9065824468085106,0.8690248565965584,0.8874064432150993
deepcrack_0124,box+point,deepcrack,oracle_gt_prompt_gt_alignment,0.8099836035707779,0.8950176144942124,0.868359375,0.9233644859813084,0.8950176144942125
deepcrack_0125,box+point,deepcrack,oracle_gt_prompt_gt_alignment,0.7648514851485149,0.8667601683029453,0.828735632183908,0.9084418311633767,0.8667601683029453
deepcrack_0126,box+point,deepcrack,oracle_gt_prompt_gt_alignment,0.8046840477242598,0.8917727717923605,0.9712,0.8243549117247624,0.8917727717923604
deepcrack_0127,box+point,deepcrack,oracle_gt_prompt_gt_alignment,0.8370280568063734,0.9112850004713868,0.955327139750939,0.8711247296322999,0.9112850004713868
deepcrack_0128,box+point,deepcrack,oracle_gt_prompt_gt_alignment,0.747756985388362,0.8556761513640364,0.9891488640217023,0.7539415869733781,0.8556761513640364
deepcrack_0129,box+point,deepcrack,oracle_gt_prompt_gt_alignment,0.7353538509607874,0.8474972992437882,0.9901135885570046,0.7407932011331445,0.8474972992437882
deepcrack_0130,box+point,deepcrack,oracle_gt_prompt_gt_alignment,0.8278862889189712,0.9058400338552687,0.9915460335842502,0.8337715454279871,0.9058400338552688
deepcrack_0131,box+point,deepcrack,oracle_gt_prompt_gt_alignment,0.5900751354184868,0.7421978021978022,1.0,0.5900751354184868,0.7421978021978022
deepcrack_0132,box+point,deepcrack,oracle_gt_prompt_gt_alignment,0.7886579139314369,0.8818432052196962,0.9579180509413068,0.8169625991688704,0.8818432052196962
deepcrack_0133,box+point,deepcrack,oracle_gt_prompt_gt_alignment,0.8487305312566674,0.9181765724177726,0.8977657413676371,0.9395370807746811,0.9181765724177726
deepcrack_0134,box+point,deepcrack,oracle_gt_prompt_gt_alignment,0.4293686780606906,0.6007808687164471,0.475106136626785,0.8168546781685467,0.6007808687164471
deepcrack_0135,box+point,deepcrack,oracle_gt_prompt_gt_alignment,0.5297770251199548,0.6926199261992619,0.5407663497551138,0.9630579784504875,0.692619926199262
deepcrack_0136,box+point,deepcrack,oracle_gt_prompt_gt_alignment,0.7198102016607355,0.8370809766864395,0.9733718318896375,0.7342691190706679,0.8370809766864394
deepcrack_0137,box+point,deepcrack,oracle_gt_prompt_gt_alignment,0.38816099538128007,0.5592449242887214,0.46923427529626255,0.6919845404133759,0.5592449242887214
deepcrack_0138,box+point,deepcrack,oracle_gt_prompt_gt_alignment,0.30062075081288797,0.4622727272727273,0.7883720930232558,0.3270096463022508,0.4622727272727272
deepcrack_0139,box+point,deepcrack,oracle_gt_prompt_gt_alignment,0.722136393732068,0.8386518005895168,0.8694034808024446,0.8100012377769525,0.8386518005895168
deepcrack_0140,box+point,deepcrack,oracle_gt_prompt_gt_alignment,0.7602880658436214,0.863822326125073,0.8068566437383994,0.9294428373789461,0.863822326125073
deepcrack_0141,box+point,deepcrack,oracle_gt_prompt_gt_alignment,0.7745016115554495,0.8729229734275143,0.7886228272760423,0.977402832178367,0.8729229734275143
deepcrack_0142,box+point,deepcrack,oracle_gt_prompt_gt_alignment,0.7805097837281153,0.8767261947798424,0.8017720179846601,0.967139894720051,0.8767261947798425
deepcrack_0143,box+point,deepcrack,oracle_gt_prompt_gt_alignment,0.5977531857813548,0.7482422079966419,0.6023994592767827,0.9872611464968153,0.7482422079966419
deepcrack_0144,box+point,deepcrack,oracle_gt_prompt_gt_alignment,0.5078362573099415,0.673596028544834,0.5227546352034673,0.9467945922372438,0.673596028544834
deepcrack_0145,box+point,deepcrack,oracle_gt_prompt_gt_alignment,0.6139507790883938,0.7608048362356763,0.6426829268292683,0.9321246959982312,0.7608048362356762
deepcrack_0146,box+point,deepcrack,oracle_gt_prompt_gt_alignment,0.7708228167592125,0.870581527936146,0.7873163186388245,0.9735416002550207,0.870581527936146
deepcrack_0147,box+point,deepcrack,oracle_gt_prompt_gt_alignment,0.7854111405835543,0.8798098350913683,0.9730529083141637,0.8028741865509761,0.8798098350913682
deepcrack_0148,box+point,deepcrack,oracle_gt_prompt_gt_alignment,0.6988352745424293,0.8227228207639569,0.7053742802303263,0.9869083585095669,0.8227228207639569
deepcrack_0149,box+point,deepcrack,oracle_gt_prompt_gt_alignment,0.7873708381171067,0.8810380267214799,0.8152639087018545,0.9583566238121856,0.8810380267214799
deepcrack_0150,box+point,deepcrack,oracle_gt_prompt_gt_alignment,0.6751840168243953,0.8061013119076015,0.7388952819332566,0.8867559729319154,0.8061013119076015
deepcrack_0151,box+point,deepcrack,oracle_gt_prompt_gt_alignment,0.7367333968859231,0.8484127710182051,0.8318980983135988,0.8655964159044242,0.8484127710182051
deepcrack_0152,box+point,deepcrack,oracle_gt_prompt_gt_alignment,0.4958228485153498,0.6629432743422381,0.9043510189094914,0.5232632249840663,0.662943274342238
deepcrack_0153,box+point,deepcrack,oracle_gt_prompt_gt_alignment,0.6801730025039836,0.809646389378133,0.9739243807040417,0.6927892418270345,0.809646389378133
deepcrack_0154,box+point,deepcrack,oracle_gt_prompt_gt_alignment,0.7937062937062938,0.884990253411306,0.8607178968655207,0.9106713024872961,0.884990253411306
deepcrack_0155,box+point,deepcrack,oracle_gt_prompt_gt_alignment,0.7807710921116309,0.8768910227375668,0.9434697855750487,0.8190895244542223,0.8768910227375667
deepcrack_0156,box+point,deepcrack,oracle_gt_prompt_gt_alignment,0.7892044452284354,0.8821847579611555,0.7969362308514428,0.9878560388606756,0.8821847579611555
deepcrack_0157,box+point,deepcrack,oracle_gt_prompt_gt_alignment,0.5842147162515637,0.7375448671931084,0.7373331419549304,0.7377567140600316,0.7375448671931084
deepcrack_0158,box+point,deepcrack,oracle_gt_prompt_gt_alignment,0.3673697132016516,0.5373377948257569,0.8823371750201019,0.38629429711335367,0.5373377948257569
deepcrack_0159,box+point,deepcrack,oracle_gt_prompt_gt_alignment,0.748339343328905,0.8560573165436387,0.7687658412945994,0.9657114866519716,0.8560573165436388
deepcrack_0160,box+point,deepcrack,oracle_gt_prompt_gt_alignment,0.9273704834373718,0.9623167848699764,0.9932653360011713,0.9332385712320601,0.9623167848699763
deepcrack_0161,box+point,deepcrack,oracle_gt_prompt_gt_alignment,0.9412493621984109,0.9697356563532592,0.9995355677684031,0.9416611974039233,0.9697356563532592
deepcrack_0162,box+point,deepcrack,oracle_gt_prompt_gt_alignment,0.8649545915987599,0.9275878302830577,0.993007213279995,0.8702553485162181,0.9275878302830578
deepcrack_0163,box+point,deepcrack,oracle_gt_prompt_gt_alignment,0.9294818810632096,0.9634523031136564,0.9985045331339377,0.9307776083641908,0.9634523031136564
deepcrack_0164,box+point,deepcrack,oracle_gt_prompt_gt_alignment,0.9153422199436042,0.9558001806805635,0.9954697518817953,0.9191711178325503,0.9558001806805634
deepcrack_0165,box+point,deepcrack,oracle_gt_prompt_gt_alignment,0.8205275779376499,0.9014173560250803,0.9601526546189246,0.8494538232373386,0.9014173560250803
deepcrack_0166,box+point,deepcrack,oracle_gt_prompt_gt_alignment,0.9192351992628427,0.9579182370309912,0.9998496617389125,0.9193622707584554,0.9579182370309911
deepcrack_0167,box+point,deepcrack,oracle_gt_prompt_gt_alignment,0.6545454545454545,0.7912087912087912,0.9982225382154284,0.6553092182030339,0.7912087912087913
deepcrack_0168,box+point,deepcrack,oracle_gt_prompt_gt_alignment,0.7324040219378428,0.8455348898562195,0.7907722674562053,0.9084467120181405,0.8455348898562195
deepcrack_0169,box+point,deepcrack,oracle_gt_prompt_gt_alignment,0.651584805226228,0.7890418986229124,0.9812947892627232,0.6597795018374847,0.7890418986229123
deepcrack_0170,box+point,deepcrack,oracle_gt_prompt_gt_alignment,0.7147755362411291,0.8336665891653104,0.9640782964078296,0.7343327598918653,0.8336665891653104
deepcrack_0171,box+point,deepcrack,oracle_gt_prompt_gt_alignment,0.7488996988649526,0.8564238410596027,0.7978775913129319,0.9242424242424242,0.8564238410596028
deepcrack_0172,box+point,deepcrack,oracle_gt_prompt_gt_alignment,0.6448311156601843,0.7840696950840075,0.6768371293510959,0.9316770186335404,0.7840696950840075
deepcrack_0173,box+point,deepcrack,oracle_gt_prompt_gt_alignment,0.5825242718446602,0.7361963190184049,0.6259183073758449,0.893643801132788,0.736196319018405
deepcrack_0174,box+point,deepcrack,oracle_gt_prompt_gt_alignment,0.6004175365344467,0.7503261153143752,0.602177554438861,0.9951557093425606,0.7503261153143752
deepcrack_0175,box+point,deepcrack,oracle_gt_prompt_gt_alignment,0.3733300947291717,0.5436858860983375,0.3769928869266618,0.9746353836398225,0.5436858860983376
deepcrack_0176,box+point,deepcrack,oracle_gt_prompt_gt_alignment,0.3360484940329608,0.5030483482206154,0.34253716933771,0.9466382070437567,0.5030483482206154
deepcrack_0177,box+point,deepcrack,oracle_gt_prompt_gt_alignment,0.43452521903859814,0.6058104985143612,0.43899521531100477,0.9771033013844516,0.6058104985143612
deepcrack_0178,box+point,deepcrack,oracle_gt_prompt_gt_alignment,0.853700889950076,0.9210772833723654,0.875849014586349,0.9712310161748364,0.9210772833723654
deepcrack_0179,box+point,deepcrack,oracle_gt_prompt_gt_alignment,0.2453940634595701,0.39408259708239163,0.2806555458004097,0.6613793103448276,0.39408259708239163
deepcrack_0180,box+point,deepcrack,oracle_gt_prompt_gt_alignment,0.9091412742382271,0.9524085896691816,0.9544026986157962,0.9504227962469594,0.9524085896691817
deepcrack_0181,box+point,deepcrack,oracle_gt_prompt_gt_alignment,0.7934848180172934,0.8848525619464066,0.835839864435501,0.9399714149595045,0.8848525619464066
deepcrack_0182,box+point,deepcrack,oracle_gt_prompt_gt_alignment,0.85669910954649,0.9228195404862815,0.909830657576424,0.9361846571622539,0.9228195404862816
deepcrack_0183,box+point,deepcrack,oracle_gt_prompt_gt_alignment,0.7455429497568882,0.8542246982358404,0.7738896366083445,0.9531703273932863,0.8542246982358402
deepcrack_0184,box+point,deepcrack,oracle_gt_prompt_gt_alignment,0.7490625901355639,0.8565303430079155,0.8048553719008265,0.915296052631579,0.8565303430079155
deepcrack_0185,box+point,deepcrack,oracle_gt_prompt_gt_alignment,0.7379397272831443,0.8492121052284565,0.8456992777413,0.8527542372881356,0.8492121052284565
deepcrack_0186,box+point,deepcrack,oracle_gt_prompt_gt_alignment,0.7754914943465417,0.8735513482501435,0.9094492892127584,0.8403797328623468,0.8735513482501434
deepcrack_0187,box+point,deepcrack,oracle_gt_prompt_gt_alignment,0.7950557333627635,0.8858284660313557,0.9707586578628217,0.8145635459068294,0.8858284660313556
deepcrack_0188,box+point,deepcrack,oracle_gt_prompt_gt_alignment,0.825483256193847,0.904399701715138,0.9436663554310614,0.868270332187858,0.904399701715138
deepcrack_0189,box+point,deepcrack,oracle_gt_prompt_gt_alignment,0.686880182084214,0.8143793369313801,0.9084067942377984,0.7379912663755459,0.8143793369313803
deepcrack_0190,box+point,deepcrack,oracle_gt_prompt_gt_alignment,0.8114213197969543,0.8958946335995517,0.9009440608707905,0.890901490873624,0.8958946335995517
deepcrack_0191,box+point,deepcrack,oracle_gt_prompt_gt_alignment,0.8015225666122893,0.889827950498038,0.8779035139964264,0.9020807833537332,0.889827950498038
deepcrack_0192,box+point,deepcrack,oracle_gt_prompt_gt_alignment,0.7271745002701242,0.8420394119487019,0.7704636519748139,0.9282758620689655,0.8420394119487019
deepcrack_0193,box+point,deepcrack,oracle_gt_prompt_gt_alignment,0.7352880446004543,0.847453593526892,0.8492725971857858,0.8456423652339112,0.847453593526892
deepcrack_0194,box+point,deepcrack,oracle_gt_prompt_gt_alignment,0.8310852874040258,0.9077515865820489,0.9075458871515976,0.907957379279075,0.9077515865820489
deepcrack_0195,box+point,deepcrack,oracle_gt_prompt_gt_alignment,0.7190316765387587,0.8365543071161049,0.7322318384474167,0.9755415793151643,0.8365543071161048
deepcrack_0196,box+point,deepcrack,oracle_gt_prompt_gt_alignment,0.7513930561508787,0.8580518844836026,0.792316384180791,0.9356818788364024,0.8580518844836026
deepcrack_0197,box+point,deepcrack,oracle_gt_prompt_gt_alignment,0.7583022204755354,0.8625391148860081,0.7687250996015936,0.9824338085539714,0.862539114886008
deepcrack_0198,box+point,deepcrack,oracle_gt_prompt_gt_alignment,0.5428348039763208,0.7036849344820097,0.8127090301003345,0.6204519341248563,0.7036849344820096
deepcrack_0199,box+point,deepcrack,oracle_gt_prompt_gt_alignment,0.28760918796505985,0.4467336683417085,0.8123667377398721,0.30807439066651265,0.4467336683417086
deepcrack_0200,box+point,deepcrack,oracle_gt_prompt_gt_alignment,0.6925898752751284,0.8183788469874296,0.8279664202480892,0.8090107737512243,0.8183788469874296
deepcrack_0201,box+point,deepcrack,oracle_gt_prompt_gt_alignment,0.61692158076209,0.7630816337689321,0.7585607131209914,0.7676567656765677,0.7630816337689322
deepcrack_0202,box+point,deepcrack,oracle_gt_prompt_gt_alignment,0.6130937098844673,0.7601464268661468,0.8721694667640614,0.6736248236953456,0.7601464268661466
deepcrack_0203,box+point,deepcrack,oracle_gt_prompt_gt_alignment,0.5159006629958423,0.6806523350630096,0.8224650662844859,0.5805513404147699,0.6806523350630097
deepcrack_0204,box+point,deepcrack,oracle_gt_prompt_gt_alignment,0.5084453636677008,0.6741316270566727,0.8662881754111198,0.5517456359102244,0.6741316270566727
deepcrack_0205,box+point,deepcrack,oracle_gt_prompt_gt_alignment,0.3390335535691152,0.5063854489164087,0.6640446587160619,0.40922595777951526,0.5063854489164087
deepcrack_0206,box+point,deepcrack,oracle_gt_prompt_gt_alignment,0.5581607517562266,0.7164353884887874,0.5847830242783406,0.924588181955569,0.7164353884887873
deepcrack_0207,box+point,deepcrack,oracle_gt_prompt_gt_alignment,0.5155263157894737,0.6803264455634659,0.5233769703446434,0.9717261904761905,0.6803264455634659
deepcrack_0208,box+point,deepcrack,oracle_gt_prompt_gt_alignment,0.5396187264946181,0.7009770889487871,0.5477162037646439,0.9733333333333334,0.7009770889487871
deepcrack_0209,box+point,deepcrack,oracle_gt_prompt_gt_alignment,0.4587776866283839,0.6289891747504569,0.4794256322331762,0.9141806293420515,0.628989174750457
deepcrack_0210,box+point,deepcrack,oracle_gt_prompt_gt_alignment,0.3925946599683692,0.5638319192998864,0.41090555014605645,0.8980634177484571,0.5638319192998864
deepcrack_0211,box+point,deepcrack,oracle_gt_prompt_gt_alignment,0.44099234871319265,0.6120675784392599,0.7785509619320508,0.5042417815482503,0.6120675784392599
deepcrack_0212,box+point,deepcrack,oracle_gt_prompt_gt_alignment,0.3461806361736708,0.5143152811314247,0.36189320388349516,0.8885578069129917,0.5143152811314247
deepcrack_0213,box+point,deepcrack,oracle_gt_prompt_gt_alignment,0.6083884546001203,0.7565193008692401,0.6662825156404346,0.8750270270270271,0.7565193008692401
deepcrack_0214,box+point,deepcrack,oracle_gt_prompt_gt_alignment,0.5698814576320796,0.7260184580963923,0.5925136944613512,0.9371841155234657,0.7260184580963923
deepcrack_0215,box+point,deepcrack,oracle_gt_prompt_gt_alignment,0.6506877298107041,0.7883837967164425,0.7513760025161189,0.8292259632072198,0.7883837967164424
deepcrack_0216,box+point,deepcrack,oracle_gt_prompt_gt_alignment,0.6993096805265693,0.8230514879546528,0.7493548942026492,0.9128248113998324,0.8230514879546528
deepcrack_0217,box+point,deepcrack,oracle_gt_prompt_gt_alignment,0.8022395943376294,0.8902696365767878,0.882817949314113,0.8978481910617168,0.8902696365767878
deepcrack_0218,box+point,deepcrack,oracle_gt_prompt_gt_alignment,0.7370589042976795,0.8486285669117066,0.8118572292800968,0.8888888888888888,0.8486285669117065
deepcrack_0219,box+point,deepcrack,oracle_gt_prompt_gt_alignment,0.5100502512562815,0.6755407653910149,0.5376935615321924,0.908433734939759,0.675540765391015
deepcrack_0220,box+point,deepcrack,oracle_gt_prompt_gt_alignment,0.6529132283070768,0.7900151285930408,0.6634481006225385,0.9762572443447374,0.7900151285930409
deepcrack_0221,box+point,deepcrack,oracle_gt_prompt_gt_alignment,0.7539855680483303,0.8597397627248373,0.8306526160103531,0.8909379337695816,0.8597397627248373
deepcrack_0222,box+point,deepcrack,oracle_gt_prompt_gt_alignment,0.7548283261802575,0.8602873738917762,0.812512030798845,0.9140320485058467,0.8602873738917762
deepcrack_0223,box+point,deepcrack,oracle_gt_prompt_gt_alignment,0.7070595457335789,0.8283947065592635,0.7440568475452196,0.9342959117456198,0.8283947065592635
deepcrack_0224,box+point,deepcrack,oracle_gt_prompt_gt_alignment,0.7119777158774373,0.831760494630654,0.7884022208513264,0.8801652892561983,0.8317604946306542
deepcrack_0225,box+point,deepcrack,oracle_gt_prompt_gt_alignment,0.23291342803537926,0.37782608695652176,0.27933140469302475,0.5836131631967764,0.37782608695652176
deepcrack_0226,box+point,deepcrack,oracle_gt_prompt_gt_alignment,0.3159851301115242,0.480225988700565,0.5044510385756676,0.4582210242587601,0.480225988700565
deepcrack_0227,box+point,deepcrack,oracle_gt_prompt_gt_alignment,0.7811380819737366,0.8771224307417337,0.7906820622986036,0.9847826086956522,0.8771224307417337
deepcrack_0228,box+point,deepcrack,oracle_gt_prompt_gt_alignment,0.7465273509526736,0.8548704954954955,0.7561947453617234,0.983163347903513,0.8548704954954955
deepcrack_0229,box+point,deepcrack,oracle_gt_prompt_gt_alignment,0.8353062274832733,0.910263600673023,0.8555614127569847,0.9724385859796285,0.910263600673023
deepcrack_0230,box+point,deepcrack,oracle_gt_prompt_gt_alignment,0.9210246598639455,0.9588889503679522,0.9468910501584527,0.971194799372338,0.9588889503679521
deepcrack_0231,box+point,deepcrack,oracle_gt_prompt_gt_alignment,0.8087152209492635,0.8942427327225427,0.8444776757103183,0.9502403846153846,0.8942427327225427
deepcrack_0232,box+point,deepcrack,oracle_gt_prompt_gt_alignment,0.6795164233576643,0.8091810403368193,0.6834136269786648,0.9916777629826897,0.8091810403368193
deepcrack_0233,box+point,deepcrack,oracle_gt_prompt_gt_alignment,0.8199612403100776,0.9010754978170589,0.9730910763569457,0.8389847313107277,0.9010754978170589
deepcrack_0234,box+point,deepcrack,oracle_gt_prompt_gt_alignment,0.85110263637871,0.9195628806879255,0.9948959813929448,0.8548351282335961,0.9195628806879255
deepcrack_0235,box+point,deepcrack,oracle_gt_prompt_gt_alignment,0.9188301195734138,0.957698245614035,0.9888702104225842,0.9284314792641777,0.957698245614035
deepcrack_0236,box+point,deepcrack,oracle_gt_prompt_gt_alignment,0.4740535440500059,0.6431971836620395,0.9967144008430971,0.4747954995127425,0.6431971836620395
