image_id,method,dataset,iou,dice,precision,recall,f1
crackforest_0000,ablation_fusion_max,crackforest,0.3701806416823942,0.5403384494293585,0.3723894765391917,0.9842293906810036,0.5403384494293585
crackforest_0001,ablation_fusion_max,crackforest,0.3749696233292831,0.5454224107458466,0.3776309348996574,0.9815521628498728,0.5454224107458466
crackforest_0002,ablation_fusion_max,crackforest,0.5970293832741362,0.7476748887990295,0.62529590801488,0.9296128707893414,0.7476748887990297
crackforest_0003,ablation_fusion_max,crackforest,0.3839796567069294,0.5548920532843362,0.3972377507398882,0.92003046458492,0.5548920532843363
crackforest_0004,ablation_fusion_max,crackforest,0.4311757819033283,0.6025476218300806,0.7245643620011242,0.5157031406281256,0.6025476218300806
crackforest_0005,ablation_fusion_max,crackforest,0.3789444289304663,0.5496152288375861,0.3852924474730267,0.9583333333333334,0.5496152288375861
crackforest_0006,ablation_fusion_max,crackforest,0.6814295485636115,0.8105359503711991,0.7269244801167457,0.9158814065732016,0.8105359503711991
crackforest_0007,ablation_fusion_max,crackforest,0.4710939179024285,0.6404674945215486,0.4963768115942029,0.9024289831206258,0.6404674945215485
crackforest_0008,ablation_fusion_max,crackforest,0.6106176826806621,0.7582403810001254,0.677947108919767,0.8601080466306511,0.7582403810001254
crackforest_0009,ablation_fusion_max,crackforest,0.3231929277171086,0.4885046178031047,0.3242890686146621,0.9896496815286624,0.4885046178031047
crackforest_0010,ablation_fusion_max,crackforest,0.4371797999512076,0.6083856730606009,0.4413793103448276,0.9787001638448936,0.6083856730606009
crackforest_0011,ablation_fusion_max,crackforest,0.5056403450564034,0.6716615249008374,0.516260162601626,0.960907944514502,0.6716615249008374
crackforest_0012,ablation_fusion_max,crackforest,0.2601440067767895,0.4128798063995698,0.2643767217630854,0.9420245398773006,0.4128798063995698
crackforest_0013,ablation_fusion_max,crackforest,0.3678799666574048,0.5378834044281942,0.3913686077446053,0.8597402597402597,0.5378834044281942
crackforest_0014,ablation_fusion_max,crackforest,0.5475564897530215,0.7076400679117147,0.5670748299319728,0.9408577878103838,0.7076400679117146
crackforest_0015,ablation_fusion_max,crackforest,0.3368477967018113,0.503943377148635,0.3393246187363834,0.9787902592301648,0.5039433771486349
crackforest_0016,ablation_fusion_max,crackforest,0.5838762214983714,0.7372750642673522,0.6700934579439253,0.8194285714285714,0.7372750642673521
crackforest_0017,ablation_fusion_max,crackforest,0.3081363882374165,0.4711074334574541,0.3094763544120311,0.9861431870669746,0.4711074334574541
crackforest_0018,ablation_fusion_max,crackforest,0.6179104477611941,0.7638376383763837,0.6334149326805385,0.9618959107806692,0.7638376383763839
crackforest_0019,ablation_fusion_max,crackforest,0.4860795454545454,0.6541770216019881,0.502348796241926,0.9375342465753423,0.6541770216019881
crackforest_0020,ablation_fusion_max,crackforest,0.3711429813124728,0.5413629160063391,0.394275161588181,0.8634984833164813,0.5413629160063391
crackforest_0021,ablation_fusion_max,crackforest,0.1304182990016428,0.2307434320849636,0.5695364238410596,0.1446796579279405,0.2307434320849636
crackforest_0022,ablation_fusion_max,crackforest,0.3072374645222327,0.4700560882938303,0.3258906171600602,0.8429591174561972,0.4700560882938303
crackforest_0023,ablation_fusion_max,crackforest,0.3797752808988764,0.5504885993485342,0.3842000568343279,0.9705671213208902,0.5504885993485342
crackforest_0000,ablation_fusion_mean,crackforest,0.4142635658914729,0.5858364393773295,0.4219835754895767,0.957706093189964,0.5858364393773294
crackforest_0001,ablation_fusion_mean,crackforest,0.4332088480321747,0.604529965925035,0.4413227977758267,0.9592875318066156,0.6045299659250349
crackforest_0002,ablation_fusion_mean,crackforest,0.5967064901517598,0.7474216380182002,0.625169147496617,0.9291101055806938,0.7474216380182002
crackforest_0003,ablation_fusion_mean,crackforest,0.3839058524173028,0.5548149850609055,0.3973008558262014,0.9192688499619192,0.5548149850609055
crackforest_0004,ablation_fusion_mean,crackforest,0.4147527242246437,0.5863253940040289,0.7191860465116279,0.4948989797959592,0.5863253940040289
crackforest_0005,ablation_fusion_mean,crackforest,0.420541987286718,0.5920866698068771,0.4441696113074205,0.8877118644067796,0.5920866698068771
crackforest_0006,ablation_fusion_mean,crackforest,0.6814295485636115,0.8105359503711991,0.7269244801167457,0.9158814065732016,0.8105359503711991
crackforest_0007,ablation_fusion_mean,crackforest,0.4682727468272746,0.6378552593026663,0.4951103024789629,0.8962536023054755,0.6378552593026662
crackforest_0008,ablation_fusion_mean,crackforest,0.6130143928643828,0.7600854593439739,0.6810810810810811,0.8598237133920955,0.7600854593439739
crackforest_0009,ablation_fusion_mean,crackforest,0.4200863930885529,0.5916349809885931,0.4339903309780588,0.929140127388535,0.5916349809885932
crackforest_0010,ablation_fusion_mean,crackforest,0.5444794952681388,0.7050653594771242,0.5631321370309951,0.9426542872747132,0.7050653594771241
crackforest_0011,ablation_fusion_mean,crackforest,0.5058043117744611,0.6718061674008811,0.516249153689912,0.9615384615384616,0.6718061674008811
crackforest_0012,ablation_fusion_mean,crackforest,0.4373219373219373,0.6085232903865213,0.4746607112180038,0.8475460122699386,0.6085232903865213
crackforest_0013,ablation_fusion_mean,crackforest,0.3675,0.5374771480804388,0.3910730121194206,0.8590909090909091,0.5374771480804388
crackforest_0014,ablation_fusion_mean,crackforest,0.5478443743427971,0.7078804347826086,0.5673836101279608,0.9408577878103838,0.7078804347826088
crackforest_0015,ablation_fusion_mean,crackforest,0.4500384319754035,0.6207262125629472,0.4684,0.91987431264729,0.6207262125629472
crackforest_0016,ablation_fusion_mean,crackforest,0.582502543234995,0.7361789663152482,0.6692379616643291,0.818,0.7361789663152482
crackforest_0017,ablation_fusion_mean,crackforest,0.3111638954869358,0.4746376811594203,0.3128214548126378,0.983256351039261,0.4746376811594202
crackforest_0018,ablation_fusion_mean,crackforest,0.6174276335422262,0.7634686346863468,0.633108935128519,0.9614312267657992,0.7634686346863468
crackforest_0019,ablation_fusion_mean,crackforest,0.4856574836694121,0.6537946855285797,0.5020551967116853,0.936986301369863,0.6537946855285797
crackforest_0020,ablation_fusion_mean,crackforest,0.3723264949803579,0.5426208651399491,0.3958236658932714,0.8624873609706775,0.5426208651399492
crackforest_0021,ablation_fusion_mean,crackforest,0.1294073044357386,0.2291596732684346,0.5676274944567627,0.143558110192065,0.2291596732684345
crackforest_0022,ablation_fusion_mean,crackforest,0.3077653763951555,0.470673688033412,0.3267776096822995,0.8410123296560675,0.470673688033412
crackforest_0023,ablation_fusion_mean,crackforest,0.3796010115200899,0.55030549898167,0.3841342052885982,0.9698492462311558,0.5503054989816701
crackforest_0000,ablation_no_alignment,crackforest,0.4393476044852191,0.6104815864022662,0.4551214361140444,0.9268817204301076,0.6104815864022662
crackforest_0001,ablation_no_alignment,crackforest,0.4183451279259662,0.5899059681443101,0.4223687826325913,0.977735368956743,0.5899059681443102
crackforest_0002,ablation_no_alignment,crackforest,0.5967064901517598,0.7474216380182002,0.625169147496617,0.9291101055806938,0.7474216380182002
crackforest_0003,ablation_no_alignment,crackforest,0.3839058524173028,0.5548149850609055,0.3973008558262014,0.9192688499619192,0.5548149850609055
crackforest_0004,ablation_no_alignment,crackforest,0.0,0.0,0.0,0.0,0.0
crackforest_0005,ablation_no_alignment,crackforest,0.420541987286718,0.5920866698068771,0.4441696113074205,0.8877118644067796,0.5920866698068771
crackforest_0006,ablation_no_alignment,crackforest,0.0025281544472535,0.005043558000917,1.0,0.0025281544472535,0.005043558000917
crackforest_0007,ablation_no_alignment,crackforest,0.0,0.0,0.0,0.0,0.0
crackforest_0008,ablation_no_alignment,crackforest,0.0,0.0,0.0,0.0,0.0
crackforest_0009,ablation_no_alignment,crackforest,0.4326959130108736,0.6040303585448835,0.4499025341130604,0.9187898089171974,0.6040303585448836
crackforest_0010,ablation_no_alignment,crackforest,0.5888771559310102,0.741249446167479,0.6235557212076034,0.9137083560895686,0.741249446167479
crackforest_0011,ablation_no_alignment,crackforest,0.5056403450564034,0.6716615249008374,0.516260162601626,0.960907944514502,0.6716615249008374
crackforest_0012,ablation_no_alignment,crackforest,0.0,0.0,0.0,0.0,0.0
crackforest_0013,ablation_no_alignment,crackforest,0.3713584789941735,0.5415921288014311,0.4130286493860846,0.7863636363636364,0.5415921288014311
crackforest_0014,ablation_no_alignment,crackforest,0.5645477457294875,0.7216753177018078,0.597864768683274,0.910158013544018,0.7216753177018077
crackforest_0015,ablation_no_alignment,crackforest,0.4500384319754035,0.6207262125629472,0.4684,0.91987431264729,0.6207262125629472
crackforest_0016,ablation_no_alignment,crackforest,0.0,0.0,0.0,0.0,0.0
crackforest_0017,ablation_no_alignment,crackforest,0.0,0.0,0.0,0.0,0.0
crackforest_0018,ablation_no_alignment,crackforest,0.6174276335422262,0.7634686346863468,0.633108935128519,0.9614312267657992,0.7634686346863468
crackforest_0019,ablation_no_alignment,crackforest,0.1307356154406409,0.2312399355877616,0.28046875,0.1967123287671233,0.2312399355877616
crackforest_0020,ablation_no_alignment,crackforest,0.3712801133679735,0.5415087840165346,0.4106583072100313,0.7947421638018201,0.5415087840165346
crackforest_0021,ablation_no_alignment,crackforest,0.0,0.0,0.0,0.0,0.0
crackforest_0022,ablation_no_alignment,crackforest,0.2793733681462141,0.436734693877551,0.3965060878771837,0.4860480207657365,0.436734693877551
crackforest_0023,ablation_no_alignment,crackforest,0.4131792629606496,0.5847513812154697,0.4224137931034483,0.949748743718593,0.5847513812154695
crackforest_0000,ablation_no_boundary,crackforest,0.4180044066729619,0.5895671476137625,0.4270096463022508,0.9519713261648746,0.5895671476137625
crackforest_0001,ablation_no_boundary,crackforest,0.4332088480321747,0.604529965925035,0.4413227977758267,0.9592875318066156,0.6045299659250349
crackforest_0002,ablation_no_boundary,crackforest,0.6193458594293667,0.7649333906317146,0.6679174484052532,0.8949220713926597,0.7649333906317146
crackforest_0003,ablation_no_boundary,crackforest,0.4184219921456623,0.5899823810722375,0.4406015037593985,0.8926123381568926,0.5899823810722375
crackforest_0004,ablation_no_boundary,crackforest,0.1483625836801158,0.2583897904521821,0.6083086053412463,0.1640328065613122,0.2583897904521821
crackforest_0005,ablation_no_boundary,crackforest,0.420541987286718,0.5920866698068771,0.4441696113074205,0.8877118644067796,0.5920866698068771
crackforest_0006,ablation_no_boundary,crackforest,0.4576432514753474,0.6279221627269166,0.7271627344222625,0.5525166628361297,0.6279221627269166
crackforest_0007,ablation_no_boundary,crackforest,0.4872098531501658,0.655199872591177,0.5342857142857143,0.8468505557842734,0.6551998725911768
crackforest_0008,ablation_no_boundary,crackforest,0.6221579164944192,0.7670744138634047,0.6949896097898869,0.8558430480523174,0.7670744138634048
crackforest_0009,ablation_no_boundary,crackforest,0.4200863930885529,0.5916349809885931,0.4339903309780588,0.929140127388535,0.5916349809885932
crackforest_0010,ablation_no_boundary,crackforest,0.4701951349906442,0.6396363636363637,0.4794221858817116,0.9606772255598034,0.6396363636363637
crackforest_0011,ablation_no_boundary,crackforest,0.508736559139785,0.6743875278396436,0.5213498622589532,0.9546027742749056,0.6743875278396437
crackforest_0012,ablation_no_boundary,crackforest,0.3597096188747731,0.5290977042178323,0.468336483931947,0.6079754601226994,0.5290977042178324
crackforest_0013,ablation_no_boundary,crackforest,0.3756168359941945,0.5461067735809243,0.4045014066895905,0.8402597402597403,0.5461067735809243
crackforest_0014,ablation_no_boundary,crackforest,0.551231135822081,0.7107014848950333,0.5713501646542262,0.9399548532731375,0.7107014848950334
crackforest_0015,ablation_no_boundary,crackforest,0.4500384319754035,0.6207262125629472,0.4684,0.91987431264729,0.6207262125629472
crackforest_0016,ablation_no_boundary,crackforest,0.2886002886002886,0.4479283314669653,0.6458557588805167,0.3428571428571428,0.4479283314669653
crackforest_0017,ablation_no_boundary,crackforest,0.3127059685097034,0.4764295676429567,0.3140860610518573,0.9861431870669746,0.4764295676429568
crackforest_0018,ablation_no_boundary,crackforest,0.6545161290322581,0.7911873659582764,0.6815586160564326,0.9428438661710036,0.7911873659582765
crackforest_0019,ablation_no_boundary,crackforest,0.4903873744619799,0.6580670003850597,0.5072721875927575,0.9364383561643836,0.6580670003850597
crackforest_0020,ablation_no_boundary,crackforest,0.3712801133679735,0.5415087840165346,0.4106583072100313,0.7947421638018201,0.5415087840165346
crackforest_0021,ablation_no_boundary,crackforest,0.1294073044357386,0.2291596732684346,0.5676274944567627,0.143558110192065,0.2291596732684345
crackforest_0022,ablation_no_boundary,crackforest,0.3178861788617886,0.4824182603331277,0.3531005418422637,0.7611940298507462,0.4824182603331277
crackforest_0023,ablation_no_boundary,crackforest,0.3914943198368774,0.5626962528783755,0.3971631205673759,0.964824120603015,0.5626962528783755
crackforest_0000,ablation_no_detection,crackforest,0.420253164556962,0.5918003565062389,0.4293566117038474,0.9519713261648746,0.5918003565062389
crackforest_0001,ablation_no_detection,crackforest,0.4332088480321747,0.604529965925035,0.4413227977758267,0.9592875318066156,0.6045299659250349
crackforest_0002,ablation_no_detection,crackforest,0.6193458594293667,0.7649333906317146,0.6679174484052532,0.8949220713926597,0.7649333906317146
crackforest_0003,ablation_no_detection,crackforest,0.4184219921456623,0.5899823810722375,0.4406015037593985,0.8926123381568926,0.5899823810722375
crackforest_0004,ablation_no_detection,crackforest,0.412959543394326,0.5845313056908638,0.7197191339964891,0.4920984196839368,0.5845313056908638
crackforest_0005,ablation_no_detection,crackforest,0.420541987286718,0.5920866698068771,0.4441696113074205,0.8877118644067796,0.5920866698068771
crackforest_0006,ablation_no_detection,crackforest,0.4576432514753474,0.6279221627269166,0.7271627344222625,0.5525166628361297,0.6279221627269166
crackforest_0007,ablation_no_detection,crackforest,0.4872098531501658,0.655199872591177,0.5342857142857143,0.8468505557842734,0.6551998725911768
crackforest_0008,ablation_no_detection,crackforest,0.6221579164944192,0.7670744138634047,0.6949896097898869,0.8558430480523174,0.7670744138634048
crackforest_0009,ablation_no_detection,crackforest,0.4200863930885529,0.5916349809885931,0.4339903309780588,0.929140127388535,0.5916349809885932
crackforest_0010,ablation_no_detection,crackforest,0.5545161290322581,0.7134260219962648,0.5753012048192772,0.9388312397596942,0.7134260219962648
crackforest_0011,ablation_no_detection,crackforest,0.508736559139785,0.6743875278396436,0.5213498622589532,0.9546027742749056,0.6743875278396437
crackforest_0012,ablation_no_detection,crackforest,0.3597096188747731,0.5290977042178323,0.468336483931947,0.6079754601226994,0.5290977042178324
crackforest_0013,ablation_no_detection,crackforest,0.3756168359941945,0.5461067735809243,0.4045014066895905,0.8402597402597403,0.5461067735809243
crackforest_0014,ablation_no_detection,crackforest,0.551231135822081,0.7107014848950333,0.5713501646542262,0.9399548532731375,0.7107014848950334
crackforest_0015,ablation_no_detection,crackforest,0.4500384319754035,0.6207262125629472,0.4684,0.91987431264729,0.6207262125629472
crackforest_0016,ablation_no_detection,crackforest,0.2886002886002886,0.4479283314669653,0.6458557588805167,0.3428571428571428,0.4479283314669653
crackforest_0017,ablation_no_detection,crackforest,0.3127059685097034,0.4764295676429567,0.3140860610518573,0.9861431870669746,0.4764295676429568
crackforest_0018,ablation_no_detection,crackforest,0.6545161290322581,0.7911873659582764,0.6815586160564326,0.9428438661710036,0.7911873659582765
crackforest_0019,ablation_no_detection,crackforest,0.4903873744619799,0.6580670003850597,0.5072721875927575,0.9364383561643836,0.6580670003850597
crackforest_0020,ablation_no_detection,crackforest,0.3712801133679735,0.5415087840165346,0.4106583072100313,0.7947421638018201,0.5415087840165346
crackforest_0021,ablation_no_detection,crackforest,0.1294073044357386,0.2291596732684346,0.5676274944567627,0.143558110192065,0.2291596732684345
crackforest_0022,ablation_no_detection,crackforest,0.3178861788617886,0.4824182603331277,0.3531005418422637,0.7611940298507462,0.4824182603331277
crackforest_0023,ablation_no_detection,crackforest,0.3914943198368774,0.5626962528783755,0.3971631205673759,0.964824120603015,0.5626962528783755
crackforest_0000,ablation_no_stability,crackforest,0.4163278073193619,0.5878975265017667,0.4248324289818065,0.9541218637992832,0.5878975265017667
crackforest_0001,ablation_no_stability,crackforest,0.4332088480321747,0.604529965925035,0.4413227977758267,0.9592875318066156,0.6045299659250349
crackforest_0002,ablation_no_stability,crackforest,0.6193458594293667,0.7649333906317146,0.6679174484052532,0.8949220713926597,0.7649333906317146
crackforest_0003,ablation_no_stability,crackforest,0.4184219921456623,0.5899823810722375,0.4406015037593985,0.8926123381568926,0.5899823810722375
crackforest_0004,ablation_no_stability,crackforest,0.1483625836801158,0.2583897904521821,0.6083086053412463,0.1640328065613122,0.2583897904521821
crackforest_0005,ablation_no_stability,crackforest,0.420541987286718,0.5920866698068771,0.4441696113074205,0.8877118644067796,0.5920866698068771
crackforest_0006,ablation_no_stability,crackforest,0.7007603186097031,0.8240553485896753,0.7674464710547185,0.8896805332107561,0.8240553485896753
crackforest_0007,ablation_no_stability,crackforest,0.4821219911194204,0.6505834121728161,0.5272169690774342,0.8493207081103334,0.6505834121728161
crackforest_0008,ablation_no_stability,crackforest,0.6221579164944192,0.7670744138634047,0.6949896097898869,0.8558430480523174,0.7670744138634048
crackforest_0009,ablation_no_stability,crackforest,0.4200863930885529,0.5916349809885931,0.4339903309780588,0.929140127388535,0.5916349809885932
crackforest_0010,ablation_no_stability,crackforest,0.4701951349906442,0.6396363636363637,0.4794221858817116,0.9606772255598034,0.6396363636363637
crackforest_0011,ablation_no_stability,crackforest,0.508736559139785,0.6743875278396436,0.5213498622589532,0.9546027742749056,0.6743875278396437
crackforest_0012,ablation_no_stability,crackforest,0.4379084967320261,0.6090909090909091,0.4769097222222222,0.842638036809816,0.6090909090909091
crackforest_0013,ablation_no_stability,crackforest,0.3756168359941945,0.5461067735809243,0.4045014066895905,0.8402597402597403,0.5461067735809243
crackforest_0014,ablation_no_stability,crackforest,0.551231135822081,0.7107014848950333,0.5713501646542262,0.9399548532731375,0.7107014848950334
crackforest_0015,ablation_no_stability,crackforest,0.4500384319754035,0.6207262125629472,0.4684,0.91987431264729,0.6207262125629472
crackforest_0016,ablation_no_stability,crackforest,0.2886002886002886,0.4479283314669653,0.6458557588805167,0.3428571428571428,0.4479283314669653
crackforest_0017,ablation_no_stability,crackforest,0.3174780824473046,0.4819481806597763,0.3192646782967548,0.9826789838337182,0.4819481806597762
crackforest_0018,ablation_no_stability,crackforest,0.6545161290322581,0.7911873659582764,0.6815586160564326,0.9428438661710036,0.7911873659582765
crackforest_0019,ablation_no_stability,crackforest,0.4903873744619799,0.6580670003850597,0.5072721875927575,0.9364383561643836,0.6580670003850597
crackforest_0020,ablation_no_stability,crackforest,0.3712801133679735,0.5415087840165346,0.4106583072100313,0.7947421638018201,0.5415087840165346
crackforest_0021,ablation_no_stability,crackforest,0.1294073044357386,0.2291596732684346,0.5676274944567627,0.143558110192065,0.2291596732684345
crackforest_0022,ablation_no_stability,crackforest,0.316017316017316,0.4802631578947368,0.3514896178152272,0.7579493835171967,0.4802631578947368
crackforest_0023,ablation_no_stability,crackforest,0.3914943198368774,0.5626962528783755,0.3971631205673759,0.964824120603015,0.5626962528783755
crackforest_0000,ampf,crackforest,0.4180044066729619,0.5895671476137625,0.4270096463022508,0.9519713261648746,0.5895671476137625
crackforest_0001,ampf,crackforest,0.4332088480321747,0.604529965925035,0.4413227977758267,0.9592875318066156,0.6045299659250349
crackforest_0002,ampf,crackforest,0.6193458594293667,0.7649333906317146,0.6679174484052532,0.8949220713926597,0.7649333906317146
crackforest_0003,ampf,crackforest,0.4184219921456623,0.5899823810722375,0.4406015037593985,0.8926123381568926,0.5899823810722375
crackforest_0004,ampf,crackforest,0.1483625836801158,0.2583897904521821,0.6083086053412463,0.1640328065613122,0.2583897904521821
crackforest_0005,ampf,crackforest,0.420541987286718,0.5920866698068771,0.4441696113074205,0.8877118644067796,0.5920866698068771
crackforest_0006,ampf,crackforest,0.4576432514753474,0.6279221627269166,0.7271627344222625,0.5525166628361297,0.6279221627269166
crackforest_0007,ampf,crackforest,0.4872098531501658,0.655199872591177,0.5342857142857143,0.8468505557842734,0.6551998725911768
crackforest_0008,ampf,crackforest,0.6221579164944192,0.7670744138634047,0.6949896097898869,0.8558430480523174,0.7670744138634048
crackforest_0009,ampf,crackforest,0.4200863930885529,0.5916349809885931,0.4339903309780588,0.929140127388535,0.5916349809885932
crackforest_0010,ampf,crackforest,0.551923076923077,0.711276332094176,0.5719030222517436,0.9404696886947024,0.7112763320941758
crackforest_0011,ampf,crackforest,0.508736559139785,0.6743875278396436,0.5213498622589532,0.9546027742749056,0.6743875278396437
crackforest_0012,ampf,crackforest,0.3597096188747731,0.5290977042178323,0.468336483931947,0.6079754601226994,0.5290977042178324
crackforest_0013,ampf,crackforest,0.3756168359941945,0.5461067735809243,0.4045014066895905,0.8402597402597403,0.5461067735809243
crackforest_0014,ampf,crackforest,0.551231135822081,0.7107014848950333,0.5713501646542262,0.9399548532731375,0.7107014848950334
crackforest_0015,ampf,crackforest,0.4500384319754035,0.6207262125629472,0.4684,0.91987431264729,0.6207262125629472
crackforest_0016,ampf,crackforest,0.2886002886002886,0.4479283314669653,0.6458557588805167,0.3428571428571428,0.4479283314669653
crackforest_0017,ampf,crackforest,0.3153703703703703,0.4795156975925665,0.3170731707317073,0.983256351039261,0.4795156975925665
crackforest_0018,ampf,crackforest,0.6545161290322581,0.7911873659582764,0.6815586160564326,0.9428438661710036,0.7911873659582765
crackforest_0019,ampf,crackforest,0.4903873744619799,0.6580670003850597,0.5072721875927575,0.9364383561643836,0.6580670003850597
crackforest_0020,ampf,crackforest,0.3712801133679735,0.5415087840165346,0.4106583072100313,0.7947421638018201,0.5415087840165346
crackforest_0021,ampf,crackforest,0.1294073044357386,0.2291596732684346,0.5676274944567627,0.143558110192065,0.2291596732684345
crackforest_0022,ampf,crackforest,0.3178861788617886,0.4824182603331277,0.3531005418422637,0.7611940298507462,0.4824182603331277
crackforest_0023,ampf,crackforest,0.3914943198368774,0.5626962528783755,0.3971631205673759,0.964824120603015,0.5626962528783755
crackforest_0000,box,crackforest,0.4160470879801735,0.5876175891489828,0.4228589420654912,0.9627240143369176,0.5876175891489828
crackforest_0001,box,crackforest,0.4404936820452542,0.6115871073031416,0.4501501501501501,0.9535623409669212,0.6115871073031416
crackforest_0002,box,crackforest,0.6196938065414057,0.7651987110633727,0.6680420105026257,0.8954248366013072,0.7651987110633728
crackforest_0003,box,crackforest,0.4179157744468237,0.5894789831361691,0.4402255639097744,0.8918507235338918,0.5894789831361692
crackforest_0004,box,crackforest,0.0109064437713676,0.0215775531723375,0.0115299517638489,0.1678335667133426,0.0215775531723375
crackforest_0005,box,crackforest,0.4173148461278322,0.5888809353376282,0.4446846846846847,0.8714689265536724,0.5888809353376282
crackforest_0006,box,crackforest,0.0400312744331508,0.0769809051270485,0.0411847037436252,0.5883704895426338,0.0769809051270485
crackforest_0007,box,crackforest,0.0171542833087771,0.0337299534402483,0.0174119720660693,0.53684643886373,0.0337299534402483
crackforest_0008,box,crackforest,0.3598351001177856,0.5292334343871806,0.3805430991529646,0.8686380437873188,0.5292334343871806
crackforest_0009,box,crackforest,0.4206921413121846,0.5922354732301446,0.4346368715083799,0.929140127388535,0.5922354732301447
crackforest_0010,box,crackforest,0.5266217870257038,0.6899178192022449,0.5449651678277391,0.9399235390496996,0.6899178192022449
crackforest_0011,box,crackforest,0.5095798319327731,0.6751280338454687,0.5218588640275387,0.9558638083228248,0.6751280338454687
crackforest_0012,box,crackforest,0.2442624426244262,0.3926220614828209,0.2568859441552295,0.8325153374233129,0.3926220614828209
crackforest_0013,box,crackforest,0.3713325183374083,0.541564519723646,0.4122836783169324,0.788961038961039,0.5415645197236462
crackforest_0014,box,crackforest,0.5513499205929063,0.7108002047432179,0.5713110257816786,0.9404063205417608,0.7108002047432179
crackforest_0015,box,crackforest,0.457421875,0.6277137496649692,0.4764035801464605,0.91987431264729,0.6277137496649693
crackforest_0016,box,crackforest,0.0038261632770608,0.0076231591027077,0.0040029843037102,0.0797142857142857,0.0076231591027077
crackforest_0017,box,crackforest,0.3216995447647951,0.4867967853042479,0.3239113827349121,0.979214780600462,0.486796785304248
crackforest_0018,box,crackforest,0.6555842479018722,0.7919672450770131,0.6822304333221364,0.9437732342007435,0.7919672450770131
crackforest_0019,box,crackforest,0.3681602757432141,0.5381829633128641,0.3775961113566062,0.9364383561643836,0.5381829633128641
crackforest_0020,box,crackforest,0.3286307053941908,0.4946908182386009,0.3578852236782648,0.8008088978766431,0.4946908182386009
crackforest_0021,box,crackforest,0.0468126301271765,0.0894384129115623,0.0468353002832673,0.989765876910136,0.0894384129115623
crackforest_0022,box,crackforest,0.3209777061509535,0.4859699064660431,0.3538643766656796,0.7754704737183648,0.4859699064660431
crackforest_0023,box,crackforest,0.3865979381443299,0.5576208178438662,0.391417802261525,0.9691313711414212,0.5576208178438661
crackforest_0000,box+point,crackforest,0.3712608331003634,0.5414882772680938,0.3783475783475784,0.9519713261648746,0.5414882772680938
crackforest_0001,box+point,crackforest,0.4403642773207991,0.6114623699775648,0.4500150105073551,0.9535623409669212,0.6114623699775648
crackforest_0002,box+point,crackforest,0.6193458594293667,0.7649333906317146,0.6679174484052532,0.8949220713926597,0.7649333906317146
crackforest_0003,box+point,crackforest,0.4184219921456623,0.5899823810722375,0.4406015037593985,0.8926123381568926,0.5899823810722375
crackforest_0004,box+point,crackforest,0.0727810650887574,0.1356867071152785,0.8386363636363636,0.0738147629525905,0.1356867071152785
crackforest_0005,box+point,crackforest,0.4173148461278322,0.5888809353376282,0.4446846846846847,0.8714689265536724,0.5888809353376282
crackforest_0006,box+point,crackforest,0.4576432514753474,0.6279221627269166,0.7271627344222625,0.5525166628361297,0.6279221627269166
crackforest_0007,box+point,crackforest,0.4872098531501658,0.655199872591177,0.5342857142857143,0.8468505557842734,0.6551998725911768
crackforest_0008,box+point,crackforest,0.6221579164944192,0.7670744138634047,0.6949896097898869,0.8558430480523174,0.7670744138634048
crackforest_0009,box+point,crackforest,0.4222141823444283,0.5937420503688629,0.4362616822429906,0.929140127388535,0.5937420503688629
crackforest_0010,box+point,crackforest,0.4566174566174566,0.6269559032716927,0.4648035855523332,0.9628618241398144,0.6269559032716928
crackforest_0011,box+point,crackforest,0.508736559139785,0.6743875278396436,0.5213498622589532,0.9546027742749056,0.6743875278396437
crackforest_0012,box+point,crackforest,0.2869707506647576,0.4459631277813096,0.462730870712401,0.4303680981595092,0.4459631277813096
crackforest_0013,box+point,crackforest,0.3675609004008634,0.5375422773393461,0.4117443868739205,0.7740259740259741,0.5375422773393461
crackforest_0014,box+point,crackforest,0.551231135822081,0.7107014848950333,0.5713501646542262,0.9399548532731375,0.7107014848950334
crackforest_0015,box+point,crackforest,0.4541895066562255,0.624663435648896,0.4752150757886112,0.9112333071484682,0.624663435648896
crackforest_0016,box+point,crackforest,0.2886002886002886,0.4479283314669653,0.6458557588805167,0.3428571428571428,0.4479283314669653
crackforest_0017,box+point,crackforest,0.3127059685097034,0.4764295676429567,0.3140860610518573,0.9861431870669746,0.4764295676429568
crackforest_0018,box+point,crackforest,0.6545161290322581,0.7911873659582764,0.6815586160564326,0.9428438661710036,0.7911873659582765
crackforest_0019,box+point,crackforest,0.4903873744619799,0.6580670003850597,0.5072721875927575,0.9364383561643836,0.6580670003850597
crackforest_0020,box+point,crackforest,0.3712801133679735,0.5415087840165346,0.4106583072100313,0.7947421638018201,0.5415087840165346
crackforest_0021,box+point,crackforest,0.0,0.0,0.0,0.0,0.0
crackforest_0022,box+point,crackforest,0.3178861788617886,0.4824182603331277,0.3531005418422637,0.7611940298507462,0.4824182603331277
crackforest_0023,box+point,crackforest,0.3914943198368774,0.5626962528783755,0.3971631205673759,0.964824120603015,0.5626962528783755
crackforest_0000,box+text,crackforest,0.420253164556962,0.5918003565062389,0.4293566117038474,0.9519713261648746,0.5918003565062389
crackforest_0001,box+text,crackforest,0.4403642773207991,0.6114623699775648,0.4500150105073551,0.9535623409669212,0.6114623699775648
crackforest_0002,box+text,crackforest,0.6193458594293667,0.7649333906317146,0.6679174484052532,0.8949220713926597,0.7649333906317146
crackforest_0003,box+text,crackforest,0.4184219921456623,0.5899823810722375,0.4406015037593985,0.8926123381568926,0.5899823810722375
crackforest_0004,box+text,crackforest,0.1483625836801158,0.2583897904521821,0.6083086053412463,0.1640328065613122,0.2583897904521821
crackforest_0005,box+text,crackforest,0.4173148461278322,0.5888809353376282,0.4446846846846847,0.8714689265536724,0.5888809353376282
crackforest_0006,box+text,crackforest,0.4576432514753474,0.6279221627269166,0.7271627344222625,0.5525166628361297,0.6279221627269166
crackforest_0007,box+text,crackforest,0.3454293628808864,0.5134856907556105,0.5135914332784185,0.5133799917661589,0.5134856907556105
crackforest_0008,box+text,crackforest,0.6221579164944192,0.7670744138634047,0.6949896097898869,0.8558430480523174,0.7670744138634048
crackforest_0009,box+text,crackforest,0.4222141823444283,0.5937420503688629,0.4362616822429906,0.929140127388535,0.5937420503688629
crackforest_0010,box+text,crackforest,0.5531361715957102,0.7122829043732999,0.5773405698778833,0.9295466957946478,0.7122829043732999
crackforest_0011,box+text,crackforest,0.508736559139785,0.6743875278396436,0.5213498622589532,0.9546027742749056,0.6743875278396437
crackforest_0012,box+text,crackforest,0.2586176727909011,0.410955095231475,0.2656839834621607,0.9067484662576688,0.410955095231475
crackforest_0013,box+text,crackforest,0.3756168359941945,0.5461067735809243,0.4045014066895905,0.8402597402597403,0.5461067735809243
crackforest_0014,box+text,crackforest,0.551231135822081,0.7107014848950333,0.5713501646542262,0.9399548532731375,0.7107014848950334
crackforest_0015,box+text,crackforest,0.4541895066562255,0.624663435648896,0.4752150757886112,0.9112333071484682,0.624663435648896
crackforest_0016,box+text,crackforest,0.5900822867042009,0.7422034590766716,0.7090814467863649,0.7785714285714286,0.7422034590766717
crackforest_0017,box+text,crackforest,0.3180456757768626,0.4826019031387587,0.3200226031267659,0.98094688221709,0.4826019031387587
crackforest_0018,box+text,crackforest,0.6545161290322581,0.7911873659582764,0.6815586160564326,0.9428438661710036,0.7911873659582765
crackforest_0019,box+text,crackforest,0.4903873744619799,0.6580670003850597,0.5072721875927575,0.9364383561643836,0.6580670003850597
crackforest_0020,box+text,crackforest,0.3712801133679735,0.5415087840165346,0.4106583072100313,0.7947421638018201,0.5415087840165346
crackforest_0021,box+text,crackforest,0.1294073044357386,0.2291596732684346,0.5676274944567627,0.143558110192065,0.2291596732684345
crackforest_0022,box+text,crackforest,0.3178861788617886,0.4824182603331277,0.3531005418422637,0.7611940298507462,0.4824182603331277
crackforest_0023,box+text,crackforest,0.3914943198368774,0.5626962528783755,0.3971631205673759,0.964824120603015,0.5626962528783755
crackforest_0000,point+text,crackforest,0.3721582935728318,0.5424422172223359,0.3795077275329135,0.9505376344086022,0.5424422172223359
crackforest_0001,point+text,crackforest,0.3860616695913763,0.5570627599927654,0.3891837250442254,0.979643765903308,0.5570627599927654
crackforest_0002,point+text,crackforest,0.5980551053484603,0.7484787018255578,0.6273376402584155,0.9276018099547512,0.7484787018255579
crackforest_0003,point+text,crackforest,0.3831686324513866,0.5540447107628486,0.3972240581625909,0.9154607768469156,0.5540447107628486
crackforest_0004,point+text,crackforest,0.412959543394326,0.5845313056908638,0.7197191339964891,0.4920984196839368,0.5845313056908638
crackforest_0005,point+text,crackforest,0.3849240470048725,0.5558774834437086,0.3931498829039813,0.9484463276836158,0.5558774834437086
crackforest_0006,point+text,crackforest,0.7007603186097031,0.8240553485896753,0.7674464710547185,0.8896805332107561,0.8240553485896753
crackforest_0007,point+text,crackforest,0.4770581778265642,0.6459571938168847,0.5054663875319841,0.8946068340881022,0.6459571938168847
crackforest_0008,point+text,crackforest,0.6053859202714165,0.754193633601902,0.7042427232363098,0.8117713960762013,0.754193633601902
crackforest_0009,point+text,crackforest,0.3390616475722858,0.5064167854960278,0.3402682726526143,0.9896496815286624,0.5064167854960276
crackforest_0010,point+text,crackforest,0.4563081695966908,0.626664299662702,0.4642293529721199,0.9639541234298198,0.626664299662702
crackforest_0011,point+text,crackforest,0.5113752122241086,0.6767018647494945,0.5256544502617801,0.9495586380832284,0.6767018647494946
crackforest_0012,point+text,crackforest,0.3597096188747731,0.5290977042178323,0.468336483931947,0.6079754601226994,0.5290977042178324
crackforest_0013,point+text,crackforest,0.3863636363636363,0.5573770491803278,0.417312661498708,0.8389610389610389,0.5573770491803278
crackforest_0014,point+text,crackforest,0.5640373197625106,0.7212581344902386,0.6014470907446487,0.9006772009029346,0.7212581344902387
crackforest_0015,point+text,crackforest,0.3429044726670348,0.5106907894736842,0.3458646616541353,0.9756480754124116,0.5106907894736842
crackforest_0016,point+text,crackforest,0.2886002886002886,0.4479283314669653,0.6458557588805167,0.3428571428571428,0.4479283314669653
crackforest_0017,point+text,crackforest,0.3368822820409803,0.5039819684447784,0.3406459475929311,0.96824480369515,0.5039819684447784
crackforest_0018,point+text,crackforest,0.617339312406577,0.7634011090573013,0.6338244321669736,0.9595724907063196,0.7634011090573013
crackforest_0019,point+text,crackforest,0.4909409701928696,0.6585652685221481,0.5126640219713152,0.9205479452054794,0.6585652685221481
crackforest_0020,point+text,crackforest,0.3787405091558731,0.5494007126660188,0.4041944709246902,0.8574317492416582,0.5494007126660188
crackforest_0021,point+text,crackforest,0.1294073044357386,0.2291596732684346,0.5676274944567627,0.143558110192065,0.2291596732684345
crackforest_0022,point+text,crackforest,0.3115249119275289,0.4750575594781274,0.3372378098610732,0.8033744321868916,0.4750575594781274
crackforest_0023,point+text,crackforest,0.3831001998287182,0.5539731682146543,0.3887601390498262,0.9633883704235464,0.5539731682146543
crackforest_0000,point,crackforest,0.0090861720836318,0.0180087138938195,0.0090861720836318,1.0,0.0180087138938195
crackforest_0001,point,crackforest,0.3646226415094339,0.5343933632907016,0.3668723303274798,0.9834605597964376,0.5343933632907016
crackforest_0002,point,crackforest,0.0129547008825349,0.0255780458321545,0.0129547008825349,1.0,0.0255780458321545
crackforest_0003,point,crackforest,0.00863643256001,0.0171249665017353,0.0086366033755274,0.9977151561309976,0.0171249665017353
crackforest_0004,point,crackforest,0.0537383177570093,0.1019955654101995,0.0687091843823815,0.1978395679135827,0.1019955654101995
crackforest_0005,point,crackforest,0.3847477064220183,0.5556935817805383,0.393087287639133,0.9477401129943502,0.5556935817805383
crackforest_0006,point,crackforest,0.0120866001206198,0.0238845176276009,0.0126094660879837,0.2256952424729947,0.0238845176276009
crackforest_0007,point,crackforest,0.0158157584597053,0.0311390295493878,0.0158157584597053,1.0,0.0311390295493878
crackforest_0008,point,crackforest,0.0229017575161653,0.0447780196834854,0.0229017575161653,1.0,0.0447780196834854
crackforest_0009,point,crackforest,0.3385118560915781,0.5058032987171656,0.3398084815321477,0.9888535031847132,0.5058032987171656
crackforest_0010,point,crackforest,0.4453551912568306,0.6162570888468809,0.4495987963891675,0.9792463134898962,0.6162570888468809
crackforest_0011,point,crackforest,0.0095734628042621,0.0189653614263397,0.0095807680267139,0.9262295081967212,0.0189653614263397
crackforest_0012,point,crackforest,0.3417855256207078,0.5094488188976378,0.4451834862385321,0.595398773006135,0.5094488188976377
crackforest_0013,point,crackforest,0.0100465795963101,0.0198932995750067,0.0100465795963101,1.0,0.0198932995750067
crackforest_0014,point,crackforest,0.0089494574485745,0.0177401501779998,0.0091740280635529,0.2677200902934537,0.0177401501779998
crackforest_0015,point,crackforest,0.3433784904617086,0.5112162996501338,0.3463469046291132,0.9756480754124116,0.5112162996501337
crackforest_0016,point,crackforest,0.2962785114045618,0.457121689201704,0.6498156924697209,0.3525714285714286,0.457121689201704
crackforest_0017,point,crackforest,0.0112774366620871,0.0223033487216137,0.0112774366620871,1.0,0.0223033487216137
crackforest_0018,point,crackforest,0.0140139422763697,0.0276405317364961,0.0140140335789535,0.99953531598513,0.0276405317364961
crackforest_0019,point,crackforest,0.0264004087029691,0.0514427088670599,0.0264274111064316,0.9627397260273972,0.0514427088670599
crackforest_0020,point,crackforest,0.0064389697648376,0.0127955493741307,0.0064389697648376,1.0,0.0127955493741307
crackforest_0021,point,crackforest,0.0522139749168159,0.0992459255655558,0.0633663366336633,0.2287957381186036,0.0992459255655558
crackforest_0022,point,crackforest,0.0100749550401029,0.0199489255521693,0.0100753518168452,0.9961064243997404,0.0199489255521693
crackforest_0023,point,crackforest,0.0,0.0,0.0,0.0,0.0
crackforest_0000,deeplabv3p,crackforest,0.5357798165137615,0.6977299880525687,0.5980542754736303,0.8372759856630825,0.6977299880525688
crackforest_0001,deeplabv3p,crackforest,0.551358234295416,0.7108071135430917,0.6236197791646664,0.8263358778625954,0.7108071135430918
crackforest_0002,deeplabv3p,crackforest,0.4890130353817504,0.6568284142071036,0.6535589845694375,0.6601307189542484,0.6568284142071035
crackforest_0003,deeplabv3p,crackforest,0.394643759474482,0.5659420289855073,0.539737387698687,0.5948210205635949,0.5659420289855072
crackforest_0004,deeplabv3p,crackforest,0.4860263411500161,0.6541288370082144,0.7114977662826241,0.6053210642128426,0.6541288370082144
crackforest_0005,deeplabv3p,crackforest,0.521317011397214,0.6853496115427303,0.5644424131627057,0.8721751412429378,0.6853496115427302
crackforest_0006,deeplabv3p,crackforest,0.5777509555421444,0.7323728165242892,0.8224513172966781,0.6600781429556424,0.7323728165242892
crackforest_0007,deeplabv3p,crackforest,0.3125823451910408,0.4762860727728983,0.6098971722365039,0.3906957595718403,0.4762860727728983
crackforest_0008,deeplabv3p,crackforest,0.4098583349505142,0.581417756366139,0.5635005336179295,0.6005117998294001,0.581417756366139
crackforest_0009,deeplabv3p,crackforest,0.4839873703202526,0.6522796352583586,0.5275319567354966,0.8542993630573248,0.6522796352583586
crackforest_0010,deeplabv3p,crackforest,0.6084288052373159,0.756550496056983,0.7080952380952381,0.8121245221190606,0.756550496056983
crackforest_0011,deeplabv3p,crackforest,0.5717625058438522,0.7275431290898274,0.6886261261261262,0.7711223203026482,0.7275431290898275
crackforest_0012,deeplabv3p,crackforest,0.4219114219114219,0.5934426229508196,0.6373239436619719,0.5552147239263804,0.5934426229508196
crackforest_0013,deeplabv3p,crackforest,0.2263067202757036,0.3690866510538642,0.6621848739495798,0.2558441558441558,0.3690866510538641
crackforest_0014,deeplabv3p,crackforest,0.6155317521040551,0.7620175230878522,0.8012948207171314,0.7264108352144469,0.7620175230878521
crackforest_0015,deeplabv3p,crackforest,0.4682080924855491,0.6377952755905512,0.5857988165680473,0.6999214454045561,0.6377952755905512
crackforest_0016,deeplabv3p,crackforest,0.4703605622326339,0.6397894153505126,0.6210328133405056,0.6597142857142857,0.6397894153505126
crackforest_0017,deeplabv3p,crackforest,0.4433547514372675,0.6143392689784443,0.5169558359621451,0.7569284064665127,0.6143392689784443
crackforest_0018,deeplabv3p,crackforest,0.3556618819776714,0.5247058823529411,0.7147435897435898,0.4144981412639405,0.5247058823529412
crackforest_0019,deeplabv3p,crackforest,0.4723926380368098,0.6416666666666667,0.5804878048780487,0.7172602739726027,0.6416666666666666
crackforest_0020,deeplabv3p,crackforest,0.2668250197941409,0.42125,0.5515548281505729,0.3407482305358948,0.42125
crackforest_0021,deeplabv3p,crackforest,0.3052476815200181,0.4677237674378303,0.6122958257713249,0.3783821673909995,0.4677237674378304
crackforest_0022,deeplabv3p,crackforest,0.3229210637399746,0.4881940012763242,0.480225988700565,0.4964308890330954,0.4881940012763242
crackforest_0023,deeplabv3p,crackforest,0.4398480371464753,0.6109645265318089,0.5163528245787908,0.7480258435032304,0.6109645265318088
crackforest_0000,unet,crackforest,0.5141294439380127,0.679108970499699,0.5853658536585366,0.8086021505376344,0.6791089704996989
crackforest_0001,unet,crackforest,0.5563314711359404,0.7149267125336524,0.6747600225861096,0.760178117048346,0.7149267125336524
crackforest_0002,unet,crackforest,0.4697986577181208,0.639269406392694,0.6451612903225806,0.6334841628959276,0.6392694063926941
crackforest_0003,unet,crackforest,0.4469739033870072,0.6178050652340752,0.6225831399845321,0.6130997715156131,0.6178050652340752
crackforest_0004,unet,crackforest,0.4956407303832867,0.6627804663440388,0.7361348644026386,0.6027205441088218,0.6627804663440388
crackforest_0005,unet,crackforest,0.4761279018834866,0.6451038575667656,0.5562947799385876,0.7676553672316384,0.6451038575667656
crackforest_0006,unet,crackforest,0.5580302411115652,0.716327868852459,0.8341478313989005,0.627671799586302,0.7163278688524591
crackforest_0007,unet,crackforest,0.4182496607869742,0.5898110499880411,0.7037671232876712,0.507616303005352,0.5898110499880411
crackforest_0008,unet,crackforest,0.4591486786362719,0.6293377575003456,0.61248654467169,0.6471424509525163,0.6293377575003456
crackforest_0009,unet,crackforest,0.5207603801900951,0.6848684210526316,0.5835201793721974,0.8288216560509554,0.6848684210526316
crackforest_0010,unet,crackforest,0.6316242998707454,0.7742276208080274,0.7494887525562373,0.8006553795740032,0.7742276208080274
crackforest_0011,unet,crackforest,0.5384976525821596,0.7000305157155935,0.6782968657599053,0.723203026481715,0.7000305157155935
crackforest_0012,unet,crackforest,0.423728813559322,0.5952380952380952,0.6258457374830853,0.5674846625766872,0.5952380952380952
crackforest_0013,unet,crackforest,0.3485181119648737,0.5168905168905169,0.6924754634678298,0.4123376623376623,0.5168905168905168
crackforest_0014,unet,crackforest,0.6095350669818755,0.7574051407588739,0.8272727272727273,0.6984198645598194,0.7574051407588739
crackforest_0015,unet,crackforest,0.4267337807606264,0.5981967855742846,0.5970266040688575,0.5993715632364494,0.5981967855742846
crackforest_0016,unet,crackforest,0.4640163098878695,0.6338950006962819,0.6183102417821245,0.6502857142857142,0.6338950006962819
crackforest_0017,unet,crackforest,0.4755688176053711,0.6445904954499494,0.5732913669064749,0.7361431870669746,0.6445904954499495
crackforest_0018,unet,crackforest,0.4411764705882353,0.6122448979591837,0.8215962441314554,0.4879182156133829,0.6122448979591837
crackforest_0019,unet,crackforest,0.4717584369449378,0.6410813420226888,0.5729076790336497,0.7276712328767123,0.6410813420226888
crackforest_0020,unet,crackforest,0.2580645161290322,0.4102564102564102,0.484181568088033,0.3559150657229524,0.4102564102564102
crackforest_0021,unet,crackforest,0.3238207547169811,0.4892214502048815,0.670901539213291,0.3849712603392682,0.4892214502048815
crackforest_0022,unet,crackforest,0.3087516659262549,0.471826205023761,0.494661921708185,0.4510058403634004,0.4718262050237611
crackforest_0023,unet,crackforest,0.4665744582757031,0.6362779000314367,0.5659955257270693,0.7264895908111989,0.6362779000314367
crackforest_0000,text,crackforest,0.4116761962082456,0.5832445107652953,0.4150485436893203,0.9806451612903224,0.5832445107652952
crackforest_0001,text,crackforest,0.4291808873720136,0.6005970149253731,0.4370112945264987,0.9599236641221374,0.6005970149253731
crackforest_0002,text,crackforest,0.5943698016634676,0.7455858747993579,0.6203672787979967,0.9341377576671694,0.7455858747993579
crackforest_0003,text,crackforest,0.3735195870027331,0.5438868007959319,0.3831775700934579,0.9367859862909368,0.5438868007959319
crackforest_0004,text,crackforest,0.5346710995013061,0.69678916827853,0.5681302043906131,0.9007801560312062,0.69678916827853
crackforest_0005,text,crackforest,0.4243343444556791,0.5958353052531945,0.4480427046263345,0.8891242937853108,0.5958353052531945
crackforest_0006,text,crackforest,0.645691699604743,0.784705543279854,0.6741498844503137,0.9386347965984831,0.7847055432798539
crackforest_0007,text,crackforest,0.4786018373291508,0.6473708137596605,0.5122302158273381,0.8793742280773981,0.6473708137596605
crackforest_0008,text,crackforest,0.4417194819509507,0.6127675840978594,0.4614941701453865,0.9115723628092124,0.6127675840978594
crackforest_0009,text,crackforest,0.4153024911032028,0.5868745285390998,0.4288864388092613,0.929140127388535,0.5868745285390998
crackforest_0010,text,crackforest,0.5256138223704153,0.6890522551162329,0.5415365396627108,0.9470234844347352,0.6890522551162328
crackforest_0011,text,crackforest,0.497077922077922,0.6640641943179354,0.5061157024793388,0.9653215636822194,0.6640641943179353
crackforest_0012,text,crackforest,0.4076254180602007,0.5791674586580497,0.4195813825392454,0.9346625766871166,0.5791674586580497
crackforest_0013,text,crackforest,0.362610797743755,0.5322294500295683,0.3821115199547127,0.8766233766233766,0.5322294500295682
crackforest_0014,text,crackforest,0.5549420209828824,0.7137784090909091,0.5882352941176471,0.90744920993228,0.7137784090909092
crackforest_0015,text,crackforest,0.451003086419753,0.6216431800053177,0.4698553054662379,0.9183032207384132,0.6216431800053177
crackforest_0016,text,crackforest,0.2451178451178451,0.3937263385613845,0.2492960961875047,0.936,0.3937263385613845
crackforest_0017,text,crackforest,0.3203809523809524,0.4852856318522793,0.3234615384615384,0.9711316397228638,0.4852856318522793
crackforest_0018,text,crackforest,0.5744031093836758,0.729677305589843,0.5879511224779767,0.9614312267657992,0.729677305589843
crackforest_0019,text,crackforest,0.3636756756756756,0.5333756143967021,0.3752788933511825,0.9216438356164384,0.5333756143967021
crackforest_0020,text,crackforest,0.3365707881957415,0.5036333147009503,0.3480108149864813,0.911021233569262,0.5036333147009503
crackforest_0021,text,crackforest,0.4334423845874227,0.6047573160217071,0.4737762237762238,0.8358334501612225,0.6047573160217072
crackforest_0022,text,crackforest,0.2521088957055215,0.4026948399938753,0.2635270541082164,0.8533419857235561,0.4026948399938754
crackforest_0023,text,crackforest,0.3781512605042016,0.5487804878048781,0.382761553728381,0.9691313711414212,0.5487804878048781
crackforest_0000,yolov8seg,crackforest,0.3603520148216767,0.529792305073204,0.5045395590142672,0.5577060931899641,0.5297923050732039
crackforest_0001,yolov8seg,crackforest,0.4682651622002821,0.6378482228626321,0.6421663442940039,0.6335877862595419,0.6378482228626321
crackforest_0002,yolov8seg,crackforest,0.501561802766622,0.6680534918276374,0.8168604651162791,0.5651080945198592,0.6680534918276374
crackforest_0003,yolov8seg,crackforest,0.3309650680876258,0.4973309608540925,0.597860962566845,0.4257425742574257,0.4973309608540926
crackforest_0004,yolov8seg,crackforest,0.2090520922288642,0.3458115553044215,0.5884615384615385,0.2448489697939588,0.3458115553044215
crackforest_0005,yolov8seg,crackforest,0.3105390185036202,0.4739103744628606,0.4191096634093377,0.5451977401129944,0.4739103744628606
crackforest_0006,yolov8seg,crackforest,0.4233827249728948,0.5948965342135331,0.6644923425978446,0.5384968972649965,0.5948965342135331
crackforest_0007,yolov8seg,crackforest,0.227882037533512,0.37117903930131,0.7657657657657657,0.2449567723342939,0.37117903930131
crackforest_0008,yolov8seg,crackforest,0.147121083827265,0.2565048902011441,0.1636577708006279,0.5928348023883993,0.2565048902011441
crackforest_0009,yolov8seg,crackforest,0.3748211731044349,0.5452653485952134,0.4830977258758451,0.6257961783439491,0.5452653485952133
crackforest_0010,yolov8seg,crackforest,0.3299319727891156,0.4961636828644501,0.5171800947867299,0.4767886400873839,0.4961636828644502
crackforest_0011,yolov8seg,crackforest,0.4115884115884116,0.5831564048124558,0.6645161290322581,0.519546027742749,0.5831564048124558
crackforest_0012,yolov8seg,crackforest,0.3033197993790303,0.4654572109217518,0.5780609922621757,0.3895705521472393,0.4654572109217518
crackforest_0013,yolov8seg,crackforest,0.0425531914893617,0.0816326530612244,0.2360248447204969,0.0493506493506493,0.0816326530612244
crackforest_0014,yolov8seg,crackforest,0.4253258845437616,0.5968121243794094,0.7084367245657568,0.5155756207674943,0.5968121243794094
crackforest_0015,yolov8seg,crackforest,0.387344766410408,0.5583972719522592,0.6104380242311277,0.5145326001571092,0.5583972719522592
crackforest_0016,yolov8seg,crackforest,0.2872727272727273,0.4463276836158192,0.4217081850533807,0.474,0.4463276836158191
crackforest_0017,yolov8seg,crackforest,0.3369447453954496,0.5040518638573744,0.4736040609137056,0.5386836027713626,0.5040518638573744
crackforest_0018,yolov8seg,crackforest,0.1658249158249158,0.2844765342960288,0.6375404530744336,0.183085501858736,0.2844765342960288
crackforest_0019,yolov8seg,crackforest,0.4111195158850227,0.5826856070758509,0.5703043022035676,0.5956164383561644,0.582685607075851
crackforest_0020,yolov8seg,crackforest,0.0,0.0,0.0,0.0,0.0
crackforest_0021,yolov8seg,crackforest,0.2255534064044702,0.3680841736080666,0.4913389513108614,0.2942660872003365,0.3680841736080666
crackforest_0022,yolov8seg,crackforest,0.2131958762886598,0.3514615907545887,0.3690221270521056,0.3354964308890331,0.3514615907545887
crackforest_0023,yolov8seg,crackforest,0.4709141274238227,0.64030131826742,0.5120481927710844,0.8542713567839196,0.64030131826742
deepcrack_0000,ablation_fusion_max,deepcrack,0.5836455448770158,0.7370911335116231,0.6031986531986532,0.9473823373876256,0.737091133511623
deepcrack_0001,ablation_fusion_max,deepcrack,0.7103168021230718,0.8306260000969791,0.7520414434981122,0.9275503573749188,0.8306260000969792
deepcrack_0002,ablation_fusion_max,deepcrack,0.6819398264536534,0.8108968177434909,0.7474666666666666,0.8860906217070601,0.8108968177434908
deepcrack_0003,ablation_fusion_max,deepcrack,0.5318053238558061,0.6943510582887448,0.5982375979112271,0.8272593929820603,0.6943510582887448
deepcrack_0004,ablation_fusion_max,deepcrack,0.6572462921873176,0.7931787752801072,0.7397476340694006,0.8549293635120766,0.7931787752801072
deepcrack_0005,ablation_fusion_max,deepcrack,0.6776636929809796,0.8078659576602789,0.7571939063381606,0.8658064516129033,0.8078659576602789
deepcrack_0006,ablation_fusion_max,deepcrack,0.6109621186724774,0.7585058786806784,0.6962750716332379,0.8329524680073126,0.7585058786806783
deepcrack_0007,ablation_fusion_max,deepcrack,0.7527593818984547,0.8589420654911839,0.8149539091840219,0.9079497907949792,0.8589420654911839
deepcrack_0008,ablation_fusion_max,deepcrack,0.8016669021048171,0.889916888819194,0.8744221879815101,0.905970625798212,0.889916888819194
deepcrack_0009,ablation_fusion_max,deepcrack,0.6560364464692483,0.7922971114167813,0.7359086126559446,0.8580441640378549,0.7922971114167813
deepcrack_0010,ablation_fusion_max,deepcrack,0.55730635262896,0.7157311747789967,0.6952203600248293,0.7374890254609306,0.7157311747789968
deepcrack_0011,ablation_fusion_max,deepcrack,0.6902568123897275,0.8167478543261424,0.7204829138530796,0.9427041499330656,0.8167478543261425
deepcrack_0012,ablation_fusion_max,deepcrack,0.5410054916714706,0.7021460917503446,0.9599978464520296,0.5534827414949094,0.7021460917503446
deepcrack_0013,ablation_fusion_max,deepcrack,0.5805192962542566,0.7345931145922169,0.9523975791433892,0.597866588733835,0.7345931145922168
deepcrack_0014,ablation_fusion_max,deepcrack,0.4418039813315554,0.6128488852188274,0.901642530858198,0.464174922445712,0.6128488852188274
deepcrack_0015,ablation_fusion_max,deepcrack,0.4938783668982059,0.6612029169733057,0.971779744346116,0.5010646927600892,0.6612029169733057
deepcrack_0016,ablation_fusion_max,deepcrack,0.500034727045423,0.6666975344368561,0.6522763306908267,0.6817708333333333,0.6666975344368561
deepcrack_0017,ablation_fusion_max,deepcrack,0.2516887379307713,0.4021586682114763,0.8975231355470876,0.2591355599214145,0.4021586682114763
deepcrack_0018,ablation_fusion_max,deepcrack,0.4996743024644446,0.6663770948709595,0.8284582845828459,0.5573383385807702,0.6663770948709596
deepcrack_0019,ablation_fusion_max,deepcrack,0.4373357801226175,0.6085366915242434,0.9764410094049726,0.4419996627887371,0.6085366915242434
deepcrack_0020,ablation_fusion_max,deepcrack,0.61846921797005,0.7642644186285596,0.9506393861892584,0.6389891696750902,0.7642644186285596
deepcrack_0021,ablation_fusion_max,deepcrack,0.7514390371533228,0.8580818643561399,0.8777506112469438,0.8392752776154295,0.8580818643561399
deepcrack_0022,ablation_fusion_max,deepcrack,0.5352937370600414,0.6973176847384058,0.953882515708768,0.5495151434643996,0.6973176847384057
deepcrack_0023,ablation_fusion_max,deepcrack,0.6613885505481121,0.7961876832844574,0.9346759617867286,0.6934423089202477,0.7961876832844574
deepcrack_0024,ablation_fusion_max,deepcrack,0.4861157354997669,0.6542097952233723,0.9289895647747518,0.5048758558683173,0.6542097952233723
deepcrack_0025,ablation_fusion_max,deepcrack,0.6897492751151287,0.8163924497829818,0.8211167512690355,0.811722199919711,0.8163924497829818
deepcrack_0026,ablation_fusion_max,deepcrack,0.7549835706462212,0.8603881919740374,0.8680266968895605,0.8528829497649096,0.8603881919740373
deepcrack_0027,ablation_fusion_max,deepcrack,0.4743177046885934,0.6434402885893298,0.4756491228070175,0.9941331768847168,0.6434402885893298
deepcrack_0028,ablation_fusion_max,deepcrack,0.5771935893001269,0.7319248483076248,0.6904351424039722,0.7787197635529284,0.7319248483076248
deepcrack_0029,ablation_fusion_max,deepcrack,0.6951288320481475,0.8201486741373571,0.9923035618399856,0.6988969429561929,0.8201486741373571
deepcrack_0030,ablation_fusion_max,deepcrack,0.8896010665572762,0.941575533906814,0.9993663594470046,0.8901031245190087,0.941575533906814
deepcrack_0031,ablation_fusion_max,deepcrack,0.9280562234140928,0.9626858513189448,0.99248417721519,0.9346246973365616,0.9626858513189448
deepcrack_0032,ablation_fusion_max,deepcrack,0.6035267349260524,0.7527492018446258,0.6224090731325772,0.9521387974872868,0.7527492018446258
deepcrack_0033,ablation_fusion_max,deepcrack,0.7486590038314176,0.8562664329535495,0.7575992555831266,0.9844820636839984,0.8562664329535495
deepcrack_0034,ablation_fusion_max,deepcrack,0.6753861138166133,0.8062453284610913,0.6794512877939529,0.991219113743108,0.8062453284610913
deepcrack_0035,ablation_fusion_max,deepcrack,0.5493836554557906,0.709164129260387,0.6196361139718504,0.8289322617680827,0.7091641292603871
deepcrack_0036,ablation_fusion_max,deepcrack,0.6677247333671915,0.8007613247049867,1.0,0.6677247333671915,0.8007613247049866
deepcrack_0037,ablation_fusion_max,deepcrack,0.4915432589892975,0.6591069431300008,0.983212690589866,0.4957034889740139,0.6591069431300008
deepcrack_0038,ablation_fusion_max,deepcrack,0.4618141374196737,0.631837010736326,0.9870575805599576,0.4646276265075221,0.6318370107363259
deepcrack_0039,ablation_fusion_max,deepcrack,0.2020041670800674,0.3361122575319851,0.9084216397099832,0.2062033168755538,0.3361122575319851
deepcrack_0040,ablation_fusion_max,deepcrack,0.6481126039667306,0.7864906832298136,0.6714538223596995,0.9490943160524672,0.7864906832298137
deepcrack_0041,ablation_fusion_max,deepcrack,0.6994797669854521,0.8231692787095591,0.9634842308517484,0.718528,0.823169278709559
deepcrack_0042,ablation_fusion_max,deepcrack,0.3859767551068326,0.5569743557164941,0.9311101670914756,0.3973231819692437,0.556974355716494
deepcrack_0043,ablation_fusion_max,deepcrack,0.6188960428271721,0.7645902225399946,0.9565071556350626,0.6368170314128331,0.7645902225399945
deepcrack_0044,ablation_fusion_max,deepcrack,0.7766019988242211,0.8742554599602912,0.9623269851181184,0.8009527934170637,0.8742554599602912
deepcrack_0045,ablation_fusion_max,deepcrack,0.7912524850894632,0.8834628190899001,0.79852867413476,0.9886151935417098,0.8834628190899002
deepcrack_0046,ablation_fusion_max,deepcrack,0.6510168214913382,0.7886253041362531,0.6709794281278303,0.9562972524432972,0.7886253041362531
deepcrack_0047,ablation_fusion_max,deepcrack,0.5636201855853565,0.7209169986179985,0.5868960953011251,0.934260429835651,0.7209169986179985
deepcrack_0048,ablation_fusion_max,deepcrack,0.471279016841147,0.6406385348347977,0.4719234275296262,0.99711093990755,0.6406385348347976
deepcrack_0049,ablation_fusion_max,deepcrack,0.8121428571428572,0.8963342530547891,0.832967032967033,0.9701365187713312,0.8963342530547892
deepcrack_0050,ablation_fusion_max,deepcrack,0.7121007038440714,0.8318444145782276,0.7186176751809862,0.987424924924925,0.8318444145782276
deepcrack_0051,ablation_fusion_max,deepcrack,0.4302068688491665,0.6016008987501755,0.4326398707331852,0.9870967741935484,0.6016008987501755
deepcrack_0052,ablation_fusion_max,deepcrack,0.6683006535947712,0.801175318315377,0.6695770804911323,0.9971556277935798,0.801175318315377
deepcrack_0053,ablation_fusion_max,deepcrack,0.771290099238403,0.8708794788273616,0.7795661301609517,0.98642266824085,0.8708794788273616
deepcrack_0054,ablation_fusion_max,deepcrack,0.8187741312741312,0.9003582327185883,0.8666666666666667,0.9367752622860298,0.9003582327185883
deepcrack_0055,ablation_fusion_max,deepcrack,0.5367234371976002,0.6985296432731967,0.6173753339269813,0.8042485318639889,0.6985296432731967
deepcrack_0056,ablation_fusion_max,deepcrack,0.5448865504768169,0.7054065559812687,0.6363287250384024,0.791308500477555,0.7054065559812687
deepcrack_0057,ablation_fusion_max,deepcrack,0.5215039917589492,0.6855111712931619,0.5595468361425808,0.8846657929226737,0.6855111712931619
deepcrack_0058,ablation_fusion_max,deepcrack,0.3656832298136646,0.5355315520181921,0.3741064336775218,0.942,0.535531552018192
deepcrack_0059,ablation_fusion_max,deepcrack,0.8085071168487256,0.8941154937311248,0.894852537094706,0.8933796634967082,0.8941154937311248
deepcrack_0060,ablation_fusion_max,deepcrack,0.7436116753982679,0.8529556046112338,0.948581560283688,0.7748440285204992,0.8529556046112339
deepcrack_0061,ablation_fusion_max,deepcrack,0.8217557251908397,0.9021579719254138,0.9643177067781428,0.8475265713161002,0.9021579719254136
deepcrack_0062,ablation_fusion_max,deepcrack,0.4475123730138057,0.6183192369983804,0.46822620940268,0.9100379623907476,0.6183192369983805
deepcrack_0063,ablation_fusion_max,deepcrack,0.7157597742845627,0.8343356511933847,0.8451361126975062,0.8238077565411023,0.8343356511933848
deepcrack_0064,ablation_fusion_max,deepcrack,0.6610770719122864,0.7959619491360901,0.7727101394647569,0.8206565252201762,0.7959619491360902
deepcrack_0065,ablation_fusion_max,deepcrack,0.5714555765595463,0.7272945988211236,0.7800283834343955,0.6812394366197183,0.7272945988211235
deepcrack_0066,ablation_fusion_max,deepcrack,0.5494325621999127,0.7092048735826466,0.7256088773598501,0.6935261707988981,0.7092048735826466
deepcrack_0067,ablation_fusion_max,deepcrack,0.774489280300296,0.8729151411601985,0.815893536121673,0.9385059482155352,0.8729151411601985
deepcrack_0068,ablation_fusion_max,deepcrack,0.604353562005277,0.7533919907902311,0.6061929337038507,0.9950043440486532,0.7533919907902311
deepcrack_0069,ablation_fusion_max,deepcrack,0.5649365628604383,0.7219929245283019,0.5707294336984385,0.98235058162856,0.7219929245283019
deepcrack_0070,ablation_fusion_max,deepcrack,0.6530587375091397,0.7901216365646886,0.66435256926796,0.9746294443939256,0.7901216365646885
deepcrack_0071,ablation_fusion_max,deepcrack,0.6565427192733466,0.7926662097326936,0.6612349914236707,0.9893071000855432,0.7926662097326936
deepcrack_0072,ablation_fusion_max,deepcrack,0.5781665327316561,0.7327066196631414,0.579599677759187,0.9957415096348344,0.7327066196631413
deepcrack_0073,ablation_fusion_max,deepcrack,0.4530155117685812,0.623552203124356,0.4532326682245791,0.9989434759640782,0.623552203124356
deepcrack_0074,ablation_fusion_max,deepcrack,0.6562071330589849,0.7924215757324775,0.6639486467730743,0.9825417201540436,0.7924215757324774
deepcrack_0075,ablation_fusion_max,deepcrack,0.5617594143557293,0.719393024549138,0.5622826626924987,0.9983461962513782,0.7193930245491381
deepcrack_0076,ablation_fusion_max,deepcrack,0.7384249051944616,0.8495332792207793,0.7508743610438525,0.978039948604135,0.8495332792207791
deepcrack_0077,ablation_fusion_max,deepcrack,0.5555799890049478,0.7143059089623975,0.558280852944426,0.9913674710614088,0.7143059089623975
deepcrack_0078,ablation_fusion_max,deepcrack,0.5382242029482345,0.6997994205482505,0.540447504302926,0.9924146649810368,0.6997994205482505
deepcrack_0079,ablation_fusion_max,deepcrack,0.6191853458664739,0.76481095564156,0.620381550350157,0.996895615056267,0.76481095564156
deepcrack_0080,ablation_fusion_max,deepcrack,0.7492840406144233,0.8566751004613782,0.8289170506912442,0.886356636895596,0.8566751004613782
deepcrack_0081,ablation_fusion_max,deepcrack,0.8356133911689467,0.9104459524963644,0.9495702730030332,0.8744180633147114,0.9104459524963644
deepcrack_0082,ablation_fusion_max,deepcrack,0.734599030950262,0.8469957815528446,0.9644294430741268,0.7550564081715622,0.8469957815528445
deepcrack_0083,ablation_fusion_max,deepcrack,0.753035582303875,0.8591218454496176,0.9241933393805885,0.8026108485257709,0.8591218454496174
deepcrack_0084,ablation_fusion_max,deepcrack,0.8666865790521705,0.9285828577524134,0.8996486151302191,0.9594400969910724,0.9285828577524134
deepcrack_0085,ablation_fusion_max,deepcrack,0.7749323867478025,0.8731965144516928,0.9645487060803702,0.7976511526750761,0.8731965144516928
deepcrack_0086,ablation_fusion_max,deepcrack,0.8167330677290837,0.8991228070175439,0.9407985314364388,0.8609827803443931,0.8991228070175439
deepcrack_0087,ablation_fusion_max,deepcrack,0.7678450033990483,0.8686791001730436,0.8643581404247178,0.8730434782608696,0.8686791001730436
deepcrack_0088,ablation_fusion_max,deepcrack,0.8004844081138359,0.8891878257945183,0.9439485897893608,0.8404322949777495,0.8891878257945183
deepcrack_0089,ablation_fusion_max,deepcrack,0.2396919621370127,0.3866960010353306,0.244397186324227,0.9256505576208178,0.3866960010353306
deepcrack_0090,ablation_fusion_max,deepcrack,0.2750270639849581,0.4314058450263652,0.2785504068324773,0.9560308972073678,0.4314058450263651
deepcrack_0091,ablation_fusion_max,deepcrack,0.7651722011803047,0.8669660678642714,0.9468119891008174,0.7995398067188219,0.8669660678642714
deepcrack_0092,ablation_fusion_max,deepcrack,0.6641925564627293,0.798215992354253,0.9610309911015648,0.6825760052304675,0.7982159923542529
deepcrack_0093,ablation_fusion_max,deepcrack,0.8436575355540709,0.9151998343342308,0.9700395083406496,0.8662289298314386,0.9151998343342308
deepcrack_0094,ablation_fusion_max,deepcrack,0.7362969859187711,0.8481233243967828,0.9045032165832738,0.7983596214511041,0.8481233243967827
deepcrack_0095,ablation_fusion_max,deepcrack,0.6838320277385386,0.8122330689444783,0.9236773633998264,0.7247856267864434,0.8122330689444782
deepcrack_0096,ablation_fusion_max,deepcrack,0.8342815930763683,0.909654871122761,0.8922694549194378,0.927731242202816,0.909654871122761
deepcrack_0097,ablation_fusion_max,deepcrack,0.8134667114996638,0.8971399434478283,0.9185571903179875,0.8766986772966117,0.8971399434478282
deepcrack_0098,ablation_fusion_max,deepcrack,0.121893025372345,0.2172988379741284,0.1233524587103438,0.9115239584291364,0.2172988379741285
deepcrack_0099,ablation_fusion_max,deepcrack,0.8234339500162285,0.9031683873264508,0.8900973598807123,0.9166290308011924,0.9031683873264508
deepcrack_0100,ablation_fusion_max,deepcrack,0.802948402948403,0.8907059144180975,0.9050124619219052,0.8768446471693051,0.8907059144180977
deepcrack_0101,ablation_fusion_max,deepcrack,0.5204272863568216,0.6845803032170591,0.5266951161688004,0.9776447808484422,0.684580303217059
deepcrack_0102,ablation_fusion_max,deepcrack,0.749059708509638,0.8565284591089308,0.8194676610518195,0.8971002252252253,0.8565284591089309
deepcrack_0103,ablation_fusion_max,deepcrack,0.8951822182105382,0.9446925046139192,0.9539497414933268,0.9356132075471698,0.9446925046139192
deepcrack_0104,ablation_fusion_max,deepcrack,0.9367546848381602,0.9673446948873008,0.9834562933154484,0.9517524881003896,0.9673446948873008
deepcrack_0105,ablation_fusion_max,deepcrack,0.8899221671889215,0.9417553618227524,0.9954771596562642,0.8935349639703644,0.9417553618227524
deepcrack_0106,ablation_fusion_max,deepcrack,0.90818013811886,0.9518809256804976,0.9908733948848562,0.9158410985777342,0.9518809256804974
deepcrack_0107,ablation_fusion_max,deepcrack,0.6080459770114942,0.7562544674767692,0.6198526950117175,0.9696255564283844,0.7562544674767693
deepcrack_0108,ablation_fusion_max,deepcrack,0.438108845304585,0.6092846820809249,0.4407997909043387,0.9862573099415204,0.6092846820809248
deepcrack_0109,ablation_fusion_max,deepcrack,0.8136598722239123,0.8972574016606559,1.0,0.8136598722239123,0.8972574016606558
deepcrack_0110,ablation_fusion_max,deepcrack,0.7920013112604491,0.8839293880911003,1.0,0.7920013112604491,0.8839293880911003
deepcrack_0111,ablation_fusion_max,deepcrack,0.7287497056745939,0.8430945246526832,0.9887125971675008,0.7348634744756628,0.8430945246526832
deepcrack_0112,ablation_fusion_max,deepcrack,0.7044590926715781,0.826607215978889,0.9808875931324912,0.7142632489385123,0.8266072159788889
deepcrack_0113,ablation_fusion_max,deepcrack,0.8889167083959272,0.9411920646843104,0.9166092943201376,0.9671297557432126,0.9411920646843106
deepcrack_0114,ablation_fusion_max,deepcrack,0.8696547746560106,0.9302838004583112,0.8919969576607791,0.9720047886545724,0.9302838004583114
deepcrack_0115,ablation_fusion_max,deepcrack,0.839110340843443,0.9125176692319774,0.9611248966087677,0.8685902227537748,0.9125176692319776
deepcrack_0116,ablation_fusion_max,deepcrack,0.8094417186049595,0.8946866984243312,0.8946211343983584,0.8947522720609792,0.8946866984243312
deepcrack_0117,ablation_fusion_max,deepcrack,0.8163480091212068,0.8988894253983583,0.8985423303407665,0.899236788716066,0.8988894253983583
deepcrack_0118,ablation_fusion_max,deepcrack,0.5298956026573869,0.6927212572373863,0.6127675141759649,0.7966706302021404,0.6927212572373863
deepcrack_0119,ablation_fusion_max,deepcrack,0.8318798449612403,0.9082253372123776,0.9135408353285448,0.9029713384170392,0.9082253372123776
deepcrack_0120,ablation_fusion_max,deepcrack,0.7257041734257484,0.8410528114852162,0.9323607427055703,0.7660336239103362,0.8410528114852163
deepcrack_0121,ablation_fusion_max,deepcrack,0.7788094843309568,0.8756524981357197,0.963684858432499,0.8023573624871883,0.8756524981357197
deepcrack_0122,ablation_fusion_max,deepcrack,0.7895781637717122,0.8824181919023849,0.9300014613473624,0.839467088774568,0.8824181919023849
deepcrack_0123,ablation_fusion_max,deepcrack,0.7765472986959222,0.8742207981357414,0.9680041284995484,0.7970044614404079,0.8742207981357413
deepcrack_0124,ablation_fusion_max,deepcrack,0.8046958377801494,0.8917800118273211,0.8486212718064153,0.9395638629283488,0.8917800118273211
deepcrack_0125,ablation_fusion_max,deepcrack,0.7685704274702172,0.8691431401684002,0.8226139133695856,0.9212515749685006,0.8691431401684002
deepcrack_0126,ablation_fusion_max,deepcrack,0.8109359497299085,0.8955987094417727,0.9690422869187196,0.8325033952014487,0.8955987094417727
deepcrack_0127,ablation_fusion_max,deepcrack,0.7875,0.8811188811188811,0.9883460331689824,0.7948810382119683,0.8811188811188811
deepcrack_0128,ablation_fusion_max,deepcrack,0.7626663254861822,0.8653553023154533,0.9870839542970692,0.7703540966658051,0.8653553023154533
deepcrack_0129,ablation_fusion_max,deepcrack,0.6136629950785095,0.7605838355965434,0.7060806255898612,0.8242052250550834,0.7605838355965435
deepcrack_0130,ablation_fusion_max,deepcrack,0.8612705702257941,0.9254651999588772,0.9800762112139356,0.8766189502385822,0.9254651999588774
deepcrack_0131,ablation_fusion_max,deepcrack,0.8504615920571329,0.9191885913305408,0.9963269054178144,0.8531364668879958,0.9191885913305408
deepcrack_0132,ablation_fusion_max,deepcrack,0.7941368078175896,0.8852578068264343,0.8521495980426425,0.921042689837552,0.8852578068264343
deepcrack_0133,ablation_fusion_max,deepcrack,0.8430756337733082,0.9148573377287712,0.8818759587990357,0.9504015115729806,0.914857337728771
deepcrack_0134,ablation_fusion_max,deepcrack,0.3971727606361288,0.5685377955053994,0.4022023399862354,0.9694757796947578,0.5685377955053994
deepcrack_0135,ablation_fusion_max,deepcrack,0.4905176832393644,0.6581843191196699,0.4949573312645461,0.9820420728578758,0.6581843191196699
deepcrack_0136,ablation_fusion_max,deepcrack,0.7723788182568699,0.8715730636145861,0.968214074512123,0.7924733785091965,0.8715730636145862
deepcrack_0137,ablation_fusion_max,deepcrack,0.4788422477995938,0.6475907061920567,0.4910179640718562,0.9507645773819526,0.6475907061920568
deepcrack_0138,ablation_fusion_max,deepcrack,0.6709544045021247,0.8030792494329507,0.7014047304598391,0.9392282958199356,0.8030792494329507
deepcrack_0139,ablation_fusion_max,deepcrack,0.7223864258347017,0.8388203889665692,0.862050947093403,0.8168090110162148,0.8388203889665692
deepcrack_0140,ablation_fusion_max,deepcrack,0.7589998962547982,0.8629902683574167,0.8125277654375833,0.9201358319708212,0.8629902683574168
deepcrack_0141,ablation_fusion_max,deepcrack,0.7644991212653779,0.8665338645418327,0.774756589883638,0.9829768002410364,0.8665338645418327
deepcrack_0142,ablation_fusion_max,deepcrack,0.7509166462967489,0.8577411699008796,0.7625667121757478,0.9800606157281864,0.8577411699008796
deepcrack_0143,ablation_fusion_max,deepcrack,0.5902697335760384,0.7423517169614985,0.5945990998499749,0.987815009692606,0.7423517169614984
deepcrack_0144,ablation_fusion_max,deepcrack,0.5491314493129376,0.7089539748953975,0.5752308527973927,0.9236807675534234,0.7089539748953975
deepcrack_0145,ablation_fusion_max,deepcrack,0.5621092688230498,0.7196798329563251,0.5933151628173863,0.9144373203625912,0.7196798329563251
deepcrack_0146,ablation_fusion_max,deepcrack,0.6592249368155013,0.7946179233307946,0.6601982704070871,0.9977685686962066,0.7946179233307946
deepcrack_0147,ablation_fusion_max,deepcrack,0.817931215542137,0.8998483645028522,0.9626139348061176,0.8447668112798264,0.8998483645028522
deepcrack_0148,ablation_fusion_max,deepcrack,0.6564512547190762,0.7925995441748224,0.6598214285714286,0.992279288351796,0.7925995441748223
deepcrack_0149,ablation_fusion_max,deepcrack,0.7826688176999309,0.8780866192630898,0.8169352898725042,0.9491335941866964,0.8780866192630898
deepcrack_0150,ablation_fusion_max,deepcrack,0.6944888604626372,0.8197030699547055,0.7527440785673022,0.899737605303135,0.8197030699547057
deepcrack_0151,ablation_fusion_max,deepcrack,0.7026833118094418,0.8253834485083432,0.7523429098171762,0.9141310434944931,0.8253834485083431
deepcrack_0152,ablation_fusion_max,deepcrack,0.6756421273751552,0.806427716679013,0.869821757836509,0.7516464839600595,0.8064277166790131
deepcrack_0153,ablation_fusion_max,deepcrack,0.7699650015908368,0.8700341542333273,0.9004092769440655,0.8416415488059356,0.8700341542333272
deepcrack_0154,ablation_fusion_max,deepcrack,0.7429570006354586,0.8525247614996658,0.781267401715113,0.9380850494784702,0.8525247614996658
deepcrack_0155,ablation_fusion_max,deepcrack,0.7982343499197432,0.887797911273766,0.9393653192293162,0.8415975630394313,0.887797911273766
deepcrack_0156,ablation_fusion_max,deepcrack,0.8137128072445019,0.8972895863052782,0.833112582781457,0.9721792890262752,0.8972895863052781
deepcrack_0157,ablation_fusion_max,deepcrack,0.6046738072054528,0.7536407766990292,0.798585436425012,0.7134855665661353,0.7536407766990291
deepcrack_0158,ablation_fusion_max,deepcrack,0.7347826086956522,0.8471177944862155,0.9088464641032536,0.7932410232339826,0.8471177944862156
deepcrack_0159,ablation_fusion_max,deepcrack,0.7118287118287119,0.8316588066434283,0.7152177746429201,0.9933872152828802,0.8316588066434284
deepcrack_0160,ablation_fusion_max,deepcrack,0.914016221634922,0.9550767765742172,0.993216478510596,0.9197578981154568,0.9550767765742172
deepcrack_0161,ablation_fusion_max,deepcrack,0.9537256330843504,0.9763148079074973,0.9992746430480264,0.9543863487201926,0.9763148079074973
deepcrack_0162,ablation_fusion_max,deepcrack,0.8737142386921579,0.932601376079637,0.9927692067944522,0.8793098688750862,0.9326013760796368
deepcrack_0163,ablation_fusion_max,deepcrack,0.9357798165137616,0.966824644549763,0.9979597514606324,0.9375735133957744,0.966824644549763
deepcrack_0164,ablation_fusion_max,deepcrack,0.942174371425833,0.9702263455717858,0.992495120145386,0.9489349378981916,0.9702263455717858
deepcrack_0165,ablation_fusion_max,deepcrack,0.8626758322194641,0.9262758632472792,0.957201878597408,0.8972856669976829,0.9262758632472792
deepcrack_0166,ablation_fusion_max,deepcrack,0.9687054167241936,0.9841039786806304,0.9987189219965836,0.969910607317298,0.9841039786806304
deepcrack_0167,ablation_fusion_max,deepcrack,0.933941198362486,0.965842393918984,0.9964759021194224,0.9370361726954493,0.965842393918984
deepcrack_0168,ablation_fusion_max,deepcrack,0.5442332896461337,0.70485890091237,0.5632417768735164,0.941609977324263,0.70485890091237
deepcrack_0169,ablation_fusion_max,deepcrack,0.6739935587761675,0.8052522726179597,0.9795225836648724,0.6836259697835851,0.8052522726179597
deepcrack_0170,ablation_fusion_max,deepcrack,0.7166069295101554,0.8349109131403119,0.9627608346709472,0.7370361268124846,0.8349109131403119
deepcrack_0171,ablation_fusion_max,deepcrack,0.7379464285714286,0.8492165425122014,0.7709888059701493,0.9451114922813036,0.8492165425122015
deepcrack_0172,ablation_fusion_max,deepcrack,0.614830267399962,0.7614797416324134,0.6314764316322555,0.958887902987282,0.7614797416324133
deepcrack_0173,ablation_fusion_max,deepcrack,0.5511221945137157,0.7106109324758842,0.576045875146618,0.9272078875603104,0.7106109324758842
deepcrack_0174,ablation_fusion_max,deepcrack,0.421774664331582,0.5933073290905359,0.421774664331582,1.0,0.5933073290905357
deepcrack_0175,ablation_fusion_max,deepcrack,0.2798507462686567,0.4373177842565597,0.279950231070032,0.9987317691819912,0.4373177842565597
deepcrack_0176,ablation_fusion_max,deepcrack,0.3427389014296463,0.5105071448585038,0.3461246200607902,0.9722518676627536,0.5105071448585037
deepcrack_0177,ablation_fusion_max,deepcrack,0.3829434899606707,0.5538093099835354,0.3851759317093483,0.9850905218317358,0.5538093099835354
deepcrack_0178,ablation_fusion_max,deepcrack,0.8356437723167401,0.9104639853538532,0.8482942430703625,0.9824669712310162,0.9104639853538532
deepcrack_0179,ablation_fusion_max,deepcrack,0.2935856992639327,0.4539099333441717,0.2969580940225484,0.9627586206896552,0.4539099333441717
deepcrack_0180,ablation_fusion_max,deepcrack,0.9083306180080374,0.9519635742743312,0.9357726306366788,0.9687246611838296,0.9519635742743312
deepcrack_0181,ablation_fusion_max,deepcrack,0.7648054145516074,0.8667305848513902,0.7839660820967431,0.9690328727965698,0.8667305848513903
deepcrack_0182,ablation_fusion_max,deepcrack,0.8557929334428923,0.9222935576710206,0.9027085590465872,0.9427472278796108,0.9222935576710206
deepcrack_0183,ablation_fusion_max,deepcrack,0.7242310889443059,0.8400626732553935,0.7450561197220738,0.9628401712943776,0.8400626732553935
deepcrack_0184,ablation_fusion_max,deepcrack,0.7372423270728355,0.8487501318426326,0.7700478468899522,0.9453712406015038,0.8487501318426326
deepcrack_0185,ablation_fusion_max,deepcrack,0.7385561375540879,0.8496201205134922,0.8405909797822706,0.8588453389830508,0.8496201205134922
deepcrack_0186,ablation_fusion_max,deepcrack,0.7461300309597523,0.8546099290780141,0.809923890481368,0.904514847113368,0.8546099290780144
deepcrack_0187,ablation_fusion_max,deepcrack,0.829862984140684,0.907021991627852,0.9476407539731428,0.8697421981004071,0.907021991627852
deepcrack_0188,ablation_fusion_max,deepcrack,0.827769840238992,0.9057703240477544,0.8991252821670429,0.9125143184421536,0.9057703240477544
deepcrack_0189,ablation_fusion_max,deepcrack,0.7604294478527608,0.8639135737933438,0.8618112289240396,0.8660262008733625,0.8639135737933438
deepcrack_0190,ablation_fusion_max,deepcrack,0.7794083925705113,0.8760309278350515,0.8148148148148148,0.9471924202312944,0.8760309278350515
deepcrack_0191,ablation_fusion_max,deepcrack,0.2134824071029266,0.3518508481925099,0.2137917407626951,0.9932680538555692,0.3518508481925099
deepcrack_0192,ablation_fusion_max,deepcrack,0.4092653119226943,0.58082081274579,0.410431808465156,0.993103448275862,0.58082081274579
deepcrack_0193,ablation_fusion_max,deepcrack,0.6896420411271896,0.8163173315303133,0.7767531631996569,0.8601282355734979,0.8163173315303134
deepcrack_0194,ablation_fusion_max,deepcrack,0.8288306451612903,0.90640502700915,0.8821888412017167,0.9319882112899568,0.90640502700915
deepcrack_0195,ablation_fusion_max,deepcrack,0.6785799952026865,0.8085167190625893,0.6839941972920697,0.9884696016771488,0.8085167190625894
deepcrack_0196,ablation_fusion_max,deepcrack,0.7468888420164522,0.8551074619657087,0.7808158765159867,0.9450226848145182,0.8551074619657086
deepcrack_0197,ablation_fusion_max,deepcrack,0.7213847012841987,0.8381446642880311,0.7284345047923323,0.9867617107942972,0.8381446642880311
deepcrack_0198,ablation_fusion_max,deepcrack,0.5828748890860692,0.7364762598800381,0.6565060963421947,0.8386314311247287,0.7364762598800381
deepcrack_0199,ablation_fusion_max,deepcrack,0.6474166978659678,0.7859780694278734,0.7733676207513417,0.7990065842670672,0.7859780694278735
deepcrack_0200,ablation_fusion_max,deepcrack,0.6905724222201335,0.8169687534749249,0.748319413322469,0.8994857982370226,0.8169687534749249
deepcrack_0201,ablation_fusion_max,deepcrack,0.6314110233708223,0.7740673739793673,0.696647012232685,0.8708470847084708,0.7740673739793672
deepcrack_0202,ablation_fusion_max,deepcrack,0.6390575661889726,0.7797866034380557,0.8214174211676554,0.7421720733427363,0.7797866034380558
deepcrack_0203,ablation_fusion_max,deepcrack,0.6126435653283597,0.759800340881422,0.7325117370892019,0.7892008093070308,0.759800340881422
deepcrack_0204,ablation_fusion_max,deepcrack,0.606823883592574,0.7553085186110418,0.7566316316316316,0.7539900249376559,0.7553085186110418
deepcrack_0205,ablation_fusion_max,deepcrack,0.5630831212892281,0.720477514752764,0.6362002874940106,0.8304925723221267,0.7204775147527641
deepcrack_0206,ablation_fusion_max,deepcrack,0.5450973388105019,0.7055831695757716,0.571268132896584,0.9224724195254648,0.7055831695757715
deepcrack_0207,ablation_fusion_max,deepcrack,0.4674583769938293,0.6370993335449063,0.468385440970602,0.99578373015873,0.6370993335449064
deepcrack_0208,ablation_fusion_max,deepcrack,0.4895460321127411,0.6573090345094998,0.4916473317865429,0.991345029239766,0.6573090345094998
deepcrack_0209,ablation_fusion_max,deepcrack,0.4216696269982238,0.5932033983008496,0.4272089256793234,0.970167552104618,0.5932033983008497
deepcrack_0210,ablation_fusion_max,deepcrack,0.3975126669737448,0.5688859591298616,0.4120905357654474,0.918280485209619,0.5688859591298615
deepcrack_0211,ablation_fusion_max,deepcrack,0.5851642813948801,0.7383011190233978,0.7094330400782014,0.7696182396606575,0.7383011190233978
deepcrack_0212,ablation_fusion_max,deepcrack,0.2761791248084454,0.4328218812541694,0.2788378889461922,0.966626936829559,0.4328218812541695
deepcrack_0213,ablation_fusion_max,deepcrack,0.5948660714285714,0.7459762071378586,0.6264139856030557,0.921945945945946,0.7459762071378586
deepcrack_0214,ablation_fusion_max,deepcrack,0.4871481028151774,0.6551440329218107,0.4978111319574734,0.9578820697954272,0.6551440329218107
deepcrack_0215,ablation_fusion_max,deepcrack,0.6308649657747355,0.7736568986568987,0.6904113320621084,0.8797292606733773,0.7736568986568987
deepcrack_0216,ablation_fusion_max,deepcrack,0.6935233963433529,0.8190301921317474,0.7268593699253004,0.9379715004191116,0.8190301921317474
deepcrack_0217,ablation_fusion_max,deepcrack,0.6282394995531725,0.7716794731064764,0.6292704759063106,0.9973989122724048,0.7716794731064763
deepcrack_0218,ablation_fusion_max,deepcrack,0.642976124375347,0.7826968570462994,0.6612608497030608,0.9587680079483358,0.7826968570462994
deepcrack_0219,ablation_fusion_max,deepcrack,0.4836519564052171,0.6519749518304432,0.5013891461381738,0.93184165232358,0.6519749518304432
deepcrack_0220,ablation_fusion_max,deepcrack,0.6414079687118064,0.7815338793745347,0.6494245761663161,0.9811179659749486,0.7815338793745347
deepcrack_0221,ablation_fusion_max,deepcrack,0.729890310786106,0.8438573315719947,0.7590304182509505,0.9500297441998812,0.8438573315719947
deepcrack_0222,ablation_fusion_max,deepcrack,0.7154343370644806,0.8341145115338664,0.7245728883921443,0.9826764833261152,0.8341145115338664
deepcrack_0223,ablation_fusion_max,deepcrack,0.618844351900052,0.7645507749694515,0.6333510921683537,0.964308890330954,0.7645507749694515
deepcrack_0224,ablation_fusion_max,deepcrack,0.649921696181183,0.787821261682243,0.6839503042596349,0.9288911845730028,0.787821261682243
deepcrack_0225,ablation_fusion_max,deepcrack,0.2043501611170784,0.3393534002229654,0.2540053404539386,0.5110812625923439,0.3393534002229654
deepcrack_0226,ablation_fusion_max,deepcrack,0.2576139226013281,0.409686817188638,0.280688622754491,0.7580862533692723,0.409686817188638
deepcrack_0227,ablation_fusion_max,deepcrack,0.8093196902654868,0.8946121513183034,0.8237860661505981,0.97876254180602,0.8946121513183034
deepcrack_0228,ablation_fusion_max,deepcrack,0.7025747604202748,0.8253085582530856,0.7101178667289065,0.9851060385300308,0.8253085582530856
deepcrack_0229,ablation_fusion_max,deepcrack,0.7320521316545173,0.8453003443438337,0.735953808572063,0.9928100659077292,0.8453003443438336
deepcrack_0230,ablation_fusion_max,deepcrack,0.9083178894581924,0.9519565838331904,0.9707561458697423,0.9338713292983636,0.9519565838331904
deepcrack_0231,ablation_fusion_max,deepcrack,0.7980788080768477,0.8877017008286088,0.8122505985634477,0.9786057692307693,0.8877017008286088
deepcrack_0232,ablation_fusion_max,deepcrack,0.5592301943198804,0.7173157579388856,0.5603819509455158,0.9963382157123836,0.7173157579388855
deepcrack_0233,ablation_fusion_max,deepcrack,0.8512722035525684,0.9196618432653908,0.9642196846112018,0.8790402538171723,0.9196618432653908
deepcrack_0234,ablation_fusion_max,deepcrack,0.8730631375792666,0.932230334432407,0.99241569512348,0.8789275008326857,0.932230334432407
deepcrack_0235,ablation_fusion_max,deepcrack,0.922907133243607,0.9599081695503668,0.9884109778597786,0.9330031566343746,0.9599081695503668
deepcrack_0236,ablation_fusion_max,deepcrack,0.8208053295601934,0.9015849374281596,0.9978140901598224,0.8222839086909016,0.9015849374281596
deepcrack_0000,ablation_fusion_mean,deepcrack,0.5833197589183906,0.7368312757201646,0.6030650050522062,0.946853516657853,0.7368312757201647
deepcrack_0001,ablation_fusion_mean,deepcrack,0.7095087952207103,0.8300732902975295,0.7521329932271967,0.9260342213558588,0.8300732902975294
deepcrack_0002,ablation_fusion_mean,deepcrack,0.679844143193441,0.8094133565284624,0.7475008925383791,0.8825079030558483,0.8094133565284624
deepcrack_0003,ablation_fusion_mean,deepcrack,0.5279331638212859,0.6910422213769494,0.5971731448763251,0.819925533115198,0.6910422213769495
deepcrack_0004,ablation_fusion_mean,deepcrack,0.6480469270763898,0.7864423232486653,0.8411489877141374,0.7384171350448124,0.7864423232486653
deepcrack_0005,ablation_fusion_mean,deepcrack,0.6776315789473685,0.807843137254902,0.7586402266288952,0.8638709677419355,0.807843137254902
deepcrack_0006,ablation_fusion_mean,deepcrack,0.6072446754989099,0.7556343906510852,0.6952764976958525,0.8274680073126143,0.7556343906510851
deepcrack_0007,ablation_fusion_mean,deepcrack,0.71869267967317,0.836324827786941,0.8536343830461478,0.8197033092430582,0.836324827786941
deepcrack_0008,ablation_fusion_mean,deepcrack,0.743046357615894,0.8525835866261399,0.9048387096774192,0.8060344827586207,0.8525835866261399
deepcrack_0009,ablation_fusion_mean,deepcrack,0.657167530224525,0.7931214174048984,0.7861570247933884,0.8002103049421662,0.7931214174048985
deepcrack_0010,ablation_fusion_mean,deepcrack,0.5602931379080613,0.7181895815542272,0.6990856192851206,0.7383669885864794,0.7181895815542271
deepcrack_0011,ablation_fusion_mean,deepcrack,0.7297415681121332,0.8437579133957964,0.8003843382176316,0.8921017402945114,0.8437579133957964
deepcrack_0012,ablation_fusion_mean,deepcrack,0.5208435507601765,0.6849403418252177,0.976551724137931,0.5274397814750434,0.6849403418252177
deepcrack_0013,ablation_fusion_mean,deepcrack,0.571611071682044,0.7274205202312138,0.9523471680264868,0.5884415869072843,0.727420520231214
deepcrack_0014,ablation_fusion_mean,deepcrack,0.4420987418985894,0.6131324146591323,0.9028710462287104,0.464174922445712,0.6131324146591323
deepcrack_0015,ablation_fusion_mean,deepcrack,0.4914551269238457,0.6590277079773511,0.9715499357897855,0.4986311093084567,0.6590277079773511
deepcrack_0016,ablation_fusion_mean,deepcrack,0.3407793672045662,0.5083302675145845,0.5711586158025275,0.4579545454545454,0.5083302675145845
deepcrack_0017,ablation_fusion_mean,deepcrack,0.2493703731969778,0.3991936715433248,0.8963105198189548,0.2567779960707269,0.3991936715433249
deepcrack_0018,ablation_fusion_mean,deepcrack,0.4954357748315584,0.6625971949712957,0.8284572051608213,0.5520707193024945,0.6625971949712955
deepcrack_0019,ablation_fusion_mean,deepcrack,0.433511303912572,0.604824395495679,0.9765103824109744,0.4380795818580341,0.604824395495679
deepcrack_0020,ablation_fusion_mean,deepcrack,0.6179308050565535,0.7638531921455741,0.9501278772378516,0.6386453498366855,0.7638531921455741
deepcrack_0021,ablation_fusion_mean,deepcrack,0.7129646754207509,0.8324335996545023,0.9336401065633324,0.7510227936879018,0.8324335996545024
deepcrack_0022,ablation_fusion_mean,deepcrack,0.5321610668061184,0.6946542087973037,0.9711320529643326,0.5407146652497343,0.6946542087973037
deepcrack_0023,ablation_fusion_mean,deepcrack,0.6599244547337638,0.7951258900389048,0.935002157962883,0.6916544281974332,0.7951258900389048
deepcrack_0024,ablation_fusion_mean,deepcrack,0.4819549873485151,0.650431344356578,0.9283057586251122,0.500587869147244,0.650431344356578
deepcrack_0025,ablation_fusion_mean,deepcrack,0.6899555859241544,0.8165369453148691,0.8224394217063734,0.8107185869128863,0.8165369453148691
deepcrack_0026,ablation_fusion_mean,deepcrack,0.7531202102036347,0.8591769187535128,0.8673559450258479,0.8511507052709726,0.8591769187535128
deepcrack_0027,ablation_fusion_mean,deepcrack,0.4742152466367713,0.6433460076045627,0.4758824356630572,0.992666471105896,0.6433460076045626
deepcrack_0028,ablation_fusion_mean,deepcrack,0.5678891134854173,0.724399587446589,0.6880554194947869,0.7647973866376293,0.724399587446589
deepcrack_0029,ablation_fusion_mean,deepcrack,0.6950799122532122,0.8201146237751895,0.9919499105545616,0.6990230066183423,0.8201146237751895
deepcrack_0030,ablation_fusion_mean,deepcrack,0.6076852041863329,0.7559753645849954,0.999915583319264,0.6077163819198604,0.7559753645849955
deepcrack_0031,ablation_fusion_mean,deepcrack,0.8825828061034611,0.9376297321340318,0.9989469250210616,0.8834047308623579,0.937629732134032
deepcrack_0032,ablation_fusion_mean,deepcrack,0.6073478760045924,0.7557142857142857,0.6276448487245403,0.9494466048459468,0.7557142857142857
deepcrack_0033,ablation_fusion_mean,deepcrack,0.7987594762232942,0.8881226053639847,0.8462942679810149,0.9343006852075776,0.8881226053639846
deepcrack_0034,ablation_fusion_mean,deepcrack,0.7433171799280913,0.8527618364418939,0.7601918465227818,0.9710026546865428,0.852761836441894
deepcrack_0035,ablation_fusion_mean,deepcrack,0.5483429613864397,0.7082965144820815,0.618696397941681,0.8282433983926522,0.7082965144820815
deepcrack_0036,ablation_fusion_mean,deepcrack,0.6668359573387507,0.8001218769043267,1.0,0.6668359573387507,0.8001218769043266
deepcrack_0037,ablation_fusion_mean,deepcrack,0.4888620848945234,0.6566922347668707,0.982971257546829,0.4930375815301791,0.6566922347668707
deepcrack_0038,ablation_fusion_mean,deepcrack,0.461610741574145,0.6316466189581958,0.9880385307505029,0.4642048986696506,0.631646618958196
deepcrack_0039,ablation_fusion_mean,deepcrack,0.2019450233204326,0.3360303830911493,0.909192449458282,0.2061020382326877,0.3360303830911493
deepcrack_0040,ablation_fusion_mean,deepcrack,0.6717451523545707,0.8036454018227009,0.7202970297029703,0.9088069956277328,0.8036454018227009
deepcrack_0041,ablation_fusion_mean,deepcrack,0.6762068965517242,0.8068298703970377,0.970748391161514,0.690272,0.8068298703970376
deepcrack_0042,ablation_fusion_mean,deepcrack,0.3854958471517037,0.5564734790713438,0.9309660500389824,0.3968397836792652,0.5564734790713439
deepcrack_0043,ablation_fusion_mean,deepcrack,0.6192680457109793,0.7648740396641057,0.9562206834934108,0.637338097364895,0.7648740396641056
deepcrack_0044,ablation_fusion_mean,deepcrack,0.730291162949089,0.8441251722101949,0.9771044538102288,0.743005630142919,0.8441251722101948
deepcrack_0045,ablation_fusion_mean,deepcrack,0.8277444405224144,0.9057551178061028,0.848868778280543,0.9708134961705652,0.9057551178061028
deepcrack_0046,ablation_fusion_mean,deepcrack,0.6456030150753769,0.7846400488586915,0.6694893173527879,0.9476304628434444,0.7846400488586915
deepcrack_0047,ablation_fusion_mean,deepcrack,0.4998012981851901,0.6664900194311959,0.5737530413625304,0.7949852507374632,0.6664900194311959
deepcrack_0048,ablation_fusion_mean,deepcrack,0.6169330242771746,0.7630903878074543,0.6272637062763582,0.9739984591679508,0.7630903878074543
deepcrack_0049,ablation_fusion_mean,deepcrack,0.811674401999286,0.8960488718100306,0.8326313861930049,0.9699232081911264,0.8960488718100306
deepcrack_0050,ablation_fusion_mean,deepcrack,0.7528912311521008,0.8590278937698347,0.7738489316882335,0.9652777777777778,0.8590278937698347
deepcrack_0051,ablation_fusion_mean,deepcrack,0.5242334322453017,0.6878650227125244,0.5307961942914372,0.976958525345622,0.6878650227125245
deepcrack_0052,ablation_fusion_mean,deepcrack,0.7965154503616042,0.8867337602927722,0.8065912117177098,0.9845591223080048,0.8867337602927723
deepcrack_0053,ablation_fusion_mean,deepcrack,0.8233471074380165,0.903116147308782,0.8681917211328976,0.9409681227863046,0.9031161473087818
deepcrack_0054,ablation_fusion_mean,deepcrack,0.818335343787696,0.9000928751492636,0.8664112388250319,0.9364991717283268,0.9000928751492636
deepcrack_0055,ablation_fusion_mean,deepcrack,0.7298373489910238,0.8438219343763411,0.9134989018415272,0.7840208801566012,0.8438219343763412
deepcrack_0056,ablation_fusion_mean,deepcrack,0.5445250659630607,0.7051035660901132,0.6376979528775589,0.788443170964661,0.7051035660901132
deepcrack_0057,ablation_fusion_mean,deepcrack,0.5227625452664253,0.6865975879055546,0.5617009449694275,0.8829183049366536,0.6865975879055547
deepcrack_0058,ablation_fusion_mean,deepcrack,0.3644133644133644,0.5341685649202733,0.3734076433121019,0.938,0.5341685649202734
deepcrack_0059,ablation_fusion_mean,deepcrack,0.810046828437633,0.8950562114868996,0.921631308728083,0.8699707388441843,0.8950562114868996
deepcrack_0060,ablation_fusion_mean,deepcrack,0.7446808510638298,0.8536585365853658,0.948651593571234,0.7759581105169341,0.853658536585366
deepcrack_0061,ablation_fusion_mean,deepcrack,0.8189797735657041,0.9004825512273585,0.964061096136568,0.8447710274242225,0.9004825512273585
deepcrack_0062,ablation_fusion_mean,deepcrack,0.445954132410212,0.616830260952837,0.4665670695821449,0.909861393131456,0.616830260952837
deepcrack_0063,ablation_fusion_mean,deepcrack,0.7155992902080981,0.8342266102491772,0.8455966450629051,0.8231582853961774,0.8342266102491772
deepcrack_0064,ablation_fusion_mean,deepcrack,0.6593182062587375,0.7946856772521063,0.7725554435483871,0.8181211635975447,0.7946856772521063
deepcrack_0065,ablation_fusion_mean,deepcrack,0.5654761904761905,0.7224334600760456,0.7778788666493371,0.6743661971830985,0.7224334600760455
deepcrack_0066,ablation_fusion_mean,deepcrack,0.5537016574585636,0.7127515823910106,0.7368034112630496,0.6902203856749312,0.7127515823910107
deepcrack_0067,ablation_fusion_mean,deepcrack,0.7741609527246481,0.8727065619787641,0.8157274317438589,0.9382435269419174,0.8727065619787641
deepcrack_0068,ablation_fusion_mean,deepcrack,0.6678486997635934,0.8008504606661941,0.6762417713943746,0.9817549956559514,0.8008504606661941
deepcrack_0069,ablation_fusion_mean,deepcrack,0.563017479300828,0.7204237786933491,0.568905414826865,0.9819494584837544,0.720423778693349
deepcrack_0070,ablation_fusion_mean,deepcrack,0.7453188894468756,0.8540776060506412,0.779311379491411,0.9447121942347914,0.8540776060506413
deepcrack_0071,ablation_fusion_mean,deepcrack,0.7380107304993809,0.8492591185410334,0.7639268626110731,0.9560521813515824,0.8492591185410334
deepcrack_0072,ablation_fusion_mean,deepcrack,0.7032958629655119,0.8258058723175002,0.7139973604533809,0.9791333972106888,0.8258058723175002
deepcrack_0073,ablation_fusion_mean,deepcrack,0.5137385512073273,0.6787678767876788,0.5197978096040438,0.9778129952456418,0.6787678767876788
deepcrack_0074,ablation_fusion_mean,deepcrack,0.7481345190636819,0.855923283826453,0.7859750859106529,0.9395378690629012,0.855923283826453
deepcrack_0075,ablation_fusion_mean,deepcrack,0.6335927367055771,0.7757046447002779,0.6464965811337402,0.9694597574421168,0.775704644700278
deepcrack_0076,ablation_fusion_mean,deepcrack,0.73851309639298,0.849591640034495,0.750896700143472,0.9781567573881556,0.8495916400344949
deepcrack_0077,ablation_fusion_mean,deepcrack,0.594597824787857,0.7457652525858193,0.6033959975742874,0.9760643515793604,0.7457652525858192
deepcrack_0078,ablation_fusion_mean,deepcrack,0.6024190401872805,0.7518870221572924,0.6114851485148515,0.9759797724399494,0.7518870221572924
deepcrack_0079,ablation_fusion_mean,deepcrack,0.7381504806098773,0.8493516399694889,0.8350206224221972,0.8641831587116803,0.849351639969489
deepcrack_0080,ablation_fusion_mean,deepcrack,0.7330230010952903,0.8459472270500868,0.8685918234912394,0.8244533415460426,0.845947227050087
deepcrack_0081,ablation_fusion_mean,deepcrack,0.8354275547648171,0.9103356355264752,0.9493303007328784,0.8744180633147114,0.9103356355264752
deepcrack_0082,ablation_fusion_mean,deepcrack,0.7343023830712944,0.846798563202007,0.9644155844155844,0.7547514991360911,0.846798563202007
deepcrack_0083,ablation_fusion_mean,deepcrack,0.752559907104402,0.8588121913022527,0.923924313115604,0.8022732388026108,0.8588121913022528
deepcrack_0084,ablation_fusion_mean,deepcrack,0.8670273644782021,0.928778421756576,0.9393529478074624,0.9184393254711782,0.928778421756576
deepcrack_0085,ablation_fusion_mean,deepcrack,0.7744252873563219,0.8728744939271255,0.9645263157894736,0.7971291866028708,0.8728744939271256
deepcrack_0086,ablation_fusion_mean,deepcrack,0.8161354581673307,0.8987605572008336,0.9407577497129735,0.8603527929441411,0.8987605572008335
deepcrack_0087,ablation_fusion_mean,deepcrack,0.7627632988218493,0.8654177215189873,0.9091489361702128,0.8257004830917875,0.8654177215189873
deepcrack_0088,ablation_fusion_mean,deepcrack,0.8004844081138359,0.8891878257945183,0.9439485897893608,0.8404322949777495,0.8891878257945183
deepcrack_0089,ablation_fusion_mean,deepcrack,0.5159464049820721,0.6806921449022781,0.8567847069884049,0.5646427096241222,0.6806921449022781
deepcrack_0090,ablation_fusion_mean,deepcrack,0.517100106875668,0.6816954326640836,0.8370818915801614,0.574965339671222,0.6816954326640836
deepcrack_0091,ablation_fusion_mean,deepcrack,0.6907253699025623,0.8170757737459978,0.9721904761904762,0.7046479521398987,0.8170757737459978
deepcrack_0092,ablation_fusion_mean,deepcrack,0.5600343975061808,0.717976986150348,0.9763868065967016,0.5677236569685082,0.717976986150348
deepcrack_0093,ablation_fusion_mean,deepcrack,0.7714535052845922,0.8709836334774755,0.9864848109113452,0.7796942375539004,0.8709836334774755
deepcrack_0094,ablation_fusion_mean,deepcrack,0.5918342767674335,0.7435878035862904,0.9285714285714286,0.6200630914826498,0.7435878035862904
deepcrack_0095,ablation_fusion_mean,deepcrack,0.6839604468986773,0.8123236482879586,0.9236906000693722,0.7249217367633047,0.8123236482879586
deepcrack_0096,ablation_fusion_mean,deepcrack,0.7913563067856266,0.8835275302718757,0.9066866735440308,0.8615220103368384,0.8835275302718756
deepcrack_0097,ablation_fusion_mean,deepcrack,0.760097281334144,0.8636991709435452,0.948515066117494,0.792806667874615,0.8636991709435452
deepcrack_0098,ablation_fusion_mean,deepcrack,0.1224708051628764,0.2182164642493402,0.1238562904027846,0.9163064471626966,0.2182164642493401
deepcrack_0099,ablation_fusion_mean,deepcrack,0.7930517370657336,0.8845832171731252,0.9108219309157018,0.8598139282810947,0.8845832171731252
deepcrack_0100,ablation_fusion_mean,deepcrack,0.80395728123189,0.8913262964662689,0.9153548873597888,0.8685269653877113,0.8913262964662689
deepcrack_0101,ablation_fusion_mean,deepcrack,0.5971389017074297,0.7477607627853221,0.6340806076197476,0.9111071994367188,0.7477607627853222
deepcrack_0102,ablation_fusion_mean,deepcrack,0.7467669880084646,0.8550275945618522,0.8191900954346144,0.8941441441441441,0.8550275945618522
deepcrack_0103,ablation_fusion_mean,deepcrack,0.8950812274368231,0.9446362662221692,0.9538350565039672,0.9356132075471698,0.9446362662221692
deepcrack_0104,ablation_fusion_mean,deepcrack,0.9249062667380824,0.9609883688574768,0.989570200573066,0.9340112505408914,0.9609883688574768
deepcrack_0105,ablation_fusion_mean,deepcrack,0.8589977683100021,0.9241514787733276,0.9994098902395846,0.8594336750228356,0.9241514787733276
deepcrack_0106,ablation_fusion_mean,deepcrack,0.8963259722493648,0.9453290049981964,0.995766391663048,0.8997547817557626,0.9453290049981964
deepcrack_0107,ablation_fusion_mean,deepcrack,0.6775208140610546,0.8077644204257196,0.6977896341463414,0.9588897617177272,0.8077644204257195
deepcrack_0108,ablation_fusion_mean,deepcrack,0.625703564727955,0.7697634160415464,0.6358436606291706,0.9751461988304092,0.7697634160415465
deepcrack_0109,ablation_fusion_mean,deepcrack,0.7826792414562418,0.8780931793617385,1.0,0.7826792414562418,0.8780931793617385
deepcrack_0110,ablation_fusion_mean,deepcrack,0.7578265858056057,0.8622313394563849,1.0,0.7578265858056057,0.862231339456385
deepcrack_0111,ablation_fusion_mean,deepcrack,0.7331659080207189,0.8460423836261547,0.9886760503757012,0.7393747526711516,0.8460423836261548
deepcrack_0112,ablation_fusion_mean,deepcrack,0.6596095036462009,0.7948972360028349,0.9958565171066652,0.6614247523195471,0.7948972360028349
deepcrack_0113,ablation_fusion_mean,deepcrack,0.8744202027143102,0.9330033910732288,0.9418077527985936,0.924362117497503,0.9330033910732288
deepcrack_0114,ablation_fusion_mean,deepcrack,0.8821214713430282,0.9373693300609036,0.9254240330252176,0.949627037480431,0.9373693300609036
deepcrack_0115,ablation_fusion_mean,deepcrack,0.8388447653429603,0.9123606093921784,0.96095947063689,0.8684407235760203,0.9123606093921784
deepcrack_0116,ablation_fusion_mean,deepcrack,0.8104453870625663,0.8952994581930004,0.8943826799297835,0.8962181178540017,0.8952994581930005
deepcrack_0117,ablation_fusion_mean,deepcrack,0.815981054293483,0.8986669242658424,0.8985801217038539,0.8987537435996522,0.8986669242658423
deepcrack_0118,ablation_fusion_mean,deepcrack,0.5297656744775174,0.6926102256261644,0.6131574124977094,0.7957193816884661,0.6926102256261644
deepcrack_0119,ablation_fusion_mean,deepcrack,0.8270348837209303,0.9053301511535402,0.9130783631987164,0.8977123323691822,0.9053301511535402
deepcrack_0120,ablation_fusion_mean,deepcrack,0.7252617608022416,0.8407556201384734,0.9323222748815164,0.7655666251556662,0.8407556201384732
deepcrack_0121,ablation_fusion_mean,deepcrack,0.7796019900497513,0.87615320100643,0.9639122411318434,0.8030406559617356,0.87615320100643
deepcrack_0122,ablation_fusion_mean,deepcrack,0.7896042674606129,0.8824344932760294,0.9298758217677136,0.8395989974937343,0.8824344932760294
deepcrack_0123,ablation_fusion_mean,deepcrack,0.7768577934175119,0.8744175209692451,0.968016507608976,0.7973231357552581,0.8744175209692451
deepcrack_0124,ablation_fusion_mean,deepcrack,0.8034096963239211,0.8909896602658789,0.8471910112359551,0.9395638629283488,0.8909896602658789
deepcrack_0125,ablation_fusion_mean,deepcrack,0.7684358031178841,0.8690570522979397,0.8224596925384327,0.9212515749685006,0.8690570522979397
deepcrack_0126,ablation_fusion_mean,deepcrack,0.8111564325873664,0.8957331547872665,0.9690504411958384,0.8327297419646899,0.8957331547872665
deepcrack_0127,ablation_fusion_mean,deepcrack,0.7875,0.8811188811188811,0.9883460331689824,0.7948810382119683,0.8811188811188811
deepcrack_0128,ablation_fusion_mean,deepcrack,0.7625383828045036,0.8652729384436701,0.9870818151705862,0.7702248643060222,0.86527293844367
deepcrack_0129,ablation_fusion_mean,deepcrack,0.7411341977815966,0.8513234634365187,0.9901899394698392,0.7466163046899591,0.8513234634365188
deepcrack_0130,ablation_fusion_mean,deepcrack,0.8374493536561837,0.9115346248753085,0.9889496468443836,0.8453598208199435,0.9115346248753085
deepcrack_0131,ablation_fusion_mean,deepcrack,0.6608733624454148,0.795814271441342,0.9994716682076344,0.6611043159182247,0.795814271441342
deepcrack_0132,ablation_fusion_mean,deepcrack,0.7960919124298896,0.8864712400523824,0.9497086121303692,0.831129580657348,0.8864712400523824
deepcrack_0133,ablation_fusion_mean,deepcrack,0.8428990364474236,0.9147533530347808,0.8816827344434707,0.9504015115729806,0.9147533530347808
deepcrack_0134,ablation_fusion_mean,deepcrack,0.4011844098609007,0.5726361313151169,0.4068435754189944,0.9664897146648972,0.5726361313151169
deepcrack_0135,ablation_fusion_mean,deepcrack,0.5292957746478874,0.6922085098544851,0.5399425287356322,0.9640841457157516,0.6922085098544852
deepcrack_0136,ablation_fusion_mean,deepcrack,0.7742277764678142,0.8727490198684298,0.967870302137067,0.7946515004840271,0.8727490198684298
deepcrack_0137,ablation_fusion_mean,deepcrack,0.4794439264219717,0.6481407207929869,0.4917405668579377,0.9504284994118636,0.6481407207929869
deepcrack_0138,ablation_fusion_mean,deepcrack,0.6703814338235294,0.8026686842286265,0.7014064190407501,0.9381028938906752,0.8026686842286265
deepcrack_0139,ablation_fusion_mean,deepcrack,0.7205413136758719,0.837575137485612,0.8663844423865591,0.8106201262532492,0.837575137485612
deepcrack_0140,ablation_fusion_mean,deepcrack,0.7584275490094389,0.8626201852179555,0.8122639413463675,0.9196327505974092,0.8626201852179556
deepcrack_0141,ablation_fusion_mean,deepcrack,0.7697026899480888,0.8698666666666667,0.7801961253288687,0.9828261524555588,0.8698666666666667
deepcrack_0142,ablation_fusion_mean,deepcrack,0.751131221719457,0.8578811369509044,0.7629813664596273,0.9797415855798371,0.8578811369509044
deepcrack_0143,ablation_fusion_mean,deepcrack,0.6850409426802476,0.8130852198648809,0.7107335267302114,0.9498753807809472,0.8130852198648808
deepcrack_0144,ablation_fusion_mean,deepcrack,0.5488058151609554,0.7086825343613812,0.5755513204465015,0.9219363279546444,0.7086825343613811
deepcrack_0145,ablation_fusion_mean,deepcrack,0.5621003945041491,0.7196725594356875,0.5936781609195402,0.9135529515808092,0.7196725594356874
deepcrack_0146,ablation_fusion_mean,deepcrack,0.7711480362537765,0.8707889125799574,0.7857875833760903,0.976410583359898,0.8707889125799574
deepcrack_0147,ablation_fusion_mean,deepcrack,0.7872594558725946,0.880968292864038,0.9738959120013134,0.8042299349240781,0.880968292864038
deepcrack_0148,ablation_fusion_mean,deepcrack,0.7486939785537531,0.8562893081761006,0.8053830227743272,0.914065122524337,0.8562893081761007
deepcrack_0149,ablation_fusion_mean,deepcrack,0.8152521525215252,0.8982246916926413,0.8718758221520653,0.9262157629960872,0.8982246916926413
deepcrack_0150,ablation_fusion_mean,deepcrack,0.6938906066744855,0.8192862088500031,0.7527180198935924,0.8987708879988952,0.8192862088500033
deepcrack_0151,ablation_fusion_mean,deepcrack,0.724346717654557,0.8401404546294585,0.8318389752973467,0.8486092962478999,0.8401404546294585
deepcrack_0152,ablation_fusion_mean,deepcrack,0.6758047569013277,0.8065435476516188,0.8702337023370234,0.7515402591884427,0.8065435476516187
deepcrack_0153,ablation_fusion_mean,deepcrack,0.6820097244732577,0.8109462324147234,0.9093790520097969,0.7317412473916067,0.8109462324147234
deepcrack_0154,ablation_fusion_mean,deepcrack,0.6863402370405842,0.8139997160301008,0.8675847457627118,0.7666488365873229,0.8139997160301008
deepcrack_0155,ablation_fusion_mean,deepcrack,0.7950541457895588,0.885827480641095,0.9465076005387724,0.8324589609070909,0.885827480641095
deepcrack_0156,ablation_fusion_mean,deepcrack,0.819672131147541,0.9009009009009008,0.8398549341477382,0.9715168911459484,0.9009009009009008
deepcrack_0157,ablation_fusion_mean,deepcrack,0.6019985376553741,0.7515594097063746,0.7989649037683972,0.709464311360046,0.7515594097063746
deepcrack_0158,ablation_fusion_mean,deepcrack,0.7351533608875354,0.8473641321381559,0.9095680258377068,0.7931236798873504,0.8473641321381559
deepcrack_0159,ablation_fusion_mean,deepcrack,0.7478737478737478,0.8557525951557093,0.7661181026137464,0.9691403379867743,0.8557525951557092
deepcrack_0160,ablation_fusion_mean,deepcrack,0.9140617880251528,0.9551016521449316,0.9932168143783732,0.9198037507451052,0.9551016521449316
deepcrack_0161,ablation_fusion_mean,deepcrack,0.9356343623574006,0.9667470061007758,0.9995716844482516,0.9360096259024284,0.9667470061007758
deepcrack_0162,ablation_fusion_mean,deepcrack,0.817803155687962,0.899770861469825,0.9990901125564468,0.8184126984126984,0.899770861469825
deepcrack_0163,ablation_fusion_mean,deepcrack,0.9200487189525424,0.9583597643860444,0.998395090866179,0.9214114571988672,0.9583597643860444
deepcrack_0164,ablation_fusion_mean,deepcrack,0.9151227642797616,0.9556805248711254,0.9958144401813742,0.9186562841881716,0.9556805248711254
deepcrack_0165,ablation_fusion_mean,deepcrack,0.8338098641887062,0.9093743909569284,0.97834623155808,0.8494869248593181,0.9093743909569284
deepcrack_0166,ablation_fusion_mean,deepcrack,0.9252280475444578,0.9611620282849552,0.9998008662318912,0.9253985807759654,0.9611620282849552
deepcrack_0167,ablation_fusion_mean,deepcrack,0.651541295527678,0.7890099960467611,0.998713274715848,0.6520886814469078,0.789009996046761
deepcrack_0168,ablation_fusion_mean,deepcrack,0.7208781362007168,0.8378026555584484,0.7746750120365913,0.9121315192743764,0.8378026555584484
deepcrack_0169,ablation_fusion_mean,deepcrack,0.6739935587761675,0.8052522726179597,0.9795225836648724,0.6836259697835851,0.8052522726179597
deepcrack_0170,ablation_fusion_mean,deepcrack,0.7167091430391844,0.8349802829969845,0.962665810868635,0.7371999672319162,0.8349802829969845
deepcrack_0171,ablation_fusion_mean,deepcrack,0.7411076091850518,0.8513059219032842,0.777148253068933,0.9411092052601486,0.8513059219032841
deepcrack_0172,ablation_fusion_mean,deepcrack,0.6113368156316502,0.7587945731780525,0.6386418755052546,0.9346347234545992,0.7587945731780525
deepcrack_0173,ablation_fusion_mean,deepcrack,0.5631293570875291,0.7205153617443013,0.5941969758888435,0.9150409062303336,0.7205153617443012
deepcrack_0174,ablation_fusion_mean,deepcrack,0.486668916638542,0.6547105561861521,0.4871621621621622,0.997923875432526,0.6547105561861521
deepcrack_0175,ablation_fusion_mean,deepcrack,0.3321291967700807,0.4986441218695167,0.3331202046035805,0.9911223842739378,0.4986441218695167
deepcrack_0176,ablation_fusion_mean,deepcrack,0.3424657534246575,0.5102040816326531,0.3456439393939394,0.9738527214514408,0.5102040816326531
deepcrack_0177,ablation_fusion_mean,deepcrack,0.4243542435424354,0.5958549222797928,0.4281060958585388,0.979765708200213,0.5958549222797928
deepcrack_0178,ablation_fusion_mean,deepcrack,0.8569038590229757,0.9229383146134904,0.8985964912280702,0.9486356340288924,0.9229383146134904
deepcrack_0179,ablation_fusion_mean,deepcrack,0.6520608243297319,0.7893908199103791,0.8341438443818787,0.7491954022988506,0.7893908199103791
deepcrack_0180,ablation_fusion_mean,deepcrack,0.9125138427464008,0.9542559351476548,0.954034965844622,0.9544770068342407,0.954255935147655
deepcrack_0181,ablation_fusion_mean,deepcrack,0.7833920877399139,0.8785416209092906,0.8149959250203749,0.952834683182468,0.8785416209092907
deepcrack_0182,ablation_fusion_mean,deepcrack,0.8557929334428923,0.9222935576710206,0.9027085590465872,0.9427472278796108,0.9222935576710206
deepcrack_0183,ablation_fusion_mean,deepcrack,0.768598920441211,0.8691613588110403,0.8362057959913188,0.9048211078878298,0.8691613588110403
deepcrack_0184,ablation_fusion_mean,deepcrack,0.7454597318626985,0.8541700713624231,0.7963433214829863,0.9210526315789472,0.854170071362423
deepcrack_0185,ablation_fusion_mean,deepcrack,0.7385911004893593,0.849643254565687,0.8401294498381877,0.859375,0.8496432545656869
deepcrack_0186,ablation_fusion_mean,deepcrack,0.7767273458714674,0.8743348805615306,0.8972929011269897,0.8525223534606469,0.8743348805615305
deepcrack_0187,ablation_fusion_mean,deepcrack,0.7944120558794412,0.8854287991172685,0.9669299772392556,0.8165988240615106,0.8854287991172685
deepcrack_0188,ablation_fusion_mean,deepcrack,0.8246125314611207,0.903876869464208,0.9167893961708394,0.8913230240549829,0.903876869464208
deepcrack_0189,ablation_fusion_mean,deepcrack,0.6958846403110823,0.820674500812076,0.9057359763812736,0.7502183406113537,0.8206745008120762
deepcrack_0190,ablation_fusion_mean,deepcrack,0.8125783011776497,0.896599391761128,0.889589905362776,0.9037202173610144,0.896599391761128
deepcrack_0191,ablation_fusion_mean,deepcrack,0.7941254300079386,0.8852507374631269,0.854498861047836,0.9182986536107712,0.8852507374631269
deepcrack_0192,ablation_fusion_mean,deepcrack,0.7120020964360587,0.8317771314863003,0.7478667767685109,0.936896551724138,0.8317771314863002
deepcrack_0193,ablation_fusion_mean,deepcrack,0.7263093539841043,0.8414590957384016,0.8366197183098592,0.8463547850866777,0.8414590957384016
deepcrack_0194,ablation_fusion_mean,deepcrack,0.8288306451612903,0.90640502700915,0.8821888412017167,0.9319882112899568,0.90640502700915
deepcrack_0195,ablation_fusion_mean,deepcrack,0.6785799952026865,0.8085167190625893,0.6839941972920697,0.9884696016771488,0.8085167190625894
deepcrack_0196,ablation_fusion_mean,deepcrack,0.7468888420164522,0.8551074619657087,0.7808158765159867,0.9450226848145182,0.8551074619657086
deepcrack_0197,ablation_fusion_mean,deepcrack,0.7547428124388813,0.8602318323673651,0.7650674068199841,0.9824338085539714,0.8602318323673651
deepcrack_0198,ablation_fusion_mean,deepcrack,0.5853018372703412,0.7384105960264901,0.6877409406322282,0.7971403038427167,0.7384105960264902
deepcrack_0199,ablation_fusion_mean,deepcrack,0.6461120988116403,0.7850159163256025,0.7728035814213766,0.7976204227792538,0.7850159163256025
deepcrack_0200,ablation_fusion_mean,deepcrack,0.7038955656858682,0.8262191414325671,0.8207296448417493,0.8317825661116552,0.8262191414325671
deepcrack_0201,ablation_fusion_mean,deepcrack,0.6315159256007025,0.7741461982581466,0.6971272470919986,0.8702970297029703,0.7741461982581466
deepcrack_0202,ablation_fusion_mean,deepcrack,0.6397273612463485,0.7802850356294537,0.8235662801629583,0.7413258110014105,0.7802850356294537
deepcrack_0203,ablation_fusion_mean,deepcrack,0.6116791191506095,0.7590581920214713,0.7332076361065284,0.7867981790591806,0.7590581920214712
deepcrack_0204,ablation_fusion_mean,deepcrack,0.6056196688409433,0.754375,0.756265664160401,0.7524937655860349,0.754375
deepcrack_0205,ablation_fusion_mean,deepcrack,0.5520327833495093,0.7113674263479711,0.640115043141178,0.8004691164972635,0.7113674263479711
deepcrack_0206,ablation_fusion_mean,deepcrack,0.5451449608835711,0.7056230640934,0.5823419526103628,0.8951186338219737,0.7056230640934001
deepcrack_0207,ablation_fusion_mean,deepcrack,0.5072220789270054,0.6730555317874561,0.5137818419333768,0.9754464285714286,0.673055531787456
deepcrack_0208,ablation_fusion_mean,deepcrack,0.5495945945945946,0.7093398447719543,0.5654894327030033,0.951345029239766,0.7093398447719542
deepcrack_0209,ablation_fusion_mean,deepcrack,0.4221194879089616,0.5936484121030258,0.4276706899657719,0.970167552104618,0.5936484121030258
deepcrack_0210,ablation_fusion_mean,deepcrack,0.3968166344649921,0.568172836253458,0.4114280263283411,0.9178548627367524,0.568172836253458
deepcrack_0211,ablation_fusion_mean,deepcrack,0.5820602357049324,0.735825631121534,0.7670405522001725,0.707051961823966,0.7358256311215339
deepcrack_0212,ablation_fusion_mean,deepcrack,0.328125,0.4941176470588235,0.3353204172876304,0.9386174016686532,0.4941176470588235
deepcrack_0213,ablation_fusion_mean,deepcrack,0.6013684367098022,0.751068177596136,0.6583618303207946,0.8741621621621621,0.751068177596136
deepcrack_0214,ablation_fusion_mean,deepcrack,0.5672318035662087,0.7238645901333582,0.5908952496954933,0.9340553549939832,0.7238645901333582
deepcrack_0215,ablation_fusion_mean,deepcrack,0.6789248264658101,0.8087614356087263,0.8200142704245451,0.7978132592849705,0.8087614356087264
deepcrack_0216,ablation_fusion_mean,deepcrack,0.6981072555205047,0.8222180939996284,0.7384050717384051,0.9274937133277452,0.8222180939996285
deepcrack_0217,ablation_fusion_mean,deepcrack,0.7970570202329859,0.8870692596383487,0.8545135845749343,0.9222038306928352,0.8870692596383486
deepcrack_0218,ablation_fusion_mean,deepcrack,0.7366595517609391,0.8483638039637426,0.7912308353632326,0.9143897996357012,0.8483638039637424
deepcrack_0219,ablation_fusion_mean,deepcrack,0.4846108606155656,0.6528456358114354,0.5295629820051414,0.8509466437177281,0.6528456358114354
deepcrack_0220,ablation_fusion_mean,deepcrack,0.6437538844002486,0.7832728372655777,0.6576507936507936,0.9682183585716956,0.7832728372655777
deepcrack_0221,ablation_fusion_mean,deepcrack,0.755691191026064,0.860847505402612,0.8180357142857143,0.9083878643664486,0.860847505402612
deepcrack_0222,ablation_fusion_mean,deepcrack,0.7604790419161677,0.8639455782312925,0.7836741889985895,0.962537895192724,0.8639455782312925
deepcrack_0223,ablation_fusion_mean,deepcrack,0.6893742621015349,0.8161297085750228,0.7168815224063843,0.9472744970798184,0.8161297085750226
deepcrack_0224,ablation_fusion_mean,deepcrack,0.7126229735347097,0.832200647249191,0.7849511599511599,0.8855027548209367,0.832200647249191
deepcrack_0225,ablation_fusion_mean,deepcrack,0.203763440860215,0.3385439928539526,0.2535965205754433,0.5090664875755541,0.3385439928539527
deepcrack_0226,ablation_fusion_mean,deepcrack,0.3726937269372694,0.543010752688172,0.4259969325153374,0.7486522911051213,0.5430107526881721
deepcrack_0227,ablation_fusion_mean,deepcrack,0.8095962389380531,0.8947810804615267,0.82383565498804,0.9790969899665553,0.8947810804615267
deepcrack_0228,ablation_fusion_mean,deepcrack,0.7152517811858471,0.8339904252323289,0.73788463934222,0.9588797150720414,0.8339904252323289
deepcrack_0229,ablation_fusion_mean,deepcrack,0.8193467336683417,0.9007043226073747,0.8355111452728671,0.9769322947872978,0.9007043226073748
deepcrack_0230,ablation_fusion_mean,deepcrack,0.9082288828337874,0.9519076993374458,0.9705334265082692,0.9339834117910782,0.9519076993374458
deepcrack_0231,ablation_fusion_mean,deepcrack,0.8112359550561797,0.8957816377171216,0.8438164045898853,0.9545673076923076,0.8957816377171215
deepcrack_0232,ablation_fusion_mean,deepcrack,0.6649576460098083,0.7987682420672111,0.6680851063829787,0.9930093209054592,0.7987682420672111
deepcrack_0233,ablation_fusion_mean,deepcrack,0.8511904761904762,0.919614147909968,0.9641148325358851,0.8790402538171723,0.919614147909968
deepcrack_0234,ablation_fusion_mean,deepcrack,0.8457202851301321,0.9164121908867732,0.9946061866389394,0.849616964583102,0.9164121908867732
deepcrack_0235,ablation_fusion_mean,deepcrack,0.8912808308091735,0.9425155865698108,0.9931292189006752,0.8968107107869816,0.9425155865698108
deepcrack_0236,ablation_fusion_mean,deepcrack,0.3870244765555883,0.5580643789599014,0.9964315541720448,0.38756164545374,0.5580643789599014
deepcrack_0000,ablation_no_alignment,deepcrack,0.6151436031331593,0.7617200129324281,0.6428961251591777,0.9344262295081968,0.7617200129324281
deepcrack_0001,ablation_no_alignment,deepcrack,0.0,0.0,0.0,0.0,0.0
deepcrack_0002,ablation_no_alignment,deepcrack,0.0,0.0,0.0,0.0,0.0
deepcrack_0003,ablation_no_alignment,deepcrack,0.0,0.0,0.0,0.0,0.0
deepcrack_0004,ablation_no_alignment,deepcrack,0.2488361615858237,0.3985088985088985,0.9561454125793422,0.2517089472884703,0.3985088985088985
deepcrack_0005,ablation_no_alignment,deepcrack,0.0,0.0,0.0,0.0,0.0
deepcrack_0006,ablation_no_alignment,deepcrack,0.173458027165442,0.2956356736242884,0.8713646532438478,0.1780164533820841,0.2956356736242884
deepcrack_0007,ablation_no_alignment,deepcrack,0.7205093833780161,0.8375535644721465,0.8582834331337326,0.8178014454165082,0.8375535644721465
deepcrack_0008,ablation_no_alignment,deepcrack,0.7972417840375586,0.8871836734693878,0.9077848312729704,0.8674968071519795,0.8871836734693876
deepcrack_0009,ablation_no_alignment,deepcrack,0.6098837209302326,0.7576742506319971,0.7813780260707635,0.735366281107606,0.7576742506319971
deepcrack_0010,ablation_no_alignment,deepcrack,0.0,0.0,0.0,0.0,0.0
deepcrack_0011,ablation_no_alignment,deepcrack,0.7297415681121332,0.8437579133957964,0.8003843382176316,0.8921017402945114,0.8437579133957964
deepcrack_0012,ablation_no_alignment,deepcrack,0.0,0.0,0.0,0.0,0.0
deepcrack_0013,ablation_no_alignment,deepcrack,0.0,0.0,0.0,0.0,0.0
deepcrack_0014,ablation_no_alignment,deepcrack,0.0,0.0,0.0,0.0,0.0
deepcrack_0015,ablation_no_alignment,deepcrack,0.0,0.0,0.0,0.0,0.0
deepcrack_0016,ablation_no_alignment,deepcrack,0.0,0.0,0.0,0.0,0.0
deepcrack_0017,ablation_no_alignment,deepcrack,0.0,0.0,0.0,0.0,0.0
deepcrack_0018,ablation_no_alignment,deepcrack,0.0216089254257193,0.0423037130704678,0.4172335600907029,0.0222814240736255,0.0423037130704678
deepcrack_0019,ablation_no_alignment,deepcrack,0.0,0.0,0.0,0.0,0.0
deepcrack_0020,ablation_no_alignment,deepcrack,0.0,0.0,0.0,0.0,0.0
deepcrack_0021,ablation_no_alignment,deepcrack,0.6869426452642449,0.8144232374380947,0.9497728747566516,0.7128384960062342,0.8144232374380946
deepcrack_0022,ablation_no_alignment,deepcrack,0.0,0.0,0.0,0.0,0.0
deepcrack_0023,ablation_no_alignment,deepcrack,0.0,0.0,0.0,0.0,0.0
deepcrack_0024,ablation_no_alignment,deepcrack,0.0,0.0,0.0,0.0,0.0
deepcrack_0025,ablation_no_alignment,deepcrack,0.0,0.0,0.0,0.0,0.0
deepcrack_0026,ablation_no_alignment,deepcrack,0.0732668390592291,0.1365305185865075,0.9384858044164038,0.0736203909923286,0.1365305185865075
deepcrack_0027,ablation_no_alignment,deepcrack,0.1975188518608611,0.3298801543774121,0.5363276089828269,0.2381930184804928,0.3298801543774122
deepcrack_0028,ablation_no_alignment,deepcrack,0.0,0.0,0.0,0.0,0.0
deepcrack_0029,ablation_no_alignment,deepcrack,0.57363659210857,0.7290585323005669,0.9944450495588716,0.5754806177119446,0.729058532300567
deepcrack_0030,ablation_no_alignment,deepcrack,0.7570160586937561,0.8617064766688081,1.0,0.7570160586937561,0.861706476668808
deepcrack_0031,ablation_no_alignment,deepcrack,0.8825828061034611,0.9376297321340318,0.9989469250210616,0.8834047308623579,0.937629732134032
deepcrack_0032,ablation_no_alignment,deepcrack,0.6716457023060797,0.8035742279354131,0.8442028985507246,0.7666766377505235,0.8035742279354131
deepcrack_0033,ablation_no_alignment,deepcrack,0.2902385247544598,0.4498990212832064,0.9816949152542372,0.2918178153970173,0.4498990212832064
deepcrack_0034,ablation_no_alignment,deepcrack,0.7515151515151515,0.8581314878892734,0.8106046849464318,0.9115785174596692,0.8581314878892734
deepcrack_0035,ablation_no_alignment,deepcrack,0.0,0.0,0.0,0.0,0.0
deepcrack_0036,ablation_no_alignment,deepcrack,0.3867868630438463,0.5578173162022767,1.0,0.3867868630438463,0.5578173162022767
deepcrack_0037,ablation_no_alignment,deepcrack,0.0065482969251475,0.0130113913960245,1.0,0.0065482969251475,0.0130113913960245
deepcrack_0038,ablation_no_alignment,deepcrack,0.0,0.0,0.0,0.0,0.0
deepcrack_0039,ablation_no_alignment,deepcrack,0.0,0.0,0.0,0.0,0.0
deepcrack_0040,ablation_no_alignment,deepcrack,0.6534487573303547,0.7904070258402297,0.8606105185730047,0.730793254216115,0.7904070258402297
deepcrack_0041,ablation_no_alignment,deepcrack,0.0,0.0,0.0,0.0,0.0
deepcrack_0042,ablation_no_alignment,deepcrack,0.0,0.0,0.0,0.0,0.0
deepcrack_0043,ablation_no_alignment,deepcrack,0.3522326674500587,0.5209645883119705,0.963439132181599,0.3570046151555754,0.5209645883119705
deepcrack_0044,ablation_no_alignment,deepcrack,0.4765614966394109,0.6455017250877041,0.97640557845803,0.4821134690342139,0.6455017250877041
deepcrack_0045,ablation_no_alignment,deepcrack,0.8387867647058823,0.9123263021093672,0.8822505800464037,0.9445249430759676,0.9123263021093672
deepcrack_0046,ablation_no_alignment,deepcrack,0.0977610664843616,0.1781099174840417,0.572,0.1054766734279918,0.1781099174840417
deepcrack_0047,ablation_no_alignment,deepcrack,0.0,0.0,0.0,0.0,0.0
deepcrack_0048,ablation_no_alignment,deepcrack,0.6169330242771746,0.7630903878074543,0.6272637062763582,0.9739984591679508,0.7630903878074543
deepcrack_0049,ablation_no_alignment,deepcrack,0.8256813608926284,0.904518585312093,0.8528244851690913,0.9628839590443686,0.904518585312093
deepcrack_0050,ablation_no_alignment,deepcrack,0.334088335220838,0.5008488964346349,0.707676490747087,0.387575075075075,0.5008488964346349
deepcrack_0051,ablation_no_alignment,deepcrack,0.5393986521513737,0.7007913790200371,0.5521358450517379,0.9589861751152072,0.700791379020037
deepcrack_0052,ablation_no_alignment,deepcrack,0.8039280958721704,0.891308359475918,0.8164300202839757,0.9813084112149532,0.8913083594759181
deepcrack_0053,ablation_no_alignment,deepcrack,0.8214285714285714,0.9019607843137256,0.9010309278350516,0.9028925619834712,0.9019607843137256
deepcrack_0054,ablation_no_alignment,deepcrack,0.8167603225018324,0.8991393222162453,0.8765076035658101,0.9229707344008836,0.8991393222162453
deepcrack_0055,ablation_no_alignment,deepcrack,0.0013050097875734,0.0026066179132575,1.0,0.0013050097875734,0.0026066179132575
deepcrack_0056,ablation_no_alignment,deepcrack,0.0,0.0,0.0,0.0,0.0
deepcrack_0057,ablation_no_alignment,deepcrack,0.0,0.0,0.0,0.0,0.0
deepcrack_0058,ablation_no_alignment,deepcrack,0.0,0.0,0.0,0.0,0.0
deepcrack_0059,ablation_no_alignment,deepcrack,0.0010057602633263,0.0020094994519546,0.9166666666666666,0.0010058522311631,0.0020094994519546
deepcrack_0060,ablation_no_alignment,deepcrack,0.0211470327723649,0.0414181936463189,0.7732793522267206,0.0212789661319073,0.0414181936463189
deepcrack_0061,ablation_no_alignment,deepcrack,0.7271665801764401,0.8420341020055585,0.9847153900210822,0.7354677863797402,0.8420341020055585
deepcrack_0062,ablation_no_alignment,deepcrack,0.0,0.0,0.0,0.0,0.0
deepcrack_0063,ablation_no_alignment,deepcrack,0.0,0.0,0.0,0.0,0.0
deepcrack_0064,ablation_no_alignment,deepcrack,0.0,0.0,0.0,0.0,0.0
deepcrack_0065,ablation_no_alignment,deepcrack,0.0,0.0,0.0,0.0,0.0
deepcrack_0066,ablation_no_alignment,deepcrack,0.0,0.0,0.0,0.0,0.0
deepcrack_0067,ablation_no_alignment,deepcrack,0.7731973674694439,0.8720939717758381,0.8169799786030872,0.9351819454163752,0.8720939717758383
deepcrack_0068,ablation_no_alignment,deepcrack,0.6660722246990638,0.7995718490767996,0.6783714242470108,0.973501303214596,0.7995718490767996
deepcrack_0069,ablation_no_alignment,deepcrack,0.65715069997255,0.7931091601788968,0.6755079006772009,0.96028880866426,0.7931091601788969
deepcrack_0070,ablation_no_alignment,deepcrack,0.7154632152588556,0.8341341381090418,0.7403778373043846,0.955078657815768,0.8341341381090417
deepcrack_0071,ablation_no_alignment,deepcrack,0.7359862722667102,0.8479171569781125,0.7573362482132346,0.963109495295124,0.8479171569781124
deepcrack_0072,ablation_no_alignment,deepcrack,0.7035421926401959,0.8259756590470203,0.7143079074102843,0.9790269349515596,0.8259756590470203
deepcrack_0073,ablation_no_alignment,deepcrack,0.5874337005303958,0.7401048627531613,0.6058744319138192,0.9507395668251452,0.7401048627531612
deepcrack_0074,ablation_no_alignment,deepcrack,0.7844982552606535,0.879236785968239,0.8165309267004183,0.9523748395378692,0.879236785968239
deepcrack_0075,ablation_no_alignment,deepcrack,0.5977590664987071,0.7482468152205486,0.599906846762925,0.9940463065049614,0.7482468152205486
deepcrack_0076,ablation_no_alignment,deepcrack,0.735255455262466,0.8474319478814202,0.74644128113879,0.9800256979324844,0.8474319478814201
deepcrack_0077,ablation_no_alignment,deepcrack,0.6032660902977905,0.7525464349910126,0.6086008479709267,0.985677849715519,0.7525464349910126
deepcrack_0078,ablation_no_alignment,deepcrack,0.606000789577576,0.7546705998033432,0.6174577634754626,0.9702907711757268,0.7546705998033431
deepcrack_0079,ablation_no_alignment,deepcrack,0.7381504806098773,0.8493516399694889,0.8350206224221972,0.8641831587116803,0.849351639969489
deepcrack_0080,ablation_no_alignment,deepcrack,0.7330230010952903,0.8459472270500868,0.8685918234912394,0.8244533415460426,0.845947227050087
deepcrack_0081,ablation_no_alignment,deepcrack,0.7871617796897996,0.8809071329025719,0.966499860995274,0.8092411545623837,0.880907132902572
deepcrack_0082,ablation_no_alignment,deepcrack,0.0751192368839427,0.1397412199630314,0.7706422018348624,0.0768370769387132,0.1397412199630314
deepcrack_0083,ablation_no_alignment,deepcrack,0.7239028547081381,0.8398418190805734,0.931214031241436,0.7647985595318478,0.8398418190805735
deepcrack_0084,ablation_no_alignment,deepcrack,0.8670273644782021,0.928778421756576,0.9393529478074624,0.9184393254711782,0.928778421756576
deepcrack_0085,ablation_no_alignment,deepcrack,0.7534386143657666,0.8593840790238234,0.9690946816643006,0.7719878207916485,0.8593840790238233
deepcrack_0086,ablation_no_alignment,deepcrack,0.8009249949728534,0.8894595801697186,0.9496900333810204,0.8364132717345653,0.8894595801697185
deepcrack_0087,ablation_no_alignment,deepcrack,0.7627632988218493,0.8654177215189873,0.9091489361702128,0.8257004830917875,0.8654177215189873
deepcrack_0088,ablation_no_alignment,deepcrack,0.786705290440616,0.8806212134141138,0.9508015478164732,0.8200890019071837,0.8806212134141138
deepcrack_0089,ablation_no_alignment,deepcrack,0.0,0.0,0.0,0.0,0.0
deepcrack_0090,ablation_no_alignment,deepcrack,0.0423561859732072,0.0812700812700812,0.8884297520661157,0.0425826896415131,0.0812700812700812
deepcrack_0091,ablation_no_alignment,deepcrack,0.6907253699025623,0.8170757737459978,0.9721904761904762,0.7046479521398987,0.8170757737459978
deepcrack_0092,ablation_no_alignment,deepcrack,0.5600343975061808,0.717976986150348,0.9763868065967016,0.5677236569685082,0.717976986150348
deepcrack_0093,ablation_no_alignment,deepcrack,0.7714535052845922,0.8709836334774755,0.9864848109113452,0.7796942375539004,0.8709836334774755
deepcrack_0094,ablation_no_alignment,deepcrack,0.5897126297995653,0.7419109828345739,0.9318832283915284,0.6162776025236593,0.7419109828345739
deepcrack_0095,ablation_no_alignment,deepcrack,0.6317769130998703,0.7743422621413242,0.930645777607948,0.6629916972914115,0.7743422621413242
deepcrack_0096,ablation_no_alignment,deepcrack,0.5653568564554932,0.7223360655737705,0.9998424204223132,0.5654072357868473,0.7223360655737706
deepcrack_0097,ablation_no_alignment,deepcrack,0.6235762068342072,0.7681514476614699,0.9965327939901762,0.6249320529081356,0.7681514476614699
deepcrack_0098,ablation_no_alignment,deepcrack,0.0,0.0,0.0,0.0,0.0
deepcrack_0099,ablation_no_alignment,deepcrack,0.2225596141823702,0.3640879538315436,0.9518716577540108,0.2250925842290669,0.3640879538315436
deepcrack_0100,ablation_no_alignment,deepcrack,0.0,0.0,0.0,0.0,0.0
deepcrack_0101,ablation_no_alignment,deepcrack,0.0,0.0,0.0,0.0,0.0
deepcrack_0102,ablation_no_alignment,deepcrack,0.2018209408194233,0.3358585858585858,0.909825870646766,0.2059403153153153,0.3358585858585858
deepcrack_0103,ablation_no_alignment,deepcrack,0.889749430523918,0.9416586306653808,0.96301775147929,0.9212264150943396,0.941658630665381
deepcrack_0104,ablation_no_alignment,deepcrack,0.9249062667380824,0.9609883688574768,0.989570200573066,0.9340112505408914,0.9609883688574768
deepcrack_0105,ablation_no_alignment,deepcrack,0.8589977683100021,0.9241514787733276,0.9994098902395846,0.8594336750228356,0.9241514787733276
deepcrack_0106,ablation_no_alignment,deepcrack,0.8963259722493648,0.9453290049981964,0.995766391663048,0.8997547817557626,0.9453290049981964
deepcrack_0107,ablation_no_alignment,deepcrack,0.7410873440285205,0.8512925518300486,0.832540675844806,0.8709086148206336,0.8512925518300485
deepcrack_0108,ablation_no_alignment,deepcrack,0.6850477200424178,0.8130899937067338,0.7138121546961326,0.9444444444444444,0.8130899937067337
deepcrack_0109,ablation_no_alignment,deepcrack,0.7826792414562418,0.8780931793617385,1.0,0.7826792414562418,0.8780931793617385
deepcrack_0110,ablation_no_alignment,deepcrack,0.7578265858056057,0.8622313394563849,1.0,0.7578265858056057,0.862231339456385
deepcrack_0111,ablation_no_alignment,deepcrack,0.432687765706188,0.6040224200461589,0.9879561387740428,0.4349821923229125,0.6040224200461589
deepcrack_0112,ablation_no_alignment,deepcrack,0.6596095036462009,0.7948972360028349,0.9958565171066652,0.6614247523195471,0.7948972360028349
deepcrack_0113,ablation_no_alignment,deepcrack,0.8744202027143102,0.9330033910732288,0.9418077527985936,0.924362117497503,0.9330033910732288
deepcrack_0114,ablation_no_alignment,deepcrack,0.8821214713430282,0.9373693300609036,0.9254240330252176,0.949627037480431,0.9373693300609036
deepcrack_0115,ablation_no_alignment,deepcrack,0.8359352413992484,0.9106369577198644,0.961909514304724,0.8645537449544027,0.9106369577198646
deepcrack_0116,ablation_no_alignment,deepcrack,0.1445556038857474,0.2525969090448441,0.9300373134328358,0.1461448255643506,0.2525969090448442
deepcrack_0117,ablation_no_alignment,deepcrack,0.6593611357586513,0.7947168600609593,0.889940119760479,0.7179016520142981,0.7947168600609593
deepcrack_0118,ablation_no_alignment,deepcrack,0.0,0.0,0.0,0.0,0.0
deepcrack_0119,ablation_no_alignment,deepcrack,0.1986584107327141,0.3314679294016358,0.9134045077105576,0.2024717328424927,0.3314679294016358
deepcrack_0120,ablation_no_alignment,deepcrack,0.6834422989204805,0.8119580924855492,0.9670826161790016,0.699719800747198,0.8119580924855491
deepcrack_0121,ablation_no_alignment,deepcrack,0.7107563025210084,0.8309264171333137,0.9778034682080924,0.7224120259651521,0.8309264171333137
deepcrack_0122,ablation_no_alignment,deepcrack,0.7654305468258956,0.8671318712617488,0.9421321367785858,0.8031921910038253,0.8671318712617487
deepcrack_0123,ablation_no_alignment,deepcrack,0.7665211970074813,0.8678313040409388,0.9723210755239226,0.7836201402166986,0.8678313040409388
deepcrack_0124,ablation_no_alignment,deepcrack,0.8099233856256841,0.8949808506349526,0.8693949481104366,0.9221183800623052,0.8949808506349525
deepcrack_0125,ablation_no_alignment,deepcrack,0.7685550376479025,0.8691332995438419,0.8400940623162846,0.9002519949601008,0.8691332995438419
deepcrack_0126,ablation_no_alignment,deepcrack,0.7996014171833481,0.8886427956195398,0.97357778376921,0.8173381620642824,0.8886427956195397
deepcrack_0127,ablation_no_alignment,deepcrack,0.7612475354006094,0.8644412782414004,0.9927536231884058,0.7655010814708003,0.8644412782414004
deepcrack_0128,ablation_no_alignment,deepcrack,0.7472118959107806,0.8553191489361702,0.9893075356415478,0.7532954251744637,0.8553191489361702
deepcrack_0129,ablation_no_alignment,deepcrack,0.7411341977815966,0.8513234634365187,0.9901899394698392,0.7466163046899591,0.8513234634365188
deepcrack_0130,ablation_no_alignment,deepcrack,0.8374493536561837,0.9115346248753085,0.9889496468443836,0.8453598208199435,0.9115346248753085
deepcrack_0131,ablation_no_alignment,deepcrack,0.6602620087336245,0.7953708574434508,0.9994711792702274,0.6604927485584484,0.7953708574434508
deepcrack_0132,ablation_no_alignment,deepcrack,0.7886579139314369,0.8818432052196962,0.9579180509413068,0.8169625991688704,0.8818432052196962
deepcrack_0133,ablation_no_alignment,deepcrack,0.8480068215732254,0.917752912677356,0.89695603156708,0.9395370807746812,0.917752912677356
deepcrack_0134,ablation_no_alignment,deepcrack,0.0,0.0,0.0,0.0,0.0
deepcrack_0135,ablation_no_alignment,deepcrack,0.110091743119266,0.1983471074380165,0.6514285714285715,0.1169830682401231,0.1983471074380165
deepcrack_0136,ablation_no_alignment,deepcrack,0.3690333413288558,0.5391151992991677,0.976515391939067,0.3723378509196515,0.5391151992991677
deepcrack_0137,ablation_no_alignment,deepcrack,0.0,0.0,0.0,0.0,0.0
deepcrack_0138,ablation_no_alignment,deepcrack,0.0,0.0,0.0,0.0,0.0
deepcrack_0139,ablation_no_alignment,deepcrack,0.0392375293972026,0.0755121486422105,1.0,0.0392375293972026,0.0755121486422105
deepcrack_0140,ablation_no_alignment,deepcrack,0.0013832997987927,0.0027627778475448,0.9166666666666666,0.0013834737768834,0.0027627778475448
deepcrack_0141,ablation_no_alignment,deepcrack,0.0168399472836432,0.0331221198156682,0.3758169934640523,0.0173244953299186,0.0331221198156682
deepcrack_0142,ablation_no_alignment,deepcrack,0.0,0.0,0.0,0.0,0.0
deepcrack_0143,ablation_no_alignment,deepcrack,0.4199609565641776,0.5915105688262589,0.7794384057971014,0.4765992799778454,0.5915105688262587
deepcrack_0144,ablation_no_alignment,deepcrack,0.5781764921274258,0.7327146171693736,0.7828458106098165,0.6886175316179677,0.7327146171693735
deepcrack_0145,ablation_no_alignment,deepcrack,0.0,0.0,0.0,0.0,0.0
deepcrack_0146,ablation_no_alignment,deepcrack,0.7243306169965076,0.8401296246286795,0.7287420941672523,0.99171182658591,0.8401296246286795
deepcrack_0147,ablation_no_alignment,deepcrack,0.7872594558725946,0.880968292864038,0.9738959120013134,0.8042299349240781,0.880968292864038
deepcrack_0148,ablation_no_alignment,deepcrack,0.7709311964631114,0.8706506475269152,0.8134110787172012,0.9365558912386708,0.8706506475269153
deepcrack_0149,ablation_no_alignment,deepcrack,0.807826520438684,0.8936991589687026,0.8819047619047619,0.9058133035215205,0.8936991589687027
deepcrack_0150,ablation_no_alignment,deepcrack,0.0351455244371224,0.0679045092838196,0.8561872909698997,0.0353542328407678,0.0679045092838196
deepcrack_0151,ablation_no_alignment,deepcrack,0.0065335075602016,0.0129821958456973,1.0,0.0065335075602016,0.0129821958456973
deepcrack_0152,ablation_no_alignment,deepcrack,0.0,0.0,0.0,0.0,0.0
deepcrack_0153,ablation_no_alignment,deepcrack,0.0,0.0,0.0,0.0,0.0
deepcrack_0154,ablation_no_alignment,deepcrack,0.0747326203208556,0.1390720238835676,0.9964349376114082,0.074752607649104,0.1390720238835676
deepcrack_0155,ablation_no_alignment,deepcrack,0.0570027063599458,0.1078572571611457,0.9911764705882352,0.0570316466407175,0.1078572571611457
deepcrack_0156,ablation_no_alignment,deepcrack,0.0041933348046788,0.0083516483516483,0.9047619047619048,0.0041951865754029,0.0083516483516483
deepcrack_0157,ablation_no_alignment,deepcrack,0.0,0.0,0.0,0.0,0.0
deepcrack_0158,ablation_no_alignment,deepcrack,0.0,0.0,0.0,0.0,0.0
deepcrack_0159,ablation_no_alignment,deepcrack,0.74573055028463,0.8543478260869565,0.7680281414891538,0.9625275532696548,0.8543478260869565
deepcrack_0160,ablation_no_alignment,deepcrack,0.8957943285081511,0.9450332401965508,0.9954330948393972,0.8994910358109037,0.9450332401965508
deepcrack_0161,ablation_no_alignment,deepcrack,0.9356343623574006,0.9667470061007758,0.9995716844482516,0.9360096259024284,0.9667470061007758
deepcrack_0162,ablation_no_alignment,deepcrack,0.817803155687962,0.899770861469825,0.9990901125564468,0.8184126984126984,0.899770861469825
deepcrack_0163,ablation_no_alignment,deepcrack,0.9200487189525424,0.9583597643860444,0.998395090866179,0.9214114571988672,0.9583597643860444
deepcrack_0164,ablation_no_alignment,deepcrack,0.9147381242387332,0.955470737913486,0.9958126875567032,0.9182701589548876,0.955470737913486
deepcrack_0165,ablation_no_alignment,deepcrack,0.7919071375004075,0.8838707329499964,0.9814515477248849,0.8039390930155578,0.8838707329499965
deepcrack_0166,ablation_no_alignment,deepcrack,0.911771481225524,0.953849861429088,0.999848431263578,0.9118975209658096,0.9538498614290878
deepcrack_0167,ablation_no_alignment,deepcrack,0.5830805842004573,0.7366404338727267,0.999520076787714,0.5832438739789965,0.7366404338727267
deepcrack_0168,ablation_no_alignment,deepcrack,0.0,0.0,0.0,0.0,0.0
deepcrack_0169,ablation_no_alignment,deepcrack,0.6472533677502622,0.7858576955095246,0.9814090019569472,0.6552878726010617,0.7858576955095246
deepcrack_0170,ablation_no_alignment,deepcrack,0.6797380400926444,0.8093381513883606,0.9644192634560906,0.6972229048906365,0.8093381513883606
deepcrack_0171,ablation_no_alignment,deepcrack,0.1644212262854,0.2824085005903187,0.8113975576662144,0.1709548313321898,0.2824085005903188
deepcrack_0172,ablation_no_alignment,deepcrack,0.4912797838368951,0.6588700378850272,0.7434944237918215,0.5915409642117717,0.6588700378850272
deepcrack_0173,ablation_no_alignment,deepcrack,0.0,0.0,0.0,0.0,0.0
deepcrack_0174,ablation_no_alignment,deepcrack,0.486668916638542,0.6547105561861521,0.4871621621621622,0.997923875432526,0.6547105561861521
deepcrack_0175,ablation_no_alignment,deepcrack,0.3274132887588801,0.4933102471273414,0.3280988274706867,0.9936588459099556,0.4933102471273414
deepcrack_0176,ablation_no_alignment,deepcrack,0.0,0.0,0.0,0.0,0.0
deepcrack_0177,ablation_no_alignment,deepcrack,0.4232394366197183,0.5947550717466601,0.4308243727598566,0.9600638977635784,0.5947550717466601
deepcrack_0178,ablation_no_alignment,deepcrack,0.0,0.0,0.0,0.0,0.0
deepcrack_0179,ablation_no_alignment,deepcrack,0.1249043123245726,0.2220709992060791,0.2191627490485784,0.2250574712643678,0.2220709992060791
deepcrack_0180,ablation_no_alignment,deepcrack,0.9124792013311148,0.9542369932138508,0.9556226765799256,0.952855322599328,0.9542369932138508
deepcrack_0181,ablation_no_alignment,deepcrack,0.7833920877399139,0.8785416209092906,0.8149959250203749,0.952834683182468,0.8785416209092907
deepcrack_0182,ablation_no_alignment,deepcrack,0.8553147574819402,0.9220157970853264,0.9067833698030636,0.9377687259560986,0.9220157970853264
deepcrack_0183,ablation_no_alignment,deepcrack,0.747518760590656,0.8555201551461421,0.8578969301291846,0.8531565133305705,0.8555201551461421
deepcrack_0184,ablation_no_alignment,deepcrack,0.7448348091021613,0.8537596856924587,0.7971265539025881,0.9190554511278196,0.8537596856924589
deepcrack_0185,ablation_no_alignment,deepcrack,0.7379397272831443,0.8492121052284565,0.8456992777413,0.8527542372881356,0.8492121052284565
deepcrack_0186,ablation_no_alignment,deepcrack,0.7345309381237525,0.8469505178365938,0.8845090734286745,0.8124517054862568,0.8469505178365938
deepcrack_0187,ablation_no_alignment,deepcrack,0.7726920093095423,0.8717724288840263,0.9749685358691093,0.7883310719131614,0.8717724288840263
deepcrack_0188,ablation_no_alignment,deepcrack,0.8246125314611207,0.903876869464208,0.9167893961708394,0.8913230240549829,0.903876869464208
deepcrack_0189,ablation_no_alignment,deepcrack,0.6958846403110823,0.820674500812076,0.9057359763812736,0.7502183406113537,0.8206745008120762
deepcrack_0190,ablation_no_alignment,deepcrack,0.8125783011776497,0.896599391761128,0.889589905362776,0.9037202173610144,0.896599391761128
deepcrack_0191,ablation_no_alignment,deepcrack,0.800524246395806,0.889212403552191,0.8480977506248264,0.934516523867809,0.8892124035521909
deepcrack_0192,ablation_no_alignment,deepcrack,0.6906242228301418,0.8170050014710208,0.7124166239096973,0.9575862068965516,0.817005001471021
deepcrack_0193,ablation_no_alignment,deepcrack,0.7263093539841043,0.8414590957384016,0.8366197183098592,0.8463547850866777,0.8414590957384016
deepcrack_0194,ablation_no_alignment,deepcrack,0.8296019900497512,0.9068660774983004,0.9064552661381652,0.9072772613919746,0.9068660774983004
deepcrack_0195,ablation_no_alignment,deepcrack,0.6545162769371847,0.7911874740196758,0.6555683122847302,0.9975541579315164,0.7911874740196758
deepcrack_0196,ablation_no_alignment,deepcrack,0.7535181236673774,0.8594357976653697,0.7893678802769711,0.9431545236188952,0.8594357976653696
deepcrack_0197,ablation_no_alignment,deepcrack,0.762366442421844,0.8651622319523969,0.7738501707170115,0.9809063136456212,0.8651622319523969
deepcrack_0198,ablation_no_alignment,deepcrack,0.5055614096709987,0.6715918811727195,0.859132510943096,0.5512575003191625,0.6715918811727195
deepcrack_0199,ablation_no_alignment,deepcrack,0.0077385077385077,0.0153581661891117,0.9852941176470588,0.007739401640291,0.0153581661891117
deepcrack_0200,ablation_no_alignment,deepcrack,0.4895808944041208,0.657340458975165,0.917910447761194,0.511998041136141,0.657340458975165
deepcrack_0201,ablation_no_alignment,deepcrack,0.0,0.0,0.0,0.0,0.0
deepcrack_0202,ablation_no_alignment,deepcrack,0.0,0.0,0.0,0.0,0.0
deepcrack_0203,ablation_no_alignment,deepcrack,0.0,0.0,0.0,0.0,0.0
deepcrack_0204,ablation_no_alignment,deepcrack,0.4091238233164374,0.5806783144912642,0.9272428884026258,0.4226932668329177,0.5806783144912641
deepcrack_0205,ablation_no_alignment,deepcrack,0.0,0.0,0.0,0.0,0.0
deepcrack_0206,ablation_no_alignment,deepcrack,0.0,0.0,0.0,0.0,0.0
deepcrack_0207,ablation_no_alignment,deepcrack,0.485828974577302,0.6539500613999182,0.4880850543810338,0.9905753968253967,0.6539500613999181
deepcrack_0208,ablation_no_alignment,deepcrack,0.5105039465695204,0.675938580271726,0.5149436550710436,0.983391812865497,0.6759385802717259
deepcrack_0209,ablation_no_alignment,deepcrack,0.3983050847457627,0.5696969696969697,0.4084781837531039,0.9411524315488352,0.5696969696969697
deepcrack_0210,ablation_no_alignment,deepcrack,0.4783889980353634,0.6471760797342193,0.6746709766797506,0.621834432858055,0.6471760797342193
deepcrack_0211,ablation_no_alignment,deepcrack,0.0,0.0,0.0,0.0,0.0
deepcrack_0212,ablation_no_alignment,deepcrack,0.3611778846153846,0.5306843267108168,0.4214586255259467,0.7163289630512515,0.5306843267108168
deepcrack_0213,ablation_no_alignment,deepcrack,0.0,0.0,0.0,0.0,0.0
deepcrack_0214,ablation_no_alignment,deepcrack,0.16,0.2758620689655172,0.9372384937238494,0.1617328519855595,0.2758620689655172
deepcrack_0215,ablation_no_alignment,deepcrack,0.3040505896427961,0.4663171690694626,0.952355460385439,0.308746962860118,0.4663171690694626
deepcrack_0216,ablation_no_alignment,deepcrack,0.6601651730803022,0.7953005927180355,0.803464499572284,0.787300922045264,0.7953005927180354
deepcrack_0217,ablation_no_alignment,deepcrack,0.809322927652394,0.8946141291676382,0.8822717866176133,0.9073066918893355,0.8946141291676382
deepcrack_0218,ablation_no_alignment,deepcrack,0.7259615384615384,0.841225626740947,0.7895424836601307,0.9001490312965723,0.8412256267409471
deepcrack_0219,ablation_no_alignment,deepcrack,0.0,0.0,0.0,0.0,0.0
deepcrack_0220,ablation_no_alignment,deepcrack,0.0,0.0,0.0,0.0,0.0
deepcrack_0221,ablation_no_alignment,deepcrack,0.7355272226051,0.8476124292663556,0.8487077534791252,0.8465199286139203,0.8476124292663555
deepcrack_0222,ablation_no_alignment,deepcrack,0.7725100363219269,0.8716566005176877,0.8682853459389772,0.8750541359896059,0.8716566005176878
deepcrack_0223,ablation_no_alignment,deepcrack,0.6742381006734391,0.8054267793836923,0.6946142991533396,0.958306294613887,0.8054267793836924
deepcrack_0224,ablation_no_alignment,deepcrack,0.519309262166405,0.6836123165943376,0.8547803617571059,0.5695592286501377,0.6836123165943376
deepcrack_0225,ablation_no_alignment,deepcrack,0.2000663570006635,0.3334254907381808,0.2833646616541353,0.4049697783747482,0.3334254907381808
deepcrack_0226,ablation_no_alignment,deepcrack,0.3182648401826484,0.4828541738829234,0.3249417249417249,0.9393530997304582,0.4828541738829234
deepcrack_0227,ablation_no_alignment,deepcrack,0.1855703607409815,0.3130482456140351,0.8677811550151976,0.1909698996655518,0.313048245614035
deepcrack_0228,ablation_no_alignment,deepcrack,0.7568093385214008,0.8615725359911407,0.7919381107491856,0.9446333171442448,0.8615725359911406
deepcrack_0229,ablation_no_alignment,deepcrack,0.8193467336683417,0.9007043226073747,0.8355111452728671,0.9769322947872978,0.9007043226073748
deepcrack_0230,ablation_no_alignment,deepcrack,0.8984520803600834,0.9465101486150466,0.9776609724047306,0.9172831203765972,0.9465101486150466
deepcrack_0231,ablation_no_alignment,deepcrack,0.8112359550561797,0.8957816377171216,0.8438164045898853,0.9545673076923076,0.8957816377171215
deepcrack_0232,ablation_no_alignment,deepcrack,0.6649576460098083,0.7987682420672111,0.6680851063829787,0.9930093209054592,0.7987682420672111
deepcrack_0233,ablation_no_alignment,deepcrack,0.8199612403100776,0.9010754978170588,0.9730910763569456,0.8389847313107277,0.9010754978170588
deepcrack_0234,ablation_no_alignment,deepcrack,0.8457202851301321,0.9164121908867732,0.9946061866389394,0.849616964583102,0.9164121908867732
deepcrack_0235,ablation_no_alignment,deepcrack,0.8912808308091735,0.9425155865698108,0.9931292189006752,0.8968107107869816,0.9425155865698108
deepcrack_0236,ablation_no_alignment,deepcrack,0.3474491300501327,0.515713910531384,0.9960267140079466,0.3479313705223991,0.5157139105313842
deepcrack_0000,ablation_no_boundary,deepcrack,0.5910299003322259,0.7429525997076634,0.6138716356107661,0.940772078265468,0.7429525997076634
deepcrack_0001,ablation_no_boundary,deepcrack,0.7228180312145784,0.8391112910572397,0.7876484560570072,0.8977691141433831,0.8391112910572398
deepcrack_0002,ablation_no_boundary,deepcrack,0.6819477241266998,0.8109024012393493,0.7500447787927638,0.8825079030558483,0.8109024012393493
deepcrack_0003,ablation_no_boundary,deepcrack,0.528051360618662,0.6911434709954644,0.5990730011587485,0.8166535033284441,0.6911434709954642
deepcrack_0004,ablation_no_boundary,deepcrack,0.4077368917643887,0.5792799693603983,0.7834757834757835,0.459516937566459,0.5792799693603984
deepcrack_0005,ablation_no_boundary,deepcrack,0.6054179290679024,0.7542184724689165,0.7794860027535567,0.7305376344086022,0.7542184724689166
deepcrack_0006,ablation_no_boundary,deepcrack,0.3866666666666666,0.5576923076923077,0.6990358126721763,0.4638939670932358,0.5576923076923077
deepcrack_0007,ablation_no_boundary,deepcrack,0.7208445040214477,0.83777994157741,0.858339984038308,0.8181818181818182,0.83777994157741
deepcrack_0008,ablation_no_boundary,deepcrack,0.743046357615894,0.8525835866261399,0.9048387096774192,0.8060344827586207,0.8525835866261399
deepcrack_0009,ablation_no_boundary,deepcrack,0.657167530224525,0.7931214174048984,0.7861570247933884,0.8002103049421662,0.7931214174048985
deepcrack_0010,ablation_no_boundary,deepcrack,0.3909465020576131,0.5621301775147929,0.641169853768279,0.5004389815627743,0.5621301775147929
deepcrack_0011,ablation_no_boundary,deepcrack,0.7297415681121332,0.8437579133957964,0.8003843382176316,0.8921017402945114,0.8437579133957964
deepcrack_0012,ablation_no_boundary,deepcrack,0.4765668245279537,0.6455066125169218,0.9808848661307678,0.481034268686367,0.6455066125169218
deepcrack_0013,ablation_no_boundary,deepcrack,0.4483398786147804,0.6191086570696115,0.9517962710322874,0.4587564842551326,0.6191086570696115
deepcrack_0014,ablation_no_boundary,deepcrack,0.4418216499761564,0.6128658839093766,0.9039906332325104,0.463574502151506,0.6128658839093766
deepcrack_0015,ablation_no_boundary,deepcrack,0.2586172243995578,0.4109545291229191,0.9665727699530516,0.2609511255323464,0.4109545291229191
deepcrack_0016,ablation_no_boundary,deepcrack,0.3550946989736536,0.5240883891621769,0.5819316802496965,0.4767045454545454,0.5240883891621769
deepcrack_0017,ablation_no_boundary,deepcrack,0.2398222971161579,0.3868655978747722,0.9045211613462372,0.2460510805500982,0.3868655978747722
deepcrack_0018,ablation_no_boundary,deepcrack,0.4802384632369176,0.6488663484486874,0.8446601941747572,0.5267619278275611,0.6488663484486873
deepcrack_0019,ablation_no_boundary,deepcrack,0.4140683774972833,0.5856412378447078,0.9800178059155208,0.4175939976395211,0.5856412378447078
deepcrack_0020,ablation_no_boundary,deepcrack,0.6095137655417406,0.7573886953822809,0.9510653040013858,0.6292476075869577,0.7573886953822808
deepcrack_0021,ablation_no_boundary,deepcrack,0.7129646754207509,0.8324335996545023,0.9336401065633324,0.7510227936879018,0.8324335996545024
deepcrack_0022,ablation_no_boundary,deepcrack,0.5192301386930719,0.6835437574187979,0.9761449793503052,0.5259032943676939,0.6835437574187979
deepcrack_0023,ablation_no_boundary,deepcrack,0.6434293401822295,0.7830325581395349,0.9382914214374888,0.6718600344805568,0.7830325581395349
deepcrack_0024,ablation_no_boundary,deepcrack,0.4820464992338951,0.6505146761361082,0.9291217257318952,0.5004495469949513,0.6505146761361082
deepcrack_0025,ablation_no_boundary,deepcrack,0.6899555859241544,0.8165369453148691,0.8224394217063734,0.8107185869128863,0.8165369453148691
deepcrack_0026,ablation_no_boundary,deepcrack,0.7537511032656664,0.8595873175641671,0.8743281289992322,0.8453353130413264,0.8595873175641671
deepcrack_0027,ablation_no_boundary,deepcrack,0.5085047788757492,0.6741838487972509,0.5317635100796205,0.9207978879436785,0.6741838487972508
deepcrack_0028,ablation_no_boundary,deepcrack,0.562489126022154,0.7199910919753545,0.688604898828541,0.7543750486116513,0.7199910919753546
deepcrack_0029,ablation_no_boundary,deepcrack,0.5355477120887432,0.6975331445224315,0.9998823252530008,0.535581468641664,0.6975331445224315
deepcrack_0030,ablation_no_boundary,deepcrack,0.6076852041863329,0.7559753645849954,0.999915583319264,0.6077163819198604,0.7559753645849955
deepcrack_0031,ablation_no_boundary,deepcrack,0.8825828061034611,0.9376297321340318,0.9989469250210616,0.8834047308623579,0.937629732134032
deepcrack_0032,ablation_no_boundary,deepcrack,0.6145631067961165,0.7612748045700541,0.6365647626709574,0.9467544122046068,0.761274804570054
deepcrack_0033,ablation_no_boundary,deepcrack,0.7652439024390244,0.8670120898100173,0.7897002815035602,0.9611043933897622,0.8670120898100173
deepcrack_0034,ablation_no_boundary,deepcrack,0.6857596306449286,0.8135912358781239,0.7003094150581995,0.9705942413722688,0.813591235878124
deepcrack_0035,ablation_no_boundary,deepcrack,0.6067166723491306,0.7552254641909815,0.7019723865877712,0.8172215843857635,0.7552254641909814
deepcrack_0036,ablation_no_boundary,deepcrack,0.5666158794650414,0.7233628701102226,1.0,0.5666158794650414,0.7233628701102226
deepcrack_0037,ablation_no_boundary,deepcrack,0.2701896879658664,0.4254320288154113,0.9749582637729548,0.2720778548503986,0.4254320288154114
deepcrack_0038,ablation_no_boundary,deepcrack,0.461610741574145,0.6316466189581958,0.9880385307505029,0.4642048986696506,0.631646618958196
deepcrack_0039,ablation_no_boundary,deepcrack,0.1637390525477707,0.281401663352789,0.9042319318494092,0.1666286871755918,0.281401663352789
deepcrack_0040,ablation_no_boundary,deepcrack,0.686204431736955,0.8139041966935142,0.743225806451613,0.8994378513429107,0.8139041966935142
deepcrack_0041,ablation_no_boundary,deepcrack,0.5908178625188159,0.7427850496767071,0.9672450970325496,0.60288,0.7427850496767071
deepcrack_0042,ablation_no_boundary,deepcrack,0.3855071613054707,0.556485267015485,0.9310320385596824,0.3968397836792652,0.5564852670154851
deepcrack_0043,ablation_no_boundary,deepcrack,0.5062168254199084,0.672169925174994,0.9561873369042714,0.5182373083221676,0.672169925174994
deepcrack_0044,ablation_no_boundary,deepcrack,0.7031848760963979,0.8257293567660808,0.976583288983502,0.7152446946730187,0.8257293567660808
deepcrack_0045,ablation_no_boundary,deepcrack,0.8277140335392763,0.9057369132702338,0.8489951113525258,0.9706064996895052,0.9057369132702336
deepcrack_0046,ablation_no_boundary,deepcrack,0.6500318268618714,0.7879021680425893,0.677368002122579,0.9415452701456758,0.7879021680425894
deepcrack_0047,ablation_no_boundary,deepcrack,0.5073346249654027,0.6731546088872568,0.5964855190367719,0.7724399494310998,0.6731546088872566
deepcrack_0048,ablation_no_boundary,deepcrack,0.6169330242771746,0.7630903878074543,0.6272637062763582,0.9739984591679508,0.7630903878074543
deepcrack_0049,ablation_no_boundary,deepcrack,0.8224486083318173,0.9025753643441804,0.8482176360225141,0.964377133105802,0.9025753643441804
deepcrack_0050,ablation_no_boundary,deepcrack,0.7532677338816273,0.8592729100351818,0.775945537065053,0.96265015015015,0.8592729100351818
deepcrack_0051,ablation_no_boundary,deepcrack,0.5422407070444503,0.7031855722231586,0.5543449375498273,0.9612903225806452,0.7031855722231587
deepcrack_0052,ablation_no_boundary,deepcrack,0.7965154503616042,0.8867337602927722,0.8065912117177098,0.9845591223080048,0.8867337602927723
deepcrack_0053,ablation_no_boundary,deepcrack,0.7926509186351706,0.8843338213762811,0.8053333333333333,0.9805194805194806,0.8843338213762812
deepcrack_0054,ablation_no_boundary,deepcrack,0.8165003650523242,0.8989817792068596,0.8732431025507548,0.9262838210933186,0.8989817792068595
deepcrack_0055,ablation_no_boundary,deepcrack,0.4605430217794706,0.6306462937577317,0.5851948374286423,0.683752628144711,0.6306462937577317
deepcrack_0056,ablation_no_boundary,deepcrack,0.5175053472925814,0.6820474777448071,0.6386496248958043,0.7317733205985355,0.6820474777448071
deepcrack_0057,ablation_no_boundary,deepcrack,0.5369921980091472,0.6987572203745843,0.5829439252336449,0.8719965050240279,0.6987572203745843
deepcrack_0058,ablation_no_boundary,deepcrack,0.389028827315981,0.5601450735442273,0.4013860814322841,0.9266666666666666,0.5601450735442273
deepcrack_0059,ablation_no_boundary,deepcrack,0.7593088552915767,0.8631899430367315,0.9322231650403054,0.8036759326993417,0.8631899430367315
deepcrack_0060,ablation_no_boundary,deepcrack,0.7281709805606272,0.8427071033496986,0.9529163738580464,0.7553475935828877,0.8427071033496987
deepcrack_0061,ablation_no_boundary,deepcrack,0.8070669568557163,0.8932341480694297,0.970742223591007,0.8271880330665267,0.8932341480694296
deepcrack_0062,ablation_no_boundary,deepcrack,0.3172347659314793,0.4816677696889477,0.385222039908961,0.6425355345634325,0.4816677696889477
deepcrack_0063,ablation_no_boundary,deepcrack,0.7235906761448173,0.8396316900057549,0.8689696247766527,0.8122100575245871,0.8396316900057548
deepcrack_0064,ablation_no_boundary,deepcrack,0.6336842105263157,0.7757731958762887,0.7888275862068965,0.763143848412063,0.7757731958762887
deepcrack_0065,ablation_no_boundary,deepcrack,0.5828785122296342,0.7364791520337143,0.8498379015620395,0.6498028169014084,0.7364791520337143
deepcrack_0066,ablation_no_boundary,deepcrack,0.467687074829932,0.6373117033603708,0.7255936675461742,0.5681818181818182,0.6373117033603709
deepcrack_0067,ablation_no_boundary,deepcrack,0.7737549981824791,0.8724485613574883,0.8208391176924263,0.9309832050384884,0.8724485613574884
deepcrack_0068,ablation_no_boundary,deepcrack,0.6064267693533395,0.7550008265829062,0.6094208700293569,0.991963509991312,0.7550008265829062
deepcrack_0069,ablation_no_boundary,deepcrack,0.5604268151241011,0.7182993905158317,0.5706188001889466,0.96911351784998,0.7182993905158316
deepcrack_0070,ablation_no_boundary,deepcrack,0.7461284772010324,0.854608909874769,0.7790836951639467,0.9463490042738928,0.854608909874769
deepcrack_0071,ablation_no_boundary,deepcrack,0.7380107304993809,0.8492591185410334,0.7639268626110731,0.9560521813515824,0.8492591185410334
deepcrack_0072,ablation_no_boundary,deepcrack,0.7035421926401959,0.8259756590470203,0.7143079074102843,0.9790269349515596,0.8259756590470203
deepcrack_0073,ablation_no_boundary,deepcrack,0.5206384923704381,0.6847630057803468,0.5268625916174482,0.9778129952456418,0.6847630057803468
deepcrack_0074,ablation_no_boundary,deepcrack,0.7473173751547668,0.855388249188072,0.7920174958993986,0.9297817715019256,0.8553882491880722
deepcrack_0075,ablation_no_boundary,deepcrack,0.6335927367055771,0.7757046447002779,0.6464965811337402,0.9694597574421168,0.775704644700278
deepcrack_0076,ablation_no_boundary,deepcrack,0.7597985347985348,0.8635062704896707,0.7786223723723724,0.9691624810185726,0.8635062704896707
deepcrack_0077,ablation_no_boundary,deepcrack,0.6095191243389497,0.7573928325819516,0.6202753441802252,0.972336668628605,0.7573928325819514
deepcrack_0078,ablation_no_boundary,deepcrack,0.6024190401872805,0.7518870221572924,0.6114851485148515,0.9759797724399494,0.7518870221572924
deepcrack_0079,ablation_no_boundary,deepcrack,0.7381504806098773,0.8493516399694889,0.8350206224221972,0.8641831587116803,0.849351639969489
deepcrack_0080,ablation_no_boundary,deepcrack,0.7330230010952903,0.8459472270500868,0.8685918234912394,0.8244533415460426,0.845947227050087
deepcrack_0081,ablation_no_boundary,deepcrack,0.7879646418857661,0.8814096469544274,0.9677105080027836,0.8092411545623837,0.8814096469544275
deepcrack_0082,ablation_no_boundary,deepcrack,0.6998505231689088,0.823425958494548,0.972849425128134,0.7137920520378087,0.823425958494548
deepcrack_0083,ablation_no_boundary,deepcrack,0.7258304940374787,0.8411376395829477,0.9309026355318858,0.767161827593968,0.8411376395829477
deepcrack_0084,ablation_no_boundary,deepcrack,0.8670273644782021,0.928778421756576,0.9393529478074624,0.9184393254711782,0.928778421756576
deepcrack_0085,ablation_no_boundary,deepcrack,0.7611637347767253,0.8643872454859777,0.9647336263265088,0.7829491083079599,0.8643872454859777
deepcrack_0086,ablation_no_boundary,deepcrack,0.8009249949728534,0.8894595801697186,0.9496900333810204,0.8364132717345653,0.8894595801697185
deepcrack_0087,ablation_no_boundary,deepcrack,0.7627632988218493,0.8654177215189873,0.9091489361702128,0.8257004830917875,0.8654177215189873
deepcrack_0088,ablation_no_boundary,deepcrack,0.7880956005480286,0.8814915715988422,0.9492115878254492,0.8227908455181182,0.8814915715988422
deepcrack_0089,ablation_no_boundary,deepcrack,0.1849111596883582,0.3121097445600757,0.202417474536753,0.681330028913672,0.3121097445600757
deepcrack_0090,ablation_no_boundary,deepcrack,0.1801764215043509,0.3053381142366547,0.20492136659436,0.598732422261834,0.3053381142366547
deepcrack_0091,ablation_no_boundary,deepcrack,0.7165937695260198,0.8349019811762259,0.95959837437246,0.738886332259549,0.8349019811762258
deepcrack_0092,ablation_no_boundary,deepcrack,0.5600343975061808,0.717976986150348,0.9763868065967016,0.5677236569685082,0.717976986150348
deepcrack_0093,ablation_no_boundary,deepcrack,0.7714535052845922,0.8709836334774755,0.9864848109113452,0.7796942375539004,0.8709836334774755
deepcrack_0094,ablation_no_boundary,deepcrack,0.5918342767674335,0.7435878035862904,0.9285714285714286,0.6200630914826498,0.7435878035862904
deepcrack_0095,ablation_no_boundary,deepcrack,0.6753649399302416,0.8062302413447452,0.9299181785841336,0.711582959030897,0.8062302413447452
deepcrack_0096,ablation_no_boundary,deepcrack,0.7947364078871381,0.8856302289234164,0.914641093809343,0.8584031366957762,0.8856302289234165
deepcrack_0097,ablation_no_boundary,deepcrack,0.7004993112947658,0.8238748544524882,0.9336775674125072,0.737180648668237,0.8238748544524882
deepcrack_0098,ablation_no_boundary,deepcrack,0.1177389977355518,0.2106735078118978,0.1196622889305816,0.879885956037892,0.2106735078118978
deepcrack_0099,ablation_no_boundary,deepcrack,0.7930517370657336,0.8845832171731252,0.9108219309157018,0.8598139282810947,0.8845832171731252
deepcrack_0100,ablation_no_boundary,deepcrack,0.7171949556918882,0.8353098794224185,0.938140882746322,0.7527949199534926,0.8353098794224185
deepcrack_0101,ablation_no_boundary,deepcrack,0.5600220872446162,0.7179668696021521,0.6004736530491415,0.8926245379334624,0.7179668696021522
deepcrack_0102,ablation_no_boundary,deepcrack,0.760914760914761,0.8642266824085005,0.8529129540781357,0.8758445945945946,0.8642266824085006
deepcrack_0103,ablation_no_boundary,deepcrack,0.8890655160667651,0.9412754703372004,0.9599117322545052,0.9233490566037736,0.9412754703372004
deepcrack_0104,ablation_no_boundary,deepcrack,0.9249062667380824,0.9609883688574768,0.989570200573066,0.9340112505408914,0.9609883688574768
deepcrack_0105,ablation_no_boundary,deepcrack,0.8562442933955564,0.922555610209324,0.9995262908574136,0.8565919009438749,0.922555610209324
deepcrack_0106,ablation_no_boundary,deepcrack,0.8963259722493648,0.9453290049981964,0.995766391663048,0.8997547817557626,0.9453290049981964
deepcrack_0107,ablation_no_boundary,deepcrack,0.6784655300222387,0.808435464281771,0.6989308896525391,0.9586279130662476,0.8084354642817709
deepcrack_0108,ablation_no_boundary,deepcrack,0.624064371257485,0.7685217190920614,0.6341509792736262,0.9751461988304092,0.7685217190920614
deepcrack_0109,ablation_no_boundary,deepcrack,0.7826792414562418,0.8780931793617385,1.0,0.7826792414562418,0.8780931793617385
deepcrack_0110,ablation_no_boundary,deepcrack,0.7578265858056057,0.8622313394563849,1.0,0.7578265858056057,0.862231339456385
deepcrack_0111,ablation_no_boundary,deepcrack,0.4412065038095986,0.6122738173097886,0.9831962191493084,0.4445587653343886,0.6122738173097885
deepcrack_0112,ablation_no_boundary,deepcrack,0.6596095036462009,0.7948972360028349,0.9958565171066652,0.6614247523195471,0.7948972360028349
deepcrack_0113,ablation_no_boundary,deepcrack,0.8744202027143102,0.9330033910732288,0.9418077527985936,0.924362117497503,0.9330033910732288
deepcrack_0114,ablation_no_boundary,deepcrack,0.8821214713430282,0.9373693300609036,0.9254240330252176,0.949627037480431,0.9373693300609036
deepcrack_0115,ablation_no_boundary,deepcrack,0.8280635290689203,0.9059461182847124,0.9702919583404472,0.8496038271789506,0.9059461182847124
deepcrack_0116,ablation_no_boundary,deepcrack,0.8104453870625663,0.8952994581930004,0.8943826799297835,0.8962181178540017,0.8952994581930005
deepcrack_0117,ablation_no_boundary,deepcrack,0.8185777777777777,0.900239503397038,0.9110605461020972,0.8896724954110714,0.9002395033970381
deepcrack_0118,ablation_no_boundary,deepcrack,0.5469107551487414,0.7071005917159763,0.6362426316790264,0.7957193816884661,0.7071005917159764
deepcrack_0119,ablation_no_boundary,deepcrack,0.8151904997525977,0.898187270001363,0.9323712507074136,0.8664212463844333,0.8981872700013629
deepcrack_0120,ablation_no_boundary,deepcrack,0.7161423718800768,0.8345955249569708,0.9332178598922248,0.7548256537982565,0.8345955249569708
deepcrack_0121,ablation_no_boundary,deepcrack,0.7784967645594824,0.8754547998880493,0.9644398766700925,0.8015032456440041,0.8754547998880492
deepcrack_0122,ablation_no_boundary,deepcrack,0.7895259369570613,0.8823855755894591,0.9302529609592044,0.8392032713362353,0.8823855755894592
deepcrack_0123,ablation_no_boundary,deepcrack,0.7737317149081855,0.8724337603088261,0.970714564623194,0.7922243467176545,0.8724337603088259
deepcrack_0124,ablation_no_boundary,deepcrack,0.8033428165007113,0.890948530861763,0.8481321569363619,0.9383177570093458,0.890948530861763
deepcrack_0125,ablation_no_boundary,deepcrack,0.7648514851485149,0.8667601683029453,0.828735632183908,0.9084418311633768,0.8667601683029453
deepcrack_0126,ablation_no_boundary,deepcrack,0.8046840477242598,0.8917727717923605,0.9712,0.8243549117247624,0.8917727717923604
deepcrack_0127,ablation_no_boundary,deepcrack,0.7598637015781923,0.8635483542239886,0.9934349355216882,0.7636986301369864,0.8635483542239886
deepcrack_0128,ablation_no_boundary,deepcrack,0.747756985388362,0.8556761513640364,0.9891488640217024,0.7539415869733781,0.8556761513640364
deepcrack_0129,ablation_no_boundary,deepcrack,0.7411341977815966,0.8513234634365187,0.9901899394698392,0.7466163046899591,0.8513234634365188
deepcrack_0130,ablation_no_boundary,deepcrack,0.8374493536561837,0.9115346248753085,0.9889496468443836,0.8453598208199435,0.9115346248753085
deepcrack_0131,ablation_no_boundary,deepcrack,0.6608733624454148,0.795814271441342,0.9994716682076344,0.6611043159182247,0.795814271441342
deepcrack_0132,ablation_no_boundary,deepcrack,0.7960919124298896,0.8864712400523824,0.9497086121303692,0.831129580657348,0.8864712400523824
deepcrack_0133,ablation_no_boundary,deepcrack,0.8487305312566674,0.9181765724177726,0.8977657413676371,0.9395370807746812,0.9181765724177726
deepcrack_0134,ablation_no_boundary,deepcrack,0.4040011114198388,0.5754997031466456,0.4100394811054709,0.964830789648308,0.5754997031466456
deepcrack_0135,ablation_no_boundary,deepcrack,0.5243800501532461,0.6879912264668251,0.5343554798409994,0.965623396613648,0.687991226466825
deepcrack_0136,ablation_no_boundary,deepcrack,0.7198102016607355,0.8370809766864395,0.9733718318896376,0.7342691190706679,0.8370809766864394
deepcrack_0137,ablation_no_boundary,deepcrack,0.4056449531021426,0.5771655953474135,0.4539676425269646,0.792135775499916,0.5771655953474135
deepcrack_0138,ablation_no_boundary,deepcrack,0.6703814338235294,0.8026686842286265,0.7014064190407501,0.9381028938906752,0.8026686842286265
deepcrack_0139,ablation_no_boundary,deepcrack,0.7053172475424486,0.8271976942224551,0.8785306803951579,0.7815323678673103,0.827197694222455
deepcrack_0140,ablation_no_boundary,deepcrack,0.7598917117867555,0.8635664418412022,0.815327896324433,0.9178719657904666,0.8635664418412022
deepcrack_0141,ablation_no_boundary,deepcrack,0.7738591683545812,0.8725147770016121,0.7872727272727272,0.97845736667671,0.872514777001612
deepcrack_0142,ablation_no_boundary,deepcrack,0.7786465008972059,0.8755494703466167,0.7985015772870663,0.9690540756101452,0.8755494703466167
deepcrack_0143,ablation_no_boundary,deepcrack,0.6374977068427812,0.7786242437822093,0.6538099717779868,0.9623373026862364,0.7786242437822093
deepcrack_0144,ablation_no_boundary,deepcrack,0.5497870074547391,0.7095000858958942,0.5853174603174603,0.9005669428696031,0.7095000858958942
deepcrack_0145,ablation_no_boundary,deepcrack,0.5653603727048506,0.7223389355742297,0.5978843645848427,0.9122263984081362,0.7223389355742296
deepcrack_0146,ablation_no_boundary,deepcrack,0.7714213709677419,0.8709631526532935,0.7864850976361768,0.975773031558814,0.8709631526532936
deepcrack_0147,ablation_no_boundary,deepcrack,0.7872594558725946,0.880968292864038,0.9738959120013134,0.8042299349240781,0.880968292864038
deepcrack_0148,ablation_no_boundary,deepcrack,0.6558686487685822,0.7921747286613963,0.6592328278322926,0.992279288351796,0.7921747286613963
deepcrack_0149,ablation_no_boundary,deepcrack,0.8072736269173676,0.8933607118412047,0.8755030855916287,0.9119619899385132,0.8933607118412047
deepcrack_0150,ablation_no_boundary,deepcrack,0.6822522225880804,0.8111176355451165,0.7687360870640614,0.8584449661648943,0.8111176355451165
deepcrack_0151,ablation_no_boundary,deepcrack,0.724346717654557,0.8401404546294585,0.8318389752973467,0.8486092962478999,0.8401404546294585
deepcrack_0152,ablation_no_boundary,deepcrack,0.6792434715821812,0.8089874792750558,0.8759440386282036,0.7515402591884427,0.8089874792750557
deepcrack_0153,ablation_no_boundary,deepcrack,0.6813080077703432,0.8104499646960652,0.9079534014094636,0.7318571759795965,0.8104499646960652
deepcrack_0154,ablation_no_boundary,deepcrack,0.6863402370405842,0.8139997160301008,0.8675847457627118,0.7666488365873229,0.8139997160301008
deepcrack_0155,ablation_no_boundary,deepcrack,0.7786792146681811,0.8755701514322204,0.9497328319810012,0.8121509561685565,0.8755701514322205
deepcrack_0156,ablation_no_boundary,deepcrack,0.8340073175428462,0.9094918101637968,0.867067067067067,0.9562817398984323,0.9094918101637968
deepcrack_0157,ablation_no_boundary,deepcrack,0.603558282208589,0.7527737393832734,0.8056010481493613,0.706448369955479,0.7527737393832734
deepcrack_0158,ablation_no_boundary,deepcrack,0.7351428258728248,0.8473571338463479,0.9161211129296236,0.7881952593287961,0.847357133846348
deepcrack_0159,ablation_no_boundary,deepcrack,0.7478737478737478,0.8557525951557093,0.7661181026137464,0.9691403379867743,0.8557525951557092
deepcrack_0160,ablation_no_boundary,deepcrack,0.91073302011586,0.9532812910310584,0.9943227091633466,0.915493603558164,0.9532812910310584
deepcrack_0161,ablation_no_boundary,deepcrack,0.9356343623574006,0.9667470061007758,0.9995716844482516,0.9360096259024284,0.9667470061007758
deepcrack_0162,ablation_no_boundary,deepcrack,0.817803155687962,0.899770861469825,0.9990901125564468,0.8184126984126984,0.899770861469825
deepcrack_0163,ablation_no_boundary,deepcrack,0.9200487189525424,0.9583597643860444,0.998395090866179,0.9214114571988672,0.9583597643860444
deepcrack_0164,ablation_no_boundary,deepcrack,0.9151227642797616,0.9556805248711254,0.9958144401813742,0.9186562841881716,0.9556805248711254
deepcrack_0165,ablation_no_boundary,deepcrack,0.8338098641887062,0.9093743909569284,0.97834623155808,0.8494869248593181,0.9093743909569284
deepcrack_0166,ablation_no_boundary,deepcrack,0.9252280475444578,0.9611620282849552,0.9998008662318912,0.9253985807759654,0.9611620282849552
deepcrack_0167,ablation_no_boundary,deepcrack,0.651541295527678,0.7890099960467611,0.998713274715848,0.6520886814469078,0.789009996046761
deepcrack_0168,ablation_no_boundary,deepcrack,0.7208781362007168,0.8378026555584484,0.7746750120365913,0.9121315192743764,0.8378026555584484
deepcrack_0169,ablation_no_boundary,deepcrack,0.651584805226228,0.7890418986229124,0.9812947892627232,0.6597795018374847,0.7890418986229123
deepcrack_0170,ablation_no_boundary,deepcrack,0.7147755362411291,0.8336665891653104,0.9640782964078296,0.7343327598918653,0.8336665891653104
deepcrack_0171,ablation_no_boundary,deepcrack,0.752218589444185,0.8585898973743836,0.8042446941323346,0.9208118925100056,0.8585898973743835
deepcrack_0172,ablation_no_boundary,deepcrack,0.6047384007897335,0.7536909448818898,0.6452496313461134,0.9059449866903284,0.7536909448818897
deepcrack_0173,ablation_no_boundary,deepcrack,0.5627666451195863,0.7202183984116479,0.5945909028821199,0.9131529263687854,0.7202183984116479
deepcrack_0174,ablation_no_boundary,deepcrack,0.486668916638542,0.6547105561861521,0.4871621621621622,0.997923875432526,0.6547105561861521
deepcrack_0175,ablation_no_boundary,deepcrack,0.3733300947291717,0.5436858860983375,0.3769928869266618,0.9746353836398224,0.5436858860983376
deepcrack_0176,ablation_no_boundary,deepcrack,0.3507591773976552,0.5193511667615254,0.3540939076445479,0.9738527214514408,0.5193511667615253
deepcrack_0177,ablation_no_boundary,deepcrack,0.4345252190385981,0.6058104985143612,0.4389952153110047,0.9771033013844516,0.6058104985143612
deepcrack_0178,ablation_no_boundary,deepcrack,0.8536856127886323,0.9210683914241228,0.8942900337248517,0.9494999382639832,0.9210683914241226
deepcrack_0179,ablation_no_boundary,deepcrack,0.2679414157851912,0.4226400564717962,0.2931540995281759,0.7570114942528736,0.4226400564717962
deepcrack_0180,ablation_no_boundary,deepcrack,0.9125138427464008,0.9542559351476548,0.954034965844622,0.9544770068342407,0.954255935147655
deepcrack_0181,ablation_no_boundary,deepcrack,0.7833920877399139,0.8785416209092906,0.8149959250203749,0.952834683182468,0.8785416209092907
deepcrack_0182,ablation_no_boundary,deepcrack,0.85669910954649,0.9228195404862816,0.909830657576424,0.936184657162254,0.9228195404862816
deepcrack_0183,ablation_no_boundary,deepcrack,0.7451658204601923,0.8539770968740328,0.7736653207716465,0.9528940461389694,0.8539770968740328
deepcrack_0184,ablation_no_boundary,deepcrack,0.7454597318626985,0.8541700713624231,0.7963433214829863,0.9210526315789472,0.854170071362423
deepcrack_0185,ablation_no_boundary,deepcrack,0.7379397272831443,0.8492121052284565,0.8456992777413,0.8527542372881356,0.8492121052284565
deepcrack_0186,ablation_no_boundary,deepcrack,0.7767273458714674,0.8743348805615306,0.8972929011269897,0.8525223534606469,0.8743348805615305
deepcrack_0187,ablation_no_boundary,deepcrack,0.7944120558794412,0.8854287991172685,0.9669299772392556,0.8165988240615106,0.8854287991172685
deepcrack_0188,ablation_no_boundary,deepcrack,0.8246125314611207,0.903876869464208,0.9167893961708394,0.8913230240549829,0.903876869464208
deepcrack_0189,ablation_no_boundary,deepcrack,0.6958846403110823,0.820674500812076,0.9057359763812736,0.7502183406113537,0.8206745008120762
deepcrack_0190,ablation_no_boundary,deepcrack,0.8125783011776497,0.896599391761128,0.889589905362776,0.9037202173610144,0.896599391761128
deepcrack_0191,ablation_no_boundary,deepcrack,0.7941254300079386,0.8852507374631269,0.854498861047836,0.9182986536107712,0.8852507374631269
deepcrack_0192,ablation_no_boundary,deepcrack,0.7120020964360587,0.8317771314863003,0.7478667767685109,0.936896551724138,0.8317771314863002
deepcrack_0193,ablation_no_boundary,deepcrack,0.7263093539841043,0.8414590957384016,0.8366197183098592,0.8463547850866777,0.8414590957384016
deepcrack_0194,ablation_no_boundary,deepcrack,0.8310852874040258,0.9077515865820488,0.9075458871515976,0.907957379279075,0.9077515865820488
deepcrack_0195,ablation_no_boundary,deepcrack,0.7190316765387587,0.8365543071161049,0.7322318384474167,0.9755415793151644,0.8365543071161048
deepcrack_0196,ablation_no_boundary,deepcrack,0.7513930561508787,0.8580518844836026,0.792316384180791,0.9356818788364024,0.8580518844836026
deepcrack_0197,ablation_no_boundary,deepcrack,0.7547428124388813,0.8602318323673651,0.7650674068199841,0.9824338085539714,0.8602318323673651
deepcrack_0198,ablation_no_boundary,deepcrack,0.5432959482671517,0.7040722796909782,0.72261792769789,0.6864547427550108,0.7040722796909781
deepcrack_0199,ablation_no_boundary,deepcrack,0.287381473377097,0.4464589235127478,0.7458085451595458,0.3185861152824304,0.4464589235127478
deepcrack_0200,ablation_no_boundary,deepcrack,0.7023685850820693,0.8251662903521084,0.8226061564667234,0.8277424094025465,0.8251662903521084
deepcrack_0201,ablation_no_boundary,deepcrack,0.5856802693160358,0.7387116818558409,0.6978086480140873,0.7847084708470847,0.7387116818558409
deepcrack_0202,ablation_no_boundary,deepcrack,0.6013907860424687,0.7510856079404467,0.8341370995521874,0.6830747531734838,0.7510856079404467
deepcrack_0203,ablation_no_boundary,deepcrack,0.6052394760523948,0.754079980067273,0.7430640805303216,0.7654274152756702,0.754079980067273
deepcrack_0204,ablation_no_boundary,deepcrack,0.6053430479659988,0.754160363086233,0.7626211116777154,0.7458852867830424,0.754160363086233
deepcrack_0205,ablation_no_boundary,deepcrack,0.5423863636363636,0.7033080380166506,0.6649484536082474,0.746364347146208,0.7033080380166508
deepcrack_0206,ablation_no_boundary,deepcrack,0.5477886056971514,0.7078338781934859,0.5904454095545905,0.8834819404564002,0.7078338781934859
deepcrack_0207,ablation_no_boundary,deepcrack,0.509062661833247,0.6746739876458476,0.5157397691500525,0.9751984126984128,0.6746739876458477
deepcrack_0208,ablation_no_boundary,deepcrack,0.5379657083924198,0.6995808885163454,0.545133899412149,0.976140350877193,0.6995808885163453
deepcrack_0209,ablation_no_boundary,deepcrack,0.4296904140246176,0.6010957474563006,0.441463881969726,0.9415610952186352,0.6010957474563006
deepcrack_0210,ablation_no_boundary,deepcrack,0.3976759199483538,0.5690531177829099,0.4123947972456006,0.9176420515003192,0.56905311778291
deepcrack_0211,ablation_no_boundary,deepcrack,0.4409923487131926,0.6120675784392599,0.7785509619320508,0.5042417815482503,0.6120675784392599
deepcrack_0212,ablation_no_boundary,deepcrack,0.328125,0.4941176470588235,0.3353204172876304,0.9386174016686532,0.4941176470588235
deepcrack_0213,ablation_no_boundary,deepcrack,0.6109531647463714,0.7584989782649081,0.6648754274548119,0.8828108108108108,0.758498978264908
deepcrack_0214,ablation_no_boundary,deepcrack,0.572005772005772,0.727740040389205,0.5882178364742543,0.9540312876052948,0.7277400403892049
deepcrack_0215,ablation_no_boundary,deepcrack,0.6319679318551923,0.7744857230580289,0.6943297550233967,0.8755640402637973,0.7744857230580289
deepcrack_0216,ablation_no_boundary,deepcrack,0.6964144684883905,0.8210428305400372,0.7387734584450402,0.9239312657166806,0.8210428305400372
deepcrack_0217,ablation_no_boundary,deepcrack,0.8022395943376294,0.8902696365767878,0.882817949314113,0.8978481910617168,0.8902696365767878
deepcrack_0218,ablation_no_boundary,deepcrack,0.734936539746159,0.847220083166487,0.7918525982438462,0.9109124027156814,0.847220083166487
deepcrack_0219,ablation_no_boundary,deepcrack,0.4877379209370424,0.6556772050682741,0.510145482388974,0.9173838209982788,0.6556772050682741
deepcrack_0220,ablation_no_boundary,deepcrack,0.655558382091071,0.7919483712354026,0.6722316421025173,0.9635445877734156,0.7919483712354026
deepcrack_0221,ablation_no_boundary,deepcrack,0.7578333333333334,0.8622357068360671,0.8261264534883721,0.90164584572675,0.8622357068360671
deepcrack_0222,ablation_no_boundary,deepcrack,0.7561850125493008,0.86116782360147,0.8146002317497103,0.913382416630576,0.86116782360147
deepcrack_0223,ablation_no_boundary,deepcrack,0.692915270464337,0.8186059663509119,0.7253821097469306,0.9393251135626216,0.8186059663509119
deepcrack_0224,ablation_no_boundary,deepcrack,0.7126229735347097,0.832200647249191,0.7849511599511599,0.8855027548209367,0.832200647249191
deepcrack_0225,ablation_no_boundary,deepcrack,0.2092829349638688,0.3461273270512526,0.2631027253668763,0.5057085292142377,0.3461273270512525
deepcrack_0226,ablation_no_boundary,deepcrack,0.3800277392510402,0.5507537688442211,0.4391025641025641,0.738544474393531,0.5507537688442211
deepcrack_0227,ablation_no_boundary,deepcrack,0.8453005546394843,0.916165718927701,0.8908372827804107,0.9429765886287624,0.9161657189277008
deepcrack_0228,ablation_no_boundary,deepcrack,0.7152517811858471,0.8339904252323289,0.73788463934222,0.9588797150720414,0.8339904252323289
deepcrack_0229,ablation_no_boundary,deepcrack,0.8193467336683417,0.9007043226073747,0.8355111452728671,0.9769322947872978,0.9007043226073748
deepcrack_0230,ablation_no_boundary,deepcrack,0.901165347405453,0.9480136471404614,0.979213952932744,0.9187401927818876,0.9480136471404615
deepcrack_0231,ablation_no_boundary,deepcrack,0.8112359550561797,0.8957816377171216,0.8438164045898853,0.9545673076923076,0.8957816377171215
deepcrack_0232,ablation_no_boundary,deepcrack,0.6795164233576643,0.8091810403368193,0.6834136269786648,0.9916777629826896,0.8091810403368193
deepcrack_0233,ablation_no_boundary,deepcrack,0.8199612403100776,0.9010754978170588,0.9730910763569456,0.8389847313107277,0.9010754978170588
deepcrack_0234,ablation_no_boundary,deepcrack,0.8457202851301321,0.9164121908867732,0.9946061866389394,0.849616964583102,0.9164121908867732
deepcrack_0235,ablation_no_boundary,deepcrack,0.8912808308091735,0.9425155865698108,0.9931292189006752,0.8968107107869816,0.9425155865698108
deepcrack_0236,ablation_no_boundary,deepcrack,0.3870244765555883,0.5580643789599014,0.9964315541720448,0.38756164545374,0.5580643789599014
deepcrack_0000,ablation_no_detection,deepcrack,0.5910299003322259,0.7429525997076634,0.6138716356107661,0.940772078265468,0.7429525997076634
deepcrack_0001,ablation_no_detection,deepcrack,0.693789584799437,0.8192157881069851,0.7870472008781558,0.8541260558804419,0.8192157881069853
deepcrack_0002,ablation_no_detection,deepcrack,0.6819477241266998,0.8109024012393493,0.7500447787927638,0.8825079030558483,0.8109024012393493
deepcrack_0003,ablation_no_detection,deepcrack,0.528051360618662,0.6911434709954644,0.5990730011587485,0.8166535033284441,0.6911434709954642
deepcrack_0004,ablation_no_detection,deepcrack,0.4077368917643887,0.5792799693603983,0.7834757834757835,0.459516937566459,0.5792799693603984
deepcrack_0005,ablation_no_detection,deepcrack,0.6054179290679024,0.7542184724689165,0.7794860027535567,0.7305376344086022,0.7542184724689166
deepcrack_0006,ablation_no_detection,deepcrack,0.3866666666666666,0.5576923076923077,0.6990358126721763,0.4638939670932358,0.5576923076923077
deepcrack_0007,ablation_no_detection,deepcrack,0.7177378754824635,0.8356779992184447,0.8591803937324226,0.8134271586154431,0.8356779992184447
deepcrack_0008,ablation_no_detection,deepcrack,0.7390921110621419,0.8499746578813989,0.902583423035522,0.8031609195402298,0.8499746578813988
deepcrack_0009,ablation_no_detection,deepcrack,0.657167530224525,0.7931214174048984,0.7861570247933884,0.8002103049421662,0.7931214174048985
deepcrack_0010,ablation_no_detection,deepcrack,0.3909465020576131,0.5621301775147929,0.641169853768279,0.5004389815627743,0.5621301775147929
deepcrack_0011,ablation_no_detection,deepcrack,0.7321076822061721,0.8453373768006065,0.8004307250538406,0.8955823293172691,0.8453373768006065
deepcrack_0012,ablation_no_detection,deepcrack,0.4765668245279537,0.6455066125169218,0.9808848661307678,0.481034268686367,0.6455066125169218
deepcrack_0013,ablation_no_detection,deepcrack,0.4483398786147804,0.6191086570696115,0.9517962710322874,0.4587564842551326,0.6191086570696115
deepcrack_0014,ablation_no_detection,deepcrack,0.4418216499761564,0.6128658839093766,0.9039906332325104,0.463574502151506,0.6128658839093766
deepcrack_0015,ablation_no_detection,deepcrack,0.3919257773319959,0.5631417762565304,0.9731042211430706,0.3962178057189211,0.5631417762565304
deepcrack_0016,ablation_no_detection,deepcrack,0.3202037947997189,0.4850823729805977,0.5538807512307786,0.4314867424242424,0.4850823729805978
deepcrack_0017,ablation_no_detection,deepcrack,0.2398222971161579,0.3868655978747722,0.9045211613462372,0.2460510805500982,0.3868655978747722
deepcrack_0018,ablation_no_detection,deepcrack,0.4802384632369176,0.6488663484486874,0.8446601941747572,0.5267619278275611,0.6488663484486873
deepcrack_0019,ablation_no_detection,deepcrack,0.4140683774972833,0.5856412378447078,0.9800178059155208,0.4175939976395211,0.5856412378447078
deepcrack_0020,ablation_no_detection,deepcrack,0.6095137655417406,0.7573886953822809,0.9510653040013858,0.6292476075869577,0.7573886953822808
deepcrack_0021,ablation_no_detection,deepcrack,0.7129646754207509,0.8324335996545023,0.9336401065633324,0.7510227936879018,0.8324335996545024
deepcrack_0022,ablation_no_detection,deepcrack,0.5192301386930719,0.6835437574187979,0.9761449793503052,0.5259032943676939,0.6835437574187979
deepcrack_0023,ablation_no_detection,deepcrack,0.6434293401822295,0.7830325581395349,0.9382914214374888,0.6718600344805568,0.7830325581395349
deepcrack_0024,ablation_no_detection,deepcrack,0.4820464992338951,0.6505146761361082,0.9291217257318952,0.5004495469949513,0.6505146761361082
deepcrack_0025,ablation_no_detection,deepcrack,0.6899555859241544,0.8165369453148691,0.8224394217063734,0.8107185869128863,0.8165369453148691
deepcrack_0026,ablation_no_detection,deepcrack,0.7537511032656664,0.8595873175641671,0.8743281289992322,0.8453353130413264,0.8595873175641671
deepcrack_0027,ablation_no_detection,deepcrack,0.5085047788757492,0.6741838487972509,0.5317635100796205,0.9207978879436785,0.6741838487972508
deepcrack_0028,ablation_no_detection,deepcrack,0.2265259088543602,0.3693781064371439,0.8368580060422961,0.2369915221280236,0.3693781064371439
deepcrack_0029,ablation_no_detection,deepcrack,0.5355477120887432,0.6975331445224315,0.9998823252530008,0.535581468641664,0.6975331445224315
deepcrack_0030,ablation_no_detection,deepcrack,0.6076852041863329,0.7559753645849954,0.999915583319264,0.6077163819198604,0.7559753645849955
deepcrack_0031,ablation_no_detection,deepcrack,0.8825828061034611,0.9376297321340318,0.9989469250210616,0.8834047308623579,0.937629732134032
deepcrack_0032,ablation_no_detection,deepcrack,0.6141885325558795,0.7609873570138471,0.6368399838774688,0.9452587496260844,0.760987357013847
deepcrack_0033,ablation_no_detection,deepcrack,0.7987594762232942,0.8881226053639847,0.8462942679810149,0.9343006852075776,0.8881226053639846
deepcrack_0034,ablation_no_detection,deepcrack,0.6849078341013825,0.812991452991453,0.6991033367631927,0.9712068613436798,0.812991452991453
deepcrack_0035,ablation_no_detection,deepcrack,0.5498627630375115,0.7095631641086186,0.6207608882768119,0.8280137772675086,0.7095631641086187
deepcrack_0036,ablation_no_detection,deepcrack,0.5666158794650414,0.7233628701102226,1.0,0.5666158794650414,0.7233628701102226
deepcrack_0037,ablation_no_detection,deepcrack,0.2701896879658664,0.4254320288154113,0.9749582637729548,0.2720778548503986,0.4254320288154114
deepcrack_0038,ablation_no_detection,deepcrack,0.461610741574145,0.6316466189581958,0.9880385307505029,0.4642048986696506,0.631646618958196
deepcrack_0039,ablation_no_detection,deepcrack,0.1637390525477707,0.281401663352789,0.9042319318494092,0.1666286871755918,0.281401663352789
deepcrack_0040,ablation_no_detection,deepcrack,0.6964328465405794,0.8210556025966695,0.7489701338825953,0.9084946908182386,0.8210556025966695
deepcrack_0041,ablation_no_detection,deepcrack,0.5908178625188159,0.7427850496767071,0.9672450970325496,0.60288,0.7427850496767071
deepcrack_0042,ablation_no_detection,deepcrack,0.3855071613054707,0.556485267015485,0.9310320385596824,0.3968397836792652,0.5564852670154851
deepcrack_0043,ablation_no_detection,deepcrack,0.5062168254199084,0.672169925174994,0.9561873369042714,0.5182373083221676,0.672169925174994
deepcrack_0044,ablation_no_detection,deepcrack,0.7031848760963979,0.8257293567660808,0.976583288983502,0.7152446946730187,0.8257293567660808
deepcrack_0045,ablation_no_detection,deepcrack,0.7923051299133911,0.8841185763404888,0.8021922428330522,0.9846822604015733,0.8841185763404888
deepcrack_0046,ablation_no_detection,deepcrack,0.6500318268618714,0.7879021680425893,0.677368002122579,0.9415452701456758,0.7879021680425894
deepcrack_0047,ablation_no_detection,deepcrack,0.5073346249654027,0.6731546088872568,0.5964855190367719,0.7724399494310998,0.6731546088872566
deepcrack_0048,ablation_no_detection,deepcrack,0.7294671769208125,0.8435744680851064,0.7557182067703568,0.9545454545454546,0.8435744680851065
deepcrack_0049,ablation_no_detection,deepcrack,0.8224486083318173,0.9025753643441804,0.8482176360225141,0.964377133105802,0.9025753643441804
deepcrack_0050,ablation_no_detection,deepcrack,0.75135769851754,0.8580288300368756,0.7751362810417929,0.9607732732732732,0.8580288300368756
deepcrack_0051,ablation_no_detection,deepcrack,0.5422407070444503,0.7031855722231586,0.5543449375498273,0.9612903225806452,0.7031855722231587
deepcrack_0052,ablation_no_detection,deepcrack,0.7965154503616042,0.8867337602927722,0.8065912117177098,0.9845591223080048,0.8867337602927723
deepcrack_0053,ablation_no_detection,deepcrack,0.8233471074380165,0.903116147308782,0.8681917211328976,0.9409681227863046,0.9031161473087818
deepcrack_0054,ablation_no_detection,deepcrack,0.8165003650523242,0.8989817792068596,0.8732431025507548,0.9262838210933186,0.8989817792068595
deepcrack_0055,ablation_no_detection,deepcrack,0.4682910055509161,0.6378721980595516,0.5922221531962477,0.691147683607627,0.6378721980595518
deepcrack_0056,ablation_no_detection,deepcrack,0.5175053472925814,0.6820474777448071,0.6386496248958043,0.7317733205985355,0.6820474777448071
deepcrack_0057,ablation_no_detection,deepcrack,0.5369921980091472,0.6987572203745843,0.5829439252336449,0.8719965050240279,0.6987572203745843
deepcrack_0058,ablation_no_detection,deepcrack,0.3796195652173913,0.5503249950758322,0.3905507408442829,0.9313333333333332,0.5503249950758322
deepcrack_0059,ablation_no_detection,deepcrack,0.7617906359667893,0.8647913326531603,0.92256660101586,0.8138258961228969,0.8647913326531604
deepcrack_0060,ablation_no_detection,deepcrack,0.7281709805606272,0.8427071033496986,0.9529163738580464,0.7553475935828877,0.8427071033496987
deepcrack_0061,ablation_no_detection,deepcrack,0.8070669568557163,0.8932341480694297,0.970742223591007,0.8271880330665267,0.8932341480694296
deepcrack_0062,ablation_no_detection,deepcrack,0.3172347659314793,0.4816677696889477,0.385222039908961,0.6425355345634325,0.4816677696889477
deepcrack_0063,ablation_no_detection,deepcrack,0.7235906761448173,0.8396316900057549,0.8689696247766527,0.8122100575245871,0.8396316900057548
deepcrack_0064,ablation_no_detection,deepcrack,0.6336842105263157,0.7757731958762887,0.7888275862068965,0.763143848412063,0.7757731958762887
deepcrack_0065,ablation_no_detection,deepcrack,0.5176241480038949,0.6821506480174515,0.7921323200715243,0.5989859154929578,0.6821506480174515
deepcrack_0066,ablation_no_detection,deepcrack,0.5559016575814885,0.7145717145717145,0.7429378531073446,0.6882920110192837,0.7145717145717145
deepcrack_0067,ablation_no_detection,deepcrack,0.7737549981824791,0.8724485613574883,0.8208391176924263,0.9309832050384884,0.8724485613574884
deepcrack_0068,ablation_no_detection,deepcrack,0.6034505640345056,0.7526899519947029,0.6080502808237497,0.987619461337967,0.752689951994703
deepcrack_0069,ablation_no_detection,deepcrack,0.5604268151241011,0.7182993905158317,0.5706188001889466,0.96911351784998,0.7182993905158316
deepcrack_0070,ablation_no_detection,deepcrack,0.6514086658925625,0.7889127377692251,0.6651482059282371,0.9692643448213148,0.7889127377692251
deepcrack_0071,ablation_no_detection,deepcrack,0.6571814754214982,0.7931315732989912,0.662554686939683,0.9878100940975192,0.7931315732989912
deepcrack_0072,ablation_no_detection,deepcrack,0.5773100425899635,0.7320184706895202,0.5787389394220654,0.9957415096348344,0.7320184706895201
deepcrack_0073,ablation_no_detection,deepcrack,0.5217360621030346,0.6857116356722163,0.5284111214352083,0.9763602746962492,0.6857116356722163
deepcrack_0074,ablation_no_detection,deepcrack,0.7259837962962963,0.8412405699916178,0.7448787728847105,0.9662387676508344,0.8412405699916177
deepcrack_0075,ablation_no_detection,deepcrack,0.562616474096161,0.7200954084675015,0.5630711843332297,0.9985667034178612,0.7200954084675015
deepcrack_0076,ablation_no_detection,deepcrack,0.7597985347985348,0.8635062704896707,0.7786223723723724,0.9691624810185726,0.8635062704896707
deepcrack_0077,ablation_no_detection,deepcrack,0.5622633103141012,0.7198060744331954,0.5653488632545638,0.9903865018638416,0.7198060744331956
deepcrack_0078,ablation_no_detection,deepcrack,0.6024190401872805,0.7518870221572924,0.6114851485148515,0.9759797724399494,0.7518870221572924
deepcrack_0079,ablation_no_detection,deepcrack,0.7381504806098773,0.8493516399694889,0.8350206224221972,0.8641831587116803,0.849351639969489
deepcrack_0080,ablation_no_detection,deepcrack,0.7330230010952903,0.8459472270500868,0.8685918234912394,0.8244533415460426,0.845947227050087
deepcrack_0081,ablation_no_detection,deepcrack,0.7879646418857661,0.8814096469544274,0.9677105080027836,0.8092411545623837,0.8814096469544275
deepcrack_0082,ablation_no_detection,deepcrack,0.6998505231689088,0.823425958494548,0.972849425128134,0.7137920520378087,0.823425958494548
deepcrack_0083,ablation_no_detection,deepcrack,0.7258304940374787,0.8411376395829477,0.9309026355318858,0.767161827593968,0.8411376395829477
deepcrack_0084,ablation_no_detection,deepcrack,0.8670273644782021,0.928778421756576,0.9393529478074624,0.9184393254711782,0.928778421756576
deepcrack_0085,ablation_no_detection,deepcrack,0.7611637347767253,0.8643872454859777,0.9647336263265088,0.7829491083079599,0.8643872454859777
deepcrack_0086,ablation_no_detection,deepcrack,0.8009249949728534,0.8894595801697186,0.9496900333810204,0.8364132717345653,0.8894595801697185
deepcrack_0087,ablation_no_detection,deepcrack,0.5851638458768456,0.7383007723761926,0.8955635161201433,0.6280193236714976,0.7383007723761926
deepcrack_0088,ablation_no_detection,deepcrack,0.7880956005480286,0.8814915715988422,0.9492115878254492,0.8227908455181182,0.8814915715988422
deepcrack_0089,ablation_no_detection,deepcrack,0.5159464049820721,0.6806921449022781,0.8567847069884049,0.5646427096241222,0.6806921449022781
deepcrack_0090,ablation_no_detection,deepcrack,0.2004513868266318,0.3339600237482683,0.2225812833871925,0.6684491978609626,0.3339600237482684
deepcrack_0091,ablation_no_detection,deepcrack,0.6907253699025623,0.8170757737459978,0.9721904761904762,0.7046479521398987,0.8170757737459978
deepcrack_0092,ablation_no_detection,deepcrack,0.5600343975061808,0.717976986150348,0.9763868065967016,0.5677236569685082,0.717976986150348
deepcrack_0093,ablation_no_detection,deepcrack,0.7714535052845922,0.8709836334774755,0.9864848109113452,0.7796942375539004,0.8709836334774755
deepcrack_0094,ablation_no_detection,deepcrack,0.5918342767674335,0.7435878035862904,0.9285714285714286,0.6200630914826498,0.7435878035862904
deepcrack_0095,ablation_no_detection,deepcrack,0.6753649399302416,0.8062302413447452,0.9299181785841336,0.711582959030897,0.8062302413447452
deepcrack_0096,ablation_no_detection,deepcrack,0.7924840658885853,0.8842299699838374,0.9176651011214416,0.8531456068436999,0.8842299699838374
deepcrack_0097,ablation_no_detection,deepcrack,0.760097281334144,0.8636991709435452,0.948515066117494,0.792806667874615,0.8636991709435452
deepcrack_0098,ablation_no_detection,deepcrack,0.1177891131317611,0.2107537311787659,0.1197259827925208,0.8792421594776051,0.2107537311787659
deepcrack_0099,ablation_no_detection,deepcrack,0.7930517370657336,0.8845832171731252,0.9108219309157018,0.8598139282810947,0.8845832171731252
deepcrack_0100,ablation_no_detection,deepcrack,0.7171949556918882,0.8353098794224185,0.938140882746322,0.7527949199534926,0.8353098794224185
deepcrack_0101,ablation_no_detection,deepcrack,0.5644274980374565,0.7215770609318997,0.608658846293385,0.8859355747227601,0.7215770609318997
deepcrack_0102,ablation_no_detection,deepcrack,0.7632254123396457,0.8657150776053215,0.8524836244541485,0.8793637387387387,0.8657150776053215
deepcrack_0103,ablation_no_detection,deepcrack,0.8890655160667651,0.9412754703372004,0.9599117322545052,0.9233490566037736,0.9412754703372004
deepcrack_0104,ablation_no_detection,deepcrack,0.9249062667380824,0.9609883688574768,0.989570200573066,0.9340112505408914,0.9609883688574768
deepcrack_0105,ablation_no_detection,deepcrack,0.8589977683100021,0.9241514787733276,0.9994098902395846,0.8594336750228356,0.9241514787733276
deepcrack_0106,ablation_no_detection,deepcrack,0.8963259722493648,0.9453290049981964,0.995766391663048,0.8997547817557626,0.9453290049981964
deepcrack_0107,ablation_no_detection,deepcrack,0.6781481481481482,0.8082101081438976,0.6984550829677666,0.9588897617177272,0.8082101081438976
deepcrack_0108,ablation_no_detection,deepcrack,0.6241823958138666,0.7686112069957427,0.6336558527793588,0.9766081871345028,0.7686112069957427
deepcrack_0109,ablation_no_detection,deepcrack,0.7826792414562418,0.8780931793617385,1.0,0.7826792414562418,0.8780931793617385
deepcrack_0110,ablation_no_detection,deepcrack,0.7578265858056057,0.8622313394563849,1.0,0.7578265858056057,0.862231339456385
deepcrack_0111,ablation_no_detection,deepcrack,0.4412065038095986,0.6122738173097886,0.9831962191493084,0.4445587653343886,0.6122738173097885
deepcrack_0112,ablation_no_detection,deepcrack,0.6430566330488751,0.7827565040842344,0.979671433636686,0.6517534203491115,0.7827565040842343
deepcrack_0113,ablation_no_detection,deepcrack,0.8744202027143102,0.9330033910732288,0.9418077527985936,0.924362117497503,0.9330033910732288
deepcrack_0114,ablation_no_detection,deepcrack,0.8821214713430282,0.9373693300609036,0.9254240330252176,0.949627037480431,0.9373693300609036
deepcrack_0115,ablation_no_detection,deepcrack,0.8280635290689203,0.9059461182847124,0.9702919583404472,0.8496038271789506,0.9059461182847124
deepcrack_0116,ablation_no_detection,deepcrack,0.8104453870625663,0.8952994581930004,0.8943826799297835,0.8962181178540017,0.8952994581930005
deepcrack_0117,ablation_no_detection,deepcrack,0.8185777777777777,0.900239503397038,0.9110605461020972,0.8896724954110714,0.9002395033970381
deepcrack_0118,ablation_no_detection,deepcrack,0.5469107551487414,0.7071005917159763,0.6362426316790264,0.7957193816884661,0.7071005917159764
deepcrack_0119,ablation_no_detection,deepcrack,0.8151904997525977,0.898187270001363,0.9323712507074136,0.8664212463844333,0.8981872700013629
deepcrack_0120,ablation_no_detection,deepcrack,0.7161423718800768,0.8345955249569708,0.9332178598922248,0.7548256537982565,0.8345955249569708
deepcrack_0121,ablation_no_detection,deepcrack,0.7784967645594824,0.8754547998880493,0.9644398766700925,0.8015032456440041,0.8754547998880492
deepcrack_0122,ablation_no_detection,deepcrack,0.7895259369570613,0.8823855755894591,0.9302529609592044,0.8392032713362353,0.8823855755894592
deepcrack_0123,ablation_no_detection,deepcrack,0.7737317149081855,0.8724337603088261,0.970714564623194,0.7922243467176545,0.8724337603088259
deepcrack_0124,ablation_no_detection,deepcrack,0.8099836035707779,0.8950176144942124,0.868359375,0.9233644859813084,0.8950176144942125
deepcrack_0125,ablation_no_detection,deepcrack,0.7648514851485149,0.8667601683029453,0.828735632183908,0.9084418311633768,0.8667601683029453
deepcrack_0126,ablation_no_detection,deepcrack,0.8046840477242598,0.8917727717923605,0.9712,0.8243549117247624,0.8917727717923604
deepcrack_0127,ablation_no_detection,deepcrack,0.7598637015781923,0.8635483542239886,0.9934349355216882,0.7636986301369864,0.8635483542239886
deepcrack_0128,ablation_no_detection,deepcrack,0.747756985388362,0.8556761513640364,0.9891488640217024,0.7539415869733781,0.8556761513640364
deepcrack_0129,ablation_no_detection,deepcrack,0.7353538509607874,0.8474972992437882,0.9901135885570046,0.7407932011331445,0.8474972992437882
deepcrack_0130,ablation_no_detection,deepcrack,0.8278862889189712,0.9058400338552688,0.9915460335842502,0.8337715454279871,0.9058400338552688
deepcrack_0131,ablation_no_detection,deepcrack,0.5899877686528044,0.742128688389472,1.0,0.5899877686528044,0.742128688389472
deepcrack_0132,ablation_no_detection,deepcrack,0.7960919124298896,0.8864712400523824,0.9497086121303692,0.831129580657348,0.8864712400523824
deepcrack_0133,ablation_no_detection,deepcrack,0.8487305312566674,0.9181765724177726,0.8977657413676371,0.9395370807746812,0.9181765724177726
deepcrack_0134,ablation_no_detection,deepcrack,0.4118242266551026,0.5833930582573974,0.4218865689323264,0.9452554744525548,0.5833930582573974
deepcrack_0135,ablation_no_detection,deepcrack,0.5636007827788649,0.72090112640801,0.6073813708260105,0.8866085171883017,0.72090112640801
deepcrack_0136,ablation_no_detection,deepcrack,0.7198102016607355,0.8370809766864395,0.9733718318896376,0.7342691190706679,0.8370809766864394
deepcrack_0137,ablation_no_detection,deepcrack,0.4056449531021426,0.5771655953474135,0.4539676425269646,0.792135775499916,0.5771655953474135
deepcrack_0138,ablation_no_detection,deepcrack,0.6703814338235294,0.8026686842286265,0.7014064190407501,0.9381028938906752,0.8026686842286265
deepcrack_0139,ablation_no_detection,deepcrack,0.7053172475424486,0.8271976942224551,0.8785306803951579,0.7815323678673103,0.827197694222455
deepcrack_0140,ablation_no_detection,deepcrack,0.7598917117867555,0.8635664418412022,0.815327896324433,0.9178719657904666,0.8635664418412022
deepcrack_0141,ablation_no_detection,deepcrack,0.7765409934171155,0.8742168025331806,0.7907373552711761,0.977402832178367,0.8742168025331806
deepcrack_0142,ablation_no_detection,deepcrack,0.7786465008972059,0.8755494703466167,0.7985015772870663,0.9690540756101452,0.8755494703466167
deepcrack_0143,ablation_no_detection,deepcrack,0.7099871959026889,0.8304005990265818,0.7557928214447979,0.9213514261977293,0.8304005990265817
deepcrack_0144,ablation_no_detection,deepcrack,0.5497870074547391,0.7095000858958942,0.5853174603174603,0.9005669428696031,0.7095000858958942
deepcrack_0145,ablation_no_detection,deepcrack,0.5653603727048506,0.7223389355742297,0.5978843645848427,0.9122263984081362,0.7223389355742296
deepcrack_0146,ablation_no_detection,deepcrack,0.7711480362537765,0.8707889125799574,0.7857875833760903,0.976410583359898,0.8707889125799574
deepcrack_0147,ablation_no_detection,deepcrack,0.7856763925729443,0.8799762329174093,0.9730617608409988,0.8031453362255966,0.8799762329174095
deepcrack_0148,ablation_no_detection,deepcrack,0.7473133094516395,0.8553855858697367,0.8066627007733492,0.9103726082578046,0.8553855858697367
deepcrack_0149,ablation_no_detection,deepcrack,0.8072736269173676,0.8933607118412047,0.8755030855916287,0.9119619899385132,0.8933607118412047
deepcrack_0150,ablation_no_detection,deepcrack,0.6822522225880804,0.8111176355451165,0.7687360870640614,0.8584449661648943,0.8111176355451165
deepcrack_0151,ablation_no_detection,deepcrack,0.6908419497784343,0.8171573337992487,0.7679802955665025,0.8730632816875117,0.8171573337992487
deepcrack_0152,ablation_no_detection,deepcrack,0.6792434715821812,0.8089874792750558,0.8759440386282036,0.7515402591884427,0.8089874792750557
deepcrack_0153,ablation_no_detection,deepcrack,0.6821370750134916,0.8110362528071864,0.9081764621353644,0.7326686760955251,0.8110362528071864
deepcrack_0154,ablation_no_detection,deepcrack,0.8035648882920279,0.8910850876599201,0.9022618231665523,0.8801818668093073,0.8910850876599201
deepcrack_0155,ablation_no_detection,deepcrack,0.778264395782644,0.8753078536896834,0.9493470518401268,0.8119817227957353,0.8753078536896836
deepcrack_0156,ablation_no_detection,deepcrack,0.8196049198658218,0.9008603031544448,0.8401146131805157,0.9710752925590638,0.9008603031544448
deepcrack_0157,ablation_no_detection,deepcrack,0.603558282208589,0.7527737393832734,0.8056010481493613,0.706448369955479,0.7527737393832734
deepcrack_0158,ablation_no_detection,deepcrack,0.7351428258728248,0.8473571338463479,0.9161211129296236,0.7881952593287961,0.847357133846348
deepcrack_0159,ablation_no_detection,deepcrack,0.7478737478737478,0.8557525951557093,0.7661181026137464,0.9691403379867743,0.8557525951557092
deepcrack_0160,ablation_no_detection,deepcrack,0.91073302011586,0.9532812910310584,0.9943227091633466,0.915493603558164,0.9532812910310584
deepcrack_0161,ablation_no_detection,deepcrack,0.9414701701957068,0.9698528307553688,0.9994970208156,0.9419164296652812,0.9698528307553688
deepcrack_0162,ablation_no_detection,deepcrack,0.817803155687962,0.899770861469825,0.9990901125564468,0.8184126984126984,0.899770861469825
deepcrack_0163,ablation_no_detection,deepcrack,0.9200487189525424,0.9583597643860444,0.998395090866179,0.9214114571988672,0.9583597643860444
deepcrack_0164,ablation_no_detection,deepcrack,0.9151227642797616,0.9556805248711254,0.9958144401813742,0.9186562841881716,0.9556805248711254
deepcrack_0165,ablation_no_detection,deepcrack,0.8338098641887062,0.9093743909569284,0.97834623155808,0.8494869248593181,0.9093743909569284
deepcrack_0166,ablation_no_detection,deepcrack,0.9252280475444578,0.9611620282849552,0.9998008662318912,0.9253985807759654,0.9611620282849552
deepcrack_0167,ablation_no_detection,deepcrack,0.651541295527678,0.7890099960467611,0.998713274715848,0.6520886814469078,0.789009996046761
deepcrack_0168,ablation_no_detection,deepcrack,0.7324040219378428,0.8455348898562195,0.7907722674562053,0.9084467120181404,0.8455348898562195
deepcrack_0169,ablation_no_detection,deepcrack,0.651584805226228,0.7890418986229124,0.9812947892627232,0.6597795018374847,0.7890418986229123
deepcrack_0170,ablation_no_detection,deepcrack,0.7147755362411291,0.8336665891653104,0.9640782964078296,0.7343327598918653,0.8336665891653104
deepcrack_0171,ablation_no_detection,deepcrack,0.753344285379019,0.8593227144960514,0.8079536873898817,0.9176672384219554,0.8593227144960514
deepcrack_0172,ablation_no_detection,deepcrack,0.600714427465767,0.7505578973468882,0.6461045891141942,0.8952972493345164,0.7505578973468882
deepcrack_0173,ablation_no_detection,deepcrack,0.5627666451195863,0.7202183984116479,0.5945909028821199,0.9131529263687854,0.7202183984116479
deepcrack_0174,ablation_no_detection,deepcrack,0.486668916638542,0.6547105561861521,0.4871621621621622,0.997923875432526,0.6547105561861521
deepcrack_0175,ablation_no_detection,deepcrack,0.285766092475068,0.4445071217035679,0.2858179180268407,0.9993658845909956,0.4445071217035679
deepcrack_0176,ablation_no_detection,deepcrack,0.3507591773976552,0.5193511667615254,0.3540939076445479,0.9738527214514408,0.5193511667615253
deepcrack_0177,ablation_no_detection,deepcrack,0.4334905660377358,0.6048042119118131,0.4376190476190476,0.9787007454739084,0.6048042119118131
deepcrack_0178,ablation_no_detection,deepcrack,0.8569038590229757,0.9229383146134904,0.8985964912280702,0.9486356340288924,0.9229383146134904
deepcrack_0179,ablation_no_detection,deepcrack,0.2679414157851912,0.4226400564717962,0.2931540995281759,0.7570114942528736,0.4226400564717962
deepcrack_0180,ablation_no_detection,deepcrack,0.9082239425558174,0.9519049858889934,0.9665671641791044,0.937680991544075,0.9519049858889934
deepcrack_0181,ablation_no_detection,deepcrack,0.7833920877399139,0.8785416209092906,0.8149959250203749,0.952834683182468,0.8785416209092907
deepcrack_0182,ablation_no_detection,deepcrack,0.85669910954649,0.9228195404862816,0.909830657576424,0.936184657162254,0.9228195404862816
deepcrack_0183,ablation_no_detection,deepcrack,0.7616916008952762,0.8647275158809763,0.8379989631933644,0.8932172952065203,0.8647275158809763
deepcrack_0184,ablation_no_detection,deepcrack,0.7641802641802642,0.8663290024223739,0.8151678408619976,0.924342105263158,0.866329002422374
deepcrack_0185,ablation_no_detection,deepcrack,0.7379397272831443,0.8492121052284565,0.8456992777413,0.8527542372881356,0.8492121052284565
deepcrack_0186,ablation_no_detection,deepcrack,0.741278800777274,0.8514188542884472,0.8208832872220514,0.8843139419361961,0.8514188542884471
deepcrack_0187,ablation_no_detection,deepcrack,0.7951434878587197,0.8858829316281358,0.97088948787062,0.8145635459068294,0.8858829316281357
deepcrack_0188,ablation_no_detection,deepcrack,0.8242746219861055,0.903673835125448,0.9442883895131086,0.8664089347079038,0.903673835125448
deepcrack_0189,ablation_no_detection,deepcrack,0.6958846403110823,0.820674500812076,0.9057359763812736,0.7502183406113537,0.8206745008120762
deepcrack_0190,ablation_no_detection,deepcrack,0.8125783011776497,0.896599391761128,0.889589905362776,0.9037202173610144,0.896599391761128
deepcrack_0191,ablation_no_detection,deepcrack,0.7941254300079386,0.8852507374631269,0.854498861047836,0.9182986536107712,0.8852507374631269
deepcrack_0192,ablation_no_detection,deepcrack,0.6364050056882822,0.7778086763070078,0.6516775396085741,0.9644827586206896,0.7778086763070078
deepcrack_0193,ablation_no_detection,deepcrack,0.7352880446004543,0.847453593526892,0.8492725971857858,0.8456423652339112,0.847453593526892
deepcrack_0194,ablation_no_detection,deepcrack,0.8310852874040258,0.9077515865820488,0.9075458871515976,0.907957379279075,0.9077515865820488
deepcrack_0195,ablation_no_detection,deepcrack,0.7190316765387587,0.8365543071161049,0.7322318384474167,0.9755415793151644,0.8365543071161048
deepcrack_0196,ablation_no_detection,deepcrack,0.7513930561508787,0.8580518844836026,0.792316384180791,0.9356818788364024,0.8580518844836026
deepcrack_0197,ablation_no_detection,deepcrack,0.7426923076923077,0.8523504745089384,0.7522399688352162,0.9831975560081466,0.8523504745089384
deepcrack_0198,ablation_no_detection,deepcrack,0.5516363293407526,0.7110381716508631,0.678617008933751,0.7467126260691944,0.7110381716508631
deepcrack_0199,ablation_no_detection,deepcrack,0.287381473377097,0.4464589235127478,0.7458085451595458,0.3185861152824304,0.4464589235127478
deepcrack_0200,ablation_no_detection,deepcrack,0.7027851189266111,0.8254536771728749,0.8054520037278659,0.8464740450538688,0.8254536771728749
deepcrack_0201,ablation_no_detection,deepcrack,0.5856802693160358,0.7387116818558409,0.6978086480140873,0.7847084708470847,0.7387116818558409
deepcrack_0202,ablation_no_detection,deepcrack,0.6013907860424687,0.7510856079404467,0.8341370995521874,0.6830747531734838,0.7510856079404467
deepcrack_0203,ablation_no_detection,deepcrack,0.6051394860513949,0.7540023671587865,0.7430325352977286,0.7653009610520991,0.7540023671587864
deepcrack_0204,ablation_no_detection,deepcrack,0.5811913504691962,0.7351309508450522,0.7615610799251537,0.7104738154613466,0.7351309508450521
deepcrack_0205,ablation_no_detection,deepcrack,0.5581808097615086,0.7164519114401652,0.6576058546785154,0.7868647380766224,0.7164519114401652
deepcrack_0206,ablation_no_detection,deepcrack,0.5520278950266104,0.7113633676244531,0.5842478391764592,0.9091733413933808,0.7113633676244532
deepcrack_0207,ablation_no_detection,deepcrack,0.509062661833247,0.6746739876458476,0.5157397691500525,0.9751984126984128,0.6746739876458477
deepcrack_0208,ablation_no_detection,deepcrack,0.5495945945945946,0.7093398447719543,0.5654894327030033,0.951345029239766,0.7093398447719542
deepcrack_0209,ablation_no_detection,deepcrack,0.4296904140246176,0.6010957474563006,0.441463881969726,0.9415610952186352,0.6010957474563006
deepcrack_0210,ablation_no_detection,deepcrack,0.3976759199483538,0.5690531177829099,0.4123947972456006,0.9176420515003192,0.56905311778291
deepcrack_0211,ablation_no_detection,deepcrack,0.5755891507336593,0.7306335543953718,0.7809954751131222,0.686373276776246,0.7306335543953718
deepcrack_0212,ablation_no_detection,deepcrack,0.328125,0.4941176470588235,0.3353204172876304,0.9386174016686532,0.4941176470588235
deepcrack_0213,ablation_no_detection,deepcrack,0.6085125582794405,0.7566152407667134,0.6665568369028007,0.8748108108108108,0.7566152407667134
deepcrack_0214,ablation_no_detection,deepcrack,0.5419291614167716,0.7029235518431087,0.5643679836710891,0.9316486161251504,0.7029235518431088
deepcrack_0215,ablation_no_detection,deepcrack,0.6751516945389966,0.8060782754660306,0.820946553895987,0.7917389795209997,0.8060782754660306
deepcrack_0216,ablation_no_detection,deepcrack,0.6964144684883905,0.8210428305400372,0.7387734584450402,0.9239312657166806,0.8210428305400372
deepcrack_0217,ablation_no_detection,deepcrack,0.7940020682523268,0.8851740834678349,0.8636670416197976,0.9077796169307164,0.8851740834678349
deepcrack_0218,ablation_no_detection,deepcrack,0.6386564125763402,0.7794878873628269,0.668284023668639,0.9350885908262956,0.779487887362827
deepcrack_0219,ablation_no_detection,deepcrack,0.4879554051363727,0.6558736954776558,0.5364412344057781,0.8437177280550775,0.6558736954776558
deepcrack_0220,ablation_no_detection,deepcrack,0.655558382091071,0.7919483712354026,0.6722316421025173,0.9635445877734156,0.7919483712354026
deepcrack_0221,ablation_no_detection,deepcrack,0.7509946949602122,0.8577920848324181,0.8208008697227759,0.8982748364069006,0.8577920848324181
deepcrack_0222,ablation_no_detection,deepcrack,0.740302432610125,0.8507744616547034,0.7544388609715242,0.9753139887397142,0.8507744616547034
deepcrack_0223,ablation_no_detection,deepcrack,0.692915270464337,0.8186059663509119,0.7253821097469306,0.9393251135626216,0.8186059663509119
deepcrack_0224,ablation_no_detection,deepcrack,0.7118596881959911,0.8316799479590177,0.7879815100154083,0.8805096418732782,0.8316799479590177
deepcrack_0225,ablation_no_detection,deepcrack,0.2092829349638688,0.3461273270512526,0.2631027253668763,0.5057085292142377,0.3461273270512525
deepcrack_0226,ablation_no_detection,deepcrack,0.3800277392510402,0.5507537688442211,0.4391025641025641,0.738544474393531,0.5507537688442211
deepcrack_0227,ablation_no_detection,deepcrack,0.8453005546394843,0.916165718927701,0.8908372827804107,0.9429765886287624,0.9161657189277008
deepcrack_0228,ablation_no_detection,deepcrack,0.7479364297154121,0.8557936284183817,0.7578329796529771,0.9828395661324268,0.8557936284183816
deepcrack_0229,ablation_no_detection,deepcrack,0.7320521316545173,0.8453003443438337,0.735953808572063,0.9928100659077292,0.8453003443438336
deepcrack_0230,ablation_no_detection,deepcrack,0.901165347405453,0.9480136471404614,0.979213952932744,0.9187401927818876,0.9480136471404615
deepcrack_0231,ablation_no_detection,deepcrack,0.8112359550561797,0.8957816377171216,0.8438164045898853,0.9545673076923076,0.8957816377171215
deepcrack_0232,ablation_no_detection,deepcrack,0.6649576460098083,0.7987682420672111,0.6680851063829787,0.9930093209054592,0.7987682420672111
deepcrack_0233,ablation_no_detection,deepcrack,0.8199612403100776,0.9010754978170588,0.9730910763569456,0.8389847313107277,0.9010754978170588
deepcrack_0234,ablation_no_detection,deepcrack,0.8519869562814348,0.9200787871553062,0.9949012520975862,0.8557233263017653,0.9200787871553062
deepcrack_0235,ablation_no_detection,deepcrack,0.9190994290638802,0.9578445130508,0.9888734353268428,0.9287036029171656,0.9578445130508
deepcrack_0236,ablation_no_detection,deepcrack,0.3870244765555883,0.5580643789599014,0.9964315541720448,0.38756164545374,0.5580643789599014
deepcrack_0000,ablation_no_stability,deepcrack,0.5910299003322259,0.7429525997076634,0.6138716356107661,0.940772078265468,0.7429525997076634
deepcrack_0001,ablation_no_stability,deepcrack,0.7090495449949444,0.8297589114036386,0.7616073852837361,0.9113060428849904,0.8297589114036386
deepcrack_0002,ablation_no_stability,deepcrack,0.6819477241266998,0.8109024012393493,0.7500447787927638,0.8825079030558483,0.8109024012393493
deepcrack_0003,ablation_no_stability,deepcrack,0.53667725493093,0.6984905297567542,0.6085099254543932,0.8196998758885253,0.6984905297567542
deepcrack_0004,ablation_no_stability,deepcrack,0.6480469270763898,0.7864423232486653,0.8411489877141374,0.7384171350448124,0.7864423232486653
deepcrack_0005,ablation_no_stability,deepcrack,0.6054179290679024,0.7542184724689165,0.7794860027535567,0.7305376344086022,0.7542184724689166
deepcrack_0006,ablation_no_stability,deepcrack,0.3866666666666666,0.5576923076923077,0.6990358126721763,0.4638939670932358,0.5576923076923077
deepcrack_0007,ablation_no_stability,deepcrack,0.7208445040214477,0.83777994157741,0.858339984038308,0.8181818181818182,0.83777994157741
deepcrack_0008,ablation_no_stability,deepcrack,0.743046357615894,0.8525835866261399,0.9048387096774192,0.8060344827586207,0.8525835866261399
deepcrack_0009,ablation_no_stability,deepcrack,0.657167530224525,0.7931214174048984,0.7861570247933884,0.8002103049421662,0.7931214174048985
deepcrack_0010,ablation_no_stability,deepcrack,0.3909465020576131,0.5621301775147929,0.641169853768279,0.5004389815627743,0.5621301775147929
deepcrack_0011,ablation_no_stability,deepcrack,0.7297415681121332,0.8437579133957964,0.8003843382176316,0.8921017402945114,0.8437579133957964
deepcrack_0012,ablation_no_stability,deepcrack,0.4765668245279537,0.6455066125169218,0.9808848661307678,0.481034268686367,0.6455066125169218
deepcrack_0013,ablation_no_stability,deepcrack,0.4483398786147804,0.6191086570696115,0.9517962710322874,0.4587564842551326,0.6191086570696115
deepcrack_0014,ablation_no_stability,deepcrack,0.4398697816928379,0.6109855033914084,0.9106045589692764,0.4597218052636845,0.6109855033914083
deepcrack_0015,ablation_no_stability,deepcrack,0.2586172243995578,0.4109545291229191,0.9665727699530516,0.2609511255323464,0.4109545291229191
deepcrack_0016,ablation_no_stability,deepcrack,0.3151081166884193,0.479212488600397,0.5527162479891102,0.4229640151515151,0.4792124886003969
deepcrack_0017,ablation_no_stability,deepcrack,0.1869833912707609,0.3150564576486284,0.9166824465063436,0.1902161100196463,0.3150564576486284
deepcrack_0018,ablation_no_stability,deepcrack,0.4802384632369176,0.6488663484486874,0.8446601941747572,0.5267619278275611,0.6488663484486873
deepcrack_0019,ablation_no_stability,deepcrack,0.4140683774972833,0.5856412378447078,0.9800178059155208,0.4175939976395211,0.5856412378447078
deepcrack_0020,ablation_no_stability,deepcrack,0.6095137655417406,0.7573886953822809,0.9510653040013858,0.6292476075869577,0.7573886953822808
deepcrack_0021,ablation_no_stability,deepcrack,0.7129646754207509,0.8324335996545023,0.9336401065633324,0.7510227936879018,0.8324335996545024
deepcrack_0022,ablation_no_stability,deepcrack,0.5253962594405368,0.6888652783680408,0.9563960349303752,0.5382903825717322,0.6888652783680408
deepcrack_0023,ablation_no_stability,deepcrack,0.6434293401822295,0.7830325581395349,0.9382914214374888,0.6718600344805568,0.7830325581395349
deepcrack_0024,ablation_no_stability,deepcrack,0.4820464992338951,0.6505146761361082,0.9291217257318952,0.5004495469949513,0.6505146761361082
deepcrack_0025,ablation_no_stability,deepcrack,0.6899555859241544,0.8165369453148691,0.8224394217063734,0.8107185869128863,0.8165369453148691
deepcrack_0026,ablation_no_stability,deepcrack,0.7537511032656664,0.8595873175641671,0.8743281289992322,0.8453353130413264,0.8595873175641671
deepcrack_0027,ablation_no_stability,deepcrack,0.5448539638386648,0.7053792482556831,0.572211064451342,0.9193311821648578,0.705379248255683
deepcrack_0028,ablation_no_stability,deepcrack,0.562489126022154,0.7199910919753545,0.688604898828541,0.7543750486116513,0.7199910919753546
deepcrack_0029,ablation_no_stability,deepcrack,0.5355477120887432,0.6975331445224315,0.9998823252530008,0.535581468641664,0.6975331445224315
deepcrack_0030,ablation_no_stability,deepcrack,0.7711764404083936,0.8708070216094085,1.0,0.7711764404083936,0.8708070216094085
deepcrack_0031,ablation_no_stability,deepcrack,0.8825828061034611,0.9376297321340318,0.9989469250210616,0.8834047308623579,0.937629732134032
deepcrack_0032,ablation_no_stability,deepcrack,0.6145631067961165,0.7612748045700541,0.6365647626709574,0.9467544122046068,0.761274804570054
deepcrack_0033,ablation_no_stability,deepcrack,0.7652439024390244,0.8670120898100173,0.7897002815035602,0.9611043933897622,0.8670120898100173
deepcrack_0034,ablation_no_stability,deepcrack,0.7433171799280913,0.8527618364418939,0.7601918465227818,0.9710026546865428,0.852761836441894
deepcrack_0035,ablation_no_stability,deepcrack,0.6242435030259879,0.7686575342465753,0.7352201257861635,0.8052812858783008,0.7686575342465753
deepcrack_0036,ablation_no_stability,deepcrack,0.5666158794650414,0.7233628701102226,1.0,0.5666158794650414,0.7233628701102226
deepcrack_0037,ablation_no_stability,deepcrack,0.2701896879658664,0.4254320288154113,0.9749582637729548,0.2720778548503986,0.4254320288154114
deepcrack_0038,ablation_no_stability,deepcrack,0.461610741574145,0.6316466189581958,0.9880385307505029,0.4642048986696506,0.631646618958196
deepcrack_0039,ablation_no_stability,deepcrack,0.1637390525477707,0.281401663352789,0.9042319318494092,0.1666286871755918,0.281401663352789
deepcrack_0040,ablation_no_stability,deepcrack,0.686204431736955,0.8139041966935142,0.743225806451613,0.8994378513429107,0.8139041966935142
deepcrack_0041,ablation_no_stability,deepcrack,0.5908178625188159,0.7427850496767071,0.9672450970325496,0.60288,0.7427850496767071
deepcrack_0042,ablation_no_stability,deepcrack,0.3855071613054707,0.556485267015485,0.9310320385596824,0.3968397836792652,0.5564852670154851
deepcrack_0043,ablation_no_stability,deepcrack,0.5062168254199084,0.672169925174994,0.9561873369042714,0.5182373083221676,0.672169925174994
deepcrack_0044,ablation_no_stability,deepcrack,0.7250255710876236,0.8405968969265738,0.978488438973887,0.7367691641403205,0.8405968969265738
deepcrack_0045,ablation_no_stability,deepcrack,0.8277140335392763,0.9057369132702338,0.8489951113525258,0.9706064996895052,0.9057369132702336
deepcrack_0046,ablation_no_stability,deepcrack,0.6500318268618714,0.7879021680425893,0.677368002122579,0.9415452701456758,0.7879021680425894
deepcrack_0047,ablation_no_stability,deepcrack,0.5211924272393331,0.6852419429739017,0.6126889221059625,0.7772861356932154,0.6852419429739017
deepcrack_0048,ablation_no_stability,deepcrack,0.6169330242771746,0.7630903878074543,0.6272637062763582,0.9739984591679508,0.7630903878074543
deepcrack_0049,ablation_no_stability,deepcrack,0.8224486083318173,0.9025753643441804,0.8482176360225141,0.964377133105802,0.9025753643441804
deepcrack_0050,ablation_no_stability,deepcrack,0.7532677338816273,0.8592729100351818,0.775945537065053,0.96265015015015,0.8592729100351818
deepcrack_0051,ablation_no_stability,deepcrack,0.5315361139369278,0.6941215543008967,0.5425752855659398,0.9631336405529954,0.6941215543008968
deepcrack_0052,ablation_no_stability,deepcrack,0.7965154503616042,0.8867337602927722,0.8065912117177098,0.9845591223080048,0.8867337602927723
deepcrack_0053,ablation_no_stability,deepcrack,0.8233471074380165,0.903116147308782,0.8681917211328976,0.9409681227863046,0.9031161473087818
deepcrack_0054,ablation_no_stability,deepcrack,0.8165003650523242,0.8989817792068596,0.8732431025507548,0.9262838210933186,0.8989817792068595
deepcrack_0055,ablation_no_stability,deepcrack,0.7119366626065774,0.831732479544646,0.9143924908743264,0.7627782208366563,0.831732479544646
deepcrack_0056,ablation_no_stability,deepcrack,0.5141179128077705,0.6790989109354021,0.6389668725435149,0.7246099968163006,0.6790989109354021
deepcrack_0057,ablation_no_stability,deepcrack,0.5303867403314917,0.6931407942238267,0.5714285714285714,0.8807339449541285,0.6931407942238267
deepcrack_0058,ablation_no_stability,deepcrack,0.3943422913719943,0.5656319740312437,0.4065325167687372,0.9293333333333332,0.5656319740312437
deepcrack_0059,ablation_no_stability,deepcrack,0.8102962520276615,0.8952084512356159,0.9243280093494352,0.8678675932699341,0.8952084512356159
deepcrack_0060,ablation_no_stability,deepcrack,0.7281709805606272,0.8427071033496986,0.9529163738580464,0.7553475935828877,0.8427071033496987
deepcrack_0061,ablation_no_stability,deepcrack,0.8070669568557163,0.8932341480694297,0.970742223591007,0.8271880330665267,0.8932341480694296
deepcrack_0062,ablation_no_stability,deepcrack,0.3172347659314793,0.4816677696889477,0.385222039908961,0.6425355345634325,0.4816677696889477
deepcrack_0063,ablation_no_stability,deepcrack,0.724976613657624,0.8405639913232104,0.8968020197769829,0.7909630729263314,0.8405639913232104
deepcrack_0064,ablation_no_stability,deepcrack,0.6336842105263157,0.7757731958762887,0.7888275862068965,0.763143848412063,0.7757731958762887
deepcrack_0065,ablation_no_stability,deepcrack,0.5831844351796704,0.7367233055363973,0.8305060785976817,0.6619718309859155,0.7367233055363973
deepcrack_0066,ablation_no_stability,deepcrack,0.4716441801966613,0.6409758371532903,0.7351630725360898,0.5681818181818182,0.6409758371532904
deepcrack_0067,ablation_no_stability,deepcrack,0.7737549981824791,0.8724485613574883,0.8208391176924263,0.9309832050384884,0.8724485613574884
deepcrack_0068,ablation_no_stability,deepcrack,0.6678486997635934,0.8008504606661941,0.6762417713943746,0.9817549956559514,0.8008504606661941
deepcrack_0069,ablation_no_stability,deepcrack,0.65715069997255,0.7931091601788968,0.6755079006772009,0.96028880866426,0.7931091601788969
deepcrack_0070,ablation_no_stability,deepcrack,0.7461284772010324,0.854608909874769,0.7790836951639467,0.9463490042738928,0.854608909874769
deepcrack_0071,ablation_no_stability,deepcrack,0.7380107304993809,0.8492591185410334,0.7639268626110731,0.9560521813515824,0.8492591185410334
deepcrack_0072,ablation_no_stability,deepcrack,0.7035421926401959,0.8259756590470203,0.7143079074102843,0.9790269349515596,0.8259756590470203
deepcrack_0073,ablation_no_stability,deepcrack,0.5206384923704381,0.6847630057803468,0.5268625916174482,0.9778129952456418,0.6847630057803468
deepcrack_0074,ablation_no_stability,deepcrack,0.7481345190636819,0.855923283826453,0.7859750859106529,0.9395378690629012,0.855923283826453
deepcrack_0075,ablation_no_stability,deepcrack,0.6335927367055771,0.7757046447002779,0.6464965811337402,0.9694597574421168,0.775704644700278
deepcrack_0076,ablation_no_stability,deepcrack,0.7597985347985348,0.8635062704896707,0.7786223723723724,0.9691624810185726,0.8635062704896707
deepcrack_0077,ablation_no_stability,deepcrack,0.6095191243389497,0.7573928325819516,0.6202753441802252,0.972336668628605,0.7573928325819514
deepcrack_0078,ablation_no_stability,deepcrack,0.6024190401872805,0.7518870221572924,0.6114851485148515,0.9759797724399494,0.7518870221572924
deepcrack_0079,ablation_no_stability,deepcrack,0.7381504806098773,0.8493516399694889,0.8350206224221972,0.8641831587116803,0.849351639969489
deepcrack_0080,ablation_no_stability,deepcrack,0.7330230010952903,0.8459472270500868,0.8685918234912394,0.8244533415460426,0.845947227050087
deepcrack_0081,ablation_no_stability,deepcrack,0.7879646418857661,0.8814096469544274,0.9677105080027836,0.8092411545623837,0.8814096469544275
deepcrack_0082,ablation_no_stability,deepcrack,0.6998505231689088,0.823425958494548,0.972849425128134,0.7137920520378087,0.823425958494548
deepcrack_0083,ablation_no_stability,deepcrack,0.7258304940374787,0.8411376395829477,0.9309026355318858,0.767161827593968,0.8411376395829477
deepcrack_0084,ablation_no_stability,deepcrack,0.8670273644782021,0.928778421756576,0.9393529478074624,0.9184393254711782,0.928778421756576
deepcrack_0085,ablation_no_stability,deepcrack,0.7611637347767253,0.8643872454859777,0.9647336263265088,0.7829491083079599,0.8643872454859777
deepcrack_0086,ablation_no_stability,deepcrack,0.8009249949728534,0.8894595801697186,0.9496900333810204,0.8364132717345653,0.8894595801697185
deepcrack_0087,ablation_no_stability,deepcrack,0.7627632988218493,0.8654177215189873,0.9091489361702128,0.8257004830917875,0.8654177215189873
deepcrack_0088,ablation_no_stability,deepcrack,0.7880956005480286,0.8814915715988422,0.9492115878254492,0.8227908455181182,0.8814915715988422
deepcrack_0089,ablation_no_stability,deepcrack,0.5159464049820721,0.6806921449022781,0.8567847069884049,0.5646427096241222,0.6806921449022781
deepcrack_0090,ablation_no_stability,deepcrack,0.5158491234283691,0.680607476635514,0.8296781543719738,0.5769459298871064,0.6806074766355141
deepcrack_0091,ablation_no_stability,deepcrack,0.6907253699025623,0.8170757737459978,0.9721904761904762,0.7046479521398987,0.8170757737459978
deepcrack_0092,ablation_no_stability,deepcrack,0.5600343975061808,0.717976986150348,0.9763868065967016,0.5677236569685082,0.717976986150348
deepcrack_0093,ablation_no_stability,deepcrack,0.7714535052845922,0.8709836334774755,0.9864848109113452,0.7796942375539004,0.8709836334774755
deepcrack_0094,ablation_no_stability,deepcrack,0.5918342767674335,0.7435878035862904,0.9285714285714286,0.6200630914826498,0.7435878035862904
deepcrack_0095,ablation_no_stability,deepcrack,0.6753649399302416,0.8062302413447452,0.9299181785841336,0.711582959030897,0.8062302413447452
deepcrack_0096,ablation_no_stability,deepcrack,0.7947364078871381,0.8856302289234164,0.914641093809343,0.8584031366957762,0.8856302289234165
deepcrack_0097,ablation_no_stability,deepcrack,0.760097281334144,0.8636991709435452,0.948515066117494,0.792806667874615,0.8636991709435452
deepcrack_0098,ablation_no_stability,deepcrack,0.1177389977355518,0.2106735078118978,0.1196622889305816,0.879885956037892,0.2106735078118978
deepcrack_0099,ablation_no_stability,deepcrack,0.7930517370657336,0.8845832171731252,0.9108219309157018,0.8598139282810947,0.8845832171731252
deepcrack_0100,ablation_no_stability,deepcrack,0.7160136286201022,0.834508090936166,0.9376464026770776,0.7518111081298632,0.8345080909361661
deepcrack_0101,ablation_no_stability,deepcrack,0.5898260662377889,0.7420007493443237,0.6460073068893528,0.871501496215455,0.7420007493443237
deepcrack_0102,ablation_no_stability,deepcrack,0.7427514616394225,0.85238942900178,0.8297787256731538,0.8762668918918919,0.8523894290017799
deepcrack_0103,ablation_no_stability,deepcrack,0.8890655160667651,0.9412754703372004,0.9599117322545052,0.9233490566037736,0.9412754703372004
deepcrack_0104,ablation_no_stability,deepcrack,0.9249062667380824,0.9609883688574768,0.989570200573066,0.9340112505408914,0.9609883688574768
deepcrack_0105,ablation_no_stability,deepcrack,0.8589977683100021,0.9241514787733276,0.9994098902395846,0.8594336750228356,0.9241514787733276
deepcrack_0106,ablation_no_stability,deepcrack,0.8963259722493648,0.9453290049981964,0.995766391663048,0.8997547817557626,0.9453290049981964
deepcrack_0107,ablation_no_stability,deepcrack,0.6705022831050228,0.8027553028646403,0.6891308428759152,0.9612463995810422,0.8027553028646404
deepcrack_0108,ablation_no_stability,deepcrack,0.625703564727955,0.7697634160415464,0.6358436606291706,0.9751461988304092,0.7697634160415465
deepcrack_0109,ablation_no_stability,deepcrack,0.7826792414562418,0.8780931793617385,1.0,0.7826792414562418,0.8780931793617385
deepcrack_0110,ablation_no_stability,deepcrack,0.7578265858056057,0.8622313394563849,1.0,0.7578265858056057,0.862231339456385
deepcrack_0111,ablation_no_stability,deepcrack,0.4412065038095986,0.6122738173097886,0.9831962191493084,0.4445587653343886,0.6122738173097885
deepcrack_0112,ablation_no_stability,deepcrack,0.6596095036462009,0.7948972360028349,0.9958565171066652,0.6614247523195471,0.7948972360028349
deepcrack_0113,ablation_no_stability,deepcrack,0.8744202027143102,0.9330033910732288,0.9418077527985936,0.924362117497503,0.9330033910732288
deepcrack_0114,ablation_no_stability,deepcrack,0.8821214713430282,0.9373693300609036,0.9254240330252176,0.949627037480431,0.9373693300609036
deepcrack_0115,ablation_no_stability,deepcrack,0.8280635290689203,0.9059461182847124,0.9702919583404472,0.8496038271789506,0.9059461182847124
deepcrack_0116,ablation_no_stability,deepcrack,0.5713881019830028,0.7272399495222643,0.9442883895131086,0.5913221929053064,0.7272399495222642
deepcrack_0117,ablation_no_stability,deepcrack,0.8185777777777777,0.900239503397038,0.9110605461020972,0.8896724954110714,0.9002395033970381
deepcrack_0118,ablation_no_stability,deepcrack,0.5297656744775174,0.6926102256261644,0.6131574124977094,0.7957193816884661,0.6926102256261644
deepcrack_0119,ablation_no_stability,deepcrack,0.8151904997525977,0.898187270001363,0.9323712507074136,0.8664212463844333,0.8981872700013629
deepcrack_0120,ablation_no_stability,deepcrack,0.7161423718800768,0.8345955249569708,0.9332178598922248,0.7548256537982565,0.8345955249569708
deepcrack_0121,ablation_no_stability,deepcrack,0.7784967645594824,0.8754547998880493,0.9644398766700925,0.8015032456440041,0.8754547998880492
deepcrack_0122,ablation_no_stability,deepcrack,0.7895259369570613,0.8823855755894591,0.9302529609592044,0.8392032713362353,0.8823855755894592
deepcrack_0123,ablation_no_stability,deepcrack,0.7737317149081855,0.8724337603088261,0.970714564623194,0.7922243467176545,0.8724337603088259
deepcrack_0124,ablation_no_stability,deepcrack,0.8099836035707779,0.8950176144942124,0.868359375,0.9233644859813084,0.8950176144942125
deepcrack_0125,ablation_no_stability,deepcrack,0.7648514851485149,0.8667601683029453,0.828735632183908,0.9084418311633768,0.8667601683029453
deepcrack_0126,ablation_no_stability,deepcrack,0.8046840477242598,0.8917727717923605,0.9712,0.8243549117247624,0.8917727717923604
deepcrack_0127,ablation_no_stability,deepcrack,0.7598637015781923,0.8635483542239886,0.9934349355216882,0.7636986301369864,0.8635483542239886
deepcrack_0128,ablation_no_stability,deepcrack,0.747756985388362,0.8556761513640364,0.9891488640217024,0.7539415869733781,0.8556761513640364
deepcrack_0129,ablation_no_stability,deepcrack,0.7411341977815966,0.8513234634365187,0.9901899394698392,0.7466163046899591,0.8513234634365188
deepcrack_0130,ablation_no_stability,deepcrack,0.8374493536561837,0.9115346248753085,0.9889496468443836,0.8453598208199435,0.9115346248753085
deepcrack_0131,ablation_no_stability,deepcrack,0.6608733624454148,0.795814271441342,0.9994716682076344,0.6611043159182247,0.795814271441342
deepcrack_0132,ablation_no_stability,deepcrack,0.7960919124298896,0.8864712400523824,0.9497086121303692,0.831129580657348,0.8864712400523824
deepcrack_0133,ablation_no_stability,deepcrack,0.8487305312566674,0.9181765724177726,0.8977657413676371,0.9395370807746812,0.9181765724177726
deepcrack_0134,ablation_no_stability,deepcrack,0.4041695621959694,0.5756705928932,0.4102130060657356,0.964830789648308,0.5756705928932
deepcrack_0135,ablation_no_stability,deepcrack,0.5292957746478874,0.6922085098544851,0.5399425287356322,0.9640841457157516,0.6922085098544852
deepcrack_0136,ablation_no_stability,deepcrack,0.7198102016607355,0.8370809766864395,0.9733718318896376,0.7342691190706679,0.8370809766864394
deepcrack_0137,ablation_no_stability,deepcrack,0.4116429495472186,0.5832111436950147,0.45819333781319,0.8020500756175433,0.5832111436950147
deepcrack_0138,ablation_no_stability,deepcrack,0.6703814338235294,0.8026686842286265,0.7014064190407501,0.9381028938906752,0.8026686842286265
deepcrack_0139,ablation_no_stability,deepcrack,0.7177812223206377,0.8357073799548824,0.8718396987627757,0.8024507983661344,0.8357073799548824
deepcrack_0140,ablation_no_stability,deepcrack,0.7560515561144294,0.8610812746151092,0.8192346996707165,0.9074330272921644,0.8610812746151093
deepcrack_0141,ablation_no_stability,deepcrack,0.7738591683545812,0.8725147770016121,0.7872727272727272,0.97845736667671,0.872514777001612
deepcrack_0142,ablation_no_stability,deepcrack,0.7645801910507792,0.8665859391694565,0.7828828828828829,0.9703301962035412,0.8665859391694565
deepcrack_0143,ablation_no_stability,deepcrack,0.6851888866679992,0.8131894199976278,0.7112033195020747,0.9493215175851564,0.8131894199976278
deepcrack_0144,ablation_no_stability,deepcrack,0.5518954248366013,0.7112533692722371,0.5794674718638485,0.9206279982555604,0.7112533692722373
deepcrack_0145,ablation_no_stability,deepcrack,0.5705906996229577,0.7265937583355562,0.607674003569304,0.9033827105903162,0.7265937583355562
deepcrack_0146,ablation_no_stability,deepcrack,0.7714213709677419,0.8709631526532935,0.7864850976361768,0.975773031558814,0.8709631526532936
deepcrack_0147,ablation_no_stability,deepcrack,0.7872594558725946,0.880968292864038,0.9738959120013134,0.8042299349240781,0.880968292864038
deepcrack_0148,ablation_no_stability,deepcrack,0.7486939785537531,0.8562893081761006,0.8053830227743272,0.914065122524337,0.8562893081761007
deepcrack_0149,ablation_no_stability,deepcrack,0.814760147601476,0.8979259861732412,0.8718083706238484,0.9256567915036332,0.8979259861732412
deepcrack_0150,ablation_no_stability,deepcrack,0.6795489380337202,0.8092040936053713,0.7662962962962963,0.857202043916586,0.8092040936053712
deepcrack_0151,ablation_no_stability,deepcrack,0.724346717654557,0.8401404546294585,0.8318389752973467,0.8486092962478999,0.8401404546294585
deepcrack_0152,ablation_no_stability,deepcrack,0.6792434715821812,0.8089874792750558,0.8759440386282036,0.7515402591884427,0.8089874792750557
deepcrack_0153,ablation_no_stability,deepcrack,0.6820097244732577,0.8109462324147234,0.9093790520097969,0.7317412473916067,0.8109462324147234
deepcrack_0154,ablation_no_stability,deepcrack,0.6863402370405842,0.8139997160301008,0.8675847457627118,0.7666488365873229,0.8139997160301008
deepcrack_0155,ablation_no_stability,deepcrack,0.7786792146681811,0.8755701514322204,0.9497328319810012,0.8121509561685565,0.8755701514322205
deepcrack_0156,ablation_no_stability,deepcrack,0.8407148407148407,0.913465597298438,0.874873660804528,0.9556193420181056,0.9134655972984382
deepcrack_0157,ablation_no_stability,deepcrack,0.6010062893081761,0.7507856693903205,0.8287944492627927,0.686198477667672,0.7507856693903205
deepcrack_0158,ablation_no_stability,deepcrack,0.7353069696307625,0.8474661630468996,0.91416542170311,0.7898380661816475,0.8474661630468995
deepcrack_0159,ablation_no_stability,deepcrack,0.7478737478737478,0.8557525951557093,0.7661181026137464,0.9691403379867743,0.8557525951557092
deepcrack_0160,ablation_no_stability,deepcrack,0.91073302011586,0.9532812910310584,0.9943227091633466,0.915493603558164,0.9532812910310584
deepcrack_0161,ablation_no_stability,deepcrack,0.9356343623574006,0.9667470061007758,0.9995716844482516,0.9360096259024284,0.9667470061007758
deepcrack_0162,ablation_no_stability,deepcrack,0.817803155687962,0.899770861469825,0.9990901125564468,0.8184126984126984,0.899770861469825
deepcrack_0163,ablation_no_stability,deepcrack,0.9200487189525424,0.9583597643860444,0.998395090866179,0.9214114571988672,0.9583597643860444
deepcrack_0164,ablation_no_stability,deepcrack,0.9151227642797616,0.9556805248711254,0.9958144401813742,0.9186562841881716,0.9556805248711254
deepcrack_0165,ablation_no_stability,deepcrack,0.8338098641887062,0.9093743909569284,0.97834623155808,0.8494869248593181,0.9093743909569284
deepcrack_0166,ablation_no_stability,deepcrack,0.9252280475444578,0.9611620282849552,0.9998008662318912,0.9253985807759654,0.9611620282849552
deepcrack_0167,ablation_no_stability,deepcrack,0.651541295527678,0.7890099960467611,0.998713274715848,0.6520886814469078,0.789009996046761
deepcrack_0168,ablation_no_stability,deepcrack,0.7208781362007168,0.8378026555584484,0.7746750120365913,0.9121315192743764,0.8378026555584484
deepcrack_0169,ablation_no_stability,deepcrack,0.651584805226228,0.7890418986229124,0.9812947892627232,0.6597795018374847,0.7890418986229123
deepcrack_0170,ablation_no_stability,deepcrack,0.7147755362411291,0.8336665891653104,0.9640782964078296,0.7343327598918653,0.8336665891653104
deepcrack_0171,ablation_no_stability,deepcrack,0.7345173041894353,0.8469414544499869,0.7830097087378641,0.9222412807318467,0.8469414544499869
deepcrack_0172,ablation_no_stability,deepcrack,0.5992618492618492,0.7494230535649217,0.6358202802967848,0.9124519372966576,0.7494230535649216
deepcrack_0173,ablation_no_stability,deepcrack,0.5627666451195863,0.7202183984116479,0.5945909028821199,0.9131529263687854,0.7202183984116479
deepcrack_0174,ablation_no_stability,deepcrack,0.486668916638542,0.6547105561861521,0.4871621621621622,0.997923875432526,0.6547105561861521
deepcrack_0175,ablation_no_stability,deepcrack,0.3404487039860597,0.5079623009424764,0.3414900589906052,0.9911223842739378,0.5079623009424764
deepcrack_0176,ablation_no_stability,deepcrack,0.3575210825652088,0.5267263796590581,0.3611331220285261,0.972785485592316,0.5267263796590581
deepcrack_0177,ablation_no_stability,deepcrack,0.4334905660377358,0.6048042119118131,0.4376190476190476,0.9787007454739084,0.6048042119118131
deepcrack_0178,ablation_no_stability,deepcrack,0.8569038590229757,0.9229383146134904,0.8985964912280702,0.9486356340288924,0.9229383146134904
deepcrack_0179,ablation_no_stability,deepcrack,0.6520608243297319,0.7893908199103791,0.8341438443818787,0.7491954022988506,0.7893908199103791
deepcrack_0180,ablation_no_stability,deepcrack,0.9125138427464008,0.9542559351476548,0.954034965844622,0.9544770068342407,0.954255935147655
deepcrack_0181,ablation_no_stability,deepcrack,0.7833920877399139,0.8785416209092906,0.8149959250203749,0.952834683182468,0.8785416209092907
deepcrack_0182,ablation_no_stability,deepcrack,0.85669910954649,0.9228195404862816,0.909830657576424,0.936184657162254,0.9228195404862816
deepcrack_0183,ablation_no_stability,deepcrack,0.7546583850931677,0.8601769911504424,0.8184880239520959,0.9063406547865728,0.8601769911504425
deepcrack_0184,ablation_no_stability,deepcrack,0.7454597318626985,0.8541700713624231,0.7963433214829863,0.9210526315789472,0.854170071362423
deepcrack_0185,ablation_no_stability,deepcrack,0.7379397272831443,0.8492121052284565,0.8456992777413,0.8527542372881356,0.8492121052284565
deepcrack_0186,ablation_no_stability,deepcrack,0.7767273458714674,0.8743348805615306,0.8972929011269897,0.8525223534606469,0.8743348805615305
deepcrack_0187,ablation_no_stability,deepcrack,0.7944120558794412,0.8854287991172685,0.9669299772392556,0.8165988240615106,0.8854287991172685
deepcrack_0188,ablation_no_stability,deepcrack,0.8246125314611207,0.903876869464208,0.9167893961708394,0.8913230240549829,0.903876869464208
deepcrack_0189,ablation_no_stability,deepcrack,0.6958846403110823,0.820674500812076,0.9057359763812736,0.7502183406113537,0.8206745008120762
deepcrack_0190,ablation_no_stability,deepcrack,0.8125783011776497,0.896599391761128,0.889589905362776,0.9037202173610144,0.896599391761128
deepcrack_0191,ablation_no_stability,deepcrack,0.7941254300079386,0.8852507374631269,0.854498861047836,0.9182986536107712,0.8852507374631269
deepcrack_0192,ablation_no_stability,deepcrack,0.7120020964360587,0.8317771314863003,0.7478667767685109,0.936896551724138,0.8317771314863002
deepcrack_0193,ablation_no_stability,deepcrack,0.7263093539841043,0.8414590957384016,0.8366197183098592,0.8463547850866777,0.8414590957384016
deepcrack_0194,ablation_no_stability,deepcrack,0.8310852874040258,0.9077515865820488,0.9075458871515976,0.907957379279075,0.9077515865820488
deepcrack_0195,ablation_no_stability,deepcrack,0.7190316765387587,0.8365543071161049,0.7322318384474167,0.9755415793151644,0.8365543071161048
deepcrack_0196,ablation_no_stability,deepcrack,0.7513930561508787,0.8580518844836026,0.792316384180791,0.9356818788364024,0.8580518844836026
deepcrack_0197,ablation_no_stability,deepcrack,0.7547428124388813,0.8602318323673651,0.7650674068199841,0.9824338085539714,0.8602318323673651
deepcrack_0198,ablation_no_stability,deepcrack,0.5807429871114481,0.7347721822541966,0.692664179948005,0.7823311630282139,0.7347721822541967
deepcrack_0199,ablation_no_stability,deepcrack,0.2995410504844467,0.4609951342018521,0.7189718482252142,0.3392630241423126,0.4609951342018522
deepcrack_0200,ablation_no_stability,deepcrack,0.7023685850820693,0.8251662903521084,0.8226061564667234,0.8277424094025465,0.8251662903521084
deepcrack_0201,ablation_no_stability,deepcrack,0.5847070344377346,0.7379370719398527,0.6936779939974829,0.7882288228822882,0.7379370719398528
deepcrack_0202,ablation_no_stability,deepcrack,0.6013907860424687,0.7510856079404467,0.8341370995521874,0.6830747531734838,0.7510856079404467
deepcrack_0203,ablation_no_stability,deepcrack,0.6146926536731634,0.7613741875580315,0.7457257184430702,0.7776934749620638,0.7613741875580315
deepcrack_0204,ablation_no_stability,deepcrack,0.6074321587687322,0.7557795275590551,0.7637173774665817,0.7480049875311721,0.7557795275590551
deepcrack_0205,ablation_no_stability,deepcrack,0.5293233082706766,0.6922320550639135,0.6703779665983006,0.7155590304925723,0.6922320550639134
deepcrack_0206,ablation_no_stability,deepcrack,0.5899958999589996,0.742135121196493,0.6471051152332771,0.869880610548587,0.742135121196493
deepcrack_0207,ablation_no_stability,deepcrack,0.509062661833247,0.6746739876458476,0.5157397691500525,0.9751984126984128,0.6746739876458477
deepcrack_0208,ablation_no_stability,deepcrack,0.5495945945945946,0.7093398447719543,0.5654894327030033,0.951345029239766,0.7093398447719542
deepcrack_0209,ablation_no_stability,deepcrack,0.4224199288256228,0.5939454590943207,0.4279790877952046,0.970167552104618,0.5939454590943207
deepcrack_0210,ablation_no_stability,deepcrack,0.3994436717663421,0.5708606638839197,0.4144698864729652,0.916790806554586,0.5708606638839198
deepcrack_0211,ablation_no_stability,deepcrack,0.576601040959493,0.7314482560643032,0.7974960876369327,0.6755037115588547,0.731448256064303
deepcrack_0212,ablation_no_stability,deepcrack,0.328125,0.4941176470588235,0.3353204172876304,0.9386174016686532,0.4941176470588235
deepcrack_0213,ablation_no_stability,deepcrack,0.6011018463371054,0.7508602250534735,0.6587793733681462,0.8728648648648649,0.7508602250534734
deepcrack_0214,ablation_no_stability,deepcrack,0.5093439876272715,0.6749210144308769,0.5230280571731075,0.9511432009626956,0.674921014430877
deepcrack_0215,ablation_no_stability,deepcrack,0.6798875240491342,0.8094441018412475,0.8219717301842906,0.797292606733773,0.8094441018412476
deepcrack_0216,ablation_no_stability,deepcrack,0.6964144684883905,0.8210428305400372,0.7387734584450402,0.9239312657166806,0.8210428305400372
deepcrack_0217,ablation_no_stability,deepcrack,0.7940020682523268,0.8851740834678349,0.8636670416197976,0.9077796169307164,0.8851740834678349
deepcrack_0218,ablation_no_stability,deepcrack,0.7366595517609391,0.8483638039637426,0.7912308353632326,0.9143897996357012,0.8483638039637424
deepcrack_0219,ablation_no_stability,deepcrack,0.4907458310426975,0.6583896742470805,0.5120458891013384,0.9218588640275388,0.6583896742470805
deepcrack_0220,ablation_no_stability,deepcrack,0.6491139876838005,0.7872275567748819,0.6644796089026116,0.9656010469246588,0.7872275567748819
deepcrack_0221,ablation_no_stability,deepcrack,0.755691191026064,0.860847505402612,0.8180357142857143,0.9083878643664486,0.860847505402612
deepcrack_0222,ablation_no_stability,deepcrack,0.7709742277462986,0.8706780885540304,0.8317886018536778,0.913382416630576,0.8706780885540303
deepcrack_0223,ablation_no_stability,deepcrack,0.6927009034712316,0.8184563522719293,0.721609907120743,0.9453277092796886,0.8184563522719293
deepcrack_0224,ablation_no_stability,deepcrack,0.7126229735347097,0.832200647249191,0.7849511599511599,0.8855027548209367,0.832200647249191
deepcrack_0225,ablation_no_stability,deepcrack,0.2044153720359771,0.3394433129667346,0.2559726962457337,0.503693754197448,0.3394433129667344
deepcrack_0226,ablation_no_stability,deepcrack,0.3729439409197717,0.5432762836185819,0.4263238679969302,0.7486522911051213,0.5432762836185819
deepcrack_0227,ablation_no_stability,deepcrack,0.8453005546394843,0.916165718927701,0.8908372827804107,0.9429765886287624,0.9161657189277008
deepcrack_0228,ablation_no_stability,deepcrack,0.7152517811858471,0.8339904252323289,0.73788463934222,0.9588797150720414,0.8339904252323289
deepcrack_0229,ablation_no_stability,deepcrack,0.8193467336683417,0.9007043226073747,0.8355111452728671,0.9769322947872978,0.9007043226073748
deepcrack_0230,ablation_no_stability,deepcrack,0.901165347405453,0.9480136471404614,0.979213952932744,0.9187401927818876,0.9480136471404615
deepcrack_0231,ablation_no_stability,deepcrack,0.8112359550561797,0.8957816377171216,0.8438164045898853,0.9545673076923076,0.8957816377171215
deepcrack_0232,ablation_no_stability,deepcrack,0.6795164233576643,0.8091810403368193,0.6834136269786648,0.9916777629826896,0.8091810403368193
deepcrack_0233,ablation_no_stability,deepcrack,0.8199612403100776,0.9010754978170588,0.9730910763569456,0.8389847313107277,0.9010754978170588
deepcrack_0234,ablation_no_stability,deepcrack,0.8457202851301321,0.9164121908867732,0.9946061866389394,0.849616964583102,0.9164121908867732
deepcrack_0235,ablation_no_stability,deepcrack,0.8912808308091735,0.9425155865698108,0.9931292189006752,0.8968107107869816,0.9425155865698108
deepcrack_0236,ablation_no_stability,deepcrack,0.3870244765555883,0.5580643789599014,0.9964315541720448,0.38756164545374,0.5580643789599014
deepcrack_0000,ampf,deepcrack,0.5910299003322259,0.7429525997076634,0.6138716356107661,0.940772078265468,0.7429525997076634
deepcrack_0001,ampf,deepcrack,0.693789584799437,0.8192157881069851,0.7870472008781558,0.8541260558804419,0.8192157881069853
deepcrack_0002,ampf,deepcrack,0.6819477241266998,0.8109024012393493,0.7500447787927638,0.8825079030558483,0.8109024012393493
deepcrack_0003,ampf,deepcrack,0.5282096197357857,0.6912790142324959,0.5993374741200829,0.8165406747151077,0.6912790142324959
deepcrack_0004,ampf,deepcrack,0.6480469270763898,0.7864423232486653,0.8411489877141374,0.7384171350448124,0.7864423232486653
deepcrack_0005,ampf,deepcrack,0.6054179290679024,0.7542184724689165,0.7794860027535567,0.7305376344086022,0.7542184724689166
deepcrack_0006,ampf,deepcrack,0.3866666666666666,0.5576923076923077,0.6990358126721763,0.4638939670932358,0.5576923076923077
deepcrack_0007,ampf,deepcrack,0.7208445040214477,0.83777994157741,0.858339984038308,0.8181818181818182,0.83777994157741
deepcrack_0008,ampf,deepcrack,0.743046357615894,0.8525835866261399,0.9048387096774192,0.8060344827586207,0.8525835866261399
deepcrack_0009,ampf,deepcrack,0.657167530224525,0.7931214174048984,0.7861570247933884,0.8002103049421662,0.7931214174048985
deepcrack_0010,ampf,deepcrack,0.3909465020576131,0.5621301775147929,0.641169853768279,0.5004389815627743,0.5621301775147929
deepcrack_0011,ampf,deepcrack,0.7297415681121332,0.8437579133957964,0.8003843382176316,0.8921017402945114,0.8437579133957964
deepcrack_0012,ampf,deepcrack,0.4765668245279537,0.6455066125169218,0.9808848661307678,0.481034268686367,0.6455066125169218
deepcrack_0013,ampf,deepcrack,0.4483398786147804,0.6191086570696115,0.9517962710322874,0.4587564842551326,0.6191086570696115
deepcrack_0014,ampf,deepcrack,0.4398697816928379,0.6109855033914084,0.9106045589692764,0.4597218052636845,0.6109855033914083
deepcrack_0015,ampf,deepcrack,0.2586172243995578,0.4109545291229191,0.9665727699530516,0.2609511255323464,0.4109545291229191
deepcrack_0016,ampf,deepcrack,0.3550946989736536,0.5240883891621769,0.5819316802496965,0.4767045454545454,0.5240883891621769
deepcrack_0017,ampf,deepcrack,0.2398222971161579,0.3868655978747722,0.9045211613462372,0.2460510805500982,0.3868655978747722
deepcrack_0018,ampf,deepcrack,0.4802384632369176,0.6488663484486874,0.8446601941747572,0.5267619278275611,0.6488663484486873
deepcrack_0019,ampf,deepcrack,0.4140683774972833,0.5856412378447078,0.9800178059155208,0.4175939976395211,0.5856412378447078
deepcrack_0020,ampf,deepcrack,0.6095137655417406,0.7573886953822809,0.9510653040013858,0.6292476075869577,0.7573886953822808
deepcrack_0021,ampf,deepcrack,0.7129646754207509,0.8324335996545023,0.9336401065633324,0.7510227936879018,0.8324335996545024
deepcrack_0022,ampf,deepcrack,0.5228847914214725,0.6867030183332617,0.9710989678202792,0.5311503719447397,0.6867030183332617
deepcrack_0023,ampf,deepcrack,0.6434293401822295,0.7830325581395349,0.9382914214374888,0.6718600344805568,0.7830325581395349
deepcrack_0024,ampf,deepcrack,0.4820464992338951,0.6505146761361082,0.9291217257318952,0.5004495469949513,0.6505146761361082
deepcrack_0025,ampf,deepcrack,0.6899555859241544,0.8165369453148691,0.8224394217063734,0.8107185869128863,0.8165369453148691
deepcrack_0026,ampf,deepcrack,0.7537511032656664,0.8595873175641671,0.8743281289992322,0.8453353130413264,0.8595873175641671
deepcrack_0027,ampf,deepcrack,0.508763388510224,0.6744111003549532,0.5324388586956522,0.9196245233206218,0.6744111003549532
deepcrack_0028,ampf,deepcrack,0.562489126022154,0.7199910919753545,0.688604898828541,0.7543750486116513,0.7199910919753546
deepcrack_0029,ampf,deepcrack,0.5355477120887432,0.6975331445224315,0.9998823252530008,0.535581468641664,0.6975331445224315
deepcrack_0030,ampf,deepcrack,0.6076852041863329,0.7559753645849954,0.999915583319264,0.6077163819198604,0.7559753645849955
deepcrack_0031,ampf,deepcrack,0.8825828061034611,0.9376297321340318,0.9989469250210616,0.8834047308623579,0.937629732134032
deepcrack_0032,ampf,deepcrack,0.6145631067961165,0.7612748045700541,0.6365647626709574,0.9467544122046068,0.761274804570054
deepcrack_0033,ampf,deepcrack,0.7987594762232942,0.8881226053639847,0.8462942679810149,0.9343006852075776,0.8881226053639846
deepcrack_0034,ampf,deepcrack,0.7433171799280913,0.8527618364418939,0.7601918465227818,0.9710026546865428,0.852761836441894
deepcrack_0035,ampf,deepcrack,0.6067166723491306,0.7552254641909815,0.7019723865877712,0.8172215843857635,0.7552254641909814
deepcrack_0036,ampf,deepcrack,0.5666158794650414,0.7233628701102226,1.0,0.5666158794650414,0.7233628701102226
deepcrack_0037,ampf,deepcrack,0.2701896879658664,0.4254320288154113,0.9749582637729548,0.2720778548503986,0.4254320288154114
deepcrack_0038,ampf,deepcrack,0.461610741574145,0.6316466189581958,0.9880385307505029,0.4642048986696506,0.631646618958196
deepcrack_0039,ampf,deepcrack,0.1637390525477707,0.281401663352789,0.9042319318494092,0.1666286871755918,0.281401663352789
deepcrack_0040,ampf,deepcrack,0.686204431736955,0.8139041966935142,0.743225806451613,0.8994378513429107,0.8139041966935142
deepcrack_0041,ampf,deepcrack,0.5908178625188159,0.7427850496767071,0.9672450970325496,0.60288,0.7427850496767071
deepcrack_0042,ampf,deepcrack,0.3855071613054707,0.556485267015485,0.9310320385596824,0.3968397836792652,0.5564852670154851
deepcrack_0043,ampf,deepcrack,0.5062168254199084,0.672169925174994,0.9561873369042714,0.5182373083221676,0.672169925174994
deepcrack_0044,ampf,deepcrack,0.7031848760963979,0.8257293567660808,0.976583288983502,0.7152446946730187,0.8257293567660808
deepcrack_0045,ampf,deepcrack,0.8277140335392763,0.9057369132702338,0.8489951113525258,0.9706064996895052,0.9057369132702336
deepcrack_0046,ampf,deepcrack,0.6500318268618714,0.7879021680425893,0.677368002122579,0.9415452701456758,0.7879021680425894
deepcrack_0047,ampf,deepcrack,0.5038303693570452,0.6700627672155007,0.589562990235313,0.7760219131900548,0.6700627672155008
deepcrack_0048,ampf,deepcrack,0.6169330242771746,0.7630903878074543,0.6272637062763582,0.9739984591679508,0.7630903878074543
deepcrack_0049,ampf,deepcrack,0.8224486083318173,0.9025753643441804,0.8482176360225141,0.964377133105802,0.9025753643441804
deepcrack_0050,ampf,deepcrack,0.7532677338816273,0.8592729100351818,0.775945537065053,0.96265015015015,0.8592729100351818
deepcrack_0051,ampf,deepcrack,0.5315361139369278,0.6941215543008967,0.5425752855659398,0.9631336405529954,0.6941215543008968
deepcrack_0052,ampf,deepcrack,0.7965154503616042,0.8867337602927722,0.8065912117177098,0.9845591223080048,0.8867337602927723
deepcrack_0053,ampf,deepcrack,0.8233471074380165,0.903116147308782,0.8681917211328976,0.9409681227863046,0.9031161473087818
deepcrack_0054,ampf,deepcrack,0.8165003650523242,0.8989817792068596,0.8732431025507548,0.9262838210933186,0.8989817792068595
deepcrack_0055,ampf,deepcrack,0.7021685424101015,0.8250282212546364,0.929252565616202,0.7418255636917277,0.8250282212546363
deepcrack_0056,ampf,deepcrack,0.5175053472925814,0.6820474777448071,0.6386496248958043,0.7317733205985355,0.6820474777448071
deepcrack_0057,ampf,deepcrack,0.5369921980091472,0.6987572203745843,0.5829439252336449,0.8719965050240279,0.6987572203745843
deepcrack_0058,ampf,deepcrack,0.389028827315981,0.5601450735442273,0.4013860814322841,0.9266666666666666,0.5601450735442273
deepcrack_0059,ampf,deepcrack,0.7603532538797908,0.8638644001753446,0.9242313705054716,0.8108997805413314,0.8638644001753445
deepcrack_0060,ampf,deepcrack,0.7281709805606272,0.8427071033496986,0.9529163738580464,0.7553475935828877,0.8427071033496987
deepcrack_0061,ampf,deepcrack,0.8070669568557163,0.8932341480694297,0.970742223591007,0.8271880330665267,0.8932341480694296
deepcrack_0062,ampf,deepcrack,0.3172347659314793,0.4816677696889477,0.385222039908961,0.6425355345634325,0.4816677696889477
deepcrack_0063,ampf,deepcrack,0.72525837122778,0.8407533425983611,0.8694617900683913,0.8138801261829653,0.8407533425983611
deepcrack_0064,ampf,deepcrack,0.6336842105263157,0.7757731958762887,0.7888275862068965,0.763143848412063,0.7757731958762887
deepcrack_0065,ampf,deepcrack,0.5843397347059988,0.7376444860980943,0.8279102384291726,0.6651267605633803,0.7376444860980945
deepcrack_0066,ampf,deepcrack,0.4716441801966613,0.6409758371532903,0.7351630725360898,0.5681818181818182,0.6409758371532904
deepcrack_0067,ampf,deepcrack,0.7737549981824791,0.8724485613574883,0.8208391176924263,0.9309832050384884,0.8724485613574884
deepcrack_0068,ampf,deepcrack,0.7225947033188066,0.83896078622166,0.7599153886832364,0.9363596872284968,0.8389607862216599
deepcrack_0069,ampf,deepcrack,0.5604268151241011,0.7182993905158317,0.5706188001889466,0.96911351784998,0.7182993905158316
deepcrack_0070,ampf,deepcrack,0.6526001705029838,0.7897859169460923,0.6639202081526453,0.9745385105028644,0.7897859169460925
deepcrack_0071,ampf,deepcrack,0.7380107304993809,0.8492591185410334,0.7639268626110731,0.9560521813515824,0.8492591185410334
deepcrack_0072,ampf,deepcrack,0.7035421926401959,0.8259756590470203,0.7143079074102843,0.9790269349515596,0.8259756590470203
deepcrack_0073,ampf,deepcrack,0.5206384923704381,0.6847630057803468,0.5268625916174482,0.9778129952456418,0.6847630057803468
deepcrack_0074,ampf,deepcrack,0.7492540384813252,0.8566554908534793,0.790576484637933,0.9347881899871632,0.8566554908534793
deepcrack_0075,ampf,deepcrack,0.6335927367055771,0.7757046447002779,0.6464965811337402,0.9694597574421168,0.775704644700278
deepcrack_0076,ampf,deepcrack,0.7597985347985348,0.8635062704896707,0.7786223723723724,0.9691624810185726,0.8635062704896707
deepcrack_0077,ampf,deepcrack,0.5622633103141012,0.7198060744331954,0.5653488632545638,0.9903865018638416,0.7198060744331956
deepcrack_0078,ampf,deepcrack,0.6024190401872805,0.7518870221572924,0.6114851485148515,0.9759797724399494,0.7518870221572924
deepcrack_0079,ampf,deepcrack,0.7381504806098773,0.8493516399694889,0.8350206224221972,0.8641831587116803,0.849351639969489
deepcrack_0080,ampf,deepcrack,0.7330230010952903,0.8459472270500868,0.8685918234912394,0.8244533415460426,0.845947227050087
deepcrack_0081,ampf,deepcrack,0.7879646418857661,0.8814096469544274,0.9677105080027836,0.8092411545623837,0.8814096469544275
deepcrack_0082,ampf,deepcrack,0.6998505231689088,0.823425958494548,0.972849425128134,0.7137920520378087,0.823425958494548
deepcrack_0083,ampf,deepcrack,0.7258304940374787,0.8411376395829477,0.9309026355318858,0.767161827593968,0.8411376395829477
deepcrack_0084,ampf,deepcrack,0.8670273644782021,0.928778421756576,0.9393529478074624,0.9184393254711782,0.928778421756576
deepcrack_0085,ampf,deepcrack,0.7611637347767253,0.8643872454859777,0.9647336263265088,0.7829491083079599,0.8643872454859777
deepcrack_0086,ampf,deepcrack,0.8009249949728534,0.8894595801697186,0.9496900333810204,0.8364132717345653,0.8894595801697185
deepcrack_0087,ampf,deepcrack,0.7627632988218493,0.8654177215189873,0.9091489361702128,0.8257004830917875,0.8654177215189873
deepcrack_0088,ampf,deepcrack,0.7880956005480286,0.8814915715988422,0.9492115878254492,0.8227908455181182,0.8814915715988422
deepcrack_0089,ampf,deepcrack,0.1849111596883582,0.3121097445600757,0.202417474536753,0.681330028913672,0.3121097445600757
deepcrack_0090,ampf,deepcrack,0.517100106875668,0.6816954326640836,0.8370818915801614,0.574965339671222,0.6816954326640836
deepcrack_0091,ampf,deepcrack,0.6907253699025623,0.8170757737459978,0.9721904761904762,0.7046479521398987,0.8170757737459978
deepcrack_0092,ampf,deepcrack,0.5600343975061808,0.717976986150348,0.9763868065967016,0.5677236569685082,0.717976986150348
deepcrack_0093,ampf,deepcrack,0.7714535052845922,0.8709836334774755,0.9864848109113452,0.7796942375539004,0.8709836334774755
deepcrack_0094,ampf,deepcrack,0.5918342767674335,0.7435878035862904,0.9285714285714286,0.6200630914826498,0.7435878035862904
deepcrack_0095,ampf,deepcrack,0.6753649399302416,0.8062302413447452,0.9299181785841336,0.711582959030897,0.8062302413447452
deepcrack_0096,ampf,deepcrack,0.7924840658885853,0.8842299699838374,0.9176651011214416,0.8531456068436999,0.8842299699838374
deepcrack_0097,ampf,deepcrack,0.7004993112947658,0.8238748544524882,0.9336775674125072,0.737180648668237,0.8238748544524882
deepcrack_0098,ampf,deepcrack,0.1177891131317611,0.2107537311787659,0.1197259827925208,0.8792421594776051,0.2107537311787659
deepcrack_0099,ampf,deepcrack,0.7930517370657336,0.8845832171731252,0.9108219309157018,0.8598139282810947,0.8845832171731252
deepcrack_0100,ampf,deepcrack,0.7171949556918882,0.8353098794224185,0.938140882746322,0.7527949199534926,0.8353098794224185
deepcrack_0101,ampf,deepcrack,0.5814193844740468,0.7353133396267518,0.6258343634116192,0.891216335152262,0.7353133396267519
deepcrack_0102,ampf,deepcrack,0.7426014319809069,0.8522906252139971,0.8298439791972263,0.8759853603603603,0.8522906252139972
deepcrack_0103,ampf,deepcrack,0.8890655160667651,0.9412754703372004,0.9599117322545052,0.9233490566037736,0.9412754703372004
deepcrack_0104,ampf,deepcrack,0.9249062667380824,0.9609883688574768,0.989570200573066,0.9340112505408914,0.9609883688574768
deepcrack_0105,ampf,deepcrack,0.8589977683100021,0.9241514787733276,0.9994098902395846,0.8594336750228356,0.9241514787733276
deepcrack_0106,ampf,deepcrack,0.8963259722493648,0.9453290049981964,0.995766391663048,0.8997547817557626,0.9453290049981964
deepcrack_0107,ampf,deepcrack,0.6784655300222387,0.808435464281771,0.6989308896525391,0.9586279130662476,0.8084354642817709
deepcrack_0108,ampf,deepcrack,0.622296793437733,0.7671799586301999,0.6319575918212799,0.9760233918128656,0.7671799586302
deepcrack_0109,ampf,deepcrack,0.7826792414562418,0.8780931793617385,1.0,0.7826792414562418,0.8780931793617385
deepcrack_0110,ampf,deepcrack,0.7578265858056057,0.8622313394563849,1.0,0.7578265858056057,0.862231339456385
deepcrack_0111,ampf,deepcrack,0.4412065038095986,0.6122738173097886,0.9831962191493084,0.4445587653343886,0.6122738173097885
deepcrack_0112,ampf,deepcrack,0.6596095036462009,0.7948972360028349,0.9958565171066652,0.6614247523195471,0.7948972360028349
deepcrack_0113,ampf,deepcrack,0.8744202027143102,0.9330033910732288,0.9418077527985936,0.924362117497503,0.9330033910732288
deepcrack_0114,ampf,deepcrack,0.8821214713430282,0.9373693300609036,0.9254240330252176,0.949627037480431,0.9373693300609036
deepcrack_0115,ampf,deepcrack,0.8280635290689203,0.9059461182847124,0.9702919583404472,0.8496038271789506,0.9059461182847124
deepcrack_0116,ampf,deepcrack,0.5713881019830028,0.7272399495222643,0.9442883895131086,0.5913221929053064,0.7272399495222642
deepcrack_0117,ampf,deepcrack,0.8185777777777777,0.900239503397038,0.9110605461020972,0.8896724954110714,0.9002395033970381
deepcrack_0118,ampf,deepcrack,0.5469107551487414,0.7071005917159763,0.6362426316790264,0.7957193816884661,0.7071005917159764
deepcrack_0119,ampf,deepcrack,0.8151904997525977,0.898187270001363,0.9323712507074136,0.8664212463844333,0.8981872700013629
deepcrack_0120,ampf,deepcrack,0.7161423718800768,0.8345955249569708,0.9332178598922248,0.7548256537982565,0.8345955249569708
deepcrack_0121,ampf,deepcrack,0.7784967645594824,0.8754547998880493,0.9644398766700925,0.8015032456440041,0.8754547998880492
deepcrack_0122,ampf,deepcrack,0.7895259369570613,0.8823855755894591,0.9302529609592044,0.8392032713362353,0.8823855755894592
deepcrack_0123,ampf,deepcrack,0.7737317149081855,0.8724337603088261,0.970714564623194,0.7922243467176545,0.8724337603088259
deepcrack_0124,ampf,deepcrack,0.8033428165007113,0.890948530861763,0.8481321569363619,0.9383177570093458,0.890948530861763
deepcrack_0125,ampf,deepcrack,0.7648514851485149,0.8667601683029453,0.828735632183908,0.9084418311633768,0.8667601683029453
deepcrack_0126,ampf,deepcrack,0.8046840477242598,0.8917727717923605,0.9712,0.8243549117247624,0.8917727717923604
deepcrack_0127,ampf,deepcrack,0.7598637015781923,0.8635483542239886,0.9934349355216882,0.7636986301369864,0.8635483542239886
deepcrack_0128,ampf,deepcrack,0.747756985388362,0.8556761513640364,0.9891488640217024,0.7539415869733781,0.8556761513640364
deepcrack_0129,ampf,deepcrack,0.7411341977815966,0.8513234634365187,0.9901899394698392,0.7466163046899591,0.8513234634365188
deepcrack_0130,ampf,deepcrack,0.8374493536561837,0.9115346248753085,0.9889496468443836,0.8453598208199435,0.9115346248753085
deepcrack_0131,ampf,deepcrack,0.6608733624454148,0.795814271441342,0.9994716682076344,0.6611043159182247,0.795814271441342
deepcrack_0132,ampf,deepcrack,0.7960919124298896,0.8864712400523824,0.9497086121303692,0.831129580657348,0.8864712400523824
deepcrack_0133,ampf,deepcrack,0.8487305312566674,0.9181765724177726,0.8977657413676371,0.9395370807746812,0.9181765724177726
deepcrack_0134,ampf,deepcrack,0.4159097568121886,0.5874806001034661,0.4268531047962712,0.9419376244193762,0.5874806001034661
deepcrack_0135,ampf,deepcrack,0.5243800501532461,0.6879912264668251,0.5343554798409994,0.965623396613648,0.687991226466825
deepcrack_0136,ampf,deepcrack,0.7198102016607355,0.8370809766864395,0.9733718318896376,0.7342691190706679,0.8370809766864394
deepcrack_0137,ampf,deepcrack,0.4056449531021426,0.5771655953474135,0.4539676425269646,0.792135775499916,0.5771655953474135
deepcrack_0138,ampf,deepcrack,0.6703814338235294,0.8026686842286265,0.7014064190407501,0.9381028938906752,0.8026686842286265
deepcrack_0139,ampf,deepcrack,0.7099644128113879,0.8303850156087409,0.874880087707277,0.7901968065354623,0.8303850156087408
deepcrack_0140,ampf,deepcrack,0.7598917117867555,0.8635664418412022,0.815327896324433,0.9178719657904666,0.8635664418412022
deepcrack_0141,ampf,deepcrack,0.7738591683545812,0.8725147770016121,0.7872727272727272,0.97845736667671,0.872514777001612
deepcrack_0142,ampf,deepcrack,0.7786465008972059,0.8755494703466167,0.7985015772870663,0.9690540756101452,0.8755494703466167
deepcrack_0143,ampf,deepcrack,0.6880016051364366,0.8151670034470463,0.7140774677217826,0.9495984491830518,0.8151670034470463
deepcrack_0144,ampf,deepcrack,0.5497870074547391,0.7095000858958942,0.5853174603174603,0.9005669428696031,0.7095000858958942
deepcrack_0145,ampf,deepcrack,0.5653603727048506,0.7223389355742297,0.5978843645848427,0.9122263984081362,0.7223389355742296
deepcrack_0146,ampf,deepcrack,0.7714213709677419,0.8709631526532935,0.7864850976361768,0.975773031558814,0.8709631526532936
deepcrack_0147,ampf,deepcrack,0.7872594558725946,0.880968292864038,0.9738959120013134,0.8042299349240781,0.880968292864038
deepcrack_0148,ampf,deepcrack,0.6558686487685822,0.7921747286613963,0.6592328278322926,0.992279288351796,0.7921747286613963
deepcrack_0149,ampf,deepcrack,0.8072736269173676,0.8933607118412047,0.8755030855916287,0.9119619899385132,0.8933607118412047
deepcrack_0150,ampf,deepcrack,0.6822522225880804,0.8111176355451165,0.7687360870640614,0.8584449661648943,0.8111176355451165
deepcrack_0151,ampf,deepcrack,0.724346717654557,0.8401404546294585,0.8318389752973467,0.8486092962478999,0.8401404546294585
deepcrack_0152,ampf,deepcrack,0.6792434715821812,0.8089874792750558,0.8759440386282036,0.7515402591884427,0.8089874792750557
deepcrack_0153,ampf,deepcrack,0.6813080077703432,0.8104499646960652,0.9079534014094636,0.7318571759795965,0.8104499646960652
deepcrack_0154,ampf,deepcrack,0.6863402370405842,0.8139997160301008,0.8675847457627118,0.7666488365873229,0.8139997160301008
deepcrack_0155,ampf,deepcrack,0.7786792146681811,0.8755701514322204,0.9497328319810012,0.8121509561685565,0.8755701514322205
deepcrack_0156,ampf,deepcrack,0.8407148407148407,0.913465597298438,0.874873660804528,0.9556193420181056,0.9134655972984382
deepcrack_0157,ampf,deepcrack,0.603558282208589,0.7527737393832734,0.8056010481493613,0.706448369955479,0.7527737393832734
deepcrack_0158,ampf,deepcrack,0.7351428258728248,0.8473571338463479,0.9161211129296236,0.7881952593287961,0.847357133846348
deepcrack_0159,ampf,deepcrack,0.7478737478737478,0.8557525951557093,0.7661181026137464,0.9691403379867743,0.8557525951557092
deepcrack_0160,ampf,deepcrack,0.91073302011586,0.9532812910310584,0.9943227091633466,0.915493603558164,0.9532812910310584
deepcrack_0161,ampf,deepcrack,0.9356343623574006,0.9667470061007758,0.9995716844482516,0.9360096259024284,0.9667470061007758
deepcrack_0162,ampf,deepcrack,0.817803155687962,0.899770861469825,0.9990901125564468,0.8184126984126984,0.899770861469825
deepcrack_0163,ampf,deepcrack,0.9200487189525424,0.9583597643860444,0.998395090866179,0.9214114571988672,0.9583597643860444
deepcrack_0164,ampf,deepcrack,0.9151227642797616,0.9556805248711254,0.9958144401813742,0.9186562841881716,0.9556805248711254
deepcrack_0165,ampf,deepcrack,0.8338098641887062,0.9093743909569284,0.97834623155808,0.8494869248593181,0.9093743909569284
deepcrack_0166,ampf,deepcrack,0.9252280475444578,0.9611620282849552,0.9998008662318912,0.9253985807759654,0.9611620282849552
deepcrack_0167,ampf,deepcrack,0.651541295527678,0.7890099960467611,0.998713274715848,0.6520886814469078,0.789009996046761
deepcrack_0168,ampf,deepcrack,0.7208781362007168,0.8378026555584484,0.7746750120365913,0.9121315192743764,0.8378026555584484
deepcrack_0169,ampf,deepcrack,0.651584805226228,0.7890418986229124,0.9812947892627232,0.6597795018374847,0.7890418986229123
deepcrack_0170,ampf,deepcrack,0.7147755362411291,0.8336665891653104,0.9640782964078296,0.7343327598918653,0.8336665891653104
deepcrack_0171,ampf,deepcrack,0.752218589444185,0.8585898973743836,0.8042446941323346,0.9208118925100056,0.8585898973743835
deepcrack_0172,ampf,deepcrack,0.6047384007897335,0.7536909448818898,0.6452496313461134,0.9059449866903284,0.7536909448818897
deepcrack_0173,ampf,deepcrack,0.5627666451195863,0.7202183984116479,0.5945909028821199,0.9131529263687854,0.7202183984116479
deepcrack_0174,ampf,deepcrack,0.486668916638542,0.6547105561861521,0.4871621621621622,0.997923875432526,0.6547105561861521
deepcrack_0175,ampf,deepcrack,0.285766092475068,0.4445071217035679,0.2858179180268407,0.9993658845909956,0.4445071217035679
deepcrack_0176,ampf,deepcrack,0.3507591773976552,0.5193511667615254,0.3540939076445479,0.9738527214514408,0.5193511667615253
deepcrack_0177,ampf,deepcrack,0.4345252190385981,0.6058104985143612,0.4389952153110047,0.9771033013844516,0.6058104985143612
deepcrack_0178,ampf,deepcrack,0.8552821997105644,0.921996879875195,0.8968133535660091,0.9486356340288924,0.9219968798751952
deepcrack_0179,ampf,deepcrack,0.6520608243297319,0.7893908199103791,0.8341438443818787,0.7491954022988506,0.7893908199103791
deepcrack_0180,ampf,deepcrack,0.9125138427464008,0.9542559351476548,0.954034965844622,0.9544770068342407,0.954255935147655
deepcrack_0181,ampf,deepcrack,0.7833920877399139,0.8785416209092906,0.8149959250203749,0.952834683182468,0.8785416209092907
deepcrack_0182,ampf,deepcrack,0.85669910954649,0.9228195404862816,0.909830657576424,0.936184657162254,0.9228195404862816
deepcrack_0183,ampf,deepcrack,0.7581962498562062,0.8624705574456949,0.819266625233064,0.910484873601326,0.8624705574456949
deepcrack_0184,ampf,deepcrack,0.7454597318626985,0.8541700713624231,0.7963433214829863,0.9210526315789472,0.854170071362423
deepcrack_0185,ampf,deepcrack,0.7379397272831443,0.8492121052284565,0.8456992777413,0.8527542372881356,0.8492121052284565
deepcrack_0186,ampf,deepcrack,0.7767273458714674,0.8743348805615306,0.8972929011269897,0.8525223534606469,0.8743348805615305
deepcrack_0187,ampf,deepcrack,0.7944120558794412,0.8854287991172685,0.9669299772392556,0.8165988240615106,0.8854287991172685
deepcrack_0188,ampf,deepcrack,0.8246125314611207,0.903876869464208,0.9167893961708394,0.8913230240549829,0.903876869464208
deepcrack_0189,ampf,deepcrack,0.6958846403110823,0.820674500812076,0.9057359763812736,0.7502183406113537,0.8206745008120762
deepcrack_0190,ampf,deepcrack,0.8125783011776497,0.896599391761128,0.889589905362776,0.9037202173610144,0.896599391761128
deepcrack_0191,ampf,deepcrack,0.7941254300079386,0.8852507374631269,0.854498861047836,0.9182986536107712,0.8852507374631269
deepcrack_0192,ampf,deepcrack,0.7120020964360587,0.8317771314863003,0.7478667767685109,0.936896551724138,0.8317771314863002
deepcrack_0193,ampf,deepcrack,0.7263093539841043,0.8414590957384016,0.8366197183098592,0.8463547850866777,0.8414590957384016
deepcrack_0194,ampf,deepcrack,0.8310852874040258,0.9077515865820488,0.9075458871515976,0.907957379279075,0.9077515865820488
deepcrack_0195,ampf,deepcrack,0.7190316765387587,0.8365543071161049,0.7322318384474167,0.9755415793151644,0.8365543071161048
deepcrack_0196,ampf,deepcrack,0.7513930561508787,0.8580518844836026,0.792316384180791,0.9356818788364024,0.8580518844836026
deepcrack_0197,ampf,deepcrack,0.7547428124388813,0.8602318323673651,0.7650674068199841,0.9824338085539714,0.8602318323673651
deepcrack_0198,ampf,deepcrack,0.5432959482671517,0.7040722796909782,0.72261792769789,0.6864547427550108,0.7040722796909781
deepcrack_0199,ampf,deepcrack,0.287381473377097,0.4464589235127478,0.7458085451595458,0.3185861152824304,0.4464589235127478
deepcrack_0200,ampf,deepcrack,0.7023685850820693,0.8251662903521084,0.8226061564667234,0.8277424094025465,0.8251662903521084
deepcrack_0201,ampf,deepcrack,0.5856802693160358,0.7387116818558409,0.6978086480140873,0.7847084708470847,0.7387116818558409
deepcrack_0202,ampf,deepcrack,0.6013907860424687,0.7510856079404467,0.8341370995521874,0.6830747531734838,0.7510856079404467
deepcrack_0203,ampf,deepcrack,0.6052394760523948,0.754079980067273,0.7430640805303216,0.7654274152756702,0.754079980067273
deepcrack_0204,ampf,deepcrack,0.6053430479659988,0.754160363086233,0.7626211116777154,0.7458852867830424,0.754160363086233
deepcrack_0205,ampf,deepcrack,0.5423863636363636,0.7033080380166506,0.6649484536082474,0.746364347146208,0.7033080380166508
deepcrack_0206,ampf,deepcrack,0.5477886056971514,0.7078338781934859,0.5904454095545905,0.8834819404564002,0.7078338781934859
deepcrack_0207,ampf,deepcrack,0.509062661833247,0.6746739876458476,0.5157397691500525,0.9751984126984128,0.6746739876458477
deepcrack_0208,ampf,deepcrack,0.5495203350898528,0.7092779909312871,0.5654108160711803,0.951345029239766,0.7092779909312871
deepcrack_0209,ampf,deepcrack,0.4296904140246176,0.6010957474563006,0.441463881969726,0.9415610952186352,0.6010957474563006
deepcrack_0210,ampf,deepcrack,0.3976759199483538,0.5690531177829099,0.4123947972456006,0.9176420515003192,0.56905311778291
deepcrack_0211,ampf,deepcrack,0.4508537148131056,0.621501272264631,0.7766295707472178,0.5180275715800636,0.621501272264631
deepcrack_0212,ampf,deepcrack,0.328125,0.4941176470588235,0.3353204172876304,0.9386174016686532,0.4941176470588235
deepcrack_0213,ampf,deepcrack,0.6109531647463714,0.7584989782649081,0.6648754274548119,0.8828108108108108,0.758498978264908
deepcrack_0214,ampf,deepcrack,0.5425370037349564,0.7034346695363645,0.5606060606060606,0.9439229843561974,0.7034346695363645
deepcrack_0215,ampf,deepcrack,0.6813711716774374,0.8104946524064172,0.7815017724782468,0.8417216244359598,0.810494652406417
deepcrack_0216,ampf,deepcrack,0.6964144684883905,0.8210428305400372,0.7387734584450402,0.9239312657166806,0.8210428305400372
deepcrack_0217,ampf,deepcrack,0.8022395943376294,0.8902696365767878,0.882817949314113,0.8978481910617168,0.8902696365767878
deepcrack_0218,ampf,deepcrack,0.734936539746159,0.847220083166487,0.7918525982438462,0.9109124027156814,0.847220083166487
deepcrack_0219,ampf,deepcrack,0.4926008139104698,0.6600570083033833,0.5156855151045701,0.9166953528399312,0.6600570083033832
deepcrack_0220,ampf,deepcrack,0.655558382091071,0.7919483712354026,0.6722316421025173,0.9635445877734156,0.7919483712354026
deepcrack_0221,ampf,deepcrack,0.7578333333333334,0.8622357068360671,0.8261264534883721,0.90164584572675,0.8622357068360671
deepcrack_0222,ampf,deepcrack,0.7561850125493008,0.86116782360147,0.8146002317497103,0.913382416630576,0.86116782360147
deepcrack_0223,ampf,deepcrack,0.6927009034712316,0.8184563522719293,0.721609907120743,0.9453277092796886,0.8184563522719293
deepcrack_0224,ampf,deepcrack,0.7126229735347097,0.832200647249191,0.7849511599511599,0.8855027548209367,0.832200647249191
deepcrack_0225,ampf,deepcrack,0.2092829349638688,0.3461273270512526,0.2631027253668763,0.5057085292142377,0.3461273270512525
deepcrack_0226,ampf,deepcrack,0.3731393775372124,0.5434836166543484,0.4283495145631067,0.7432614555256065,0.5434836166543484
deepcrack_0227,ampf,deepcrack,0.8453005546394843,0.916165718927701,0.8908372827804107,0.9429765886287624,0.9161657189277008
deepcrack_0228,ampf,deepcrack,0.7152517811858471,0.8339904252323289,0.73788463934222,0.9588797150720414,0.8339904252323289
deepcrack_0229,ampf,deepcrack,0.8193467336683417,0.9007043226073747,0.8355111452728671,0.9769322947872978,0.9007043226073748
deepcrack_0230,ampf,deepcrack,0.901165347405453,0.9480136471404614,0.979213952932744,0.9187401927818876,0.9480136471404615
deepcrack_0231,ampf,deepcrack,0.8112359550561797,0.8957816377171216,0.8438164045898853,0.9545673076923076,0.8957816377171215
deepcrack_0232,ampf,deepcrack,0.6649576460098083,0.7987682420672111,0.6680851063829787,0.9930093209054592,0.7987682420672111
deepcrack_0233,ampf,deepcrack,0.8199612403100776,0.9010754978170588,0.9730910763569456,0.8389847313107277,0.9010754978170588
deepcrack_0234,ampf,deepcrack,0.8457202851301321,0.9164121908867732,0.9946061866389394,0.849616964583102,0.9164121908867732
deepcrack_0235,ampf,deepcrack,0.8912808308091735,0.9425155865698108,0.9931292189006752,0.8968107107869816,0.9425155865698108
deepcrack_0236,ampf,deepcrack,0.3870244765555883,0.5580643789599014,0.9964315541720448,0.38756164545374,0.5580643789599014
deepcrack_0000,box,deepcrack,0.5909317389138017,0.7428750391481366,0.6137657409004658,0.940772078265468,0.7428750391481366
deepcrack_0001,box,deepcrack,0.007677972418934,0.0152389406716969,0.008330805783035,0.089235434264674,0.0152389406716969
deepcrack_0002,box,deepcrack,0.0012410818435829,0.0024790869373793,0.0013246950667776,0.0192834562697576,0.0024790869373793
deepcrack_0003,box,deepcrack,0.0349825113314154,0.0676001979712941,0.0353671678018057,0.762834254767009,0.0676001979712941
deepcrack_0004,box,deepcrack,0.1259586694662393,0.2237358668341708,0.1284686999842203,0.8657147197326447,0.2237358668341708
deepcrack_0005,box,deepcrack,0.6167675329298683,0.7629637784872839,0.7816377171215881,0.7451612903225806,0.7629637784872839
deepcrack_0006,box,deepcrack,0.4009496676163342,0.5723969631236443,0.7036666666666667,0.4824040219378427,0.5723969631236443
deepcrack_0007,box,deepcrack,0.7179056888739721,0.8357917358601152,0.8592086764410524,0.8136173449980981,0.8357917358601152
deepcrack_0008,box,deepcrack,0.7394242068155111,0.8501942239486573,0.9024740050197204,0.803639846743295,0.8501942239486573
deepcrack_0009,box,deepcrack,0.6443136128661688,0.7836870142345647,0.7810269799825935,0.7863652295828952,0.7836870142345647
deepcrack_0010,box,deepcrack,0.1114151305683563,0.2004923767978231,0.124805076087541,0.5094381035996488,0.2004923767978232
deepcrack_0011,box,deepcrack,0.7332020135697089,0.8460664225280969,0.8006692160611855,0.8969210174029452,0.8460664225280969
deepcrack_0012,box,deepcrack,0.4116575591985428,0.5832258064516129,0.9870456732548673,0.4138937174074993,0.5832258064516128
deepcrack_0013,box,deepcrack,0.3925637699956766,0.5638000620925179,0.9661287462316014,0.3980419376050266,0.5638000620925179
deepcrack_0014,box,deepcrack,0.0002501751225858,0.0005002251012955,1.0,0.0002501751225858,0.0005002251012955
deepcrack_0015,box,deepcrack,0.2597789524267179,0.412419896246567,0.83271719038817,0.2740823362401136,0.4124198962465669
deepcrack_0016,box,deepcrack,0.2154980851969174,0.3545839978217744,0.993244715624319,0.2158143939393939,0.3545839978217744
deepcrack_0017,box,deepcrack,0.0008251473477406,0.001648934081897,1.0,0.0008251473477406,0.001648934081897
deepcrack_0018,box,deepcrack,0.4686973202348428,0.6382490303174226,0.9214857142857142,0.4881932671348994,0.6382490303174226
deepcrack_0019,box,deepcrack,0.4176940114505412,0.5892583421766301,0.9799019607843136,0.4213033215309391,0.5892583421766301
deepcrack_0020,box,deepcrack,0.3981739189464395,0.5695627897943826,0.4941032768932693,0.6722250873875423,0.5695627897943826
deepcrack_0021,box,deepcrack,0.7058548884116164,0.8275673308517626,0.9446388402899276,0.7363140463666472,0.8275673308517626
deepcrack_0022,box,deepcrack,0.5287973543760847,0.6917821421687264,0.9741238916701852,0.5363310308182784,0.6917821421687262
deepcrack_0023,box,deepcrack,0.6451060707953781,0.7842729198409454,0.938122332859175,0.6737756209692868,0.7842729198409454
deepcrack_0024,box,deepcrack,0.0031452097395483,0.0062706968223772,0.006390464565233,0.0061553357770246,0.0062706968223772
deepcrack_0025,box,deepcrack,0.0059001590477656,0.011731102723656,0.0119269861024683,0.0115415495784825,0.011731102723656
deepcrack_0026,box,deepcrack,0.755050226294293,0.8604314736775898,0.8750159907893054,0.8463251670378619,0.8604314736775898
deepcrack_0027,box,deepcrack,0.0269072980815587,0.0524045318050154,0.0270181399682139,0.8677031387503666,0.0524045318050154
deepcrack_0028,box,deepcrack,0.5526392195575169,0.7118707457551051,0.6856134284273467,0.7402193357703974,0.7118707457551051
deepcrack_0029,box,deepcrack,0.5359258792386234,0.697853830686528,0.9998824082784572,0.5359596596281122,0.697853830686528
deepcrack_0030,box,deepcrack,0.8661502154730145,0.928274914089347,0.999940772328832,0.8661946539428454,0.9282749140893471
deepcrack_0031,box,deepcrack,0.8800372266170312,0.9361912776595218,0.999260276867801,0.8806109145092196,0.9361912776595218
deepcrack_0032,box,deepcrack,0.6250773355330996,0.7692893401015228,0.6680625964293586,0.9066706551002094,0.7692893401015228
deepcrack_0033,box,deepcrack,0.0232893629577818,0.0455186261107313,0.0233787890423582,0.8589278516727126,0.0455186261107313
deepcrack_0034,box,deepcrack,0.0593182824258521,0.11199331383201,0.059473991224733,0.9577292219726364,0.11199331383201
deepcrack_0035,box,deepcrack,0.0020440707451435,0.0040798020861966,0.002177068214804,0.0323765786452353,0.0040798020861966
deepcrack_0036,box,deepcrack,0.4763195846553216,0.6452797749296655,0.5992887211496589,0.6989165396986626,0.6452797749296656
deepcrack_0037,box,deepcrack,0.2658765074271518,0.4200670537247526,0.9994163424124514,0.2659177968733823,0.4200670537247526
deepcrack_0038,box,deepcrack,0.0147834101382488,0.0291360895153672,0.0229506789337377,0.0398856148203406,0.0291360895153672
deepcrack_0039,box,deepcrack,0.0306091379650027,0.0594000903687741,0.0946971795866349,0.0432713001645777,0.0594000903687741
deepcrack_0040,box,deepcrack,0.1211941928730715,0.2161876928072739,0.1242418587291219,0.8316677076826983,0.2161876928072739
deepcrack_0041,box,deepcrack,0.5283112669422785,0.6913660566008663,0.7434367981148055,0.646112,0.6913660566008664
deepcrack_0042,box,deepcrack,0.0515095699527508,0.0979726127553274,0.0654969807439691,0.1943261125713767,0.0979726127553274
deepcrack_0043,box,deepcrack,0.508966819138895,0.6745898089784921,0.953871275003402,0.5218103319934495,0.6745898089784921
deepcrack_0044,box,deepcrack,0.1718557303273545,0.293305269377054,0.1863810216580237,0.6880034647033347,0.293305269377054
deepcrack_0045,box,deepcrack,0.8392300641613198,0.9125884580883086,0.8800461361014994,0.9476298902918652,0.9125884580883086
deepcrack_0046,box,deepcrack,0.6576691825508507,0.7934866491742553,0.6822826808228268,0.9479992624008852,0.7934866491742552
deepcrack_0047,box,deepcrack,0.0457873200552159,0.087565261458321,0.0463766306722426,0.7827644332069111,0.087565261458321
deepcrack_0048,box,deepcrack,0.7289678461312583,0.8432404891304348,0.7541008505467801,0.9562788906009244,0.8432404891304348
deepcrack_0049,box,deepcrack,0.8225777131430649,0.9026531019349692,0.847695766204571,0.9652303754266212,0.9026531019349692
deepcrack_0050,box,deepcrack,0.686472148541114,0.8140924819125511,0.7005955603681646,0.9714714714714716,0.8140924819125511
deepcrack_0051,box,deepcrack,0.5421968319916904,0.703148678228658,0.5539931016184665,0.9622119815668204,0.703148678228658
deepcrack_0052,box,deepcrack,0.7671537484116899,0.8682365630055725,0.7785299806576402,0.9813084112149532,0.8682365630055725
deepcrack_0053,box,deepcrack,0.7949291573452647,0.8857498961362692,0.8343334202974172,0.9439197166469894,0.8857498961362692
deepcrack_0054,box,deepcrack,0.8167883211678832,0.8991562876657292,0.8730819245773732,0.9268360022087244,0.8991562876657292
deepcrack_0055,box,deepcrack,0.2513735248466333,0.4017561820759174,0.2757642098435093,0.7397230479228594,0.4017561820759174
deepcrack_0056,box,deepcrack,0.2980109739368998,0.4591809775429326,0.39241363738993,0.5533269659344158,0.4591809775429326
deepcrack_0057,box,deepcrack,0.4687571526665141,0.6383045036621474,0.4961240310077519,0.8947138488422892,0.6383045036621474
deepcrack_0058,box,deepcrack,0.0050697686687241,0.010088391526171,0.005084225674017,0.6406666666666667,0.010088391526171
deepcrack_0059,box,deepcrack,0.2239571715369172,0.3659558957535994,0.2558147999854402,0.6426481346013168,0.3659558957535994
deepcrack_0060,box,deepcrack,0.0687389809808035,0.1286356766321377,0.0701181529558333,0.7775178253119429,0.1286356766321377
deepcrack_0061,box,deepcrack,0.8178372915613946,0.8997915218902015,0.9564189688284828,0.8494948169531558,0.8997915218902015
deepcrack_0062,box,deepcrack,0.0232443561645256,0.0454326594121731,0.0240998838559814,0.3956917100732762,0.0454326594121731
deepcrack_0063,box,deepcrack,0.0165302892027203,0.0325229643982084,0.0172018779342723,0.2974577843755799,0.0325229643982084
deepcrack_0064,box,deepcrack,0.4017677159249496,0.5732300884955752,0.4895144530511996,0.6914865225513744,0.5732300884955752
deepcrack_0065,box,deepcrack,0.0342303945445689,0.0661949111631795,0.0349220744532167,0.6334647887323943,0.0661949111631795
deepcrack_0066,box,deepcrack,0.2003411178168459,0.3338069734397202,0.8083642138697724,0.2103305785123967,0.3338069734397201
deepcrack_0067,box,deepcrack,0.7737714451875545,0.8724590163934426,0.8207896360271437,0.9310706787963612,0.8724590163934426
deepcrack_0068,box,deepcrack,0.7223805532271584,0.8388164298228538,0.7599647266313933,0.9359252823631624,0.8388164298228538
deepcrack_0069,box,deepcrack,0.6586908690869087,0.7942298126347206,0.676936122102883,0.9606899318090654,0.7942298126347207
deepcrack_0070,box,deepcrack,0.746020364262154,0.8545379876796715,0.7791507526398562,0.9460762026007092,0.8545379876796714
deepcrack_0071,box,deepcrack,0.7485360264788254,0.856185992331214,0.7839303173051284,0.94311377245509,0.856185992331214
deepcrack_0072,box,deepcrack,0.7339567881328604,0.8465687186163288,0.751465125877012,0.9692324071116788,0.8465687186163289
deepcrack_0073,box,deepcrack,0.5444818555929667,0.7050673384361981,0.5567712318286151,0.961040676175383,0.705067338436198
deepcrack_0074,box,deepcrack,0.7820804859529233,0.8777162334895612,0.8345873364972798,0.925545571245186,0.8777162334895612
deepcrack_0075,box,deepcrack,0.6353583121134958,0.7770264258385977,0.6513275656324582,0.9628445424476296,0.7770264258385977
deepcrack_0076,box,deepcrack,0.7597069597069597,0.8634471273938384,0.7786015954950727,0.969045672234552,0.8634471273938383
deepcrack_0077,box,deepcrack,0.6111111111111112,0.7586206896551724,0.6224066390041494,0.9711595055915244,0.7586206896551725
deepcrack_0078,box,deepcrack,0.6184640522875817,0.7642604745078243,0.6361344537815126,0.9570164348925412,0.7642604745078244
deepcrack_0079,box,deepcrack,0.7288933736966028,0.8431906614785992,0.8454935622317596,0.8409002716336825,0.8431906614785991
deepcrack_0080,box,deepcrack,0.7332782824112304,0.8461171986660314,0.8734426229508196,0.8204496458269172,0.8461171986660314
deepcrack_0081,box,deepcrack,0.7879406097699195,0.8813946117274168,0.9678407350689128,0.8091247672253259,0.8813946117274167
deepcrack_0082,box,deepcrack,0.6737235367372354,0.8050595238095238,0.9213939473339448,0.714808415489379,0.8050595238095238
deepcrack_0083,box,deepcrack,0.7271081771720613,0.8419949448246101,0.931015678254942,0.7685122664866082,0.8419949448246101
deepcrack_0084,box,deepcrack,0.8596344647519583,0.9245198247781646,0.942516889957632,0.9071971784415298,0.9245198247781646
deepcrack_0085,box,deepcrack,0.7614818573965998,0.8645923365024488,0.9648483549458792,0.7832100913440626,0.8645923365024488
deepcrack_0086,box,deepcrack,0.8024120603015076,0.8903758224601316,0.949346016646849,0.8383032339353212,0.8903758224601317
deepcrack_0087,box,deepcrack,0.7492382147338232,0.8566451480684496,0.911867364746946,0.8077294685990338,0.8566451480684496
deepcrack_0088,box,deepcrack,0.7880956005480286,0.8814915715988422,0.9492115878254492,0.8227908455181182,0.8814915715988422
deepcrack_0089,box,deepcrack,0.0160227853647849,0.0315402087346539,0.0169499381953028,0.2265592730276745,0.0315402087346539
deepcrack_0090,box,deepcrack,0.0721335107562652,0.1345606867663029,0.0773828996282527,0.5153495741731036,0.1345606867663029
deepcrack_0091,box,deepcrack,0.7164152459162725,0.8347807998335847,0.9595887135341942,0.7387022549470778,0.8347807998335847
deepcrack_0092,box,deepcrack,0.574367766823832,0.7296487884563028,0.971894832275612,0.5840688678217283,0.7296487884563029
deepcrack_0093,box,deepcrack,0.8052398381814679,0.8921139686266141,0.9791520262356525,0.8192865542924344,0.892113968626614
deepcrack_0094,box,deepcrack,0.5447629547960309,0.7053029762329598,0.8118632928031548,0.6234700315457413,0.7053029762329599
deepcrack_0095,box,deepcrack,0.6751485404288298,0.8060760274500732,0.9297403059409464,0.7114468490540357,0.8060760274500733
deepcrack_0096,box,deepcrack,0.6404005524861879,0.7807855849787395,0.7400047881254489,0.826323293530565,0.7807855849787395
deepcrack_0097,box,deepcrack,0.2459959570828798,0.3948583551728441,0.2725049092224481,0.7166153288639246,0.3948583551728441
deepcrack_0098,box,deepcrack,0.0674638278731539,0.1264002134996383,0.0684251345843851,0.8276464637174653,0.1264002134996383
deepcrack_0099,box,deepcrack,0.4290794379122455,0.6004976721785198,0.540339472733839,0.6757293830728931,0.6004976721785199
deepcrack_0100,box,deepcrack,0.146718393281926,0.2558926309048129,0.1515351383438314,0.8219300599230838,0.2558926309048129
deepcrack_0101,box,deepcrack,0.2239828118705519,0.365990126165661,0.2658379153717428,0.5872205597606055,0.365990126165661
deepcrack_0102,box,deepcrack,0.3740691808791737,0.5444692102617893,0.3948152373708563,0.876829954954955,0.5444692102617893
deepcrack_0103,box,deepcrack,0.8893684688777829,0.9414452326560058,0.9602649006622516,0.9233490566037736,0.9414452326560058
deepcrack_0104,box,deepcrack,0.9211146838156484,0.9589377371122516,0.9900921658986176,0.9296841194288188,0.9589377371122516
deepcrack_0105,box,deepcrack,0.8562442933955564,0.922555610209324,0.9995262908574136,0.8565919009438749,0.922555610209324
deepcrack_0106,box,deepcrack,0.9014855355746676,0.9481907894736842,0.996004751106792,0.904757233938205,0.948190789473684
deepcrack_0107,box,deepcrack,0.6908083317408752,0.8171338155515371,0.7188307814674886,0.9465828750981932,0.8171338155515371
deepcrack_0108,box,deepcrack,0.666052416052416,0.7995575765023964,0.6896332414670341,0.9511695906432748,0.7995575765023964
deepcrack_0109,box,deepcrack,0.794087820707839,0.8852273690755448,1.0,0.794087820707839,0.8852273690755448
deepcrack_0110,box,deepcrack,0.7568431404687757,0.8615944395204553,1.0,0.7568431404687757,0.8615944395204553
deepcrack_0111,box,deepcrack,0.4434932851645331,0.6144722524483134,0.9829416884247172,0.4469331222793826,0.6144722524483134
deepcrack_0112,box,deepcrack,0.6608600125549278,0.7958045922706227,0.9969223484848484,0.6622110394716151,0.7958045922706227
deepcrack_0113,box,deepcrack,0.8671310629514963,0.9288379162636452,0.9425126191811554,0.9155543448651594,0.9288379162636452
deepcrack_0114,box,deepcrack,0.8767477990678405,0.9343267108167772,0.933210840606339,0.9354452527857076,0.934326710816777
deepcrack_0115,box,deepcrack,0.8275761550794345,0.9056543584017864,0.9705982905982906,0.8488563312901779,0.9056543584017864
deepcrack_0116,box,deepcrack,0.0767320586044201,0.1425276752767527,0.0810761716384773,0.588830255057168,0.1425276752767527
deepcrack_0117,box,deepcrack,0.8248033236100062,0.9039914745204418,0.9065384241717672,0.90145879625157,0.9039914745204416
deepcrack_0118,box,deepcrack,0.0139655121183007,0.0275463256913444,0.0140619623917303,0.6706302021403091,0.0275463256913443
deepcrack_0119,box,deepcrack,0.8218703612073232,0.902227050516024,0.9328840213423196,0.8735209045490402,0.902227050516024
deepcrack_0120,box,deepcrack,0.7165435745937961,0.8348679115394544,0.9334231287281124,0.7551369863013698,0.8348679115394544
deepcrack_0121,box,deepcrack,0.7777040477770405,0.8749533407988055,0.9642122583299054,0.8008199521694568,0.8749533407988055
deepcrack_0122,box,deepcrack,0.7894018366840407,0.8823080657465844,0.9302427610412402,0.8390713626170689,0.8823080657465844
deepcrack_0123,box,deepcrack,0.7734204793028322,0.8722358722358723,0.970703125,0.7919056724028043,0.8722358722358722
deepcrack_0124,box,deepcrack,0.8102189781021898,0.8951612903225806,0.8697355533790402,0.9221183800623052,0.8951612903225807
deepcrack_0125,box,deepcrack,0.7648099027409372,0.8667334669338678,0.8288616328095055,0.9082318353632928,0.8667334669338677
deepcrack_0126,box,deepcrack,0.8043310131477185,0.8915559365623661,0.971314209472982,0.8239022181982798,0.8915559365623661
deepcrack_0127,box,deepcrack,0.7595481441635288,0.8633445429532253,0.993200468933177,0.7635183850036049,0.8633445429532253
deepcrack_0128,box,deepcrack,0.7474048442906575,0.8554455445544554,0.988977446159064,0.7536831222538124,0.8554455445544554
deepcrack_0129,box,deepcrack,0.7357075913776945,0.847732181425486,0.9899117276166456,0.7412653446647781,0.8477321814254861
deepcrack_0130,box,deepcrack,0.825082189131696,0.904158940397351,0.9915175458982104,0.830947511929107,0.904158940397351
deepcrack_0131,box,deepcrack,0.8439623627809723,0.9153791637136782,0.9967074801934356,0.8463218591647738,0.9153791637136784
deepcrack_0132,box,deepcrack,0.8086813788072224,0.8942220429565393,0.9591174561972744,0.8375519455987911,0.8942220429565393
deepcrack_0133,box,deepcrack,0.8490606319385141,0.9183697032675212,0.8983510277840524,0.9393008974964572,0.9183697032675212
deepcrack_0134,box,deepcrack,0.0449096518289995,0.0859589185541355,0.0492389466054602,0.3380889183808891,0.0859589185541355
deepcrack_0135,box,deepcrack,0.5322168606301447,0.6947017413856984,0.5436358364743404,0.9620318111852232,0.6947017413856985
deepcrack_0136,box,deepcrack,0.0972355640943537,0.1772373540856031,0.1001161768399899,0.7716602129719264,0.1772373540856031
deepcrack_0137,box,deepcrack,0.2753818827708703,0.4318422372012701,0.323,0.6513191060325996,0.4318422372012702
deepcrack_0138,box,deepcrack,0.0357675576830661,0.0690648348999758,0.0358770502065857,0.9213826366559486,0.0690648348999758
deepcrack_0139,box,deepcrack,0.7147606382978723,0.833656455990694,0.8722109533468559,0.7983661344225771,0.833656455990694
deepcrack_0140,box,deepcrack,0.0323501707288355,0.0626728636195147,0.0325669835782195,0.8293296440699283,0.0626728636195147
deepcrack_0141,box,deepcrack,0.7756753540402237,0.8736679847195228,0.7869129542436315,0.9819222657426936,0.8736679847195228
deepcrack_0142,box,deepcrack,0.0,0.0,0.0,0.0,0.0
deepcrack_0143,box,deepcrack,0.0613595706618962,0.115624473285016,0.0615588937346327,0.9498753807809472,0.115624473285016
deepcrack_0144,box,deepcrack,0.5784883720930233,0.7329650092081031,0.5948369565217392,0.9546445704317488,0.7329650092081031
deepcrack_0145,box,deepcrack,0.0065263035418683,0.0129679741481228,0.0066418360316913,0.2728277691797479,0.0129679741481228
deepcrack_0146,box,deepcrack,0.7710539586485123,0.8707289293849658,0.7867249807049138,0.9748167038571884,0.8707289293849657
deepcrack_0147,box,deepcrack,0.771759382486026,0.8711785472846091,0.976755937342092,0.7861984815618221,0.8711785472846091
deepcrack_0148,box,deepcrack,0.6514382402707276,0.7889344262295082,0.6994549701531274,0.9046659953004365,0.788934426229508
deepcrack_0149,box,deepcrack,0.8172388244010866,0.8994291927154118,0.8753968253968254,0.9248183342649524,0.8994291927154118
deepcrack_0150,box,deepcrack,0.0091891713218523,0.0182109986571026,0.0094802353008042,0.230354923353128,0.0182109986571026
deepcrack_0151,box,deepcrack,0.7148494592224496,0.8337168669564476,0.7670953575909661,0.91301101362703,0.8337168669564476
deepcrack_0152,box,deepcrack,0.0458175538009154,0.0876205484109466,0.0461551581999602,0.8623326959847036,0.0876205484109466
deepcrack_0153,box,deepcrack,0.6564102564102564,0.7925696594427245,0.7456310679611651,0.8458149779735683,0.7925696594427245
deepcrack_0154,box,deepcrack,0.748234502858424,0.8559887150551423,0.8222468588322247,0.8926183471516448,0.8559887150551423
deepcrack_0155,box,deepcrack,0.7727789507877213,0.8718277599633532,0.950459448661606,0.8052123878828905,0.8718277599633532
deepcrack_0156,box,deepcrack,0.8406529343179169,0.913429054054054,0.8751770180052599,0.955177743431221,0.913429054054054
deepcrack_0157,box,deepcrack,0.0081483721192429,0.0161650255946238,0.0083790933715574,0.2283498492029297,0.0161650255946238
deepcrack_0158,box,deepcrack,0.0015556214019641,0.0031064104054182,0.0017069007559131,0.0172494719549401,0.0031064104054182
deepcrack_0159,box,deepcrack,0.748339343328905,0.8560573165436387,0.7687658412945994,0.9657114866519716,0.8560573165436388
deepcrack_0160,box,deepcrack,0.9107786343109976,0.9533062783480544,0.9943229918828744,0.9155394561878124,0.9533062783480544
deepcrack_0161,box,deepcrack,0.940994241562796,0.9696002403439924,0.9995354419108824,0.9414059651425656,0.9696002403439924
deepcrack_0162,box,deepcrack,0.8187962043473463,0.9003715780693107,0.999091215079098,0.8194064872325741,0.9003715780693106
deepcrack_0163,box,deepcrack,0.9219157821472072,0.9593716756071614,0.9984453029303684,0.9232411239381398,0.9593716756071612
deepcrack_0164,box,deepcrack,0.8964283472475049,0.945385939361843,0.9732842636134396,0.9190424094214557,0.9453859393618428
deepcrack_0165,box,deepcrack,0.691654653211597,0.817725594167219,0.7813970322113645,0.85759682224429,0.8177255941672191
deepcrack_0166,box,deepcrack,0.9174383782538584,0.9569417079148446,0.99984936734284,0.9175652013639296,0.9569417079148445
deepcrack_0167,box,deepcrack,0.5791531212707296,0.7334983713355049,0.8303244837758113,0.6568961493582264,0.7334983713355049
deepcrack_0168,box,deepcrack,0.3006031577080007,0.4622519266180181,0.3043556353839245,0.9606009070294784,0.4622519266180181
deepcrack_0169,box,deepcrack,0.6014126394052045,0.7511026510051534,0.8703464600817732,0.6605961616986525,0.7511026510051534
deepcrack_0170,box,deepcrack,0.4526491236931158,0.6232050345954592,0.5413797269542104,0.7341689194724339,0.6232050345954591
deepcrack_0171,box,deepcrack,0.7531675269826372,0.8592077087794433,0.8077503774534474,0.9176672384219554,0.8592077087794432
deepcrack_0172,box,deepcrack,0.6591859185918592,0.7945895769791805,0.7201923076923077,0.8861283643892339,0.7945895769791803
deepcrack_0173,box,deepcrack,0.0721108410962603,0.134521242267311,0.072717062046901,0.8963708831550241,0.134521242267311
deepcrack_0174,box,deepcrack,0.6004175365344467,0.7503261153143752,0.602177554438861,0.9951557093425606,0.7503261153143752
deepcrack_0175,box,deepcrack,0.3736637512147716,0.5440396179695791,0.3772381653176355,0.9752694990488268,0.5440396179695791
deepcrack_0176,box,deepcrack,0.0,0.0,0.0,0.0,0.0
deepcrack_0177,box,deepcrack,0.4345252190385981,0.6058104985143612,0.4389952153110047,0.9771033013844516,0.6058104985143612
deepcrack_0178,box,deepcrack,0.8518851997749015,0.9200194481585025,0.9059245960502692,0.9345598222002716,0.9200194481585026
deepcrack_0179,box,deepcrack,0.4261068702290076,0.597580558826678,0.5592065718292927,0.6416091954022989,0.597580558826678
deepcrack_0180,box,deepcrack,0.9131782945736434,0.9546191247974068,0.9540668749276872,0.955172014363489,0.9546191247974068
deepcrack_0181,box,deepcrack,0.7933252915158826,0.8847533632286996,0.8356628547225752,0.9399714149595044,0.8847533632286995
deepcrack_0182,box,deepcrack,0.8563146997929607,0.9225964755743922,0.9096107323510008,0.935958361620276,0.9225964755743922
deepcrack_0183,box,deepcrack,0.7431276377324056,0.852637089386206,0.8100211363918935,0.8999861859372842,0.852637089386206
deepcrack_0184,box,deepcrack,0.7486754647914459,0.8562771993609871,0.8061404418628773,0.913063909774436,0.8562771993609871
deepcrack_0185,box,deepcrack,0.7383081155433288,0.8494559841740851,0.8460528044135032,0.8528866525423728,0.849455984174085
deepcrack_0186,box,deepcrack,0.7753564154786151,0.8734656418492601,0.909134328358209,0.8404901203223314,0.87346564184926
deepcrack_0187,box,deepcrack,0.0703240248821399,0.131406981899493,0.0718259403645558,0.770805065581185,0.131406981899493
deepcrack_0188,box,deepcrack,0.8191475235692471,0.9005839416058394,0.9185527099463968,0.8833046964490263,0.9005839416058393
deepcrack_0189,box,deepcrack,0.6871544715447154,0.8145720894371626,0.9086218017630616,0.7381659388646288,0.8145720894371626
deepcrack_0190,box,deepcrack,0.8112944162436548,0.8958172773768655,0.9009301014656144,0.8907621568900654,0.8958172773768655
deepcrack_0191,box,deepcrack,0.8002717391304348,0.8890566037735849,0.8772713732499255,0.9011627906976744,0.889056603773585
deepcrack_0192,box,deepcrack,0.7276411780599837,0.8423522051923679,0.7707498568975386,0.9286206896551724,0.8423522051923678
deepcrack_0193,box,deepcrack,0.7350815610158993,0.847316434606688,0.8492366412213741,0.8454048919496556,0.847316434606688
deepcrack_0194,box,deepcrack,0.8312927993359618,0.9078753541076487,0.9075668328047124,0.908184085241442,0.9078753541076487
deepcrack_0195,box,deepcrack,0.7190316765387587,0.8365543071161049,0.7322318384474167,0.9755415793151644,0.8365543071161048
deepcrack_0196,box,deepcrack,0.7513397642015005,0.8580171358629131,0.7924485643228578,0.9354149986655992,0.8580171358629132
deepcrack_0197,box,deepcrack,0.7746913580246914,0.8730434782608696,0.8015754737066213,0.9585030549898168,0.8730434782608696
deepcrack_0198,box,deepcrack,0.2992632906351629,0.4606661217817736,0.3839734309801584,0.5756415166602834,0.4606661217817736
deepcrack_0199,box,deepcrack,0.0844777841892671,0.155794402468873,0.9891891891891892,0.0845558507566131,0.155794402468873
deepcrack_0200,box,deepcrack,0.6637665782493368,0.7979082966647535,0.8326900039930787,0.7659157688540646,0.7979082966647535
deepcrack_0201,box,deepcrack,0.2216829498896943,0.3629140439583118,0.2370425288131023,0.7738173817381738,0.3629140439583118
deepcrack_0202,box,deepcrack,0.5397733775895617,0.7011075596521222,0.7411598302687411,0.6651622002820875,0.7011075596521222
deepcrack_0203,box,deepcrack,0.5448724075313007,0.7053947042811185,0.6905281007751938,0.7209155285786545,0.7053947042811184
deepcrack_0204,box,deepcrack,0.5833333333333334,0.7368421052631579,0.7612337144376495,0.7139650872817955,0.736842105263158
deepcrack_0205,box,deepcrack,0.1319581374184741,0.2331502076912769,0.8146067415730337,0.1360437842064112,0.2331502076912769
deepcrack_0206,box,deepcrack,0.5885133052501798,0.7409611279994825,0.6476707372229761,0.8656490856883784,0.7409611279994827
deepcrack_0207,box,deepcrack,0.5154884829229547,0.6802935010482181,0.5250809061488673,0.9657738095238096,0.680293501048218
deepcrack_0208,box,deepcrack,0.5528009861662786,0.7120049395783717,0.5715094873973379,0.944093567251462,0.7120049395783717
deepcrack_0209,box,deepcrack,0.4585908529048207,0.6288135593220339,0.4804662205914095,0.909685328974254,0.628813559322034
deepcrack_0210,box,deepcrack,0.4012769662377866,0.5727304107697618,0.4238708358880033,0.8827410087252607,0.5727304107697618
deepcrack_0211,box,deepcrack,0.3531366034786007,0.5219526285384171,0.5732868020304569,0.4790562036055143,0.5219526285384171
deepcrack_0212,box,deepcrack,0.3271421495789995,0.4930024258257137,0.3588698723173051,0.7872467222884386,0.4930024258257137
deepcrack_0213,box,deepcrack,0.6104468219005664,0.7581086361860102,0.691498841561219,0.8389189189189189,0.7581086361860102
deepcrack_0214,box,deepcrack,0.5225149867558901,0.6863840307664133,0.5539462015962163,0.9020457280385078,0.6863840307664133
deepcrack_0215,box,deepcrack,0.6801606922126081,0.8096376678315247,0.8611111111111112,0.763970843457133,0.8096376678315247
deepcrack_0216,box,deepcrack,0.7005212712291912,0.8238900425195294,0.7800037446171129,0.8730092204526404,0.8238900425195292
deepcrack_0217,box,deepcrack,0.8032960067610395,0.8909197422378442,0.882954017649791,0.8990305036651691,0.8909197422378442
deepcrack_0218,box,deepcrack,0.736545853926414,0.8482884022452368,0.8116490166414524,0.8883921179003146,0.8482884022452367
deepcrack_0219,box,deepcrack,0.4791034715200539,0.6478295545174889,0.4841621253405994,0.978657487091222,0.6478295545174889
deepcrack_0220,box,deepcrack,0.5209659492775589,0.6850461701986315,0.5313272877164056,0.963918489437278,0.6850461701986315
deepcrack_0221,box,deepcrack,0.7536887994634474,0.859546801797495,0.8299483013293943,0.8913345231013285,0.859546801797495
deepcrack_0222,box,deepcrack,0.7548652694610778,0.8603113670292173,0.8474789915966386,0.8735383282806409,0.8603113670292173
deepcrack_0223,box,deepcrack,0.708568622636877,0.8294295157350194,0.7443899922620583,0.936404931862427,0.8294295157350193
deepcrack_0224,box,deepcrack,0.7173943761480853,0.8354451209478361,0.8000315159155373,0.8741391184573003,0.8354451209478362
deepcrack_0225,box,deepcrack,0.2373451327433628,0.3836361035617222,0.2437295528898582,0.900604432505037,0.3836361035617222
deepcrack_0226,box,deepcrack,0.3895925110132158,0.560729146027343,0.3971372438955936,0.9535040431266848,0.560729146027343
deepcrack_0227,box,deepcrack,0.7214898246512224,0.8382156133828996,0.7546184738955823,0.9426421404682276,0.8382156133828997
deepcrack_0228,box,deepcrack,0.6044922885829624,0.7534997742081156,0.6263406263406264,0.9454427715719604,0.7534997742081156
deepcrack_0229,box,deepcrack,0.836036036036036,0.9106967615309126,0.855862977602108,0.9730377471539844,0.9106967615309128
deepcrack_0230,box,deepcrack,0.9015059909860392,0.9482021042895132,0.9791069723018148,0.919188522752746,0.9482021042895132
deepcrack_0231,box,deepcrack,0.8086280924146392,0.8941894641645942,0.8440034144259496,0.950721153846154,0.894189464164594
deepcrack_0232,box,deepcrack,0.6790602189781022,0.8088574921885613,0.6832683038788157,0.991011984021305,0.8088574921885613
deepcrack_0233,box,deepcrack,0.8202345188487257,0.9012404834158548,0.97320915258135,0.8391830259766012,0.9012404834158548
deepcrack_0234,box,deepcrack,0.8270581080333942,0.9053440658476064,0.9951436934539648,0.830409681358943,0.9053440658476064
deepcrack_0235,box,deepcrack,0.8570112201203317,0.9230005837711616,0.9952788618909733,0.8605094154783934,0.9230005837711616
deepcrack_0236,box,deepcrack,0.4742894209222785,0.6434142634294628,0.9967160294937728,0.4750317455630038,0.6434142634294628
deepcrack_0000,box+point,deepcrack,0.5910299003322259,0.7429525997076634,0.6138716356107661,0.940772078265468,0.7429525997076634
deepcrack_0001,box+point,deepcrack,0.3126531412329707,0.4763682520719779,0.7670113007934599,0.3454624214858133,0.4763682520719778
deepcrack_0002,box+point,deepcrack,0.0056829923537921,0.0113017569094832,0.2263374485596707,0.0057955742887249,0.0113017569094832
deepcrack_0003,box+point,deepcrack,0.0672580977924489,0.1260390489077904,0.4396493594066082,0.073564255895295,0.1260390489077904
deepcrack_0004,box+point,deepcrack,0.4077368917643887,0.5792799693603983,0.7834757834757835,0.459516937566459,0.5792799693603984
deepcrack_0005,box+point,deepcrack,0.6054179290679024,0.7542184724689165,0.7794860027535567,0.7305376344086022,0.7542184724689166
deepcrack_0006,box+point,deepcrack,0.3866666666666666,0.5576923076923077,0.6990358126721763,0.4638939670932358,0.5576923076923077
deepcrack_0007,box+point,deepcrack,0.7177378754824635,0.8356779992184447,0.8591803937324226,0.8134271586154431,0.8356779992184447
deepcrack_0008,box+point,deepcrack,0.7390921110621419,0.8499746578813989,0.902583423035522,0.8031609195402298,0.8499746578813988
deepcrack_0009,box+point,deepcrack,0.6541958563124162,0.7909533249234096,0.8139836795252225,0.7691903259726603,0.7909533249234096
deepcrack_0010,box+point,deepcrack,0.3909465020576131,0.5621301775147929,0.641169853768279,0.5004389815627743,0.5621301775147929
deepcrack_0011,box+point,deepcrack,0.7321076822061721,0.8453373768006065,0.8004307250538406,0.8955823293172691,0.8453373768006065
deepcrack_0012,box+point,deepcrack,0.4954798648525249,0.662636624534408,0.9623411173514632,0.5052768810528929,0.6626366245344079
deepcrack_0013,box+point,deepcrack,0.3842439094709529,0.5551679250195262,0.9661109097499094,0.3894936801344341,0.5551679250195262
deepcrack_0014,box+point,deepcrack,0.0437326457754859,0.0838004750593824,0.8289473684210527,0.0441308916241368,0.0838004750593824
deepcrack_0015,box+point,deepcrack,0.2320352458601306,0.376669817912779,0.9950054288816504,0.2323058203204218,0.376669817912779
deepcrack_0016,box+point,deepcrack,0.3599283305227655,0.5293342633496086,0.5824663141736313,0.4850852272727273,0.5293342633496086
deepcrack_0017,box+point,deepcrack,0.1466231772831926,0.2557477996051002,0.8623335590160235,0.1501375245579568,0.2557477996051002
deepcrack_0018,box+point,deepcrack,0.4723239046034387,0.6416032547276426,0.8490528414755733,0.5156212157907484,0.6416032547276426
deepcrack_0019,box+point,deepcrack,0.4140683774972833,0.5856412378447078,0.9800178059155208,0.4175939976395211,0.5856412378447078
deepcrack_0020,box+point,deepcrack,0.6095137655417406,0.7573886953822809,0.9510653040013858,0.6292476075869577,0.7573886953822808
deepcrack_0021,box+point,deepcrack,0.7106043752317389,0.8308225858892381,0.936248168050806,0.74673680109098,0.8308225858892381
deepcrack_0022,box+point,deepcrack,0.5166988954803186,0.6813467023943297,0.9753155159613957,0.5235454303931987,0.6813467023943296
deepcrack_0023,box+point,deepcrack,0.6434293401822295,0.7830325581395349,0.9382914214374888,0.6718600344805568,0.7830325581395349
deepcrack_0024,box+point,deepcrack,0.0088891951488423,0.0176217471484188,0.7087912087912088,0.0089217788228784,0.0176217471484188
deepcrack_0025,box+point,deepcrack,0.0,0.0,0.0,0.0,0.0
deepcrack_0026,box+point,deepcrack,0.7537511032656664,0.8595873175641671,0.8743281289992322,0.8453353130413264,0.8595873175641671
deepcrack_0027,box+point,deepcrack,0.4814935594325779,0.6500110059432094,0.5201691033996829,0.866236432971546,0.6500110059432094
deepcrack_0028,box+point,deepcrack,0.562489126022154,0.7199910919753545,0.688604898828541,0.7543750486116513,0.7199910919753546
deepcrack_0029,box+point,deepcrack,0.5355477120887432,0.6975331445224315,0.9998823252530008,0.535581468641664,0.6975331445224315
deepcrack_0030,box+point,deepcrack,0.6180391754691826,0.7639359847884646,0.9990881962864722,0.6183879739366888,0.7639359847884647
deepcrack_0031,box+point,deepcrack,0.880316426244765,0.936349237774698,0.9992605113036128,0.8808902961445334,0.936349237774698
deepcrack_0032,box+point,deepcrack,0.6145631067961165,0.7612748045700541,0.6365647626709574,0.9467544122046068,0.761274804570054
deepcrack_0033,box+point,deepcrack,0.7565694019023054,0.8614170337738619,0.790866194809572,0.945787988714228,0.8614170337738619
deepcrack_0034,box+point,deepcrack,0.7151730257320319,0.8339368856699431,0.7216833308461423,0.9875433939146416,0.8339368856699432
deepcrack_0035,box+point,deepcrack,0.5443592552026287,0.7049645390070922,0.6308250226654578,0.7988518943742824,0.7049645390070922
deepcrack_0036,box+point,deepcrack,0.5666158794650414,0.7233628701102226,1.0,0.5666158794650414,0.7233628701102226
deepcrack_0037,box+point,deepcrack,0.2701896879658664,0.4254320288154113,0.9749582637729548,0.2720778548503986,0.4254320288154114
deepcrack_0038,box+point,deepcrack,0.0353688178977131,0.0683211958604829,0.9326357096141268,0.0354594056943926,0.0683211958604829
deepcrack_0039,box+point,deepcrack,0.06178767279068,0.1163842345773038,0.9698532328441096,0.0619065704519559,0.1163842345773038
deepcrack_0040,box+point,deepcrack,0.6708604807908335,0.8030119671910717,0.7050767414403778,0.9325421611492816,0.8030119671910716
deepcrack_0041,box+point,deepcrack,0.5882223687101736,0.7407304925290537,0.968624004962266,0.599648,0.7407304925290537
deepcrack_0042,box+point,deepcrack,0.0347494977963001,0.0671650440426518,0.8202406227883935,0.0350161636303211,0.0671650440426518
deepcrack_0043,box+point,deepcrack,0.5062168254199084,0.672169925174994,0.9561873369042714,0.5182373083221676,0.672169925174994
deepcrack_0044,box+point,deepcrack,0.7417658688428048,0.8517400439539209,0.9627122345362232,0.7637072325682114,0.8517400439539209
deepcrack_0045,box+point,deepcrack,0.7923051299133911,0.8841185763404888,0.8021922428330522,0.9846822604015733,0.8841185763404888
deepcrack_0046,box+point,deepcrack,0.6500318268618714,0.7879021680425893,0.677368002122579,0.9415452701456758,0.7879021680425894
deepcrack_0047,box+point,deepcrack,0.5073346249654027,0.6731546088872568,0.5964855190367719,0.7724399494310998,0.6731546088872566
deepcrack_0048,box+point,deepcrack,0.7294671769208125,0.8435744680851064,0.7557182067703568,0.9545454545454546,0.8435744680851065
deepcrack_0049,box+point,deepcrack,0.8224486083318173,0.9025753643441804,0.8482176360225141,0.964377133105802,0.9025753643441804
deepcrack_0050,box+point,deepcrack,0.75135769851754,0.8580288300368756,0.7751362810417929,0.9607732732732732,0.8580288300368756
deepcrack_0051,box+point,deepcrack,0.5422407070444503,0.7031855722231586,0.5543449375498273,0.9612903225806452,0.7031855722231587
deepcrack_0052,box+point,deepcrack,0.8033932135728543,0.8909795240730493,0.8158783783783784,0.9813084112149532,0.8909795240730494
deepcrack_0053,box+point,deepcrack,0.7771827706635622,0.8746233459976418,0.7863368669022379,0.985242030696576,0.8746233459976418
deepcrack_0054,box+point,deepcrack,0.8165003650523242,0.8989817792068596,0.8732431025507548,0.9262838210933186,0.8989817792068595
deepcrack_0055,box+point,deepcrack,0.4682910055509161,0.6378721980595516,0.5922221531962477,0.691147683607627,0.6378721980595518
deepcrack_0056,box+point,deepcrack,0.4723135271807838,0.6415936802335566,0.6964951528709918,0.59471505889844,0.6415936802335567
deepcrack_0057,box+point,deepcrack,0.5432937181663837,0.7040704070407041,0.6066350710900474,0.8387942332896461,0.704070407040704
deepcrack_0058,box+point,deepcrack,0.2920512057159869,0.452073732718894,0.3454225352112676,0.654,0.452073732718894
deepcrack_0059,box+point,deepcrack,0.7617906359667893,0.8647913326531603,0.92256660101586,0.8138258961228969,0.8647913326531604
deepcrack_0060,box+point,deepcrack,0.7281709805606272,0.8427071033496986,0.9529163738580464,0.7553475935828877,0.8427071033496987
deepcrack_0061,box+point,deepcrack,0.8070669568557163,0.8932341480694297,0.970742223591007,0.8271880330665267,0.8932341480694296
deepcrack_0062,box+point,deepcrack,0.3154371522909222,0.479592889316783,0.3927686415859427,0.615697007151055,0.4795928893167829
deepcrack_0063,box+point,deepcrack,0.3100715746421268,0.4733658536585365,0.7916032194909723,0.3376322137687882,0.4733658536585366
deepcrack_0064,box+point,deepcrack,0.6097731239092495,0.7575888985255854,0.82639545884579,0.699359487590072,0.7575888985255854
deepcrack_0065,box+point,deepcrack,0.2217290426712397,0.3629758071174965,0.6792336217552534,0.2476619718309859,0.3629758071174965
deepcrack_0066,box+point,deepcrack,0.1961902293637424,0.3280251327050157,0.7681380010147133,0.2085399449035812,0.3280251327050156
deepcrack_0067,box+point,deepcrack,0.7737549981824791,0.8724485613574883,0.8208391176924263,0.9309832050384884,0.8724485613574884
deepcrack_0068,box+point,deepcrack,0.7225947033188066,0.83896078622166,0.7599153886832364,0.9363596872284968,0.8389607862216599
deepcrack_0069,box+point,deepcrack,0.65715069997255,0.7931091601788968,0.6755079006772009,0.96028880866426,0.7931091601788969
deepcrack_0070,box+point,deepcrack,0.6526001705029838,0.7897859169460923,0.6639202081526453,0.9745385105028644,0.7897859169460925
deepcrack_0071,box+point,deepcrack,0.6571814754214982,0.7931315732989912,0.662554686939683,0.9878100940975192,0.7931315732989912
deepcrack_0072,box+point,deepcrack,0.7340374072879716,0.8466223441350132,0.7514856388246947,0.969338869370808,0.8466223441350132
deepcrack_0073,box+point,deepcrack,0.5217360621030346,0.6857116356722163,0.5284111214352083,0.9763602746962492,0.6857116356722163
deepcrack_0074,box+point,deepcrack,0.7840043525571273,0.8789265019823117,0.8373038930854154,0.9249037227214376,0.8789265019823117
deepcrack_0075,box+point,deepcrack,0.6353651440209485,0.7770315349375083,0.6512338775814508,0.9630650496141124,0.7770315349375083
deepcrack_0076,box+point,deepcrack,0.7597985347985348,0.8635062704896707,0.7786223723723724,0.9691624810185726,0.8635062704896707
deepcrack_0077,box+point,deepcrack,0.5622633103141012,0.7198060744331954,0.5653488632545638,0.9903865018638416,0.7198060744331956
deepcrack_0078,box+point,deepcrack,0.618308132407029,0.7641414141414141,0.6362489486963835,0.9563843236409608,0.764141414141414
deepcrack_0079,box+point,deepcrack,0.7283120376597175,0.8428015564202335,0.8451033944596177,0.840512223515716,0.8428015564202336
deepcrack_0080,box+point,deepcrack,0.7334801762114538,0.8462515883100381,0.8737290915054116,0.8204496458269172,0.8462515883100381
deepcrack_0081,box+point,deepcrack,0.7879646418857661,0.8814096469544274,0.9677105080027836,0.8092411545623837,0.8814096469544275
deepcrack_0082,box+point,deepcrack,0.6998505231689088,0.823425958494548,0.972849425128134,0.7137920520378087,0.823425958494548
deepcrack_0083,box+point,deepcrack,0.7258304940374787,0.8411376395829477,0.9309026355318858,0.767161827593968,0.8411376395829477
deepcrack_0084,box+point,deepcrack,0.85911227154047,0.924217740576372,0.9424839596700276,0.9066460928028216,0.9242177405763722
deepcrack_0085,box+point,deepcrack,0.7611637347767253,0.8643872454859777,0.9647336263265088,0.7829491083079599,0.8643872454859777
deepcrack_0086,box+point,deepcrack,0.8009249949728534,0.8894595801697186,0.9496900333810204,0.8364132717345653,0.8894595801697185
deepcrack_0087,box+point,deepcrack,0.7478510028653295,0.8557377049180328,0.9107960741548528,0.8069565217391305,0.8557377049180328
deepcrack_0088,box+point,deepcrack,0.7880956005480286,0.8814915715988422,0.9492115878254492,0.8227908455181182,0.8814915715988422
deepcrack_0089,box+point,deepcrack,0.1849111596883582,0.3121097445600757,0.202417474536753,0.681330028913672,0.3121097445600757
deepcrack_0090,box+point,deepcrack,0.2004513868266318,0.3339600237482683,0.2225812833871925,0.6684491978609626,0.3339600237482684
deepcrack_0091,box+point,deepcrack,0.7165937695260198,0.8349019811762259,0.95959837437246,0.738886332259549,0.8349019811762258
deepcrack_0092,box+point,deepcrack,0.5741534504929275,0.7294758339006127,0.9718846363141666,0.5838509316770186,0.7294758339006128
deepcrack_0093,box+point,deepcrack,0.8061067231747255,0.8926457255613034,0.9791739791739792,0.8201685613484908,0.8926457255613033
deepcrack_0094,box+point,deepcrack,0.595731854352544,0.7466565923687193,0.9305084745762712,0.6234700315457413,0.7466565923687193
deepcrack_0095,box+point,deepcrack,0.6753649399302416,0.8062302413447452,0.9299181785841336,0.711582959030897,0.8062302413447452
deepcrack_0096,box+point,deepcrack,0.8184984206689884,0.9001915111566383,0.8998308253939987,0.9005524861878453,0.9001915111566384
deepcrack_0097,box+point,deepcrack,0.6906753544069737,0.8170407791260872,0.9609212299399732,0.7106359847798515,0.8170407791260872
deepcrack_0098,box+point,deepcrack,0.1177891131317611,0.2107537311787659,0.1197259827925208,0.8792421594776051,0.2107537311787659
deepcrack_0099,box+point,deepcrack,0.6593348115299335,0.7946977390560692,0.9732914375490966,0.671484057447385,0.7946977390560692
deepcrack_0100,box+point,deepcrack,0.7271478843017767,0.8420215673607315,0.947439051666294,0.7577139790716394,0.8420215673607316
deepcrack_0101,box+point,deepcrack,0.6306692477876106,0.7735097091494955,0.7462369109947644,0.802851610631931,0.7735097091494955
deepcrack_0102,box+point,deepcrack,0.760914760914761,0.8642266824085005,0.8529129540781357,0.8758445945945946,0.8642266824085006
deepcrack_0103,box+point,deepcrack,0.8890655160667651,0.9412754703372004,0.9599117322545052,0.9233490566037736,0.9412754703372004
deepcrack_0104,box+point,deepcrack,0.9211146838156484,0.9589377371122516,0.9900921658986176,0.9296841194288188,0.9589377371122516
deepcrack_0105,box+point,deepcrack,0.8562442933955564,0.922555610209324,0.9995262908574136,0.8565919009438749,0.922555610209324
deepcrack_0106,box+point,deepcrack,0.9014855355746676,0.9481907894736842,0.996004751106792,0.904757233938205,0.948190789473684
deepcrack_0107,box+point,deepcrack,0.6808190869810258,0.8101039454565776,0.7067082683307332,0.9489395129615082,0.8101039454565776
deepcrack_0108,box+point,deepcrack,0.663023679417122,0.7973713033953997,0.6829268292682927,0.9578947368421052,0.7973713033953999
deepcrack_0109,box+point,deepcrack,0.7775580569921915,0.8748609407536299,1.0,0.7775580569921915,0.8748609407536299
deepcrack_0110,box+point,deepcrack,0.7578265858056057,0.8622313394563849,1.0,0.7578265858056057,0.862231339456385
deepcrack_0111,box+point,deepcrack,0.4412065038095986,0.6122738173097886,0.9831962191493084,0.4445587653343886,0.6122738173097885
deepcrack_0112,box+point,deepcrack,0.660624607658506,0.7956338893351604,0.9969212551805804,0.6619751533259947,0.7956338893351604
deepcrack_0113,box+point,deepcrack,0.8898701298701299,0.9417262231995602,0.9503467406380028,0.9332606919095614,0.94172622319956
deepcrack_0114,box+point,deepcrack,0.8825972704924981,0.9376378945472555,0.9173568281938326,0.9588359885809008,0.9376378945472555
deepcrack_0115,box+point,deepcrack,0.8280635290689203,0.9059461182847124,0.9702919583404472,0.8496038271789506,0.9059461182847124
deepcrack_0116,box+point,deepcrack,0.5713881019830028,0.7272399495222643,0.9442883895131086,0.5913221929053064,0.7272399495222642
deepcrack_0117,box+point,deepcrack,0.8185777777777777,0.900239503397038,0.9110605461020972,0.8896724954110714,0.9002395033970381
deepcrack_0118,box+point,deepcrack,0.0138856746123582,0.0273910066194932,0.3409090909090909,0.0142687277051129,0.0273910066194932
deepcrack_0119,box+point,deepcrack,0.8151904997525977,0.898187270001363,0.9323712507074136,0.8664212463844333,0.8981872700013629
deepcrack_0120,box+point,deepcrack,0.7161423718800768,0.8345955249569708,0.9332178598922248,0.7548256537982565,0.8345955249569708
deepcrack_0121,box+point,deepcrack,0.7784967645594824,0.8754547998880493,0.9644398766700925,0.8015032456440041,0.8754547998880492
deepcrack_0122,box+point,deepcrack,0.7895259369570613,0.8823855755894591,0.9302529609592044,0.8392032713362353,0.8823855755894592
deepcrack_0123,box+point,deepcrack,0.7737317149081855,0.8724337603088261,0.970714564623194,0.7922243467176545,0.8724337603088259
deepcrack_0124,box+point,deepcrack,0.8099836035707779,0.8950176144942124,0.868359375,0.9233644859813084,0.8950176144942125
deepcrack_0125,box+point,deepcrack,0.7648514851485149,0.8667601683029453,0.828735632183908,0.9084418311633768,0.8667601683029453
deepcrack_0126,box+point,deepcrack,0.8046840477242598,0.8917727717923605,0.9712,0.8243549117247624,0.8917727717923604
deepcrack_0127,box+point,deepcrack,0.7598637015781923,0.8635483542239886,0.9934349355216882,0.7636986301369864,0.8635483542239886
deepcrack_0128,box+point,deepcrack,0.747756985388362,0.8556761513640364,0.9891488640217024,0.7539415869733781,0.8556761513640364
deepcrack_0129,box+point,deepcrack,0.7353538509607874,0.8474972992437882,0.9901135885570046,0.7407932011331445,0.8474972992437882
deepcrack_0130,box+point,deepcrack,0.8278862889189712,0.9058400338552688,0.9915460335842502,0.8337715454279871,0.9058400338552688
deepcrack_0131,box+point,deepcrack,0.5899877686528044,0.742128688389472,1.0,0.5899877686528044,0.742128688389472
deepcrack_0132,box+point,deepcrack,0.7886579139314369,0.8818432052196962,0.9579180509413068,0.8169625991688704,0.8818432052196962
deepcrack_0133,box+point,deepcrack,0.8487305312566674,0.9181765724177726,0.8977657413676371,0.9395370807746812,0.9181765724177726
deepcrack_0134,box+point,deepcrack,0.4662135922330097,0.6359422593034035,0.5292043200352656,0.7966157929661579,0.6359422593034035
deepcrack_0135,box+point,deepcrack,0.5276452427729441,0.6907955171780268,0.5380652547223812,0.9645972293483838,0.6907955171780269
deepcrack_0136,box+point,deepcrack,0.7198102016607355,0.8370809766864395,0.9733718318896376,0.7342691190706679,0.8370809766864394
deepcrack_0137,box+point,deepcrack,0.3877762106252938,0.5588454502337556,0.4682107175295186,0.692992774323643,0.5588454502337556
deepcrack_0138,box+point,deepcrack,0.0,0.0,0.0,0.0,0.0
deepcrack_0139,box+point,deepcrack,0.7053172475424486,0.8271976942224551,0.8785306803951579,0.7815323678673103,0.827197694222455
deepcrack_0140,box+point,deepcrack,0.1507477086348287,0.2619995808006707,0.7856693903205532,0.1572129291912967,0.2619995808006707
deepcrack_0141,box+point,deepcrack,0.7765409934171155,0.8742168025331806,0.7907373552711761,0.977402832178367,0.8742168025331806
deepcrack_0142,box+point,deepcrack,0.7808518852142582,0.87694197557627,0.8015852047556142,0.9679374700909236,0.87694197557627
deepcrack_0143,box+point,deepcrack,0.5929129928464482,0.7444386422976501,0.5975855130784709,0.98698421489892,0.7444386422976501
deepcrack_0144,box+point,deepcrack,0.5625864453665284,0.7200708121265766,0.7309074573225517,0.7095508068033144,0.7200708121265768
deepcrack_0145,box+point,deepcrack,0.3848335854765506,0.5557831489826573,0.7267857142857143,0.4499226177315941,0.5557831489826573
deepcrack_0146,box+point,deepcrack,0.7708228167592125,0.870581527936146,0.7873163186388245,0.9735416002550208,0.870581527936146
deepcrack_0147,box+point,deepcrack,0.7720255523023689,0.8713481036425085,0.9767637649435932,0.7864696312364425,0.8713481036425085
deepcrack_0148,box+point,deepcrack,0.6558686487685822,0.7921747286613963,0.6592328278322926,0.992279288351796,0.7921747286613963
deepcrack_0149,box+point,deepcrack,0.7798654604500116,0.8763195621008731,0.821001221001221,0.9396310788149804,0.8763195621008731
deepcrack_0150,box+point,deepcrack,0.6638129733289431,0.7979418167425292,0.7638292498105582,0.8352437508631404,0.7979418167425292
deepcrack_0151,box+point,deepcrack,0.7367333968859231,0.8484127710182051,0.8318980983135988,0.8655964159044242,0.8484127710182051
deepcrack_0152,box+point,deepcrack,0.0094234471577667,0.0186709496085123,0.1697080291970802,0.0098789037603569,0.0186709496085123
deepcrack_0153,box+point,deepcrack,0.6699439807934149,0.8023550352570685,0.979769269352951,0.679341525620218,0.8023550352570685
deepcrack_0154,box+point,deepcrack,0.7861887311039853,0.8802974931076489,0.8455474812168986,0.9180262102166354,0.8802974931076488
deepcrack_0155,box+point,deepcrack,0.7809830781627719,0.8770247036467288,0.94243485025282,0.820104924691149,0.8770247036467289
deepcrack_0156,box+point,deepcrack,0.8340073175428462,0.9094918101637968,0.867067067067067,0.9562817398984323,0.9094918101637968
deepcrack_0157,box+point,deepcrack,0.1289951419074405,0.2285131921639678,0.5401498929336188,0.1449088036765762,0.2285131921639678
deepcrack_0158,box+point,deepcrack,0.3378166330419188,0.5050268096514745,0.8828353837141183,0.3536728467495893,0.5050268096514746
deepcrack_0159,box+point,deepcrack,0.748339343328905,0.8560573165436387,0.7687658412945994,0.9657114866519716,0.8560573165436388
deepcrack_0160,box+point,deepcrack,0.91073302011586,0.9532812910310584,0.9943227091633466,0.915493603558164,0.9532812910310584
deepcrack_0161,box+point,deepcrack,0.9412493621984108,0.9697356563532592,0.9995355677684032,0.9416611974039232,0.9697356563532592
deepcrack_0162,box+point,deepcrack,0.8671932856084917,0.9288736118455844,0.9926532918903646,0.8727950310559006,0.9288736118455844
deepcrack_0163,box+point,deepcrack,0.9295253839126464,0.9634756729945438,0.9985046030188328,0.930821171857983,0.963475672994544
deepcrack_0164,box+point,deepcrack,0.9153422199436042,0.9558001806805636,0.9954697518817952,0.9191711178325505,0.9558001806805634
deepcrack_0165,box+point,deepcrack,0.8414693559388093,0.9139107889306312,0.9781402197304336,0.85759682224429,0.9139107889306312
deepcrack_0166,box+point,deepcrack,0.9628589837997056,0.9810781026518792,0.9987587721392084,0.9640125334070592,0.9810781026518792
deepcrack_0167,box+point,deepcrack,0.6545454545454545,0.7912087912087912,0.9982225382154284,0.6553092182030339,0.7912087912087913
deepcrack_0168,box+point,deepcrack,0.7324040219378428,0.8455348898562195,0.7907722674562053,0.9084467120181404,0.8455348898562195
deepcrack_0169,box+point,deepcrack,0.651584805226228,0.7890418986229124,0.9812947892627232,0.6597795018374847,0.7890418986229123
deepcrack_0170,box+point,deepcrack,0.7147755362411291,0.8336665891653104,0.9640782964078296,0.7343327598918653,0.8336665891653104
deepcrack_0171,box+point,deepcrack,0.7488996988649526,0.8564238410596027,0.7978775913129319,0.9242424242424242,0.8564238410596028
deepcrack_0172,box+point,deepcrack,0.6657399486740804,0.7993323918346386,0.7062159709618875,0.9207335107956226,0.7993323918346386
deepcrack_0173,box+point,deepcrack,0.5825242718446602,0.7361963190184049,0.6259183073758449,0.893643801132788,0.736196319018405
deepcrack_0174,box+point,deepcrack,0.6004175365344467,0.7503261153143752,0.602177554438861,0.9951557093425606,0.7503261153143752
deepcrack_0175,box+point,deepcrack,0.3733300947291717,0.5436858860983375,0.3769928869266618,0.9746353836398224,0.5436858860983376
deepcrack_0176,box+point,deepcrack,0.3632643782677881,0.5329331332332833,0.3875818578704826,0.8527214514407684,0.5329331332332834
deepcrack_0177,box+point,deepcrack,0.4345252190385981,0.6058104985143612,0.4389952153110047,0.9771033013844516,0.6058104985143612
deepcrack_0178,box+point,deepcrack,0.8526224534026875,0.9204492278895648,0.8745137267978215,0.9714779602420052,0.9204492278895648
deepcrack_0179,box+point,deepcrack,0.2455437100213219,0.3942755409476856,0.2807684805929393,0.6618390804597701,0.3942755409476856
deepcrack_0180,box+point,deepcrack,0.9082239425558174,0.9519049858889934,0.9665671641791044,0.937680991544075,0.9519049858889934
deepcrack_0181,box+point,deepcrack,0.7934848180172934,0.8848525619464066,0.835839864435501,0.9399714149595044,0.8848525619464066
deepcrack_0182,box+point,deepcrack,0.85669910954649,0.9228195404862816,0.909830657576424,0.936184657162254,0.9228195404862816
deepcrack_0183,box+point,deepcrack,0.7451658204601923,0.8539770968740328,0.7736653207716465,0.9528940461389694,0.8539770968740328
deepcrack_0184,box+point,deepcrack,0.7491346153846153,0.8565774283986587,0.8049385267073045,0.915296052631579,0.8565774283986587
deepcrack_0185,box+point,deepcrack,0.7379397272831443,0.8492121052284565,0.8456992777413,0.8527542372881356,0.8492121052284565
deepcrack_0186,box+point,deepcrack,0.741278800777274,0.8514188542884472,0.8208832872220514,0.8843139419361961,0.8514188542884471
deepcrack_0187,box+point,deepcrack,0.7951434878587197,0.8858829316281358,0.97088948787062,0.8145635459068294,0.8858829316281357
deepcrack_0188,box+point,deepcrack,0.8242746219861055,0.903673835125448,0.9442883895131086,0.8664089347079038,0.903673835125448
deepcrack_0189,box+point,deepcrack,0.686880182084214,0.8143793369313801,0.9084067942377984,0.7379912663755459,0.8143793369313803
deepcrack_0190,box+point,deepcrack,0.8114213197969543,0.8958946335995517,0.9009440608707904,0.890901490873624,0.8958946335995517
deepcrack_0191,box+point,deepcrack,0.8015225666122893,0.889827950498038,0.8779035139964264,0.9020807833537332,0.889827950498038
deepcrack_0192,box+point,deepcrack,0.7271745002701242,0.8420394119487019,0.7704636519748139,0.9282758620689656,0.8420394119487019
deepcrack_0193,box+point,deepcrack,0.7352880446004543,0.847453593526892,0.8492725971857858,0.8456423652339112,0.847453593526892
deepcrack_0194,box+point,deepcrack,0.8310852874040258,0.9077515865820488,0.9075458871515976,0.907957379279075,0.9077515865820488
deepcrack_0195,box+point,deepcrack,0.7190316765387587,0.8365543071161049,0.7322318384474167,0.9755415793151644,0.8365543071161048
deepcrack_0196,box+point,deepcrack,0.7513930561508787,0.8580518844836026,0.792316384180791,0.9356818788364024,0.8580518844836026
deepcrack_0197,box+point,deepcrack,0.7583022204755354,0.8625391148860081,0.7687250996015936,0.9824338085539714,0.862539114886008
deepcrack_0198,box+point,deepcrack,0.525402585620322,0.688870715931901,0.8246707013171948,0.5914719775309588,0.6888707159319011
deepcrack_0199,box+point,deepcrack,0.2852872090540252,0.4439275627180595,0.7902987281869269,0.3086519579531015,0.4439275627180594
deepcrack_0200,box+point,deepcrack,0.692598028936884,0.818384539147671,0.828234704112337,0.808765915768854,0.818384539147671
deepcrack_0201,box+point,deepcrack,0.61692158076209,0.7630816337689321,0.7585607131209914,0.7676567656765677,0.7630816337689322
deepcrack_0202,box+point,deepcrack,0.6131724226473232,0.7602069239952248,0.8723287671232877,0.6736248236953456,0.7602069239952248
deepcrack_0203,box+point,deepcrack,0.5159006629958423,0.6806523350630096,0.8224650662844859,0.5805513404147699,0.6806523350630097
deepcrack_0204,box+point,deepcrack,0.5085602665747443,0.6742326148221495,0.8663143472303778,0.5518703241895262,0.6742326148221495
deepcrack_0205,box+point,deepcrack,0.3366801408267049,0.5037557311481806,0.6696058091286307,0.4037529319781079,0.5037557311481807
deepcrack_0206,box+point,deepcrack,0.5539789069990412,0.7129812438302073,0.6024397873005943,0.873205380081608,0.7129812438302072
deepcrack_0207,box+point,deepcrack,0.5154884829229547,0.6802935010482181,0.5250809061488673,0.9657738095238096,0.680293501048218
deepcrack_0208,box+point,deepcrack,0.539548755186722,0.7009180493556809,0.5476441168728613,0.9733333333333334,0.700918049355681
deepcrack_0209,box+point,deepcrack,0.4567699836867863,0.6270996640537514,0.4769001490312965,0.9154066203514508,0.6270996640537514
deepcrack_0210,box+point,deepcrack,0.3948210922787194,0.5661243502329035,0.4145738580185881,0.8923175143647585,0.5661243502329034
deepcrack_0211,box+point,deepcrack,0.4409923487131926,0.6120675784392599,0.7785509619320508,0.5042417815482503,0.6120675784392599
deepcrack_0212,box+point,deepcrack,0.3469055374592834,0.5151148730350665,0.3626854779858915,0.8885578069129917,0.5151148730350664
deepcrack_0213,box+point,deepcrack,0.6085125582794405,0.7566152407667134,0.6665568369028007,0.8748108108108108,0.7566152407667134
deepcrack_0214,box+point,deepcrack,0.56921502704283,0.7254774103400093,0.5917933130699088,0.9371841155234656,0.7254774103400095
deepcrack_0215,box+point,deepcrack,0.6211052699063982,0.7662738274143795,0.7039674465920651,0.8406803193335647,0.7662738274143794
deepcrack_0216,box+point,deepcrack,0.6970416073406107,0.8214785121655636,0.7398824517212427,0.9233025984911988,0.8214785121655637
deepcrack_0217,box+point,deepcrack,0.8022395943376294,0.8902696365767878,0.882817949314113,0.8978481910617168,0.8902696365767878
deepcrack_0218,box+point,deepcrack,0.7370589042976795,0.8486285669117066,0.8118572292800968,0.8888888888888888,0.8486285669117065
deepcrack_0219,box+point,deepcrack,0.49663928304705,0.6636726546906188,0.5204460966542751,0.9156626506024096,0.6636726546906188
deepcrack_0220,box+point,deepcrack,0.6529132283070768,0.7900151285930408,0.6634481006225385,0.9762572443447374,0.7900151285930409
deepcrack_0221,box+point,deepcrack,0.7539855680483303,0.8597397627248373,0.8306526160103531,0.8909379337695816,0.8597397627248373
deepcrack_0222,box+point,deepcrack,0.7561850125493008,0.86116782360147,0.8146002317497103,0.913382416630576,0.86116782360147
deepcrack_0223,box+point,deepcrack,0.7070595457335789,0.8283947065592635,0.7440568475452196,0.9342959117456198,0.8283947065592635
deepcrack_0224,box+point,deepcrack,0.7118596881959911,0.8316799479590177,0.7879815100154083,0.8805096418732782,0.8316799479590177
deepcrack_0225,box+point,deepcrack,0.2092829349638688,0.3461273270512526,0.2631027253668763,0.5057085292142377,0.3461273270512525
deepcrack_0226,box+point,deepcrack,0.3159609120521172,0.4801980198019802,0.5052083333333334,0.4575471698113207,0.4801980198019802
deepcrack_0227,box+point,deepcrack,0.8453005546394843,0.916165718927701,0.8908372827804107,0.9429765886287624,0.9161657189277008
deepcrack_0228,box+point,deepcrack,0.7479364297154121,0.8557936284183817,0.7578329796529771,0.9828395661324268,0.8557936284183816
deepcrack_0229,box+point,deepcrack,0.8353062274832733,0.910263600673023,0.8555614127569847,0.9724385859796284,0.910263600673023
deepcrack_0230,box+point,deepcrack,0.901165347405453,0.9480136471404614,0.979213952932744,0.9187401927818876,0.9480136471404615
deepcrack_0231,box+point,deepcrack,0.8087152209492635,0.8942427327225427,0.8444776757103183,0.9502403846153846,0.8942427327225427
deepcrack_0232,box+point,deepcrack,0.6795164233576643,0.8091810403368193,0.6834136269786648,0.9916777629826896,0.8091810403368193
deepcrack_0233,box+point,deepcrack,0.8199612403100776,0.9010754978170588,0.9730910763569456,0.8389847313107277,0.9010754978170588
deepcrack_0234,box+point,deepcrack,0.8519869562814348,0.9200787871553062,0.9949012520975862,0.8557233263017653,0.9200787871553062
deepcrack_0235,box+point,deepcrack,0.9190994290638802,0.9578445130508,0.9888734353268428,0.9287036029171656,0.9578445130508
deepcrack_0236,box+point,deepcrack,0.4740535440500059,0.6431971836620395,0.9967144008430971,0.4747954995127425,0.6431971836620395
deepcrack_0000,box+text,deepcrack,0.5910299003322259,0.7429525997076634,0.6138716356107661,0.940772078265468,0.7429525997076634
deepcrack_0001,box+text,deepcrack,0.7080949175361831,0.8291048820138923,0.7605061003163127,0.9113060428849904,0.8291048820138923
deepcrack_0002,box+text,deepcrack,0.6808389561824242,0.810118011220739,0.7487037368138745,0.8825079030558483,0.8101180112207391
deepcrack_0003,box+text,deepcrack,0.53667725493093,0.6984905297567542,0.6085099254543932,0.8196998758885253,0.6984905297567542
deepcrack_0004,box+text,deepcrack,0.6499076273423067,0.7878109253779093,0.8319256756756757,0.7481391462858878,0.7878109253779093
deepcrack_0005,box+text,deepcrack,0.6054179290679024,0.7542184724689165,0.7794860027535567,0.7305376344086022,0.7542184724689166
deepcrack_0006,box+text,deepcrack,0.3866666666666666,0.5576923076923077,0.6990358126721763,0.4638939670932358,0.5576923076923077
deepcrack_0007,box+text,deepcrack,0.7177378754824635,0.8356779992184447,0.8591803937324226,0.8134271586154431,0.8356779992184447
deepcrack_0008,box+text,deepcrack,0.7390921110621419,0.8499746578813989,0.902583423035522,0.8031609195402298,0.8499746578813988
deepcrack_0009,box+text,deepcrack,0.645383825040364,0.7844781445138269,0.7988735465116279,0.7705923589204347,0.7844781445138269
deepcrack_0010,box+text,deepcrack,0.3909465020576131,0.5621301775147929,0.641169853768279,0.5004389815627743,0.5621301775147929
deepcrack_0011,box+text,deepcrack,0.7321076822061721,0.8453373768006065,0.8004307250538406,0.8955823293172691,0.8453373768006065
deepcrack_0012,box+text,deepcrack,0.4093982524931304,0.5809546758965147,0.9871212685178292,0.4115967221256518,0.5809546758965147
deepcrack_0013,box+text,deepcrack,0.4483398786147804,0.6191086570696115,0.9517962710322874,0.4587564842551326,0.6191086570696115
deepcrack_0014,box+text,deepcrack,0.4398697816928379,0.6109855033914084,0.9106045589692764,0.4597218052636845,0.6109855033914083
deepcrack_0015,box+text,deepcrack,0.2586172243995578,0.4109545291229191,0.9665727699530516,0.2609511255323464,0.4109545291229191
deepcrack_0016,box+text,deepcrack,0.3840589920623737,0.554974888014117,0.979516051748922,0.3871685606060606,0.554974888014117
deepcrack_0017,box+text,deepcrack,0.1953929223478227,0.3269099535306924,0.9449558519631788,0.1976424361493123,0.3269099535306925
deepcrack_0018,box+text,deepcrack,0.4867730711879384,0.654804799227369,0.8470927438731379,0.533664325502543,0.654804799227369
deepcrack_0019,box+text,deepcrack,0.4140683774972833,0.5856412378447078,0.9800178059155208,0.4175939976395211,0.5856412378447078
deepcrack_0020,box+text,deepcrack,0.6095137655417406,0.7573886953822809,0.9510653040013858,0.6292476075869577,0.7573886953822808
deepcrack_0021,box+text,deepcrack,0.7061239731142643,0.8277522433792952,0.9443196004993758,0.7368010909799337,0.8277522433792953
deepcrack_0022,box+text,deepcrack,0.5192301386930719,0.6835437574187979,0.9761449793503052,0.5259032943676939,0.6835437574187979
deepcrack_0023,box+text,deepcrack,0.6434293401822295,0.7830325581395349,0.9382914214374888,0.6718600344805568,0.7830325581395349
deepcrack_0024,box+text,deepcrack,0.482756320458942,0.6511606982184632,0.931522718496589,0.5005187080710976,0.6511606982184632
deepcrack_0025,box+text,deepcrack,0.6899555859241544,0.8165369453148691,0.8224394217063734,0.8107185869128863,0.8165369453148691
deepcrack_0026,box+text,deepcrack,0.7537511032656664,0.8595873175641671,0.8743281289992322,0.8453353130413264,0.8595873175641671
deepcrack_0027,box+text,deepcrack,0.5158133845885026,0.6805763688760806,0.5605772882643373,0.8659430918157818,0.6805763688760808
deepcrack_0028,box+text,deepcrack,0.5432228039557883,0.7040108564535585,0.6830517153097798,0.7262969588550984,0.7040108564535585
deepcrack_0029,box+text,deepcrack,0.5355477120887432,0.6975331445224315,0.9998823252530008,0.535581468641664,0.6975331445224315
deepcrack_0030,box+text,deepcrack,0.7711764404083936,0.8708070216094085,1.0,0.7711764404083936,0.8708070216094085
deepcrack_0031,box+text,deepcrack,0.880316426244765,0.936349237774698,0.9992605113036128,0.8808902961445334,0.936349237774698
deepcrack_0032,box+text,deepcrack,0.6244577566618468,0.7688199389623601,0.6686573766865738,0.9042775949745736,0.7688199389623601
deepcrack_0033,box+text,deepcrack,0.7533151680290645,0.8593037712391214,0.8842217484008529,0.835751713018944,0.8593037712391214
deepcrack_0034,box+text,deepcrack,0.7376120811703634,0.8489951113525258,0.7625630183769718,0.9575250153154992,0.8489951113525258
deepcrack_0035,box+text,deepcrack,0.6242435030259879,0.7686575342465753,0.7352201257861635,0.8052812858783008,0.7686575342465753
deepcrack_0036,box+text,deepcrack,0.5666158794650414,0.7233628701102226,1.0,0.5666158794650414,0.7233628701102226
deepcrack_0037,box+text,deepcrack,0.2678299868546537,0.422501423111328,0.9847422289613345,0.2689460606688063,0.4225014231113279
deepcrack_0038,box+text,deepcrack,0.4598056427882594,0.6299546039704587,0.9879921364433346,0.4623896556011438,0.6299546039704587
deepcrack_0039,box+text,deepcrack,0.2015038340323101,0.335419377491377,0.9101098408428604,0.2055956450183567,0.335419377491377
deepcrack_0040,box+text,deepcrack,0.6636802205375603,0.7978458989229494,0.7150990099009901,0.9022485946283572,0.7978458989229494
deepcrack_0041,box+text,deepcrack,0.5986942804485678,0.7489790734480939,0.9617140850017564,0.613312,0.748979073448094
deepcrack_0042,box+text,deepcrack,0.3823893440207461,0.5532295885738648,0.939540945623054,0.3920360131726034,0.5532295885738648
deepcrack_0043,box+text,deepcrack,0.5062168254199084,0.672169925174994,0.9561873369042714,0.5182373083221676,0.672169925174994
deepcrack_0044,box+text,deepcrack,0.7056518591081392,0.8274277723674682,0.977059621395294,0.7175400606323084,0.8274277723674681
deepcrack_0045,box+text,deepcrack,0.8404062386652158,0.913283405597162,0.8715441038179425,0.9592216932312152,0.913283405597162
deepcrack_0046,box+text,deepcrack,0.6471702880242547,0.7857964567834956,0.6726628151260504,0.9446800663839204,0.7857964567834957
deepcrack_0047,box+text,deepcrack,0.4974240780911063,0.6643730194658216,0.5824734084775361,0.7730720606826802,0.6643730194658217
deepcrack_0048,box+text,deepcrack,0.7294671769208125,0.8435744680851064,0.7557182067703568,0.9545454545454546,0.8435744680851065
deepcrack_0049,box+text,deepcrack,0.8224486083318173,0.9025753643441804,0.8482176360225141,0.964377133105802,0.9025753643441804
deepcrack_0050,box+text,deepcrack,0.75135769851754,0.8580288300368756,0.7751362810417929,0.9607732732732732,0.8580288300368756
deepcrack_0051,box+text,deepcrack,0.5422407070444503,0.7031855722231586,0.5543449375498273,0.9612903225806452,0.7031855722231587
deepcrack_0052,box+text,deepcrack,0.8033932135728543,0.8909795240730493,0.8158783783783784,0.9813084112149532,0.8909795240730494
deepcrack_0053,box+text,deepcrack,0.8128793877012405,0.8967826466734605,0.8848032174662454,0.9090909090909092,0.8967826466734604
deepcrack_0054,box+text,deepcrack,0.8165003650523242,0.8989817792068596,0.8732431025507548,0.9262838210933186,0.8989817792068595
deepcrack_0055,box+text,deepcrack,0.699986136143075,0.8235198173218072,0.9410120212468548,0.7321104908286812,0.8235198173218072
deepcrack_0056,box+text,deepcrack,0.5141179128077705,0.6790989109354021,0.6389668725435149,0.7246099968163006,0.6790989109354021
deepcrack_0057,box+text,deepcrack,0.5327868852459017,0.6951871657754011,0.6014677728142949,0.8235037134119703,0.6951871657754011
deepcrack_0058,box+text,deepcrack,0.3991817650496785,0.570593149540518,0.4154501216545012,0.9106666666666666,0.5705931495405181
deepcrack_0059,box+text,deepcrack,0.7528147389969294,0.858978102189781,0.9180361972123986,0.8070592538405267,0.858978102189781
deepcrack_0060,box+text,deepcrack,0.7293103448275862,0.843469591226321,0.9570135746606336,0.7540106951871658,0.843469591226321
deepcrack_0061,box+text,deepcrack,0.8070669568557163,0.8932341480694297,0.970742223591007,0.8271880330665267,0.8932341480694296
deepcrack_0062,box+text,deepcrack,0.3100254586954613,0.473312112581672,0.3814126795550275,0.6235543391895471,0.473312112581672
deepcrack_0063,box+text,deepcrack,0.7196627778250873,0.8369812815687828,0.8975148683092609,0.7840972351085544,0.8369812815687828
deepcrack_0064,box+text,deepcrack,0.6392585010804048,0.7799361731649785,0.8122832369942197,0.7500667200427008,0.7799361731649784
deepcrack_0065,box+text,deepcrack,0.5871951219512195,0.7399154821359969,0.8568886252409906,0.6510422535211268,0.739915482135997
deepcrack_0066,box+text,deepcrack,0.4707024557395773,0.6401056228642436,0.7337962962962963,0.5676308539944903,0.6401056228642436
deepcrack_0067,box+text,deepcrack,0.7737549981824791,0.8724485613574883,0.8208391176924263,0.9309832050384884,0.8724485613574884
deepcrack_0068,box+text,deepcrack,0.7225947033188066,0.83896078622166,0.7599153886832364,0.9363596872284968,0.8389607862216599
deepcrack_0069,box+text,deepcrack,0.65715069997255,0.7931091601788968,0.6755079006772009,0.96028880866426,0.7931091601788969
deepcrack_0070,box+text,deepcrack,0.7461284772010324,0.854608909874769,0.7790836951639467,0.9463490042738928,0.854608909874769
deepcrack_0071,box+text,deepcrack,0.7484725050916496,0.856144437973209,0.7838606469960896,0.94311377245509,0.8561444379732092
deepcrack_0072,box+text,deepcrack,0.7340374072879716,0.8466223441350132,0.7514856388246947,0.969338869370808,0.8466223441350132
deepcrack_0073,box+text,deepcrack,0.5155149571159612,0.6803165547069109,0.5220307866120605,0.9763602746962492,0.6803165547069109
deepcrack_0074,box+text,deepcrack,0.7473173751547668,0.855388249188072,0.7920174958993986,0.9297817715019256,0.8553882491880722
deepcrack_0075,box+text,deepcrack,0.6353651440209485,0.7770315349375083,0.6512338775814508,0.9630650496141124,0.7770315349375083
deepcrack_0076,box+text,deepcrack,0.7597985347985348,0.8635062704896707,0.7786223723723724,0.9691624810185726,0.8635062704896707
deepcrack_0077,box+text,deepcrack,0.6112620400098789,0.7587369711833231,0.6225631995975349,0.9711595055915244,0.7587369711833232
deepcrack_0078,box+text,deepcrack,0.618308132407029,0.7641414141414141,0.6362489486963835,0.9563843236409608,0.764141414141414
deepcrack_0079,box+text,deepcrack,0.7283120376597175,0.8428015564202335,0.8451033944596177,0.840512223515716,0.8428015564202336
deepcrack_0080,box+text,deepcrack,0.7334801762114538,0.8462515883100381,0.8737290915054116,0.8204496458269172,0.8462515883100381
deepcrack_0081,box+text,deepcrack,0.7879646418857661,0.8814096469544274,0.9677105080027836,0.8092411545623837,0.8814096469544275
deepcrack_0082,box+text,deepcrack,0.6998505231689088,0.823425958494548,0.972849425128134,0.7137920520378087,0.823425958494548
deepcrack_0083,box+text,deepcrack,0.7258304940374787,0.8411376395829477,0.9309026355318858,0.767161827593968,0.8411376395829477
deepcrack_0084,box+text,deepcrack,0.85911227154047,0.924217740576372,0.9424839596700276,0.9066460928028216,0.9242177405763722
deepcrack_0085,box+text,deepcrack,0.7611637347767253,0.8643872454859777,0.9647336263265088,0.7829491083079599,0.8643872454859777
deepcrack_0086,box+text,deepcrack,0.8009249949728534,0.8894595801697186,0.9496900333810204,0.8364132717345653,0.8894595801697185
deepcrack_0087,box+text,deepcrack,0.7478510028653295,0.8557377049180328,0.9107960741548528,0.8069565217391305,0.8557377049180328
deepcrack_0088,box+text,deepcrack,0.7880956005480286,0.8814915715988422,0.9492115878254492,0.8227908455181182,0.8814915715988422
deepcrack_0089,box+text,deepcrack,0.1262920503664724,0.2242616385783414,0.5838401390095569,0.1387856257744733,0.2242616385783414
deepcrack_0090,box+text,deepcrack,0.4189165343215105,0.5904738216639721,0.7934491978609626,0.4701921172509408,0.5904738216639721
deepcrack_0091,box+text,deepcrack,0.7165937695260198,0.8349019811762259,0.95959837437246,0.738886332259549,0.8349019811762258
deepcrack_0092,box+text,deepcrack,0.5741534504929275,0.7294758339006127,0.9718846363141666,0.5838509316770186,0.7294758339006128
deepcrack_0093,box+text,deepcrack,0.8061067231747255,0.8926457255613034,0.9791739791739792,0.8201685613484908,0.8926457255613033
deepcrack_0094,box+text,deepcrack,0.595731854352544,0.7466565923687193,0.9305084745762712,0.6234700315457413,0.7466565923687193
deepcrack_0095,box+text,deepcrack,0.6753649399302416,0.8062302413447452,0.9299181785841336,0.711582959030897,0.8062302413447452
deepcrack_0096,box+text,deepcrack,0.7647790398806069,0.866713648108997,0.9166252608566036,0.8219568704330779,0.8667136481089969
deepcrack_0097,box+text,deepcrack,0.7004993112947658,0.8238748544524882,0.9336775674125072,0.737180648668237,0.8238748544524882
deepcrack_0098,box+text,deepcrack,0.1177389977355518,0.2106735078118978,0.1196622889305816,0.879885956037892,0.2106735078118978
deepcrack_0099,box+text,deepcrack,0.7012179965200099,0.8243717124488603,0.8945143219532818,0.7644295908228705,0.8243717124488604
deepcrack_0100,box+text,deepcrack,0.7098471986417657,0.8303048356667659,0.9331547818323848,0.7478758608353456,0.8303048356667659
deepcrack_0101,box+text,deepcrack,0.5778619997770594,0.7324620275521018,0.6117535992447486,0.9125154022179194,0.7324620275521017
deepcrack_0102,box+text,deepcrack,0.7426014319809069,0.8522906252139971,0.8298439791972263,0.8759853603603603,0.8522906252139972
deepcrack_0103,box+text,deepcrack,0.8890655160667651,0.9412754703372004,0.9599117322545052,0.9233490566037736,0.9412754703372004
deepcrack_0104,box+text,deepcrack,0.9211146838156484,0.9589377371122516,0.9900921658986176,0.9296841194288188,0.9589377371122516
deepcrack_0105,box+text,deepcrack,0.8562442933955564,0.922555610209324,0.9995262908574136,0.8565919009438749,0.922555610209324
deepcrack_0106,box+text,deepcrack,0.9014855355746676,0.9481907894736842,0.996004751106792,0.904757233938205,0.948190789473684
deepcrack_0107,box+text,deepcrack,0.6802973977695167,0.8097345132743363,0.7010151312009194,0.9583660644147682,0.8097345132743362
deepcrack_0108,box+text,deepcrack,0.6275212064090481,0.7711373639101228,0.6384733410049865,0.973391812865497,0.7711373639101228
deepcrack_0109,box+text,deepcrack,0.7956596694047257,0.8862031964759699,1.0,0.7956596694047257,0.88620319647597
deepcrack_0110,box+text,deepcrack,0.7578265858056057,0.8622313394563849,1.0,0.7578265858056057,0.862231339456385
deepcrack_0111,box+text,deepcrack,0.4412065038095986,0.6122738173097886,0.9831962191493084,0.4445587653343886,0.6122738173097885
deepcrack_0112,box+text,deepcrack,0.660624607658506,0.7956338893351604,0.9969212551805804,0.6619751533259947,0.7956338893351604
deepcrack_0113,box+text,deepcrack,0.8685817493764514,0.9296695203903156,0.9426864557080183,0.9170071733405974,0.9296695203903156
deepcrack_0114,box+text,deepcrack,0.8764995253301113,0.9341857149427402,0.9331128261668504,0.9352610737636984,0.93418571494274
deepcrack_0115,box+text,deepcrack,0.8280635290689203,0.9059461182847124,0.9702919583404472,0.8496038271789506,0.9059461182847124
deepcrack_0116,box+text,deepcrack,0.806498673740053,0.892885984876294,0.894396234740403,0.8913808267370272,0.8928859848762939
deepcrack_0117,box+text,deepcrack,0.8185777777777777,0.900239503397038,0.9110605461020972,0.8896724954110714,0.9002395033970381
deepcrack_0118,box+text,deepcrack,0.5297656744775174,0.6926102256261644,0.6131574124977094,0.7957193816884661,0.6926102256261644
deepcrack_0119,box+text,deepcrack,0.8151904997525977,0.898187270001363,0.9323712507074136,0.8664212463844333,0.8981872700013629
deepcrack_0120,box+text,deepcrack,0.7161423718800768,0.8345955249569708,0.9332178598922248,0.7548256537982565,0.8345955249569708
deepcrack_0121,box+text,deepcrack,0.7784967645594824,0.8754547998880493,0.9644398766700925,0.8015032456440041,0.8754547998880492
deepcrack_0122,box+text,deepcrack,0.7895259369570613,0.8823855755894591,0.9302529609592044,0.8392032713362353,0.8823855755894592
deepcrack_0123,box+text,deepcrack,0.7737317149081855,0.8724337603088261,0.970714564623194,0.7922243467176545,0.8724337603088259
deepcrack_0124,box+text,deepcrack,0.8099836035707779,0.8950176144942124,0.868359375,0.9233644859813084,0.8950176144942125
deepcrack_0125,box+text,deepcrack,0.7648514851485149,0.8667601683029453,0.828735632183908,0.9084418311633768,0.8667601683029453
deepcrack_0126,box+text,deepcrack,0.8046840477242598,0.8917727717923605,0.9712,0.8243549117247624,0.8917727717923604
deepcrack_0127,box+text,deepcrack,0.7598637015781923,0.8635483542239886,0.9934349355216882,0.7636986301369864,0.8635483542239886
deepcrack_0128,box+text,deepcrack,0.747756985388362,0.8556761513640364,0.9891488640217024,0.7539415869733781,0.8556761513640364
deepcrack_0129,box+text,deepcrack,0.7353538509607874,0.8474972992437882,0.9901135885570046,0.7407932011331445,0.8474972992437882
deepcrack_0130,box+text,deepcrack,0.8278862889189712,0.9058400338552688,0.9915460335842502,0.8337715454279871,0.9058400338552688
deepcrack_0131,box+text,deepcrack,0.6629988647279713,0.7973533581893609,0.9993418454653152,0.663288485060283,0.7973533581893609
deepcrack_0132,box+text,deepcrack,0.7886579139314369,0.8818432052196962,0.9579180509413068,0.8169625991688704,0.8818432052196962
deepcrack_0133,box+text,deepcrack,0.8487305312566674,0.9181765724177726,0.8977657413676371,0.9395370807746812,0.9181765724177726
deepcrack_0134,box+text,deepcrack,0.4167556844193499,0.5883239982766049,0.4355661881977671,0.9061048440610484,0.588323998276605
deepcrack_0135,box+text,deepcrack,0.5314804310833806,0.6940740740740741,0.5430310055056505,0.961518727552591,0.6940740740740741
deepcrack_0136,box+text,deepcrack,0.7198102016607355,0.8370809766864395,0.9733718318896376,0.7342691190706679,0.8370809766864394
deepcrack_0137,box+text,deepcrack,0.4116429495472186,0.5832111436950147,0.45819333781319,0.8020500756175433,0.5832111436950147
deepcrack_0138,box+text,deepcrack,0.6703814338235294,0.8026686842286265,0.7014064190407501,0.9381028938906752,0.8026686842286265
deepcrack_0139,box+text,deepcrack,0.7053172475424486,0.8271976942224551,0.8785306803951579,0.7815323678673103,0.827197694222455
deepcrack_0140,box+text,deepcrack,0.7554973821989529,0.8607217417238294,0.8185840707964602,0.9074330272921644,0.8607217417238294
deepcrack_0141,box+text,deepcrack,0.7813061713600958,0.8772283888328288,0.7925124589765407,0.9822235613136489,0.8772283888328288
deepcrack_0142,box+text,deepcrack,0.7657351460221551,0.8673272973551008,0.7840938386182006,0.9703301962035412,0.867327297355101
deepcrack_0143,box+text,deepcrack,0.7105937633489962,0.8308153327506556,0.7564802182810368,0.9213514261977293,0.8308153327506556
deepcrack_0144,box+text,deepcrack,0.5597722960151803,0.7177615571776156,0.596648367523837,0.9005669428696031,0.7177615571776156
deepcrack_0145,box+text,deepcrack,0.4854134054361747,0.6535734815098678,0.5766694843617921,0.7541454786646031,0.6535734815098678
deepcrack_0146,box+text,deepcrack,0.7714213709677419,0.8709631526532935,0.7864850976361768,0.975773031558814,0.8709631526532936
deepcrack_0147,box+text,deepcrack,0.7720255523023689,0.8713481036425085,0.9767637649435932,0.7864696312364425,0.8713481036425085
deepcrack_0148,box+text,deepcrack,0.76956025128498,0.8697756979183476,0.8374766935985084,0.9046659953004365,0.8697756979183475
deepcrack_0149,box+text,deepcrack,0.8008443009684629,0.8894098179812465,0.8777898747958628,0.9013415315818892,0.8894098179812465
deepcrack_0150,box+text,deepcrack,0.7019145146927872,0.8248528449967298,0.7834513604174431,0.8708741886479768,0.82485284499673
deepcrack_0151,box+text,deepcrack,0.7367333968859231,0.8484127710182051,0.8318980983135988,0.8655964159044242,0.8484127710182051
deepcrack_0152,box+text,deepcrack,0.6817435005315551,0.8107580024136544,0.8831851759108551,0.7493095389844912,0.8107580024136543
deepcrack_0153,box+text,deepcrack,0.6853896451924107,0.8133307892895758,0.9009440608707904,0.7412473916067702,0.8133307892895758
deepcrack_0154,box+text,deepcrack,0.7994855463008329,0.8885712340888979,0.9048939414945236,0.8728269590799679,0.8885712340888978
deepcrack_0155,box+text,deepcrack,0.7719155844155844,0.8712780577187357,0.9498601677986416,0.8047046877644272,0.8712780577187358
deepcrack_0156,box+text,deepcrack,0.8406529343179169,0.913429054054054,0.8751770180052599,0.955177743431221,0.913429054054054
deepcrack_0157,box+text,deepcrack,0.6013590033975085,0.751060820367751,0.8292555960437272,0.6863420939250323,0.751060820367751
deepcrack_0158,box+text,deepcrack,0.7344965547899533,0.8469276606650862,0.9328158080451658,0.7755221778925135,0.8469276606650863
deepcrack_0159,box+text,deepcrack,0.7480151228733459,0.8558451389639883,0.766266460108443,0.9691403379867743,0.8558451389639883
deepcrack_0160,box+text,deepcrack,0.91073302011586,0.9532812910310584,0.9943227091633466,0.915493603558164,0.9532812910310584
deepcrack_0161,box+text,deepcrack,0.9412493621984108,0.9697356563532592,0.9995355677684032,0.9416611974039232,0.9697356563532592
deepcrack_0162,box+text,deepcrack,0.8188513737173122,0.9004049319805268,0.9990912762520194,0.8194616977225673,0.9004049319805268
deepcrack_0163,box+text,deepcrack,0.9218722811901862,0.9593481213218652,0.9984452296819788,0.9231975604443476,0.9593481213218652
deepcrack_0164,box+text,deepcrack,0.9153422199436042,0.9558001806805636,0.9954697518817952,0.9191711178325505,0.9558001806805634
deepcrack_0165,box+text,deepcrack,0.8414693559388093,0.9139107889306312,0.9781402197304336,0.85759682224429,0.9139107889306312
deepcrack_0166,box+text,deepcrack,0.9192351992628428,0.9579182370309912,0.9998496617389124,0.9193622707584554,0.9579182370309912
deepcrack_0167,box+text,deepcrack,0.6545454545454545,0.7912087912087912,0.9982225382154284,0.6553092182030339,0.7912087912087913
deepcrack_0168,box+text,deepcrack,0.7324040219378428,0.8455348898562195,0.7907722674562053,0.9084467120181404,0.8455348898562195
deepcrack_0169,box+text,deepcrack,0.651584805226228,0.7890418986229124,0.9812947892627232,0.6597795018374847,0.7890418986229123
deepcrack_0170,box+text,deepcrack,0.7147755362411291,0.8336665891653104,0.9640782964078296,0.7343327598918653,0.8336665891653104
deepcrack_0171,box+text,deepcrack,0.7466481738326398,0.8549497088406565,0.7959586002957122,0.9233847913093196,0.8549497088406565
deepcrack_0172,box+text,deepcrack,0.6011560693641619,0.7509025270758123,0.648323301805675,0.8920437740313517,0.7509025270758123
deepcrack_0173,box+text,deepcrack,0.5542244640605296,0.713184584178499,0.581503043133104,0.92196349905601,0.713184584178499
deepcrack_0174,box+text,deepcrack,0.6004175365344467,0.7503261153143752,0.602177554438861,0.9951557093425606,0.7503261153143752
deepcrack_0175,box+text,deepcrack,0.3733300947291717,0.5436858860983375,0.3769928869266618,0.9746353836398224,0.5436858860983376
deepcrack_0176,box+text,deepcrack,0.3387642826914939,0.5060850324008219,0.3595328991690995,0.8543223052294557,0.5060850324008219
deepcrack_0177,box+text,deepcrack,0.4345252190385981,0.6058104985143612,0.4389952153110047,0.9771033013844516,0.6058104985143612
deepcrack_0178,box+text,deepcrack,0.8487422771403353,0.918183445724175,0.8885423885423885,0.9498703543647364,0.9181834457241748
deepcrack_0179,box+text,deepcrack,0.414644776986779,0.5862175207969601,0.5297939483942825,0.6560919540229885,0.58621752079696
deepcrack_0180,box+text,deepcrack,0.9091412742382272,0.9524085896691816,0.9544026986157962,0.9504227962469594,0.9524085896691816
deepcrack_0181,box+text,deepcrack,0.7934848180172934,0.8848525619464066,0.835839864435501,0.9399714149595044,0.8848525619464066
deepcrack_0182,box+text,deepcrack,0.85669910954649,0.9228195404862816,0.909830657576424,0.936184657162254,0.9228195404862816
deepcrack_0183,box+text,deepcrack,0.7553956834532374,0.860655737704918,0.8251996450754214,0.899295482801492,0.8606557377049181
deepcrack_0184,box+text,deepcrack,0.7485076063932217,0.8561674008810573,0.8057628524046434,0.9132988721804512,0.8561674008810574
deepcrack_0185,box+text,deepcrack,0.7379397272831443,0.8492121052284565,0.8456992777413,0.8527542372881356,0.8492121052284565
deepcrack_0186,box+text,deepcrack,0.7754914943465417,0.8735513482501435,0.9094492892127584,0.8403797328623468,0.8735513482501434
deepcrack_0187,box+text,deepcrack,0.7487831858407079,0.8563476500727434,0.971859296482412,0.765377657168702,0.8563476500727435
deepcrack_0188,box+text,deepcrack,0.8191475235692471,0.9005839416058394,0.9185527099463968,0.8833046964490263,0.9005839416058393
deepcrack_0189,box+text,deepcrack,0.686880182084214,0.8143793369313801,0.9084067942377984,0.7379912663755459,0.8143793369313803
deepcrack_0190,box+text,deepcrack,0.8114213197969543,0.8958946335995517,0.9009440608707904,0.890901490873624,0.8958946335995517
deepcrack_0191,box+text,deepcrack,0.8015225666122893,0.889827950498038,0.8779035139964264,0.9020807833537332,0.889827950498038
deepcrack_0192,box+text,deepcrack,0.7271745002701242,0.8420394119487019,0.7704636519748139,0.9282758620689656,0.8420394119487019
deepcrack_0193,box+text,deepcrack,0.7352880446004543,0.847453593526892,0.8492725971857858,0.8456423652339112,0.847453593526892
deepcrack_0194,box+text,deepcrack,0.8310852874040258,0.9077515865820488,0.9075458871515976,0.907957379279075,0.9077515865820488
deepcrack_0195,box+text,deepcrack,0.7190316765387587,0.8365543071161049,0.7322318384474167,0.9755415793151644,0.8365543071161048
deepcrack_0196,box+text,deepcrack,0.7513930561508787,0.8580518844836026,0.792316384180791,0.9356818788364024,0.8580518844836026
deepcrack_0197,box+text,deepcrack,0.7738486842105263,0.8725081131200741,0.8008510638297872,0.9582484725050916,0.8725081131200741
deepcrack_0198,box+text,deepcrack,0.5402772197669747,0.7015324421258559,0.717008797653959,0.686710072769054,0.7015324421258559
deepcrack_0199,box+text,deepcrack,0.3517814970736215,0.5204709456893277,0.7599822537710736,0.3957491047707058,0.5204709456893278
deepcrack_0200,box+text,deepcrack,0.6965402250937891,0.8211302211302212,0.8239644970414202,0.8183153770812929,0.821130221130221
deepcrack_0201,box+text,deepcrack,0.5856802693160358,0.7387116818558409,0.6978086480140873,0.7847084708470847,0.7387116818558409
deepcrack_0202,box+text,deepcrack,0.5979125248508946,0.7483670295489891,0.8339688041594454,0.6787023977433004,0.7483670295489891
deepcrack_0203,box+text,deepcrack,0.6051605160516051,0.7540186915887851,0.7431834929992631,0.7651745068285281,0.7540186915887851
deepcrack_0204,box+text,deepcrack,0.6048484848484849,0.7537764350453172,0.7610574478901881,0.7466334164588528,0.7537764350453172
deepcrack_0205,box+text,deepcrack,0.5020501138952164,0.6684865028814073,0.6489032827911085,0.6892885066458171,0.6684865028814073
deepcrack_0206,box+text,deepcrack,0.6075160983848834,0.7558444969792487,0.6683312042736035,0.8697294846607224,0.7558444969792488
deepcrack_0207,box+text,deepcrack,0.5154884829229547,0.6802935010482181,0.5250809061488673,0.9657738095238096,0.680293501048218
deepcrack_0208,box+text,deepcrack,0.5503519220357336,0.7099703160467958,0.5663741468171054,0.9511111111111112,0.7099703160467958
deepcrack_0209,box+text,deepcrack,0.4301014656144307,0.60149783208514,0.4432610379550736,0.9354311401716388,0.60149783208514
deepcrack_0210,box+text,deepcrack,0.4010850247872042,0.572534882168369,0.4171206225680934,0.9125345818259204,0.572534882168369
deepcrack_0211,box+text,deepcrack,0.4521436848203939,0.6227258218959464,0.7822774659182037,0.5172322375397667,0.6227258218959464
deepcrack_0212,box+text,deepcrack,0.3437333333333333,0.5116094463187141,0.3835168104730735,0.7681764004767581,0.5116094463187141
deepcrack_0213,box+text,deepcrack,0.61354041013269,0.7604896738622559,0.6696840026333114,0.8797837837837837,0.7604896738622559
deepcrack_0214,box+text,deepcrack,0.539626876139711,0.7009839650145773,0.5639935493329424,0.9258724428399518,0.7009839650145773
deepcrack_0215,box+text,deepcrack,0.6931580519868539,0.8187753661549321,0.832735104091888,0.8052759458521347,0.818775366154932
deepcrack_0216,box+text,deepcrack,0.6993453080409602,0.8230761631927295,0.7785460661558588,0.8730092204526404,0.8230761631927295
deepcrack_0217,box+text,deepcrack,0.8022395943376294,0.8902696365767878,0.882817949314113,0.8978481910617168,0.8902696365767878
deepcrack_0218,box+text,deepcrack,0.7392546245919478,0.850082114647689,0.8054238292827505,0.8999834409670475,0.8500821146476891
deepcrack_0219,box+text,deepcrack,0.4969437652811736,0.6639444671294406,0.5490769923457902,0.8395869191049914,0.6639444671294406
deepcrack_0220,box+text,deepcrack,0.6492706237424547,0.7873427373236752,0.6648210146793716,0.9652271452607964,0.7873427373236751
deepcrack_0221,box+text,deepcrack,0.7539855680483303,0.8597397627248373,0.8306526160103531,0.8909379337695816,0.8597397627248373
deepcrack_0222,box+text,deepcrack,0.7525678650036683,0.8588173731030874,0.8310715009114847,0.8884798614118666,0.8588173731030874
deepcrack_0223,box+text,deepcrack,0.692915270464337,0.8186059663509119,0.7253821097469306,0.9393251135626216,0.8186059663509119
deepcrack_0224,box+text,deepcrack,0.7173759366605401,0.8354326171071046,0.8004417100489036,0.8736225895316805,0.8354326171071047
deepcrack_0225,box+text,deepcrack,0.1900584795321637,0.3194103194103194,0.2690892364305428,0.3928811282740094,0.3194103194103194
deepcrack_0226,box+text,deepcrack,0.3547309833024119,0.5236921391399617,0.4411628980156899,0.6442048517520216,0.5236921391399617
deepcrack_0227,box+text,deepcrack,0.8453005546394843,0.916165718927701,0.8908372827804107,0.9429765886287624,0.9161657189277008
deepcrack_0228,box+text,deepcrack,0.7141983612571848,0.8332738817150603,0.7448979591836735,0.9454427715719604,0.8332738817150602
deepcrack_0229,box+text,deepcrack,0.8353062274832733,0.910263600673023,0.8555614127569847,0.9724385859796284,0.910263600673023
deepcrack_0230,box+text,deepcrack,0.901165347405453,0.9480136471404614,0.979213952932744,0.9187401927818876,0.9480136471404615
deepcrack_0231,box+text,deepcrack,0.8087152209492635,0.8942427327225427,0.8444776757103183,0.9502403846153846,0.8942427327225427
deepcrack_0232,box+text,deepcrack,0.6795164233576643,0.8091810403368193,0.6834136269786648,0.9916777629826896,0.8091810403368193
deepcrack_0233,box+text,deepcrack,0.8199612403100776,0.9010754978170588,0.9730910763569456,0.8389847313107277,0.9010754978170588
deepcrack_0234,box+text,deepcrack,0.827389838005197,0.9055427810722498,0.9951456310679612,0.8307427556345065,0.9055427810722496
deepcrack_0235,box+text,deepcrack,0.8578784757981462,0.9235033259423504,0.9952836121242612,0.8613802111679547,0.9235033259423504
deepcrack_0236,box+text,deepcrack,0.4740535440500059,0.6431971836620395,0.9967144008430971,0.4747954995127425,0.6431971836620395
deepcrack_0000,point+text,deepcrack,0.5890207715133531,0.7413632119514473,0.6100392692504695,0.9447382337387624,0.7413632119514472
deepcrack_0001,point+text,deepcrack,0.693789584799437,0.8192157881069851,0.7870472008781558,0.8541260558804419,0.8192157881069853
deepcrack_0002,point+text,deepcrack,0.6819477241266998,0.8109024012393493,0.7500447787927638,0.8825079030558483,0.8109024012393493
deepcrack_0003,point+text,deepcrack,0.5282096197357857,0.6912790142324959,0.5993374741200829,0.8165406747151077,0.6912790142324959
deepcrack_0004,point+text,deepcrack,0.4077368917643887,0.5792799693603983,0.7834757834757835,0.459516937566459,0.5792799693603984
deepcrack_0005,point+text,deepcrack,0.682363315696649,0.8111961421532655,0.7913683779914092,0.8320430107526882,0.8111961421532656
deepcrack_0006,point+text,deepcrack,0.64056875449964,0.7809105869445968,0.7510023211648027,0.8132998171846435,0.7809105869445968
deepcrack_0007,point+text,deepcrack,0.7518963337547409,0.8583799386613747,0.8164035689773507,0.9049068086724992,0.8583799386613747
deepcrack_0008,point+text,deepcrack,0.8104019593718484,0.895272958777654,0.8925737860996509,0.8979885057471264,0.8952729587776539
deepcrack_0009,point+text,deepcrack,0.6302715981984441,0.7732105483465885,0.7401827215899984,0.809323519102699,0.7732105483465886
deepcrack_0010,point+text,deepcrack,0.6387612387612388,0.7795659595220678,0.8768513439385628,0.70171202809482,0.7795659595220679
deepcrack_0011,point+text,deepcrack,0.6991456468673718,0.822937866634742,0.7442615851017756,0.9202141900937082,0.822937866634742
deepcrack_0012,point+text,deepcrack,0.3360653240303464,0.503067204852797,0.9480017189514396,0.3423764589024087,0.503067204852797
deepcrack_0013,point+text,deepcrack,0.5295425211530188,0.6924194833809948,0.966117216117216,0.5395630890626142,0.6924194833809948
deepcrack_0014,point+text,deepcrack,0.4418216499761564,0.6128658839093766,0.9039906332325104,0.463574502151506,0.6128658839093766
deepcrack_0015,point+text,deepcrack,0.46375,0.6336464560204953,0.9711025023557742,0.4702393023727438,0.6336464560204953
deepcrack_0016,point+text,deepcrack,0.3458580915763719,0.5139592260745358,0.5691688236985908,0.4685132575757575,0.5139592260745358
deepcrack_0017,point+text,deepcrack,0.2398222971161579,0.3868655978747722,0.9045211613462372,0.2460510805500982,0.3868655978747722
deepcrack_0018,point+text,deepcrack,0.2863987373879714,0.445272105862764,0.8057405645417063,0.3076410753209009,0.445272105862764
deepcrack_0019,point+text,deepcrack,0.3301740406793877,0.4964373541837442,0.9848636477358018,0.3318580340583375,0.4964373541837442
deepcrack_0020,point+text,deepcrack,0.4779695662048603,0.6467921628889742,0.9812332439678284,0.4823792332817603,0.6467921628889742
deepcrack_0021,point+text,deepcrack,0.7337542751907393,0.8464339908952959,0.8803661616161617,0.815020455873758,0.8464339908952959
deepcrack_0022,point+text,deepcrack,0.3262718822872532,0.4920135707387137,0.9673775440646606,0.3299017003188098,0.4920135707387137
deepcrack_0023,point+text,deepcrack,0.5218848829854522,0.6858401562694817,0.9822619047619048,0.5268501372836983,0.6858401562694818
deepcrack_0024,point+text,deepcrack,0.4820464992338951,0.6505146761361082,0.9291217257318952,0.5004495469949513,0.6505146761361082
deepcrack_0025,point+text,deepcrack,0.6899555859241544,0.8165369453148691,0.8224394217063734,0.8107185869128863,0.8165369453148691
deepcrack_0026,point+text,deepcrack,0.6339662447257384,0.775984506132989,0.9231950844854072,0.6692650334075724,0.7759845061329891
deepcrack_0027,point+text,deepcrack,0.4845434938892883,0.6527845036319613,0.4872758820127241,0.988559694925198,0.6527845036319613
deepcrack_0028,point+text,deepcrack,0.2265259088543602,0.3693781064371439,0.8368580060422961,0.2369915221280236,0.3693781064371439
deepcrack_0029,point+text,deepcrack,0.6661234722657474,0.7996087725237934,0.9916029109908564,0.6699023006618342,0.7996087725237934
deepcrack_0030,point+text,deepcrack,0.6180391754691826,0.7639359847884646,0.9990881962864722,0.6183879739366888,0.7639359847884647
deepcrack_0031,point+text,deepcrack,0.9247988160207196,0.9609303666682686,0.9927514646013306,0.9310858632892532,0.9609303666682684
deepcrack_0032,point+text,deepcrack,0.6143358005453837,0.7611003861003861,0.6378159757330637,0.9434639545318576,0.761100386100386
deepcrack_0033,point+text,deepcrack,0.773482428115016,0.8722752657178887,0.788599348534202,0.9758162031438936,0.8722752657178886
deepcrack_0034,point+text,deepcrack,0.6908122119815668,0.817136530108168,0.700905902980713,0.9795793342862976,0.8171365301081679
deepcrack_0035,point+text,deepcrack,0.6067166723491306,0.7552254641909815,0.7019723865877712,0.8172215843857635,0.7552254641909814
deepcrack_0036,point+text,deepcrack,0.5084645336041984,0.6741484765164694,1.0,0.5084645336041984,0.6741484765164694
deepcrack_0037,point+text,deepcrack,0.2633269932658202,0.416878598604301,0.9743223965763196,0.2651672015736618,0.416878598604301
deepcrack_0038,point+text,deepcrack,0.461610741574145,0.6316466189581958,0.9880385307505029,0.4642048986696506,0.631646618958196
deepcrack_0039,point+text,deepcrack,0.1637390525477707,0.281401663352789,0.9042319318494092,0.1666286871755918,0.281401663352789
deepcrack_0040,point+text,deepcrack,0.6741674167416741,0.8053763440860215,0.7069372345445966,0.9356652092442224,0.8053763440860215
deepcrack_0041,point+text,deepcrack,0.6695848630330415,0.8020974289580515,0.9718098187448766,0.682848,0.8020974289580515
deepcrack_0042,point+text,deepcrack,0.3855071613054707,0.556485267015485,0.9310320385596824,0.3968397836792652,0.5564852670154851
deepcrack_0043,point+text,deepcrack,0.6035498654251836,0.7527671928869534,0.9636469221835076,0.6176120291796933,0.7527671928869534
deepcrack_0044,point+text,deepcrack,0.7633783840680393,0.865813475956258,0.9648254576415496,0.7852317020355132,0.8658134759562581
deepcrack_0045,point+text,deepcrack,0.7923051299133911,0.8841185763404888,0.8021922428330522,0.9846822604015733,0.8841185763404888
deepcrack_0046,point+text,deepcrack,0.6543298085167191,0.791051222251015,0.7440688982775431,0.8443665867600959,0.791051222251015
deepcrack_0047,point+text,deepcrack,0.5211924272393331,0.6852419429739017,0.6126889221059625,0.7772861356932154,0.6852419429739017
deepcrack_0048,point+text,deepcrack,0.6117362371445856,0.7591021695067938,0.6219707221060401,0.9738058551617874,0.7591021695067938
deepcrack_0049,point+text,deepcrack,0.8144089112468559,0.8977126448163184,0.8377379412308261,0.9669368600682594,0.8977126448163184
deepcrack_0050,point+text,deepcrack,0.3255989151725177,0.4912480109115708,0.6227665706051874,0.4055930930930931,0.4912480109115709
deepcrack_0051,point+text,deepcrack,0.527951867635999,0.6910582444626743,0.5365605095541401,0.9705069124423964,0.6910582444626742
deepcrack_0052,point+text,deepcrack,0.6696696696696697,0.802158273381295,0.6711354309165527,0.9967492889069484,0.802158273381295
deepcrack_0053,point+text,deepcrack,0.7771827706635622,0.8746233459976418,0.7863368669022379,0.985242030696576,0.8746233459976418
deepcrack_0054,point+text,deepcrack,0.8203011170471103,0.90128068303095,0.8719669592152813,0.932633903920486,0.90128068303095
deepcrack_0055,point+text,deepcrack,0.4776264591439689,0.6464779460171165,0.5920299029360342,0.7119553396650475,0.6464779460171165
deepcrack_0056,point+text,deepcrack,0.5716474192788121,0.7274499512634026,0.6875974486180014,0.7722063037249284,0.7274499512634026
deepcrack_0057,point+text,deepcrack,0.5303867403314917,0.6931407942238267,0.5714285714285714,0.8807339449541285,0.6931407942238267
deepcrack_0058,point+text,deepcrack,0.3796195652173913,0.5503249950758322,0.3905507408442829,0.9313333333333332,0.5503249950758322
deepcrack_0059,point+text,deepcrack,0.8136137150578499,0.8972293364377183,0.9141284751873991,0.8809436722750549,0.8972293364377183
deepcrack_0060,point+text,deepcrack,0.7140849637876986,0.833196695465725,0.9600348786513588,0.7359625668449198,0.833196695465725
deepcrack_0061,point+text,deepcrack,0.7623341491691357,0.8651414370294569,0.9765676567656766,0.7765385120062984,0.865141437029457
deepcrack_0062,point+text,deepcrack,0.7450934579439252,0.8539295755790601,0.8634476534296028,0.8446190518230776,0.8539295755790601
deepcrack_0063,point+text,deepcrack,0.7235906761448173,0.8396316900057549,0.8689696247766527,0.8122100575245871,0.8396316900057548
deepcrack_0064,point+text,deepcrack,0.6563965170797053,0.7925596441568945,0.8006535947712419,0.7846277021617294,0.7925596441568945
deepcrack_0065,point+text,deepcrack,0.5843397347059988,0.7376444860980943,0.8279102384291726,0.6651267605633803,0.7376444860980945
deepcrack_0066,point+text,deepcrack,0.5559016575814885,0.7145717145717145,0.7429378531073446,0.6882920110192837,0.7145717145717145
deepcrack_0067,point+text,deepcrack,0.7797488684479486,0.8762459493826654,0.8249787595581988,0.9343072078376488,0.8762459493826653
deepcrack_0068,point+text,deepcrack,0.6034505640345056,0.7526899519947029,0.6080502808237497,0.987619461337967,0.752689951994703
deepcrack_0069,point+text,deepcrack,0.5604268151241011,0.7182993905158317,0.5706188001889466,0.96911351784998,0.7182993905158316
deepcrack_0070,point+text,deepcrack,0.6514086658925625,0.7889127377692251,0.6651482059282371,0.9692643448213148,0.7889127377692251
deepcrack_0071,point+text,deepcrack,0.6571814754214982,0.7931315732989912,0.662554686939683,0.9878100940975192,0.7931315732989912
deepcrack_0072,point+text,deepcrack,0.5771936319881525,0.7319248826291079,0.5785860085359065,0.9958479718939636,0.7319248826291079
deepcrack_0073,point+text,deepcrack,0.4730883562077035,0.6423081877119917,0.4758572428271518,0.9878499735868992,0.6423081877119917
deepcrack_0074,point+text,deepcrack,0.6555880833476838,0.7919700436862909,0.6656758174506032,0.9774069319640564,0.7919700436862908
deepcrack_0075,point+text,deepcrack,0.562616474096161,0.7200954084675015,0.5630711843332297,0.9985667034178612,0.7200954084675015
deepcrack_0076,point+text,deepcrack,0.7384859714134463,0.8495736906211937,0.7511442160997935,0.9776895222520734,0.8495736906211936
deepcrack_0077,point+text,deepcrack,0.5622633103141012,0.7198060744331954,0.5653488632545638,0.9903865018638416,0.7198060744331956
deepcrack_0078,point+text,deepcrack,0.5444096133751306,0.7050067658998647,0.5480364656381487,0.9879898862199749,0.7050067658998648
deepcrack_0079,point+text,deepcrack,0.7380636604774535,0.8492941625333842,0.8352720450281426,0.8637951105937136,0.8492941625333842
deepcrack_0080,point+text,deepcrack,0.7522935779816514,0.8586387434554974,0.8347876672484003,0.883892824145365,0.8586387434554974
deepcrack_0081,point+text,deepcrack,0.8347429334520365,0.9099290349972706,0.9500949968334388,0.8730214152700186,0.9099290349972704
deepcrack_0082,point+text,deepcrack,0.7223821339950373,0.8388174955339135,0.9685919616715464,0.739709320052851,0.8388174955339135
deepcrack_0083,point+text,deepcrack,0.7505544408068434,0.8575048262548263,0.924187256176853,0.7997974341661039,0.8575048262548262
deepcrack_0084,point+text,deepcrack,0.7398849762889719,0.8504987241939225,0.8974421735405703,0.8082221977295272,0.8504987241939226
deepcrack_0085,point+text,deepcrack,0.7656992532247114,0.8673042726005671,0.9689647766323024,0.7849499782514137,0.8673042726005672
deepcrack_0086,point+text,deepcrack,0.801845166466105,0.890026714158504,0.9469445760303172,0.8395632087358252,0.890026714158504
deepcrack_0087,point+text,deepcrack,0.762890213960014,0.86549940310386,0.8919417674800082,0.8405797101449275,0.8654994031038599
deepcrack_0088,point+text,deepcrack,0.7976624165148756,0.8874440597821498,0.946676274545127,0.8351875397329943,0.8874440597821498
deepcrack_0089,point+text,deepcrack,0.1849111596883582,0.3121097445600757,0.202417474536753,0.681330028913672,0.3121097445600757
deepcrack_0090,point+text,deepcrack,0.2004513868266318,0.3339600237482683,0.2225812833871925,0.6684491978609626,0.3339600237482684
deepcrack_0091,point+text,deepcrack,0.6298977468102435,0.7729291583388852,0.9739750944452218,0.6406810860561436,0.7729291583388852
deepcrack_0092,point+text,deepcrack,0.638438566552901,0.7793256086447077,0.9678253839935328,0.6522828811158331,0.7793256086447078
deepcrack_0093,point+text,deepcrack,0.7630607885026218,0.8656091650143203,0.98817907444668,0.7700901607212858,0.8656091650143204
deepcrack_0094,point+text,deepcrack,0.7151307228203004,0.8339081252586563,0.9196713829301688,0.762776025236593,0.8339081252586564
deepcrack_0095,point+text,deepcrack,0.6372472783825817,0.7784374257895986,0.9301929625425652,0.6692527562270314,0.7784374257895987
deepcrack_0096,point+text,deepcrack,0.8206183902478404,0.901472153245832,0.8971756398940864,0.9058100160399216,0.901472153245832
deepcrack_0097,point+text,deepcrack,0.7852170176192522,0.8796880265755139,0.9386622829548956,0.8276861750317086,0.8796880265755139
deepcrack_0098,point+text,deepcrack,0.7625,0.8652482269503546,0.9631216871546182,0.7854318035500781,0.8652482269503546
deepcrack_0099,point+text,deepcrack,0.7767438030140822,0.8743453070683662,0.897943640517898,0.8519555595700479,0.8743453070683661
deepcrack_0100,point+text,deepcrack,0.803064182194617,0.8907771449568253,0.9155887073930696,0.8672748412485466,0.8907771449568253
deepcrack_0101,point+text,deepcrack,0.5847398030942335,0.7379631684047038,0.6363520408163266,0.8781904594261574,0.7379631684047039
deepcrack_0102,point+text,deepcrack,0.7519260400616333,0.8583992963940194,0.826364465285919,0.8930180180180181,0.8583992963940194
deepcrack_0103,point+text,deepcrack,0.8961730072463768,0.9452439242849464,0.9574210717309786,0.933372641509434,0.9452439242849464
deepcrack_0104,point+text,deepcrack,0.918146800770383,0.9573269370223684,0.9882529079811124,0.928277801817395,0.9573269370223684
deepcrack_0105,point+text,deepcrack,0.8727493425045519,0.9320514205466134,0.9961898164184274,0.8756723840454684,0.9320514205466134
deepcrack_0106,point+text,deepcrack,0.8431929480901077,0.9149264041660023,0.9982606679035252,0.8444335458558117,0.9149264041660023
deepcrack_0107,point+text,deepcrack,0.6304709141274238,0.7733605164797825,0.681437125748503,0.8939512961508248,0.7733605164797827
deepcrack_0108,point+text,deepcrack,0.4373368146214099,0.6085376930063578,0.4413702239789196,0.97953216374269,0.6085376930063578
deepcrack_0109,point+text,deepcrack,0.7775580569921915,0.8748609407536299,1.0,0.7775580569921915,0.8748609407536299
deepcrack_0110,point+text,deepcrack,0.7874938534666448,0.8811150336985925,1.0,0.7874938534666448,0.8811150336985923
deepcrack_0111,point+text,deepcrack,0.7243983010854177,0.8401751505199782,0.9914953170416622,0.7289275821131777,0.840175150519978
deepcrack_0112,point+text,deepcrack,0.6430566330488751,0.7827565040842344,0.979671433636686,0.6517534203491115,0.7827565040842343
deepcrack_0113,point+text,deepcrack,0.8898701298701299,0.9417262231995602,0.9503467406380028,0.9332606919095614,0.94172622319956
deepcrack_0114,point+text,deepcrack,0.8825972704924981,0.9376378945472555,0.9173568281938326,0.9588359885809008,0.9376378945472555
deepcrack_0115,point+text,deepcrack,0.8389426549183879,0.9124185060089544,0.961271102284012,0.8682912243982658,0.9124185060089544
deepcrack_0116,point+text,deepcrack,0.8104453870625663,0.8952994581930004,0.8943826799297835,0.8962181178540017,0.8952994581930005
deepcrack_0117,point+text,deepcrack,0.813884007029877,0.8973936634047088,0.9000097172286464,0.8947927736450585,0.8973936634047089
deepcrack_0118,point+text,deepcrack,0.5469107551487414,0.7071005917159763,0.6362426316790264,0.7957193816884661,0.7071005917159764
deepcrack_0119,point+text,deepcrack,0.8221787982413288,0.9024128686327078,0.9204265791632484,0.8850907178543256,0.902412868632708
deepcrack_0120,point+text,deepcrack,0.6741778319123021,0.8053837759185158,0.968503937007874,0.6892901618929016,0.8053837759185157
deepcrack_0121,point+text,deepcrack,0.7336017446737124,0.8463324946777627,0.9761160714285714,0.7470105910488555,0.8463324946777626
deepcrack_0122,point+text,deepcrack,0.7627075993960745,0.8653818700927909,0.9429149167833256,0.7996306555863343,0.8653818700927908
deepcrack_0123,point+text,deepcrack,0.7684570717544588,0.8690706537672237,0.969899227849758,0.7872317824516677,0.8690706537672236
deepcrack_0124,point+text,deepcrack,0.8033428165007113,0.890948530861763,0.8481321569363619,0.9383177570093458,0.890948530861763
deepcrack_0125,point+text,deepcrack,0.7736252002135612,0.872366044551475,0.8353189853958494,0.9128517429651408,0.8723660445514749
deepcrack_0126,point+text,deepcrack,0.8062341107549464,0.892723823511413,0.9718854097268488,0.8254866455409687,0.892723823511413
deepcrack_0127,point+text,deepcrack,0.7873214285714286,0.8810070936157458,0.9883434207576776,0.7947007930785869,0.8810070936157458
deepcrack_0128,point+text,deepcrack,0.761996161228407,0.8649237472766884,0.98723474801061,0.7695787025071078,0.8649237472766884
deepcrack_0129,point+text,deepcrack,0.7677128651336234,0.8685945328293926,0.983675094565001,0.7776203966005666,0.8685945328293926
deepcrack_0130,point+text,deepcrack,0.3951186701258768,0.5664301949170053,0.967529411764706,0.4004284740481059,0.5664301949170053
deepcrack_0131,point+text,deepcrack,0.5899877686528044,0.742128688389472,1.0,0.5899877686528044,0.742128688389472
deepcrack_0132,point+text,deepcrack,0.7950063325493034,0.8857978026408628,0.9496433974497516,0.8299962221382697,0.8857978026408628
deepcrack_0133,point+text,deepcrack,0.8428661219358894,0.9147339699863576,0.8818500657606313,0.9501653282947568,0.9147339699863574
deepcrack_0134,point+text,deepcrack,0.3992860085129754,0.5706996369345501,0.4051832241883795,0.964830789648308,0.5706996369345502
deepcrack_0135,point+text,deepcrack,0.5628255208333334,0.7202666111226828,0.6062412342215989,0.8871216008209338,0.7202666111226828
deepcrack_0136,point+text,deepcrack,0.7612452651515151,0.8644398145036629,0.9721844293272864,0.7781945788964182,0.8644398145036629
deepcrack_0137,point+text,deepcrack,0.6705528394133132,0.8027915353444395,0.7252881355932204,0.8988405310031927,0.8027915353444395
deepcrack_0138,point+text,deepcrack,0.6703814338235294,0.8026686842286265,0.7014064190407501,0.9381028938906752,0.8026686842286265
deepcrack_0139,point+text,deepcrack,0.7176705048715678,0.835632332087147,0.8718224613315401,0.8023270206708751,0.8356323320871472
deepcrack_0140,point+text,deepcrack,0.7598917117867555,0.8635664418412022,0.815327896324433,0.9178719657904666,0.8635664418412022
deepcrack_0141,point+text,deepcrack,0.7754165660468486,0.8735038084874864,0.7961815026035209,0.9674600783368484,0.8735038084874863
deepcrack_0142,point+text,deepcrack,0.7786465008972059,0.8755494703466167,0.7985015772870663,0.9690540756101452,0.8755494703466167
deepcrack_0143,point+text,deepcrack,0.5915048946407832,0.7433277731442869,0.5960541715432202,0.9872611464968152,0.7433277731442869
deepcrack_0144,point+text,deepcrack,0.5518954248366013,0.7112533692722371,0.5794674718638485,0.9206279982555604,0.7112533692722373
deepcrack_0145,point+text,deepcrack,0.5653603727048506,0.7223389355742297,0.5978843645848427,0.9122263984081362,0.7223389355742296
deepcrack_0146,point+text,deepcrack,0.6599198819312672,0.7951225708116347,0.6608952702702703,0.9977685686962066,0.7951225708116346
deepcrack_0147,point+text,deepcrack,0.7856763925729443,0.8799762329174093,0.9730617608409988,0.8031453362255966,0.8799762329174095
deepcrack_0148,point+text,deepcrack,0.6565970679697912,0.7927058192544918,0.6599687430229962,0.992279288351796,0.7927058192544918
deepcrack_0149,point+text,deepcrack,0.7845584835876098,0.8792746113989637,0.8194109126026075,0.9485746226942426,0.8792746113989638
deepcrack_0150,point+text,deepcrack,0.6822522225880804,0.8111176355451165,0.7687360870640614,0.8584449661648943,0.8111176355451165
deepcrack_0151,point+text,deepcrack,0.6908419497784343,0.8171573337992487,0.7679802955665025,0.8730632816875117,0.8171573337992487
deepcrack_0152,point+text,deepcrack,0.6792434715821812,0.8089874792750558,0.8759440386282036,0.7515402591884427,0.8089874792750557
deepcrack_0153,point+text,deepcrack,0.6473472055779497,0.7859268566893723,0.9148575827559662,0.6888476698353814,0.7859268566893723
deepcrack_0154,point+text,deepcrack,0.6943765281173594,0.8196248196248196,0.7720127644486467,0.8734955870553623,0.8196248196248197
deepcrack_0155,point+text,deepcrack,0.7770193401592719,0.8745198463508322,0.9514427860696516,0.8091047554577763,0.8745198463508321
deepcrack_0156,point+text,deepcrack,0.8134121559209311,0.8971067644661777,0.8327974276527331,0.9721792890262752,0.8971067644661778
deepcrack_0157,point+text,deepcrack,0.603558282208589,0.7527737393832734,0.8056010481493613,0.706448369955479,0.7527737393832734
deepcrack_0158,point+text,deepcrack,0.7351428258728248,0.8473571338463479,0.9161211129296236,0.7881952593287961,0.847357133846348
deepcrack_0159,point+text,deepcrack,0.7228397275008964,0.8391259105098855,0.7295096797539352,0.9875091844232182,0.8391259105098855
deepcrack_0160,point+text,deepcrack,0.8990511814615455,0.946842497177584,0.9942992634446576,0.9037094777385484,0.946842497177584
deepcrack_0161,point+text,deepcrack,0.9414701701957068,0.9698528307553688,0.9994970208156,0.9419164296652812,0.9698528307553688
deepcrack_0162,point+text,deepcrack,0.8671932856084917,0.9288736118455844,0.9926532918903646,0.8727950310559006,0.9288736118455844
deepcrack_0163,point+text,deepcrack,0.9295253839126464,0.9634756729945438,0.9985046030188328,0.930821171857983,0.963475672994544
deepcrack_0164,point+text,deepcrack,0.9353683874061052,0.9666050075972782,0.9929759077027486,0.9415985584657958,0.9666050075972784
deepcrack_0165,point+text,deepcrack,0.8190677018435094,0.9005356986036709,0.9592516370439664,0.8485931810658722,0.9005356986036709
deepcrack_0166,point+text,deepcrack,0.9628589837997056,0.9810781026518792,0.9987587721392084,0.9640125334070592,0.9810781026518792
deepcrack_0167,point+text,deepcrack,0.9223535983614188,0.959608678806664,0.9971314981631524,0.9248074679113184,0.959608678806664
deepcrack_0168,point+text,deepcrack,0.7196428571428571,0.8369678089304258,0.7720306513409961,0.9138321995464852,0.8369678089304257
deepcrack_0169,point+text,deepcrack,0.6696730552423901,0.8021607022282242,0.9796206855931204,0.6791343405471622,0.8021607022282242
deepcrack_0170,point+text,deepcrack,0.6806299464385642,0.8099700328211958,0.965744101633394,0.6974686655197837,0.8099700328211957
deepcrack_0171,point+text,deepcrack,0.7366507611906384,0.8483579746172969,0.7821471652593486,0.926815323041738,0.8483579746172968
deepcrack_0172,point+text,deepcrack,0.6212063004225893,0.7663507109004739,0.6392567701126705,0.9565217391304348,0.7663507109004739
deepcrack_0173,point+text,deepcrack,0.5468969390620613,0.7070890442044113,0.6232,0.8170757289700021,0.7070890442044113
deepcrack_0174,point+text,deepcrack,0.4228855721393035,0.5944055944055944,0.4228855721393035,1.0,0.5944055944055945
deepcrack_0175,point+text,deepcrack,0.2805268778924884,0.4381428968584931,0.2805768203667438,0.9993658845909956,0.4381428968584931
deepcrack_0176,point+text,deepcrack,0.3507591773976552,0.5193511667615254,0.3540939076445479,0.9738527214514408,0.5193511667615253
deepcrack_0177,point+text,deepcrack,0.3895226024503591,0.560656734569778,0.3923404255319149,0.9818956336528222,0.560656734569778
deepcrack_0178,point+text,deepcrack,0.8526224534026875,0.9204492278895648,0.8745137267978215,0.9714779602420052,0.9204492278895648
deepcrack_0179,point+text,deepcrack,0.2679414157851912,0.4226400564717962,0.2931540995281759,0.7570114942528736,0.4226400564717962
deepcrack_0180,point+text,deepcrack,0.9082239425558174,0.9519049858889934,0.9665671641791044,0.937680991544075,0.9519049858889934
deepcrack_0181,point+text,deepcrack,0.780084582852749,0.8764578833693305,0.801659423152904,0.9666507860886135,0.8764578833693305
deepcrack_0182,point+text,deepcrack,0.8562320032908268,0.9225484764542936,0.9038211029092488,0.9420683412536772,0.9225484764542936
deepcrack_0183,point+text,deepcrack,0.7533107146765897,0.8593008739076154,0.7838514975515317,0.9508219367315928,0.8593008739076156
deepcrack_0184,point+text,deepcrack,0.7641802641802642,0.8663290024223739,0.8151678408619976,0.924342105263158,0.866329002422374
deepcrack_0185,point+text,deepcrack,0.7322915478498916,0.845459932837295,0.8408644400785854,0.8501059322033898,0.8454599328372951
deepcrack_0186,point+text,deepcrack,0.741278800777274,0.8514188542884472,0.8208832872220514,0.8843139419361961,0.8514188542884471
deepcrack_0187,point+text,deepcrack,0.7951434878587197,0.8858829316281358,0.97088948787062,0.8145635459068294,0.8858829316281357
deepcrack_0188,point+text,deepcrack,0.8242746219861055,0.903673835125448,0.9442883895131086,0.8664089347079038,0.903673835125448
deepcrack_0189,point+text,deepcrack,0.7559661277906081,0.8610258658483121,0.8644366197183099,0.8576419213973799,0.8610258658483122
deepcrack_0190,point+text,deepcrack,0.7740417718613725,0.8726308299372534,0.8144168075344119,0.9398077191026892,0.8726308299372534
deepcrack_0191,point+text,deepcrack,0.2140313859949888,0.3525961329567673,0.2143423137876386,0.9932680538555692,0.3525961329567673
deepcrack_0192,point+text,deepcrack,0.4102564102564102,0.5818181818181818,0.4114285714285714,0.993103448275862,0.5818181818181818
deepcrack_0193,point+text,deepcrack,0.7240819638871983,0.8399623440809603,0.8325169115931887,0.8475421515079553,0.8399623440809602
deepcrack_0194,point+text,deepcrack,0.8286579212916246,0.9063017327005848,0.8830107526881721,0.9308546814781228,0.906301732700585
deepcrack_0195,point+text,deepcrack,0.6793948126801153,0.8090948090948091,0.6848220769789397,0.9884696016771488,0.8090948090948091
deepcrack_0196,point+text,deepcrack,0.7497335322958857,0.8569688109161794,0.7883882537547635,0.9386175607152388,0.8569688109161794
deepcrack_0197,point+text,deepcrack,0.7426923076923077,0.8523504745089384,0.7522399688352162,0.9831975560081466,0.8523504745089384
deepcrack_0198,point+text,deepcrack,0.5663577386468953,0.7231524761848411,0.6739082487869431,0.7801608579088471,0.7231524761848411
deepcrack_0199,point+text,deepcrack,0.6024131842260153,0.7518824609733701,0.7998176608491795,0.7093681413884717,0.75188246097337
deepcrack_0200,point+text,deepcrack,0.6674450695255281,0.8005601884270164,0.8338416655615966,0.7698334965719883,0.8005601884270165
deepcrack_0201,point+text,deepcrack,0.5961340206185567,0.7469723881802035,0.7312677837496048,0.7633663366336634,0.7469723881802034
deepcrack_0202,point+text,deepcrack,0.6408414571575167,0.7811131957473421,0.8761837951595931,0.704654442877292,0.7811131957473421
deepcrack_0203,point+text,deepcrack,0.614731161303218,0.7614037259392213,0.7456661413504667,0.7778199291856348,0.7614037259392215
deepcrack_0204,point+text,deepcrack,0.6074321587687322,0.7557795275590551,0.7637173774665817,0.7480049875311721,0.7557795275590551
deepcrack_0205,point+text,deepcrack,0.5581808097615086,0.7164519114401652,0.6576058546785154,0.7868647380766224,0.7164519114401652
deepcrack_0206,point+text,deepcrack,0.5491865304578131,0.7089998778849677,0.5948161049072841,0.8774369049418166,0.7089998778849677
deepcrack_0207,point+text,deepcrack,0.4685126767145695,0.6380778104861167,0.4697200421693803,0.9945436507936508,0.6380778104861166
deepcrack_0208,point+text,deepcrack,0.4929561066480382,0.6603758870779068,0.4953205428170332,0.9904093567251462,0.6603758870779068
deepcrack_0209,point+text,deepcrack,0.4238207120910898,0.5953287636455953,0.431780519241392,0.958316305680425,0.5953287636455953
deepcrack_0210,point+text,deepcrack,0.4769471216462621,0.6458553791887125,0.5514229784670983,0.7793147478186848,0.6458553791887125
deepcrack_0211,point+text,deepcrack,0.5409229429690902,0.7020765644865093,0.7514363471424251,0.6588016967126193,0.7020765644865093
deepcrack_0212,point+text,deepcrack,0.312107831745294,0.4757350336521431,0.3384576612903225,0.800357568533969,0.4757350336521431
deepcrack_0213,point+text,deepcrack,0.5920544133560056,0.743761530245655,0.6750088121254847,0.8281081081081081,0.743761530245655
deepcrack_0214,point+text,deepcrack,0.534329563812601,0.6964990787049223,0.548053024026512,0.9552346570397112,0.6964990787049223
deepcrack_0215,point+text,deepcrack,0.6231231231231231,0.7678075855689177,0.6907073509015257,0.8642832349878514,0.7678075855689177
deepcrack_0216,point+text,deepcrack,0.6556237879767292,0.7919960956564178,0.7412753517266581,0.8501676445934618,0.7919960956564177
deepcrack_0217,point+text,deepcrack,0.6213967310549777,0.7664956011730205,0.6257668711656442,0.988886261527548,0.7664956011730206
deepcrack_0218,point+text,deepcrack,0.6386564125763402,0.7794878873628269,0.668284023668639,0.9350885908262956,0.779487887362827
deepcrack_0219,point+text,deepcrack,0.485947416137806,0.6540573520439292,0.5066162570888468,0.9225473321858864,0.6540573520439291
deepcrack_0220,point+text,deepcrack,0.6410703173615433,0.7812831791293796,0.6572668112798264,0.962983735277622,0.7812831791293796
deepcrack_0221,point+text,deepcrack,0.7205148833467417,0.8375572804638548,0.792566371681416,0.8879635137814793,0.8375572804638548
deepcrack_0222,point+text,deepcrack,0.7186656076250992,0.8363064978278953,0.7295597484276729,0.9796448679081854,0.8363064978278953
deepcrack_0223,point+text,deepcrack,0.6885168032300202,0.8155285181799001,0.7198013656114215,0.9406229720960416,0.8155285181799001
deepcrack_0224,point+text,deepcrack,0.6596974541876768,0.7949610967024824,0.697801483023286,0.9235537190082644,0.7949610967024824
deepcrack_0225,point+text,deepcrack,0.2061855670103092,0.3418803418803419,0.2899906454630496,0.4163868368032236,0.3418803418803419
deepcrack_0226,point+text,deepcrack,0.2536873156342183,0.4047058823529412,0.2766641920316753,0.7533692722371967,0.4047058823529411
deepcrack_0227,point+text,deepcrack,0.8095962389380531,0.8947810804615267,0.82383565498804,0.9790969899665553,0.8947810804615267
deepcrack_0228,point+text,deepcrack,0.7479364297154121,0.8557936284183817,0.7578329796529771,0.9828395661324268,0.8557936284183816
deepcrack_0229,point+text,deepcrack,0.7320521316545173,0.8453003443438337,0.735953808572063,0.9928100659077292,0.8453003443438336
deepcrack_0230,point+text,deepcrack,0.9062227074235808,0.9508046503636676,0.972127883827146,0.9303967720242098,0.9508046503636676
deepcrack_0231,point+text,deepcrack,0.8304177814365096,0.9073532718686756,0.8523447401774398,0.9699519230769232,0.9073532718686756
deepcrack_0232,point+text,deepcrack,0.6614906832298136,0.7962616822429907,0.6647347302719572,0.992676431424767,0.7962616822429907
deepcrack_0233,point+text,deepcrack,0.8511904761904762,0.919614147909968,0.9641148325358851,0.8790402538171723,0.919614147909968
deepcrack_0234,point+text,deepcrack,0.8519869562814348,0.9200787871553062,0.9949012520975862,0.8557233263017653,0.9200787871553062
deepcrack_0235,point+text,deepcrack,0.9190994290638802,0.9578445130508,0.9888734353268428,0.9287036029171656,0.9578445130508
deepcrack_0236,point+text,deepcrack,0.5195334416063783,0.6838065255834742,0.9998863378040465,0.5195641260372678,0.6838065255834741
deepcrack_0000,point,deepcrack,0.0282910064786791,0.0550252920631097,0.0283188446221313,0.9664198836594394,0.0550252920631097
deepcrack_0001,point,deepcrack,0.1864313940295003,0.3142725234137976,0.225936462778568,0.5160277236300628,0.3142725234137976
deepcrack_0002,point,deepcrack,0.0267268393025357,0.0520622200169452,0.0272412424867369,0.5859852476290832,0.0520622200169452
deepcrack_0003,point,deepcrack,0.042440699395141,0.0814256377744394,0.0424409026474081,0.9998871713866636,0.0814256377744394
deepcrack_0004,point,deepcrack,0.0353779500627066,0.068338233512823,0.0368396058411492,0.4713656387665198,0.068338233512823
deepcrack_0005,point,deepcrack,0.0006521266574885,0.0013034033309196,0.0007116030836133,0.0077419354838709,0.0013034033309196
deepcrack_0006,point,deepcrack,0.0002164116404002,0.0004327296330707,0.0002291259518835,0.0038848263254113,0.0004327296330707
deepcrack_0007,point,deepcrack,0.0252557821688787,0.0492672806301104,0.0252569976514072,0.99809813617345,0.0492672806301104
deepcrack_0008,point,deepcrack,0.8061805753346625,0.8926910037057478,0.8819130705717402,0.903735632183908,0.8926910037057479
deepcrack_0009,point,deepcrack,0.0300384324698088,0.0583248770587776,0.0300548646083053,0.982124079915878,0.0583248770587776
deepcrack_0010,point,deepcrack,0.0084863661658319,0.0168299075734584,0.0087590192770219,0.2142230026338893,0.0168299075734584
deepcrack_0011,point,deepcrack,0.6957757920389926,0.8205988023952095,0.7423618634886241,0.9172690763052208,0.8205988023952097
deepcrack_0012,point,deepcrack,0.081978490071832,0.1515344174104413,0.1250050429660709,0.1923578346163397,0.1515344174104413
deepcrack_0013,point,deepcrack,0.0124094868296778,0.0245147580916841,0.0139008620689655,0.1036750200920581,0.0245147580916841
deepcrack_0014,point,deepcrack,0.0549102587190107,0.1041041325841098,0.0727305253533165,0.1830781547082958,0.1041041325841098
deepcrack_0015,point,deepcrack,0.0286109802416141,0.0556303224274227,0.0313068825498657,0.2493916041370918,0.0556303224274227
deepcrack_0016,point,deepcrack,0.3522885849846497,0.5210257468654869,0.572384083437252,0.478125,0.5210257468654867
deepcrack_0017,point,deepcrack,0.0866824495849853,0.1595359336448107,0.1197729870334607,0.2388212180746562,0.1595359336448107
deepcrack_0018,point,deepcrack,0.0726356082531976,0.1354338932892332,0.1300206116650883,0.1413175102930491,0.1354338932892332
deepcrack_0019,point,deepcrack,0.0090819667713203,0.0180004540173861,0.013173582471708,0.0284100488956331,0.0180004540173861
deepcrack_0020,point,deepcrack,0.0021431723152564,0.0042771779012475,0.0024356464014518,0.0175348117586384,0.0042771779012475
deepcrack_0021,point,deepcrack,0.7334620108791016,0.8462394979248912,0.8807416772018541,0.8143385934151568,0.8462394979248912
deepcrack_0022,point,deepcrack,0.0540151151328261,0.102494004796163,0.1844149119779081,0.0709683846971307,0.102494004796163
deepcrack_0023,point,deepcrack,0.0158689632146434,0.0312421459642339,0.0224046140195208,0.0515931294297937,0.0312421459642339
deepcrack_0024,point,deepcrack,0.0057032626016942,0.0113418397131181,0.0066773864905669,0.0376236254236115,0.0113418397131181
deepcrack_0025,point,deepcrack,0.0027326526848731,0.0054504112887046,0.0029728250957505,0.0327177840224809,0.0054504112887046
deepcrack_0026,point,deepcrack,0.0315619099001888,0.0611924686192468,0.0378729915837796,0.1592427616926503,0.0611924686192468
deepcrack_0027,point,deepcrack,0.0297992090051718,0.0578738238378705,0.0304713019132057,0.5746553241419771,0.0578738238378705
deepcrack_0028,point,deepcrack,0.004371494556252,0.0087049355342038,0.0051255837086568,0.0288558761764019,0.0087049355342038
deepcrack_0029,point,deepcrack,0.0181880997224977,0.0357264040454898,0.0216170393133411,0.1028679483138985,0.0357264040454898
deepcrack_0030,point,deepcrack,0.6180391754691826,0.7639359847884646,0.9990881962864722,0.6183879739366888,0.7639359847884647
deepcrack_0031,point,deepcrack,0.9239663305892148,0.9604807692307692,0.992744981117074,0.9302477183833116,0.9604807692307692
deepcrack_0032,point,deepcrack,0.0500505332388034,0.0953297611009754,0.0500694151023118,0.9925216871073884,0.0953297611009754
deepcrack_0033,point,deepcrack,0.7720670391061453,0.8713745271122321,0.787785016286645,0.9748085449415558,0.8713745271122321
deepcrack_0034,point,deepcrack,0.6911552866609046,0.8173764906303237,0.7011544644161918,0.9797835409434348,0.8173764906303237
deepcrack_0035,point,deepcrack,0.4322307382008875,0.6035769609914097,0.4352594698893063,0.9841561423650976,0.6035769609914097
deepcrack_0036,point,deepcrack,0.0055730006506548,0.0110842288865132,0.0165296190636012,0.0083375656001354,0.0110842288865132
deepcrack_0037,point,deepcrack,0.0474565902781045,0.090612996698039,0.0800365064878377,0.1044103944507713,0.090612996698039
deepcrack_0038,point,deepcrack,0.0714247419916901,0.1333266615794543,0.1341506394119424,0.1325127440009946,0.1333266615794543
deepcrack_0039,point,deepcrack,0.063842893751232,0.1200231615518239,0.7040760869565217,0.0656032409165717,0.1200231615518239
deepcrack_0040,point,deepcrack,0.6743924392439244,0.8055368902029297,0.7070063694267515,0.9359775140537164,0.8055368902029297
deepcrack_0041,point,deepcrack,0.4843828574621445,0.6526387111345329,0.7923407366785485,0.554816,0.6526387111345329
deepcrack_0042,point,deepcrack,0.080332055451166,0.1487173412023176,0.0904861443296266,0.4172029366446116,0.1487173412023176
deepcrack_0043,point,deepcrack,0.0019476653244931,0.0038877585963781,0.0022480547919675,0.0143665326782789,0.0038877585963781
deepcrack_0044,point,deepcrack,0.137114166329694,0.2411616535783079,0.1454642952900169,0.7048938934603725,0.2411616535783078
deepcrack_0045,point,deepcrack,0.7918401332223147,0.8838289962825279,0.8019902175746332,0.9842682674394536,0.8838289962825278
deepcrack_0046,point,deepcrack,0.0031467540877448,0.0062737661761294,0.0032250872380912,0.1146966623640051,0.0062737661761294
deepcrack_0047,point,deepcrack,0.0116157330365113,0.022964714084952,0.011787072243346,0.4441635061104088,0.022964714084952
deepcrack_0048,point,deepcrack,0.4759013980868286,0.6448959242178736,0.4766906209692279,0.99653312788906,0.6448959242178737
deepcrack_0049,point,deepcrack,0.0590193704600484,0.1114604172620748,0.0654777450285415,0.3743600682593856,0.1114604172620748
deepcrack_0050,point,deepcrack,0.3266293663995161,0.4924199247691782,0.6269956458635704,0.4054054054054054,0.4924199247691782
deepcrack_0051,point,deepcrack,0.0443923084000368,0.085010791525349,0.0446387269867702,0.8894009216589862,0.085010791525349
deepcrack_0052,point,deepcrack,0.6693042291950887,0.8018960444589736,0.6707683893902106,0.9967492889069484,0.8018960444589734
deepcrack_0053,point,deepcrack,0.7778295295761528,0.8750327482315955,0.7866227037211493,0.9858323494687132,0.8750327482315955
deepcrack_0054,point,deepcrack,0.0004882406714867,0.0009760048177259,0.0005070720365954,0.0129762562120375,0.0009760048177259
deepcrack_0055,point,deepcrack,0.0416067411586827,0.0798895389490268,0.0454994555793039,0.3271949539621547,0.0798895389490268
deepcrack_0056,point,deepcrack,0.0586314553318248,0.1107683982683982,0.0667253406349827,0.3258516396052213,0.1107683982683982
deepcrack_0057,point,deepcrack,0.45690030474532,0.6272224712386075,0.4766121707538601,0.9169943206640454,0.6272224712386075
deepcrack_0058,point,deepcrack,0.382716049382716,0.5535714285714286,0.3904709748083242,0.9506666666666668,0.5535714285714286
deepcrack_0059,point,deepcrack,0.052304637095807,0.0994096866096866,0.0523126670152898,0.9970738844184344,0.0994096866096866
deepcrack_0060,point,deepcrack,0.0200054390318523,0.0392261418739897,0.0230626040952287,0.1311274509803921,0.0392261418739897
deepcrack_0061,point,deepcrack,0.0,0.0,0.0,0.0,0.0
deepcrack_0062,point,deepcrack,0.0493850819491488,0.0941219439815554,0.0496273614882431,0.9100379623907476,0.0941219439815554
deepcrack_0063,point,deepcrack,0.0273673095017294,0.0532765822868211,0.028674572328293,0.3751159769901651,0.0532765822868212
deepcrack_0064,point,deepcrack,0.0126356334257128,0.0249559328323592,0.0129792846114256,0.3230584467574059,0.0249559328323592
deepcrack_0065,point,deepcrack,0.0412674587471612,0.0792638978592756,0.0432226056064844,0.4770704225352112,0.0792638978592756
deepcrack_0066,point,deepcrack,0.3327482678983833,0.4993415124419491,0.5025812752895215,0.4961432506887052,0.4993415124419491
deepcrack_0067,point,deepcrack,0.152246617130543,0.2642604714426241,0.1534317665806433,0.9517144856543036,0.2642604714426241
deepcrack_0068,point,deepcrack,0.60377107953791,0.7529392283490645,0.6083757024351084,0.987619461337967,0.7529392283490643
deepcrack_0069,point,deepcrack,0.5622527344659064,0.7197974080143006,0.5725118483412323,0.96911351784998,0.7197974080143006
deepcrack_0070,point,deepcrack,0.6518414290958032,0.7892300285174623,0.6657710572356911,0.96890060925707,0.7892300285174623
deepcrack_0071,point,deepcrack,0.6573645618281484,0.7932648941196684,0.6629334482015938,0.987382378100941,0.7932648941196684
deepcrack_0072,point,deepcrack,0.5703916066853727,0.7264323169547485,0.5718566536203522,0.9955285851165762,0.7264323169547485
deepcrack_0073,point,deepcrack,0.4593784412088584,0.6295535527143157,0.4611558066695326,0.9916798732171156,0.6295535527143156
deepcrack_0074,point,deepcrack,0.6589120470466142,0.7943905744969242,0.6688026685393258,0.9780487804878047,0.7943905744969242
deepcrack_0075,point,deepcrack,0.5626669980736967,0.7201367902020042,0.5631919392959324,0.9983461962513782,0.7201367902020042
deepcrack_0076,point,deepcrack,0.0409385897171472,0.0786570699204674,0.0409436958221599,0.9969629716154654,0.0786570699204674
deepcrack_0077,point,deepcrack,0.5623885918003565,0.7199087278950371,0.5654755236921698,0.9903865018638416,0.719908727895037
deepcrack_0078,point,deepcrack,0.5445993031358886,0.7051658019399955,0.5482286916871273,0.9879898862199749,0.7051658019399955
deepcrack_0079,point,deepcrack,0.6197828709288299,0.7652666070896634,0.6209813874788495,0.996895615056267,0.7652666070896633
deepcrack_0080,point,deepcrack,0.7518993974325386,0.8583819350979512,0.8343023255813954,0.883892824145365,0.8583819350979512
deepcrack_0081,point,deepcrack,0.0007979290956494,0.0015945858248736,0.0008662979863608,0.0100093109869646,0.0015945858248736
deepcrack_0082,point,deepcrack,0.0100101160942241,0.0198218135337772,0.0109374177588294,0.1056001626181522,0.0198218135337772
deepcrack_0083,point,deepcrack,0.0063510439025958,0.0126219254028231,0.006793186176296,0.0889038937654737,0.0126219254028231
deepcrack_0084,point,deepcrack,0.737330910559257,0.8488088320743754,0.8976281184711811,0.8050259010250193,0.8488088320743754
deepcrack_0085,point,deepcrack,0.0041241181057239,0.0082143592238459,0.0046021113102913,0.0381905176163549,0.0082143592238459
deepcrack_0086,point,deepcrack,0.0,0.0,0.0,0.0,0.0
deepcrack_0087,point,deepcrack,0.591792656587473,0.7435549525101763,0.8961569910057237,0.6353623188405797,0.7435549525101763
deepcrack_0088,point,deepcrack,0.0025174300026454,0.0050222169257222,0.0026532117352904,0.0468849332485696,0.0050222169257222
deepcrack_0089,point,deepcrack,0.1850917045263335,0.3123668891097543,0.202615582980291,0.6815365551425031,0.3123668891097543
deepcrack_0090,point,deepcrack,0.2010688836104513,0.3348165727281716,0.2231007445476708,0.6706278470984354,0.3348165727281716
deepcrack_0091,point,deepcrack,0.7307005003573981,0.8443985544656686,0.9615520282186948,0.7526921306948918,0.8443985544656686
deepcrack_0092,point,deepcrack,0.6353944562899787,0.7770534550195567,0.9670614960246632,0.6494497112346083,0.7770534550195567
deepcrack_0093,point,deepcrack,0.5661033317238049,0.7229450576555466,0.9748877432230167,0.5744805958447667,0.7229450576555466
deepcrack_0094,point,deepcrack,0.7112792622369355,0.8312836810833218,0.9186135287830204,0.7591167192429022,0.8312836810833218
deepcrack_0095,point,deepcrack,0.0090435639383489,0.0179250217959895,0.0097994356745214,0.1049407921600653,0.0179250217959895
deepcrack_0096,point,deepcrack,0.2370514064015519,0.3832523129998432,0.2559774964838256,0.7622527178756014,0.3832523129998432
deepcrack_0097,point,deepcrack,0.115221024881436,0.2066335234196032,0.1193720962973391,0.7681645225584345,0.2066335234196032
deepcrack_0098,point,deepcrack,0.0121880294333324,0.0240825401583851,0.0139336561393365,0.0886599834452313,0.0240825401583851
deepcrack_0099,point,deepcrack,0.0497190462982937,0.0947282922485247,0.0500768223979969,0.8743564267003884,0.0947282922485247
deepcrack_0100,point,deepcrack,0.014675444994185,0.0289263824537886,0.0162253459736297,0.1331723459440121,0.0289263824537886
deepcrack_0101,point,deepcrack,0.0543712843065396,0.1031349869174398,0.0545601274874351,0.9401513817989792,0.1031349869174398
deepcrack_0102,point,deepcrack,0.0181233351761572,0.0356014532817313,0.0191433789178629,0.2538006756756756,0.0356014532817313
deepcrack_0103,point,deepcrack,0.0001724219007163,0.0003447843530591,0.0001988143435511,0.0012971698113207,0.0003447843530591
deepcrack_0104,point,deepcrack,0.9180398031243312,0.9572687716166464,0.9882515549412578,0.9281696235395932,0.957268771616646
deepcrack_0105,point,deepcrack,0.8727493425045519,0.9320514205466134,0.9961898164184274,0.8756723840454684,0.9320514205466134
deepcrack_0106,point,deepcrack,0.8431929480901077,0.9149264041660023,0.9982606679035252,0.8444335458558117,0.9149264041660023
deepcrack_0107,point,deepcrack,0.6519121813031161,0.7892818863879957,0.6681183088368717,0.964126734747316,0.7892818863879957
deepcrack_0108,point,deepcrack,0.0163995741864948,0.03226993517706,0.0163995741864948,1.0,0.03226993517706
deepcrack_0109,point,deepcrack,0.7753270459385457,0.873447005397995,1.0,0.7753270459385457,0.873447005397995
deepcrack_0110,point,deepcrack,0.7862645467956073,0.8803450174343916,1.0,0.7862645467956073,0.8803450174343916
deepcrack_0111,point,deepcrack,0.0010708263069139,0.0021393617290085,0.0011970742374542,0.0100514444004748,0.0021393617290085
deepcrack_0112,point,deepcrack,0.641399643106525,0.7815276989979202,0.9797345342498224,0.650023588614562,0.7815276989979202
deepcrack_0113,point,deepcrack,0.8881100726895119,0.9407397222604152,0.9497501388117712,0.9318986652138382,0.9407397222604154
deepcrack_0114,point,deepcrack,0.8813358196304458,0.9369255721751668,0.9171738555173328,0.9575467354268348,0.9369255721751668
deepcrack_0115,point,deepcrack,0.0252720134062887,0.0492981629769194,0.0254509729537816,0.7823291971894154,0.0492981629769194
deepcrack_0116,point,deepcrack,0.0099632171923422,0.0197298614894898,0.0101974269283215,0.3025505716798592,0.0197298614894898
deepcrack_0117,point,deepcrack,0.0368967600272314,0.0711676638400577,0.0373724669421688,0.7435030431842334,0.0711676638400577
deepcrack_0118,point,deepcrack,0.0201423617098733,0.0394893153463649,0.0201423617098733,1.0,0.0394893153463649
deepcrack_0119,point,deepcrack,0.0007158497557689,0.0014306753629286,0.0007775516271411,0.0089403102813568,0.0014306753629286
deepcrack_0120,point,deepcrack,0.0173574415292009,0.0341226019895441,0.0183956464042659,0.235211706102117,0.0341226019895441
deepcrack_0121,point,deepcrack,0.002517146776406,0.0050216533143596,0.0026155808798899,0.0626921762897164,0.0050216533143596
deepcrack_0122,point,deepcrack,0.0027800178260685,0.0055446215055128,0.002928945132585,0.0518401266323704,0.0055446215055128
deepcrack_0123,point,deepcrack,0.0032375773620005,0.0064542585625902,0.0035227715064227,0.0384533673252602,0.0064542585625902
deepcrack_0124,point,deepcrack,0.0,0.0,0.0,0.0,0.0
deepcrack_0125,point,deepcrack,0.0004237801186584,0.0008472012102874,0.0004449718184514,0.0088198236035279,0.0008472012102874
deepcrack_0126,point,deepcrack,0.0018591492371425,0.0037113984307239,0.001972908252618,0.0312358533272974,0.0037113984307239
deepcrack_0127,point,deepcrack,0.0048517151838185,0.0096565793947636,0.0053311308004204,0.0511896178803172,0.0096565793947636
deepcrack_0128,point,deepcrack,0.0001913204298332,0.000382567666656,0.0002038562813216,0.0031015766347893,0.000382567666656
deepcrack_0129,point,deepcrack,0.1681834298546271,0.2879401052205584,0.4031161473087818,0.2239534151715455,0.2879401052205585
deepcrack_0130,point,deepcrack,0.3985583853916386,0.569956019791094,0.9682465561522298,0.4038367903398578,0.569956019791094
deepcrack_0131,point,deepcrack,0.5942687401712389,0.7455063568610258,1.0,0.5942687401712389,0.7455063568610258
deepcrack_0132,point,deepcrack,0.6998695793935442,0.8234391483648221,0.8363530099357102,0.8109180204004534,0.8234391483648221
deepcrack_0133,point,deepcrack,2.8270682360036563e-05,5.653976630229929e-05,2.9444673458571344e-05,0.0007085498346717,5.653976630229928e-05
deepcrack_0134,point,deepcrack,0.0144293164632131,0.0284481456303346,0.0144293855658253,0.999668214996682,0.0284481456303346
deepcrack_0135,point,deepcrack,0.5652597402597402,0.7222567931964323,0.6061977715877437,0.8932786044125193,0.7222567931964322
deepcrack_0136,point,deepcrack,0.0018282673471451,0.0036498617711924,0.0019500780031201,0.0284365924491771,0.0036498617711924
deepcrack_0137,point,deepcrack,0.0284923768069835,0.0554061020762056,0.0284978714582559,0.9932784405982188,0.0554061020762056
deepcrack_0138,point,deepcrack,0.0369675975940394,0.0712994266741049,0.0372051262266678,0.8527331189710611,0.0712994266741049
deepcrack_0139,point,deepcrack,0.0411142172523961,0.0789811849095686,0.0428070977868792,0.5097165490778561,0.0789811849095686
deepcrack_0140,point,deepcrack,0.0113990446379774,0.0225411417944489,0.0119366155309787,0.201987171424978,0.0225411417944489
deepcrack_0141,point,deepcrack,0.0136712145996874,0.0269736664172443,0.014345303734957,0.22536908707442,0.0269736664172443
deepcrack_0142,point,deepcrack,0.736604490911251,0.8483272901416159,0.7426928605654048,0.9889934598819587,0.848327290141616
deepcrack_0143,point,deepcrack,0.5269855199648968,0.6902298850574713,0.5276028701127544,0.9977845472168374,0.6902298850574713
deepcrack_0144,point,deepcrack,0.4539592988112029,0.6244456762749445,0.457647775746496,0.9825556040122112,0.6244456762749446
deepcrack_0145,point,deepcrack,0.1139191624474384,0.2045375755941604,0.1238455079764903,0.5869997789078045,0.2045375755941605
deepcrack_0146,point,deepcrack,0.6554322796734352,0.7918563480020233,0.65625654998952,0.9980873445967484,0.7918563480020233
deepcrack_0147,point,deepcrack,0.7855910839856707,0.8799227225442117,0.9735284445905952,0.8027386117136659,0.8799227225442116
deepcrack_0148,point,deepcrack,0.6571809693196976,0.7931312047222967,0.660558659217877,0.992279288351796,0.7931312047222968
deepcrack_0149,point,deepcrack,0.7580195258019525,0.8623562078540262,0.8183186951066499,0.9114030184460592,0.8623562078540262
deepcrack_0150,point,deepcrack,0.0338089778300205,0.0654066245409979,0.0338453377058667,0.9692031487363624,0.0654066245409979
deepcrack_0151,point,deepcrack,0.6771262246201902,0.8074839146630545,0.7388071262587141,0.890237072988613,0.8074839146630546
deepcrack_0152,point,deepcrack,0.0104544582232904,0.0206925866637726,0.0113091530986486,0.1215211387295517,0.0206925866637726
deepcrack_0153,point,deepcrack,0.6573131094257855,0.7932274302150748,0.9094588517463648,0.7033387433341062,0.7932274302150748
deepcrack_0154,point,deepcrack,0.6948936170212766,0.8199849359779061,0.7726519990537024,0.8734955870553623,0.819984935977906
deepcrack_0155,point,deepcrack,0.0561881133287552,0.106397927830619,0.0567132476243711,0.8585209003215434,0.106397927830619
deepcrack_0156,point,deepcrack,0.0014553702216131,0.0029065103945493,0.0015181388012618,0.0340030911901081,0.0029065103945493
deepcrack_0157,point,deepcrack,0.0081909866145682,0.0162488788797308,0.0085124771925973,0.1782277753841734,0.0162488788797308
deepcrack_0158,point,deepcrack,0.058422268676422,0.1103950103950104,0.064758730029676,0.3738559023703356,0.1103950103950103
deepcrack_0159,point,deepcrack,0.6299984440641045,0.7730049637266132,0.6333489754418896,0.9916727896154788,0.7730049637266132
deepcrack_0160,point,deepcrack,0.0003597009790122,0.000719143281482,0.000545592560964,0.0010546104819111,0.000719143281482
deepcrack_0161,point,deepcrack,0.9412515033346696,0.9697367927007848,0.9994969040247678,0.9416976591555458,0.9697367927007848
deepcrack_0162,point,deepcrack,0.8659516690896124,0.9281608772987197,0.992704861329476,0.8714975845410629,0.9281608772987197
deepcrack_0163,point,deepcrack,0.9286988297733502,0.9630314649825196,0.9985032740879326,0.9299934654759312,0.9630314649825196
deepcrack_0164,point,deepcrack,0.933672164684823,0.965698510571471,0.9929967703552608,0.9398609949160176,0.965698510571471
deepcrack_0165,point,deepcrack,0.8162046499744506,0.8988025110341311,0.958663115645748,0.8459781529294935,0.898802511034131
deepcrack_0166,point,deepcrack,0.9595894509136098,0.9793780533633972,0.998802337836543,0.96069486683255,0.9793780533633972
deepcrack_0167,point,deepcrack,0.9191378427447512,0.957865372953305,0.9971717171717172,0.9215402567094516,0.9578653729533052
deepcrack_0168,point,deepcrack,0.4998576715058355,0.666540140444107,0.5009985734664765,0.9954648526077098,0.666540140444107
deepcrack_0169,point,deepcrack,0.0034570340059263,0.0068902481895521,0.0038605855878037,0.0320130665577786,0.0068902481895521
deepcrack_0170,point,deepcrack,0.0095275529523788,0.018875270763072,0.0101147236523497,0.1409846809207831,0.018875270763072
deepcrack_0171,point,deepcrack,0.006034360357802,0.0119963305341895,0.0061673156456332,0.2186963979416809,0.0119963305341895
deepcrack_0172,point,deepcrack,0.0167949015297427,0.0330349837601963,0.016799136591959,0.9852114758947056,0.0330349837601963
deepcrack_0173,point,deepcrack,0.0227897443755926,0.0445638891099863,0.0227906174873332,0.998321795678624,0.0445638891099863
deepcrack_0174,point,deepcrack,0.4228855721393035,0.5944055944055944,0.4228855721393035,1.0,0.5944055944055945
deepcrack_0175,point,deepcrack,0.2753142458100558,0.4317590691307323,0.2753142458100558,1.0,0.4317590691307323
deepcrack_0176,point,deepcrack,0.008980342920672,0.0178008282989475,0.008980342920672,1.0,0.0178008282989475
deepcrack_0177,point,deepcrack,0.0750754475174666,0.1396654489521246,0.0752683715339661,0.966986155484558,0.1396654489521245
deepcrack_0178,point,deepcrack,0.850399654352992,0.9191524137528456,0.8716784765279008,0.9720953204099272,0.9191524137528456
deepcrack_0179,point,deepcrack,0.0520908367138036,0.099023458614104,0.0522413596441199,0.9475862068965516,0.099023458614104
deepcrack_0180,point,deepcrack,0.9067758582005834,0.9511090192386892,0.9664036346245816,0.9362909764855786,0.9511090192386892
deepcrack_0181,point,deepcrack,0.7800422995577774,0.8764311946424713,0.8017786561264822,0.966412577417818,0.8764311946424715
deepcrack_0182,point,deepcrack,0.0076195287258337,0.0151238210626364,0.0079278174411983,0.1638379723919439,0.0151238210626364
deepcrack_0183,point,deepcrack,0.7033410719693146,0.825837037037037,0.7231216272312163,0.9625638900400608,0.825837037037037
deepcrack_0184,point,deepcrack,0.76390509529366,0.8661521499448732,0.8159534690486082,0.9229323308270676,0.8661521499448732
deepcrack_0185,point,deepcrack,0.0,0.0,0.0,0.0,0.0
deepcrack_0186,point,deepcrack,0.7341172181204995,0.8466754270696452,0.8081477021874373,0.8890606027155316,0.8466754270696452
deepcrack_0187,point,deepcrack,0.7948350071736011,0.885691446842526,0.970750775037067,0.8143374038896427,0.885691446842526
deepcrack_0188,point,deepcrack,0.8251090512540894,0.9041750690865636,0.9450429352068695,0.8666953035509737,0.9041750690865636
deepcrack_0189,point,deepcrack,0.748301373999698,0.8560324725796701,0.8466006149641271,0.8656768558951965,0.8560324725796701
deepcrack_0190,point,deepcrack,0.773927014000459,0.8725578988226161,0.8143943968119792,0.9396683851191304,0.872557898822616
deepcrack_0191,point,deepcrack,0.212896016826607,0.3510540291551509,0.2133026012512347,0.991126070991432,0.3510540291551509
deepcrack_0192,point,deepcrack,0.4096145640733892,0.5811724346685501,0.410783055198973,0.993103448275862,0.5811724346685501
deepcrack_0193,point,deepcrack,0.5619158878504673,0.7195213163799551,0.7572815533980582,0.6853478983614344,0.7195213163799552
deepcrack_0194,point,deepcrack,0.0039200680272108,0.0078095221961528,0.0040563132424109,0.1045114486510995,0.0078095221961528
deepcrack_0195,point,deepcrack,0.013740392047664,0.0271083053520433,0.013740392047664,1.0,0.0271083053520433
deepcrack_0196,point,deepcrack,0.0542707369719395,0.1029540801403919,0.0543114089225886,0.9863891112890312,0.1029540801403919
deepcrack_0197,point,deepcrack,0.7301227573182247,0.8440126623731034,0.7387731702656221,0.9842158859470468,0.8440126623731035
deepcrack_0198,point,deepcrack,0.0382650437167838,0.0737095868696542,0.0382689801796858,0.9973190348525468,0.0737095868696542
deepcrack_0199,point,deepcrack,0.0414464360948332,0.0795939851697934,0.0414464360948332,1.0,0.0795939851697934
deepcrack_0200,point,deepcrack,0.0390328251258543,0.07513299711417,0.0390363777460551,0.9976738491674828,0.07513299711417
deepcrack_0201,point,deepcrack,0.0241277776600927,0.047118686137426,0.0251346102921705,0.3759075907590759,0.047118686137426
deepcrack_0202,point,deepcrack,0.0305684698831039,0.0593235108125737,0.0307472347102575,0.840197461212976,0.0593235108125737
deepcrack_0203,point,deepcrack,0.037893707861938,0.0730204019446252,0.037893707861938,1.0,0.0730204019446252
deepcrack_0204,point,deepcrack,0.0383934128009957,0.0739477202526393,0.0383934128009957,1.0,0.0739477202526393
deepcrack_0205,point,deepcrack,0.030613612645648,0.0594085159947791,0.030613612645648,1.0,0.0594085159947791
deepcrack_0206,point,deepcrack,0.5638859556494192,0.7211343686698177,0.6071945420715319,0.8877134653166088,0.7211343686698176
deepcrack_0207,point,deepcrack,0.461573808156232,0.631612041185255,0.4623173397767806,0.9965277777777778,0.631612041185255
deepcrack_0208,point,deepcrack,0.4516505678802675,0.6222579701667155,0.4526114243165621,0.9953216374269006,0.6222579701667155
deepcrack_0209,point,deepcrack,0.3239343394228223,0.4893510648935106,0.3239343394228223,1.0,0.4893510648935107
deepcrack_0210,point,deepcrack,0.3258196721311475,0.4914992272024729,0.327858361774744,0.981272611193871,0.4914992272024728
deepcrack_0211,point,deepcrack,0.4235089078233927,0.5950210855665896,0.6110645431684828,0.5797985153764581,0.5950210855665895
deepcrack_0212,point,deepcrack,0.252046332046332,0.4026150240532873,0.2538497433504433,0.9725864123957092,0.4026150240532873
deepcrack_0213,point,deepcrack,0.5938323260498992,0.7451628585318425,0.6770318021201414,0.8285405405405405,0.7451628585318424
deepcrack_0214,point,deepcrack,0.4905705996131528,0.6582319545823195,0.4963914373088685,0.9766546329723224,0.6582319545823195
deepcrack_0215,point,deepcrack,0.3947114313303127,0.5660116099483411,0.4082981175566654,0.9222492190211732,0.5660116099483411
deepcrack_0216,point,deepcrack,0.6610944420631519,0.7959745398245313,0.6750802451123431,0.9696144174350376,0.7959745398245313
deepcrack_0217,point,deepcrack,0.621682075753057,0.7667126436781609,0.6272946133012338,0.9858122487585718,0.7667126436781609
deepcrack_0218,point,deepcrack,0.6208815186559022,0.766103520226156,0.6453844409163075,0.942374565325385,0.7661035202261559
deepcrack_0219,point,deepcrack,0.3528114663726571,0.5215973920130399,0.3538953059719832,0.991394148020654,0.5215973920130399
deepcrack_0220,point,deepcrack,0.0256410256410256,0.05,0.0256410256410256,1.0,0.05
deepcrack_0221,point,deepcrack,0.7095813078249961,0.8301229132269309,0.77231609489674,0.8972833630775332,0.8301229132269309
deepcrack_0222,point,deepcrack,0.0286509444083327,0.0557058632261547,0.0286650545204285,0.9831095712429624,0.0557058632261547
deepcrack_0223,point,deepcrack,0.0295634073697488,0.0574290173060349,0.0295634073697488,1.0,0.0574290173060349
deepcrack_0224,point,deepcrack,0.3905264601041952,0.5616958343603649,0.3935207570629274,0.980888429752066,0.5616958343603649
deepcrack_0225,point,deepcrack,0.1912964641885766,0.3211567732115677,0.191594240498119,0.9919408999328408,0.3211567732115677
deepcrack_0226,point,deepcrack,0.2038509836751779,0.3386648122392211,0.2045072788353863,0.9845013477088947,0.3386648122392211
deepcrack_0227,point,deepcrack,0.0073905600861671,0.0146726808429393,0.0075518978012529,0.2570234113712374,0.0146726808429393
deepcrack_0228,point,deepcrack,0.7498456599580196,0.8570420547558566,0.7595997498436523,0.983163347903513,0.8570420547558566
deepcrack_0229,point,deepcrack,0.7331858407079646,0.8460556548378861,0.7370996441281139,0.9928100659077292,0.846055654837886
deepcrack_0230,point,deepcrack,0.0039753308369345,0.0079191803121708,0.0041362822474967,0.0926922214750056,0.0079191803121708
deepcrack_0231,point,deepcrack,0.8326471799094277,0.9086824665842974,0.8528357579590976,0.9723557692307692,0.9086824665842976
deepcrack_0232,point,deepcrack,0.5630553979958405,0.7204548203701464,0.5658369751092532,0.9913448735019972,0.7204548203701463
deepcrack_0233,point,deepcrack,0.0001203253597728,0.000240621766645,0.0001369262788914,0.0009914733293674,0.000240621766645
deepcrack_0234,point,deepcrack,0.8506687299657345,0.9193095622051006,0.9948293691830404,0.8544465415787721,0.9193095622051006
deepcrack_0235,point,deepcrack,0.9190281219696154,0.957805788720137,0.989099553545544,0.9284314792641776,0.9578057887201368
deepcrack_0236,point,deepcrack,0.5181751070426694,0.6826289070857565,0.99988603988604,0.5182057112482651,0.6826289070857565
deepcrack_0000,text,deepcrack,0.5898070262246413,0.7419856831621537,0.6105514768652894,0.9455314648334214,0.7419856831621537
deepcrack_0001,text,deepcrack,0.6293851782767774,0.7725431489961254,0.6509125983083544,0.950075806800953,0.7725431489961254
deepcrack_0002,text,deepcrack,0.613688469318948,0.7606034014458234,0.63021951388408,0.959009483667018,0.7606034014458233
deepcrack_0003,text,deepcrack,0.4629277566539924,0.6328784925276153,0.4785549132947977,0.9341080898115762,0.6328784925276153
deepcrack_0004,text,deepcrack,0.6397345412409143,0.7802903764615187,0.6760547701213403,0.9225277229226796,0.7802903764615187
deepcrack_0005,text,deepcrack,0.6468799768350948,0.7855824175824175,0.6643866171003717,0.9608602150537634,0.7855824175824176
deepcrack_0006,text,deepcrack,0.6318215613382899,0.7743757973391653,0.6439830251591392,0.9709780621572212,0.7743757973391653
deepcrack_0007,text,deepcrack,0.7054263565891473,0.8272727272727273,0.8609625668449198,0.7961201977938379,0.8272727272727273
deepcrack_0008,text,deepcrack,0.7312177121771217,0.8447437974251855,0.9064958828911254,0.7908684546615581,0.8447437974251855
deepcrack_0009,text,deepcrack,0.6261915569677712,0.77013258897418,0.6398423005565863,0.9670522257273044,0.7701325889741801
deepcrack_0010,text,deepcrack,0.5756871325037605,0.7307124880673436,0.6042773073058705,0.9240561896400352,0.7307124880673435
deepcrack_0011,text,deepcrack,0.7234913793103448,0.8395648368138052,0.7876583763491318,0.8987951807228916,0.8395648368138052
deepcrack_0012,text,deepcrack,0.7265539723279346,0.8416232379325075,0.9361055152229276,0.7644648621802831,0.8416232379325075
deepcrack_0013,text,deepcrack,0.7424205967276227,0.8521715114271905,0.8077753779697624,0.9017315701030174,0.8521715114271905
deepcrack_0014,text,deepcrack,0.7521026809181707,0.8585143885791434,0.8579781120383789,0.8590513359351546,0.8585143885791435
deepcrack_0015,text,deepcrack,0.7951887105175924,0.885910997388483,0.923398405279076,0.8513486108294464,0.8859109973884829
deepcrack_0016,text,deepcrack,0.7180784383954155,0.8359087947882736,0.9295276731382208,0.7594223484848485,0.8359087947882736
deepcrack_0017,text,deepcrack,0.7242972660762418,0.8401071907101385,0.8690776209677419,0.8130058939096267,0.8401071907101384
deepcrack_0018,text,deepcrack,0.6747381242387333,0.8057834409728283,0.7755067756747676,0.8385202228142408,0.8057834409728283
deepcrack_0019,text,deepcrack,0.6956063797773097,0.8204809654805217,0.8660547021356313,0.7794638340920587,0.8204809654805219
deepcrack_0020,text,deepcrack,0.7057288893621553,0.8274807254112433,0.9087481146304676,0.7595553263423299,0.8274807254112432
deepcrack_0021,text,deepcrack,0.7151492606714406,0.8339207287317681,0.9404427051485876,0.7490746152347555,0.8339207287317681
deepcrack_0022,text,deepcrack,0.7426354182834084,0.8523130087817739,0.9191992930418412,0.7945005313496281,0.8523130087817737
deepcrack_0023,text,deepcrack,0.7661768782922096,0.8676105861300348,0.8533843873517787,0.8823191367090224,0.8676105861300349
deepcrack_0024,text,deepcrack,0.6872211697121555,0.8146189510286873,0.8551981139250133,0.7777163012656477,0.8146189510286874
deepcrack_0025,text,deepcrack,0.6737892848787336,0.8051064622839305,0.7513696843203757,0.8671216378964272,0.8051064622839306
deepcrack_0026,text,deepcrack,0.7083739996096038,0.8292961608775137,0.770324771810656,0.8980450383568424,0.8292961608775138
deepcrack_0027,text,deepcrack,0.4896661367249602,0.6574172892209178,0.4911568570600174,0.9938398357289528,0.6574172892209178
deepcrack_0028,text,deepcrack,0.6660022148394241,0.7995214038819463,0.6980442226220185,0.9355215057945088,0.7995214038819463
deepcrack_0029,text,deepcrack,0.7026312553793188,0.8253475356562556,0.9661031276415892,0.7203907973526631,0.8253475356562557
deepcrack_0030,text,deepcrack,0.8546583213626103,0.9216342563137948,0.9999399759903962,0.854702170232415,0.9216342563137948
deepcrack_0031,text,deepcrack,0.8695692622569542,0.930234872611465,0.9988245351570848,0.8704600484261501,0.9302348726114648
deepcrack_0032,text,deepcrack,0.6169573060733614,0.7631089624395686,0.6515664690939882,0.9207298833383188,0.7631089624395686
deepcrack_0033,text,deepcrack,0.691826643397324,0.8178457835468065,0.7130864937790437,0.9586860137041516,0.8178457835468064
deepcrack_0034,text,deepcrack,0.5695600475624257,0.7257575757575757,0.5768999156931229,0.9781498876863386,0.7257575757575758
deepcrack_0035,text,deepcrack,0.4757464757464757,0.6447536667920271,0.4794183445190156,0.9841561423650976,0.6447536667920271
deepcrack_0036,text,deepcrack,0.5489476950854821,0.7088008159696926,0.6221383808671186,0.8235144743524632,0.7088008159696925
deepcrack_0037,text,deepcrack,0.5953098160272847,0.7463250210667582,0.93975477481726,0.618930531110881,0.7463250210667582
deepcrack_0038,text,deepcrack,0.6594399490433839,0.7947741036649513,0.9278388156802868,0.69508889717767,0.7947741036649512
deepcrack_0039,text,deepcrack,0.3044952335367556,0.4668399327319981,0.5891568589619911,0.3865805798202304,0.4668399327319982
deepcrack_0040,text,deepcrack,0.3632347527303963,0.5329012512377351,0.3743518401416466,0.924422236102436,0.5329012512377351
deepcrack_0041,text,deepcrack,0.7067703082718735,0.8281961607212248,0.8052289557201149,0.852512,0.8281961607212248
deepcrack_0042,text,deepcrack,0.7748397650781732,0.8731377111601342,0.8733488498624671,0.8729266745218889,0.8731377111601342
deepcrack_0043,text,deepcrack,0.8029370629370629,0.8906989372430377,0.9298671849692258,0.8546970373678726,0.8906989372430377
deepcrack_0044,text,deepcrack,0.6863676624526934,0.8140190039631381,0.907001489678655,0.7383282806409701,0.814019003963138
deepcrack_0045,text,deepcrack,0.8305324606403679,0.9074217240046386,0.8510059815116912,0.9718484785758642,0.9074217240046384
deepcrack_0046,text,deepcrack,0.6179080084053233,0.763835774586911,0.627430061640588,0.9760280287663656,0.7638357745869111
deepcrack_0047,text,deepcrack,0.5814072276848423,0.7353036175710594,0.5960984550929562,0.9593341761483356,0.7353036175710593
deepcrack_0048,text,deepcrack,0.6120867143030156,0.7593719480129216,0.6224904544894692,0.9734206471494607,0.7593719480129217
deepcrack_0049,text,deepcrack,0.8136623748211731,0.897258923289292,0.8342500916758343,0.9705631399317406,0.897258923289292
deepcrack_0050,text,deepcrack,0.6691844834208168,0.8018100935726339,0.6779507133592737,0.9810435435435436,0.801810093572634
deepcrack_0051,text,deepcrack,0.527923866766842,0.6910342566792329,0.5362503179852455,0.9714285714285714,0.6910342566792329
deepcrack_0052,text,deepcrack,0.5851348068982268,0.7382776585963837,0.592619926199262,0.9788703778951644,0.7382776585963837
deepcrack_0053,text,deepcrack,0.7698564593301436,0.8699648553663152,0.8024937655860349,0.9498229043683588,0.8699648553663153
deepcrack_0054,text,deepcrack,0.7758897818599311,0.873803982415309,0.8217412451361867,0.9329099944781888,0.8738039824153091
deepcrack_0055,text,deepcrack,0.7676104036846383,0.8685289496877036,0.9210825747724316,0.8216486623649677,0.8685289496877034
deepcrack_0056,text,deepcrack,0.5049812030075188,0.6710797477049897,0.5521529133696434,0.8553008595988538,0.6710797477049897
deepcrack_0057,text,deepcrack,0.4175584621482362,0.5891234447085139,0.4331825657894737,0.9204892966360856,0.589123444708514
deepcrack_0058,text,deepcrack,0.3489765351972042,0.5173945225758697,0.3580942622950819,0.932,0.5173945225758697
deepcrack_0059,text,deepcrack,0.7697933227344992,0.8699245418613007,0.8548728813559322,0.8855157278712509,0.8699245418613006
deepcrack_0060,text,deepcrack,0.7929608713190803,0.8845266887901457,0.8932182210610019,0.8760026737967914,0.8845266887901456
deepcrack_0061,text,deepcrack,0.8354382893585094,0.9103420084480176,0.946719569222049,0.8766566067445217,0.9103420084480176
deepcrack_0062,text,deepcrack,0.7622023809523809,0.8650565782806958,0.8290038035121793,0.9043877460934052,0.8650565782806958
deepcrack_0063,text,deepcrack,0.7733172108020959,0.8721701972906628,0.8549910873440285,0.8900538133234366,0.8721701972906628
deepcrack_0064,text,deepcrack,0.6700889801505818,0.8024590163934426,0.7148967243897351,0.9144649052575392,0.8024590163934426
deepcrack_0065,text,deepcrack,0.7265851153235596,0.8416441319632234,0.8092563702548102,0.8767323943661972,0.8416441319632234
deepcrack_0066,text,deepcrack,0.5517804011901334,0.7111578426521524,0.6453749438706781,0.7918732782369146,0.7111578426521524
deepcrack_0067,text,deepcrack,0.779967878522412,0.8763842178656386,0.825019305019305,0.9345696291112666,0.8763842178656387
deepcrack_0068,text,deepcrack,0.6655896607431341,0.7992240543161979,0.6727029835238236,0.9843614248479584,0.7992240543161979
deepcrack_0069,text,deepcrack,0.0,0.0,0.0,0.0,0.0
deepcrack_0070,text,deepcrack,0.7107291453516131,0.8309078585383358,0.7398466344788412,0.9475311448576884,0.8309078585383357
deepcrack_0071,text,deepcrack,0.6081724231710633,0.7563522597556336,0.6254807356128942,0.9564798973481607,0.7563522597556335
deepcrack_0072,text,deepcrack,0.6724710396222239,0.8041646446375789,0.6866053940033148,0.9702970297029704,0.8041646446375789
deepcrack_0073,text,deepcrack,0.467535739026387,0.6371711796764365,0.47193439705041,0.9804543053354464,0.6371711796764365
deepcrack_0074,text,deepcrack,0.6485447076304519,0.7868087588144849,0.6702194923674465,0.9525032092426188,0.7868087588144851
deepcrack_0075,text,deepcrack,0.6371084686774942,0.7783338500376455,0.6504552520541861,0.968798235942668,0.7783338500376457
deepcrack_0076,text,deepcrack,0.6837418300653595,0.8121694405356883,0.6946381142098274,0.9775727134680527,0.8121694405356883
deepcrack_0077,text,deepcrack,0.5935560859188544,0.7449453347311666,0.6023979653627225,0.9758681577398468,0.7449453347311666
deepcrack_0078,text,deepcrack,0.5981488623216352,0.7485521235521235,0.6053864168618267,0.9804045512010112,0.7485521235521235
deepcrack_0079,text,deepcrack,0.738395225464191,0.8495136372305931,0.8353338334583645,0.8641831587116803,0.8495136372305931
deepcrack_0080,text,deepcrack,0.726350425006855,0.8414866581956798,0.8688094457199081,0.8158299969202341,0.8414866581956798
deepcrack_0081,text,deepcrack,0.8131178909322845,0.8969277673545967,0.9037098298676748,0.8902467411545624,0.8969277673545967
deepcrack_0082,text,deepcrack,0.7835316515944788,0.8786293766011956,0.9251433067326064,0.8365687569874988,0.8786293766011954
deepcrack_0083,text,deepcrack,0.7509242632301679,0.857746138996139,0.92444733420026,0.8000225073148773,0.8577461389961389
deepcrack_0084,text,deepcrack,0.8696510178645617,0.9302816510193878,0.9378360215053764,0.9228480105808444,0.9302816510193878
deepcrack_0085,text,deepcrack,0.7660386965376782,0.8675219835663832,0.968978102189781,0.7852979556328838,0.8675219835663832
deepcrack_0086,text,deepcrack,0.8142885731438864,0.8976395323185529,0.945399628252788,0.8544729105417892,0.8976395323185529
deepcrack_0087,text,deepcrack,0.7694986072423399,0.8697363242817788,0.8859490879935858,0.8541062801932368,0.8697363242817787
deepcrack_0088,text,deepcrack,0.800543970988214,0.8892245720040282,0.9420341394025604,0.8420216147488875,0.8892245720040282
deepcrack_0089,text,deepcrack,0.2199548617641527,0.360595082093579,0.2216641394996209,0.966129698471706,0.360595082093579
deepcrack_0090,text,deepcrack,0.2763976928787619,0.4330902420473357,0.279736446653566,0.9586056644880174,0.4330902420473356
deepcrack_0091,text,deepcrack,0.6173206190401751,0.7633868161608351,0.8037040805942811,0.7269213069489185,0.7633868161608351
deepcrack_0092,text,deepcrack,0.5236504686994936,0.6873629870589067,0.9790491539081386,0.5295848316443282,0.6873629870589067
deepcrack_0093,text,deepcrack,0.7628665760341814,0.8654841908119423,0.9881761006289308,0.7698941591532732,0.8654841908119423
deepcrack_0094,text,deepcrack,0.5153989251756924,0.6802155084225602,0.7401306025526863,0.6292744479495268,0.6802155084225602
deepcrack_0095,text,deepcrack,0.6491951062459755,0.7872872091207247,0.9234291994870856,0.6861303933578331,0.7872872091207247
deepcrack_0096,text,deepcrack,0.803246594338853,0.8908893513073374,0.9047225284821756,0.8774728212439851,0.8908893513073374
deepcrack_0097,text,deepcrack,0.8223780786168651,0.9025328917927146,0.8917580474000707,0.9135712991483964,0.9025328917927145
deepcrack_0098,text,deepcrack,0.8139669901302148,0.8974441040647433,0.8923440625568285,0.902602777522303,0.8974441040647433
deepcrack_0099,text,deepcrack,0.8279782501235788,0.905895078420768,0.904020868939462,0.9077770752416222,0.905895078420768
deepcrack_0100,text,deepcrack,0.8236063429785843,0.9032720753025548,0.9053823344415493,0.901171630444504,0.9032720753025548
deepcrack_0101,text,deepcrack,0.276329614249262,0.4330066640533124,0.2785314438448736,0.9721879950712904,0.4330066640533124
deepcrack_0102,text,deepcrack,0.7584958542566858,0.8626643644574312,0.8165702791048529,0.9142736486486488,0.8626643644574312
deepcrack_0103,text,deepcrack,0.7355653030167397,0.8476377140499278,0.7533003300330033,0.9689858490566038,0.8476377140499277
deepcrack_0104,text,deepcrack,0.8839795918367347,0.9384173752911228,0.9396897711248507,0.937148420597144,0.9384173752911228
deepcrack_0105,text,deepcrack,0.8503649635036497,0.9191321499013808,0.9986903202762234,0.8513143205115193,0.9191321499013808
deepcrack_0106,text,deepcrack,0.9001654179235186,0.9474600573535435,0.9912139719275688,0.9074055909759686,0.9474600573535435
deepcrack_0107,text,deepcrack,0.3019192913385827,0.4638064638064638,0.3053758088601294,0.9638648860958366,0.4638064638064638
deepcrack_0108,text,deepcrack,0.2726827676240209,0.4285164764713425,0.2744292987354245,0.9771929824561404,0.4285164764713425
deepcrack_0109,text,deepcrack,0.6955141768937791,0.8204168226631724,0.8078946074816891,0.8333333333333334,0.8204168226631723
deepcrack_0110,text,deepcrack,0.7487297164399279,0.8563126816008998,1.0,0.7487297164399279,0.8563126816008999
deepcrack_0111,text,deepcrack,0.6803743245024384,0.8097890030590634,0.8026121433569152,0.8170953700039573,0.8097890030590634
deepcrack_0112,text,deepcrack,0.6588752058985018,0.7943637997068419,0.996323093345985,0.6604812077370655,0.7943637997068418
deepcrack_0113,text,deepcrack,0.8600489575419937,0.924759484479942,0.9243400163294928,0.9251793335149368,0.924759484479942
deepcrack_0114,text,deepcrack,0.8675152834770957,0.9290582959641256,0.9054278472161524,0.9539552444976516,0.9290582959641256
deepcrack_0115,text,deepcrack,0.8392083212944236,0.9125756028591628,0.9614366103939092,0.8684407235760203,0.9125756028591626
deepcrack_0116,text,deepcrack,0.8054929016850205,0.8922692533803644,0.8946360153256705,0.8899149809440047,0.8922692533803646
deepcrack_0117,text,deepcrack,0.8276796642769715,0.9057163358048314,0.8970058745499336,0.9145976234180272,0.9057163358048312
deepcrack_0118,text,deepcrack,0.4547920433996383,0.6252330640149161,0.4642898350063459,0.9569560047562424,0.6252330640149161
deepcrack_0119,text,deepcrack,0.8309090909090909,0.9076464746772592,0.8596284975311544,0.9613463055482514,0.9076464746772592
deepcrack_0120,text,deepcrack,0.7343415608503353,0.8468246133596578,0.8979413817166783,0.801214196762142,0.8468246133596579
deepcrack_0121,text,deepcrack,0.7715545395166558,0.8710480228592496,0.945945945945946,0.8071404168090195,0.8710480228592498
deepcrack_0122,text,deepcrack,0.7968904244817374,0.8869660760884494,0.9250823664231486,0.8518665083762037,0.8869660760884495
deepcrack_0123,text,deepcrack,0.7686644545831605,0.8692032596587911,0.969907104540102,0.7874442319949012,0.8692032596587911
deepcrack_0124,text,deepcrack,0.8048085485307213,0.8918492204460233,0.8495957886820831,0.9385254413291796,0.8918492204460232
deepcrack_0125,text,deepcrack,0.7737629049483802,0.8724535875564475,0.8354795310397848,0.9128517429651408,0.8724535875564476
deepcrack_0126,text,deepcrack,0.8060344827586207,0.8926014319809069,0.9717521652231844,0.8253734721593481,0.8926014319809069
deepcrack_0127,text,deepcrack,0.7873214285714286,0.8810070936157458,0.9883434207576776,0.7947007930785869,0.8810070936157458
deepcrack_0128,text,deepcrack,0.761996161228407,0.8649237472766884,0.98723474801061,0.7695787025071078,0.8649237472766884
deepcrack_0129,text,deepcrack,0.7897483118477594,0.8825244383467673,0.96948003014318,0.8098835379288637,0.8825244383467674
deepcrack_0130,text,deepcrack,0.8504232397075798,0.91916619015439,0.9858385370205174,0.8609406952965235,0.91916619015439
deepcrack_0131,text,deepcrack,0.8643185564327232,0.9272219637040484,0.9919354838709676,0.870435086493098,0.9272219637040484
deepcrack_0132,text,deepcrack,0.8202389572773353,0.9012431626056688,0.9516908212560388,0.8558745749905553,0.9012431626056688
deepcrack_0133,text,deepcrack,0.8430427493713327,0.914837976122797,0.8820434115325586,0.9501653282947568,0.914837976122797
deepcrack_0134,text,deepcrack,0.3192087341908983,0.4839396919042937,0.3213275299238302,0.9797611147976112,0.4839396919042937
deepcrack_0135,text,deepcrack,0.4981742305685968,0.665041782729805,0.5032938076416338,0.9799897383273474,0.665041782729805
deepcrack_0136,text,deepcrack,0.7891053306893736,0.88212283218151,0.9563189143341816,0.8186108422071636,0.88212283218151
deepcrack_0137,text,deepcrack,0.6585933861201677,0.7941589441168211,0.6820209815507055,0.9504284994118636,0.7941589441168211
deepcrack_0138,text,deepcrack,0.6263574064312072,0.770258005963957,0.6453399956550077,0.955144694533762,0.770258005963957
deepcrack_0139,text,deepcrack,0.7098739046804873,0.8303231048059496,0.8385508709921737,0.8222552296076248,0.8303231048059497
deepcrack_0140,text,deepcrack,0.7559006211180124,0.8609833746020517,0.8103429142159583,0.9183750471638789,0.8609833746020515
deepcrack_0141,text,deepcrack,0.7662505887894488,0.8676578438562571,0.7782561894510226,0.9802651401024404,0.867657843856257
deepcrack_0142,text,deepcrack,0.7087118565105986,0.8295276395610388,0.7242323256367531,0.9706492263518902,0.8295276395610387
deepcrack_0143,text,deepcrack,0.562529719448407,0.7200243457090688,0.5681126940931647,0.9828302409304902,0.7200243457090687
deepcrack_0144,text,deepcrack,0.5353124251855399,0.6973335412443474,0.5427184466019418,0.9751417357174008,0.6973335412443475
deepcrack_0145,text,deepcrack,0.5545345585297643,0.7134412747365716,0.5823776223776224,0.9206279018350652,0.7134412747365715
deepcrack_0146,text,deepcrack,0.6892439243924392,0.8160383641934195,0.7009153318077803,0.976410583359898,0.8160383641934195
deepcrack_0147,text,deepcrack,0.8002367175170962,0.8890349915990942,0.9638840487882148,0.824972885032538,0.8890349915990942
deepcrack_0148,text,deepcrack,0.6586840832123851,0.7942248796849934,0.7021660649819494,0.914065122524337,0.7942248796849934
deepcrack_0149,text,deepcrack,0.8164417177914111,0.8989462307484464,0.8700313807531381,0.9298490776970374,0.8989462307484464
deepcrack_0150,text,deepcrack,0.6835854227997158,0.8120590895387398,0.7206763698630136,0.9299820466786356,0.8120590895387398
deepcrack_0151,text,deepcrack,0.6662706270627062,0.7997147837109808,0.6947006194081211,0.9421317901810716,0.7997147837109809
deepcrack_0152,text,deepcrack,0.6049470523154734,0.7538529715889507,0.7026158788435062,0.8131506267261526,0.7538529715889507
deepcrack_0153,text,deepcrack,0.6150767178118746,0.761668731928955,0.6866505306274436,0.8550892650127522,0.761668731928955
deepcrack_0154,text,deepcrack,0.7391446294482533,0.8500093861460485,0.7987769022697871,0.908264241775876,0.8500093861460484
deepcrack_0155,text,deepcrack,0.7528230865746549,0.8589835361488904,0.9113347256502752,0.8123201895413775,0.8589835361488903
deepcrack_0156,text,deepcrack,0.8201304753028891,0.9011776753712236,0.8403361344537815,0.9715168911459484,0.9011776753712236
deepcrack_0157,text,deepcrack,0.7343767721447204,0.8468480251111692,0.7774042502101093,0.9299152664081574,0.8468480251111692
deepcrack_0158,text,deepcrack,0.7544308596341579,0.8600291718437686,0.7968765642206427,0.9340530391926778,0.8600291718437686
deepcrack_0159,text,deepcrack,0.747867298578199,0.8557483731019523,0.7679579521121277,0.9662013225569436,0.8557483731019523
deepcrack_0160,text,deepcrack,0.8990511814615455,0.946842497177584,0.9942992634446576,0.9037094777385484,0.946842497177584
deepcrack_0161,text,deepcrack,0.922112475853774,0.9594781652350344,0.9995654063450674,0.922482316050463,0.9594781652350342
deepcrack_0162,text,deepcrack,0.805546357615894,0.8923020494246022,0.9994864420706656,0.805879917184265,0.8923020494246023
deepcrack_0163,text,deepcrack,0.9040803897685749,0.9496241803934112,0.9984146810146042,0.905380091483337,0.9496241803934112
deepcrack_0164,text,deepcrack,0.8291689386406645,0.9066072806340744,0.996184971098266,0.8318102838020465,0.9066072806340744
deepcrack_0165,text,deepcrack,0.6688767652509854,0.8015891636557021,0.7598374996293331,0.8481959616021185,0.8015891636557021
deepcrack_0166,text,deepcrack,0.7628598665395615,0.865479872812615,0.815606017367198,0.9218505206893374,0.865479872812615
deepcrack_0167,text,deepcrack,0.8059092106418474,0.8925246140756047,0.9313546423135464,0.8568028004667445,0.8925246140756047
deepcrack_0168,text,deepcrack,0.2638022638022638,0.4174739535733869,0.2658905704307334,0.9710884353741496,0.4174739535733869
deepcrack_0169,text,deepcrack,0.4231767519975571,0.5946931769417823,0.5289776703352631,0.6790526745610453,0.5946931769417824
deepcrack_0170,text,deepcrack,0.7554167325636565,0.860669399522501,0.9560648518815053,0.7825837634144344,0.8606693995225011
deepcrack_0171,text,deepcrack,0.7477396021699819,0.8556647697878945,0.781294284364667,0.94568324757004,0.8556647697878944
deepcrack_0172,text,deepcrack,0.6178766588602654,0.7638118214716526,0.6449378692198003,0.9364093463472344,0.7638118214716525
deepcrack_0173,text,deepcrack,0.4812558091500568,0.6497943247577216,0.4866332497911445,0.9775540172015944,0.6497943247577215
deepcrack_0174,text,deepcrack,0.4889643463497453,0.6567844925883695,0.4897959183673469,0.9965397923875432,0.6567844925883695
deepcrack_0175,text,deepcrack,0.3261954261954262,0.4919266342686941,0.3267388588088296,0.9949270767279644,0.4919266342686942
deepcrack_0176,text,deepcrack,0.3391079985256174,0.506468483347096,0.3412462908011869,0.9818569903948772,0.506468483347096
deepcrack_0177,text,deepcrack,0.4416304872165943,0.6126819474652836,0.4466943156867529,0.9749733759318424,0.6126819474652836
deepcrack_0178,text,deepcrack,0.4932726806765761,0.6606598875874201,0.506246712256707,0.9506111865662428,0.6606598875874202
deepcrack_0179,text,deepcrack,0.458315002199736,0.6285541896070593,0.4677292625434953,0.9579310344827586,0.6285541896070593
deepcrack_0180,text,deepcrack,0.8384100669130131,0.912103433289874,0.8588235294117647,0.9724313680064868,0.912103433289874
deepcrack_0181,text,deepcrack,0.7721933371846716,0.8714549603390199,0.8011988011988012,0.955216769890424,0.8714549603390198
deepcrack_0182,text,deepcrack,0.8562320032908268,0.9225484764542936,0.9038211029092488,0.9420683412536772,0.9225484764542936
deepcrack_0183,text,deepcrack,0.6633702144325859,0.797621850718154,0.6949430710842137,0.9359027489984804,0.7976218507181541
deepcrack_0184,text,deepcrack,0.6722264990163374,0.8039897698209719,0.7119949266171408,0.9232847744360902,0.8039897698209718
deepcrack_0185,text,deepcrack,0.7323364912681201,0.8454898860117283,0.8414426229508196,0.8495762711864406,0.8454898860117281
deepcrack_0186,text,deepcrack,0.7440891472868217,0.8532696260903384,0.8589485458612975,0.8476653052213269,0.8532696260903384
deepcrack_0187,text,deepcrack,0.8081464630050915,0.8938949134263975,0.9506817892188096,0.8435097241067391,0.8938949134263975
deepcrack_0188,text,deepcrack,0.7339792225983425,0.8465836418714238,0.7988819717951976,0.9003436426116839,0.8465836418714238
deepcrack_0189,text,deepcrack,0.6993835171966256,0.8231026252983293,0.907578947368421,0.7530131004366812,0.8231026252983292
deepcrack_0190,text,deepcrack,0.8224114525484388,0.9025529897744972,0.8779973649538867,0.9285216664344432,0.9025529897744972
deepcrack_0191,text,deepcrack,0.6032193158953723,0.7525100401606426,0.6378723404255319,0.9173806609547124,0.7525100401606425
deepcrack_0192,text,deepcrack,0.7089337175792507,0.8296795952782462,0.7468948385316037,0.933103448275862,0.8296795952782462
deepcrack_0193,text,deepcrack,0.7244877257050112,0.8402352941176471,0.8325950104919562,0.8480170980764664,0.840235294117647
deepcrack_0194,text,deepcrack,0.8246141511324915,0.9038778424695156,0.8768115942028986,0.9326683291770572,0.9038778424695156
deepcrack_0195,text,deepcrack,0.6793948126801153,0.8090948090948091,0.6848220769789397,0.9884696016771488,0.8090948090948091
deepcrack_0196,text,deepcrack,0.74299557615336,0.8525501571186851,0.7791031588248288,0.941286362423272,0.8525501571186851
deepcrack_0197,text,deepcrack,0.763268576006409,0.8657428441617446,0.7815832649712879,0.970213849287169,0.8657428441617447
deepcrack_0198,text,deepcrack,0.4503553299492386,0.621027579448411,0.4894086496028244,0.8494829567215626,0.621027579448411
deepcrack_0199,text,deepcrack,0.579891724671307,0.734090464068925,0.6369892107722368,0.8661199029686959,0.7340904640689251
deepcrack_0200,text,deepcrack,0.6082243633860978,0.7563924253771264,0.6716701501045031,0.8655729676787464,0.7563924253771264
deepcrack_0201,text,deepcrack,0.5209323523666906,0.6850171232876713,0.5606867554309741,0.8801980198019802,0.6850171232876713
deepcrack_0202,text,deepcrack,0.4025659301496793,0.5740420774468951,0.4486812837623133,0.7966149506346968,0.5740420774468951
deepcrack_0203,text,deepcrack,0.4373612652608213,0.6085613628685874,0.4920783579177398,0.7972938796155792,0.6085613628685874
deepcrack_0204,text,deepcrack,0.4172736017589666,0.588839870073205,0.4817165067026255,0.7572319201995013,0.588839870073205
deepcrack_0205,text,deepcrack,0.5548523206751055,0.7137042062415196,0.5892657093390365,0.904769351055512,0.7137042062415196
deepcrack_0206,text,deepcrack,0.4266282250314186,0.59809306663903,0.4550902925636779,0.8721474988665558,0.59809306663903
deepcrack_0207,text,deepcrack,0.5132219444809893,0.6783168144670492,0.5222222222222223,0.9675099206349206,0.6783168144670493
deepcrack_0208,text,deepcrack,0.542652139250598,0.7035314384151593,0.5567825494205862,0.9553216374269006,0.7035314384151594
deepcrack_0209,text,deepcrack,0.4001328241739996,0.5715640934424285,0.4026060808553291,0.984879444217409,0.5715640934424285
deepcrack_0210,text,deepcrack,0.4266245309105274,0.5980894365222207,0.4432132963988919,0.9193445413917856,0.5980894365222207
deepcrack_0211,text,deepcrack,0.4876122638587798,0.6555636515041116,0.5396743787489289,0.8348356309650053,0.6555636515041117
deepcrack_0212,text,deepcrack,0.2962172647914646,0.4570487877880874,0.3051558752997602,0.9100119189511324,0.4570487877880874
deepcrack_0213,text,deepcrack,0.5256251547412726,0.6890619928594612,0.5515001948304975,0.918054054054054,0.6890619928594611
deepcrack_0214,text,deepcrack,0.4720398735716022,0.6413411512098439,0.4881820467689213,0.9345367027677496,0.6413411512098439
deepcrack_0215,text,deepcrack,0.6940881204684886,0.8194238683127572,0.7792736380713838,0.8639361332870531,0.8194238683127572
deepcrack_0216,text,deepcrack,0.7038349983886562,0.8261774163041422,0.7528438469493278,0.9153394803017604,0.8261774163041422
deepcrack_0217,text,deepcrack,0.7976166431024035,0.8874157303370787,0.8454292442731749,0.9337904942066684,0.8874157303370787
deepcrack_0218,text,deepcrack,0.7396055437100213,0.8503140799754865,0.7911617961511048,0.9190263288623944,0.8503140799754866
deepcrack_0219,text,deepcrack,0.4845769429605376,0.6528148578061521,0.4924693520140105,0.9679862306368332,0.652814857806152
deepcrack_0220,text,deepcrack,0.4747214292292108,0.6438116647933059,0.483356774496015,0.9637315386053468,0.643811664793306
deepcrack_0221,text,deepcrack,0.74752,0.8555209668558872,0.7946929749957475,0.926432678960936,0.8555209668558872
deepcrack_0222,text,deepcrack,0.7500858811405016,0.8571989400333693,0.7838808113444624,0.9456474664356864,0.8571989400333694
deepcrack_0223,text,deepcrack,0.6891105569409809,0.8159448818897638,0.7199751861042184,0.941434133679429,0.8159448818897638
deepcrack_0224,text,deepcrack,0.7146051712089448,0.8335507010107597,0.791486068111455,0.8803374655647382,0.8335507010107597
deepcrack_0225,text,deepcrack,0.226276150627615,0.3690459942677767,0.2315861596437136,0.9079919408999328,0.3690459942677767
deepcrack_0226,text,deepcrack,0.2966329270811815,0.4575434124581806,0.2996035885666597,0.967654986522911,0.4575434124581807
deepcrack_0227,text,deepcrack,0.685523541813071,0.8134250573274964,0.6958744501248365,0.97876254180602,0.8134250573274963
deepcrack_0228,text,deepcrack,0.5838093362221785,0.7372217385897276,0.5984856133266028,0.9596891694997572,0.7372217385897277
deepcrack_0229,text,deepcrack,0.8180677540777918,0.8999309868875086,0.8343997952393141,0.97663271420012,0.8999309868875087
deepcrack_0230,text,deepcrack,0.9104331777222886,0.953117008581008,0.966685878962536,0.939923783904954,0.953117008581008
deepcrack_0231,text,deepcrack,0.8054711246200608,0.8922558922558923,0.8368421052631579,0.955528846153846,0.8922558922558923
deepcrack_0232,text,deepcrack,0.6614155757710228,0.7962072649572649,0.6648082069580732,0.9923435419440746,0.796207264957265
deepcrack_0233,text,deepcrack,0.8512722035525684,0.9196618432653908,0.9642196846112018,0.8790402538171723,0.9196618432653908
deepcrack_0234,text,deepcrack,0.8529168276394945,0.9206207369016768,0.9932514943119738,0.8578883090929277,0.9206207369016768
deepcrack_0235,text,deepcrack,0.8756160898828766,0.9336837048967253,0.9709114414996768,0.8992053989332753,0.9336837048967253
deepcrack_0236,text,deepcrack,0.5177234148776835,0.6822368421052631,0.9894482797328394,0.5205977025071612,0.6822368421052631
deepcrack_0000,deeplabv3p,deepcrack,0.528999064546305,0.6919547262159682,0.5631535269709543,0.8971443680592279,0.6919547262159683
deepcrack_0001,deeplabv3p,deepcrack,0.6550188081568006,0.7915545188109336,0.8840347361389446,0.7165908598657137,0.7915545188109336
deepcrack_0002,deeplabv3p,deepcrack,0.7147301895964998,0.8336357450669086,0.9024060888779768,0.7746048472075869,0.8336357450669085
deepcrack_0003,deeplabv3p,deepcrack,0.5059097421203438,0.6718991556665478,0.71024512884978,0.6374816653503328,0.6718991556665477
deepcrack_0004,deeplabv3p,deepcrack,0.6131295414683037,0.7601739670705188,0.7776894962656921,0.7434300470909919,0.7601739670705188
deepcrack_0005,deeplabv3p,deepcrack,0.6688409433015554,0.8015634395670475,0.7505630630630631,0.86,0.8015634395670476
deepcrack_0006,deeplabv3p,deepcrack,0.6928772919605077,0.8185794626119558,0.7520091848450058,0.8980804387568556,0.8185794626119558
deepcrack_0007,deeplabv3p,deepcrack,0.6898479818277128,0.816461586185503,0.8946295037389531,0.7508558387219475,0.8164615861855031
deepcrack_0008,deeplabv3p,deepcrack,0.7577995478522984,0.8622138386349996,0.9312835710316726,0.8026819923371648,0.8622138386349996
deepcrack_0009,deeplabv3p,deepcrack,0.5563877897117016,0.7149732134749841,0.7418503862822687,0.689975464423414,0.7149732134749842
deepcrack_0010,deeplabv3p,deepcrack,0.4661132075471698,0.6358488623494286,0.5987977506302113,0.6777875329236172,0.6358488623494285
deepcrack_0011,deeplabv3p,deepcrack,0.7006625175667537,0.8239877228190297,0.7369087837837838,0.934404283801874,0.8239877228190295
deepcrack_0012,deeplabv3p,deepcrack,0.772719298245614,0.871789796625266,0.9301678927176094,0.8203066799106035,0.871789796625266
deepcrack_0013,deeplabv3p,deepcrack,0.7701075407302467,0.8701251455180442,0.8665314107673358,0.873748812742018,0.8701251455180443
deepcrack_0014,deeplabv3p,deepcrack,0.7867650346523586,0.8806586421761217,0.88090112640801,0.8804162914039828,0.8806586421761218
deepcrack_0015,deeplabv3p,deepcrack,0.8143944767579325,0.897703875524512,0.9236792705819254,0.8731494625836544,0.897703875524512
deepcrack_0016,deeplabv3p,deepcrack,0.7820730671197961,0.8777115613825983,0.8838214114258282,0.8716856060606061,0.8777115613825983
deepcrack_0017,deeplabv3p,deepcrack,0.766942612599972,0.8681013261335663,0.877297167161544,0.8590962671905698,0.8681013261335662
deepcrack_0018,deeplabv3p,deepcrack,0.7638911257851506,0.8661431701972242,0.8708078335373317,0.8615282150641802,0.8661431701972243
deepcrack_0019,deeplabv3p,deepcrack,0.7627492739593418,0.8654086945060738,0.9036194320840404,0.8302984319676278,0.8654086945060738
deepcrack_0020,deeplabv3p,deepcrack,0.7628822121776123,0.8654942535670116,0.9137579617834396,0.8220732336255802,0.8654942535670115
deepcrack_0021,deeplabv3p,deepcrack,0.7738707308116048,0.872522126183945,0.9308669243511872,0.8210598090785116,0.872522126183945
deepcrack_0022,deeplabv3p,deepcrack,0.8153430275913497,0.8982798459563544,0.9268180694380672,0.8714465993623804,0.8982798459563544
deepcrack_0023,deeplabv3p,deepcrack,0.771331828442438,0.8709060787562126,0.8690786545431424,0.8727412042653726,0.8709060787562125
deepcrack_0024,deeplabv3p,deepcrack,0.7446646341463414,0.8536478811708169,0.9012222307633178,0.8108444567397469,0.853647881170817
deepcrack_0025,deeplabv3p,deepcrack,0.7128165240687927,0.8323326101216005,0.836935565702689,0.8277800080289041,0.8323326101216004
deepcrack_0026,deeplabv3p,deepcrack,0.7818419333768779,0.8775659824046921,0.8667632150615496,0.888641425389755,0.8775659824046921
deepcrack_0027,deeplabv3p,deepcrack,0.5963484818416352,0.7471407260069617,0.6483279395900755,0.8814901730712819,0.7471407260069618
deepcrack_0028,deeplabv3p,deepcrack,0.5988566289825282,0.7491061026073681,0.7747216220707994,0.7251302792253247,0.7491061026073682
deepcrack_0029,deeplabv3p,deepcrack,0.708695112875217,0.8295161700119777,0.9778367277083688,0.7202647336905137,0.8295161700119777
deepcrack_0030,deeplabv3p,deepcrack,0.6459536108578953,0.7848989261868865,0.9803996925441968,0.6544045969934842,0.7848989261868866
deepcrack_0031,deeplabv3p,deepcrack,0.7670327707831056,0.8681590782758098,0.9490664015025964,0.7999627491152915,0.8681590782758097
deepcrack_0032,deeplabv3p,deepcrack,0.4874363606503531,0.6554046593794854,0.5194259712985649,0.8878253066108286,0.6554046593794854
deepcrack_0033,deeplabv3p,deepcrack,0.7479742020836778,0.8558183538315989,0.8065263908701854,0.911527609834744,0.8558183538315988
deepcrack_0034,deeplabv3p,deepcrack,0.7683798502382573,0.8690212684053508,0.8218056061157627,0.9219930569736572,0.8690212684053509
deepcrack_0035,deeplabv3p,deepcrack,0.6419667590027701,0.7819485449177562,0.7229479430688244,0.8514351320321469,0.7819485449177563
deepcrack_0036,deeplabv3p,deepcrack,0.9191687801685348,0.9578821723932134,0.9648746135348676,0.9509903504316912,0.9578821723932134
deepcrack_0037,deeplabv3p,deepcrack,0.8060168593205794,0.8925906257860756,0.9700504222100724,0.8265866031680298,0.8925906257860756
deepcrack_0038,deeplabv3p,deepcrack,0.8043573302244243,0.8915721035415741,0.9719140693784116,0.8234986945169713,0.8915721035415741
deepcrack_0039,deeplabv3p,deepcrack,0.7184970102610793,0.8361923308227612,0.96229772929506,0.7393087732624383,0.8361923308227612
deepcrack_0040,deeplabv3p,deepcrack,0.66862652869238,0.8014094432699084,0.7302851271512972,0.8878825733916302,0.8014094432699085
deepcrack_0041,deeplabv3p,deepcrack,0.76461898313431,0.8666108553090554,0.9523882542359886,0.795008,0.8666108553090554
deepcrack_0042,deeplabv3p,deepcrack,0.8620371969827835,0.9259076009648092,0.9482218070114324,0.9046194749086076,0.9259076009648092
deepcrack_0043,deeplabv3p,deepcrack,0.8221446657086157,0.9023923085589814,0.910634427347836,0.8942980497245794,0.9023923085589814
deepcrack_0044,deeplabv3p,deepcrack,0.8369767835960007,0.9112546125461256,0.9746423285643808,0.8556084885231702,0.9112546125461254
deepcrack_0045,deeplabv3p,deepcrack,0.7408741201505975,0.8511518570756935,0.7798070296347347,0.9368660732767544,0.8511518570756935
deepcrack_0046,deeplabv3p,deepcrack,0.6238818107888316,0.768383273516401,0.7018908203720646,0.8487921814493823,0.7683832735164011
deepcrack_0047,deeplabv3p,deepcrack,0.6497652582159624,0.7877063175867957,0.7163561076604554,0.8748419721871049,0.7877063175867955
deepcrack_0048,deeplabv3p,deepcrack,0.676868655798216,0.8073007429147941,0.7706181054106112,0.8476502311248074,0.8073007429147941
deepcrack_0049,deeplabv3p,deepcrack,0.7401362984218077,0.8506647428630321,0.8229312063808575,0.8803327645051194,0.8506647428630321
deepcrack_0050,deeplabv3p,deepcrack,0.7403949181080668,0.8508355321020229,0.8005627275736511,0.9078453453453452,0.8508355321020229
deepcrack_0051,deeplabv3p,deepcrack,0.6899168774846404,0.8165098374679213,0.7617717478052674,0.8797235023041474,0.8165098374679212
deepcrack_0052,deeplabv3p,deepcrack,0.6912504190412336,0.8174430128840436,0.7979876160990712,0.8378707842340511,0.8174430128840435
deepcrack_0053,deeplabv3p,deepcrack,0.7649453065377766,0.8668204093398674,0.8470422535211267,0.8875442739079102,0.8668204093398673
deepcrack_0054,deeplabv3p,deepcrack,0.7947118982289848,0.8856150104239054,0.8916876574307305,0.879624516841524,0.8856150104239056
deepcrack_0055,deeplabv3p,deepcrack,0.8131244936537942,0.8969317843312481,0.9219934165199418,0.8731965489741174,0.8969317843312482
deepcrack_0056,deeplabv3p,deepcrack,0.6011458191242668,0.7508945305844267,0.8077346041055719,0.7015281757402101,0.7508945305844268
deepcrack_0057,deeplabv3p,deepcrack,0.5048335123523093,0.6709493219129193,0.7366771159874608,0.6159895150720839,0.6709493219129192
deepcrack_0058,deeplabv3p,deepcrack,0.4134419551934827,0.5850144092219021,0.6363636363636364,0.5413333333333333,0.5850144092219021
deepcrack_0059,deeplabv3p,deepcrack,0.794400197060514,0.88542143314725,0.8861513097636929,0.8846927578639356,0.8854214331472499
deepcrack_0060,deeplabv3p,deepcrack,0.7898794228108322,0.8826062948647156,0.8749726297350559,0.8903743315508021,0.8826062948647155
deepcrack_0061,deeplabv3p,deepcrack,0.8112045481463934,0.8957624901909496,0.892843175596402,0.8987009578795434,0.8957624901909496
deepcrack_0062,deeplabv3p,deepcrack,0.8111753371868978,0.8957446808510638,0.8994925665450013,0.8920278979429681,0.8957446808510637
deepcrack_0063,deeplabv3p,deepcrack,0.7900966988996332,0.882741920461954,0.8861256544502618,0.8793839302282427,0.882741920461954
deepcrack_0064,deeplabv3p,deepcrack,0.7347841266146864,0.8471188032467968,0.8517469310670444,0.8425406992260475,0.8471188032467968
deepcrack_0065,deeplabv3p,deepcrack,0.6981460023174971,0.8222449675878539,0.8299850763402594,0.8146478873239437,0.8222449675878539
deepcrack_0066,deeplabv3p,deepcrack,0.6630588235294118,0.7973967176004527,0.8196625945317044,0.7763085399449036,0.7973967176004527
deepcrack_0067,deeplabv3p,deepcrack,0.6187382458539922,0.7644697929869032,0.9645522388059702,0.6331350594821553,0.7644697929869032
deepcrack_0068,deeplabv3p,deepcrack,0.6808201778261659,0.8101047176940516,0.8053230306932818,0.8149435273675065,0.8101047176940517
deepcrack_0069,deeplabv3p,deepcrack,0.6272335181762169,0.7709201060204468,0.730010756543564,0.816686722823907,0.7709201060204467
deepcrack_0070,deeplabv3p,deepcrack,0.5648575659900689,0.7219284083950342,0.930806775768016,0.5896153496408111,0.7219284083950341
deepcrack_0071,deeplabv3p,deepcrack,0.6115247322794493,0.758939307638757,0.9297565514033184,0.6411462788708298,0.758939307638757
deepcrack_0072,deeplabv3p,deepcrack,0.4945191313340227,0.6617769166897315,0.9452460960664164,0.5091025231555414,0.6617769166897316
deepcrack_0073,deeplabv3p,deepcrack,0.4876907927129493,0.6556346185669369,0.8777137793531237,0.52324352879028,0.6556346185669369
deepcrack_0074,deeplabv3p,deepcrack,0.5454654080535309,0.7058914488943869,0.8874416796267496,0.5860077021822849,0.7058914488943868
deepcrack_0075,deeplabv3p,deepcrack,0.2802238411994509,0.4377731958762886,0.8687397708674305,0.2926130099228224,0.4377731958762887
deepcrack_0076,deeplabv3p,deepcrack,0.4334677419354839,0.6047819971870605,0.9133821099834788,0.4520499941595608,0.6047819971870605
deepcrack_0077,deeplabv3p,deepcrack,0.6222990492653414,0.7671816728822589,0.8395522388059702,0.7062978222483814,0.767181672882259
deepcrack_0078,deeplabv3p,deepcrack,0.439877568867512,0.6109930154873975,0.5879602571595558,0.6359039190897599,0.6109930154873975
deepcrack_0079,deeplabv3p,deepcrack,0.6159122085048011,0.7623089983022071,0.8412177985948478,0.6969344198680636,0.762308998302207
deepcrack_0080,deeplabv3p,deepcrack,0.6045319665497707,0.7535305985205111,0.8296927064050351,0.6901755466584539,0.753530598520511
deepcrack_0081,deeplabv3p,deepcrack,0.8296788482834995,0.906911996126377,0.9447667087011348,0.8719739292364991,0.9069119961263769
deepcrack_0082,deeplabv3p,deepcrack,0.8055822906641001,0.8923240938166311,0.93823562380899,0.8506962089643256,0.8923240938166311
deepcrack_0083,deeplabv3p,deepcrack,0.8141375253983532,0.8975477481726009,0.942436246595692,0.8567409408057619,0.8975477481726007
deepcrack_0084,deeplabv3p,deepcrack,0.7930929405789741,0.8846088483543874,0.91002331002331,0.8605753334068115,0.8846088483543875
deepcrack_0085,deeplabv3p,deepcrack,0.8327374872318692,0.9087362407691236,0.9747907532881626,0.8510656807307525,0.9087362407691236
deepcrack_0086,deeplabv3p,deepcrack,0.8313709838355617,0.907921978860194,0.9436013590033976,0.8748425031499371,0.907921978860194
deepcrack_0087,deeplabv3p,deepcrack,0.6898434655988351,0.8164584230934941,0.9223655390605988,0.7323671497584541,0.8164584230934941
deepcrack_0088,deeplabv3p,deepcrack,0.7268763625038929,0.8418394950405771,0.9729053772405168,0.7418944691671965,0.8418394950405771
deepcrack_0089,deeplabv3p,deepcrack,0.3175811870100783,0.4820669726330103,0.3321620988521902,0.8785625774473358,0.4820669726330104
deepcrack_0090,deeplabv3p,deepcrack,0.3585641192235848,0.5278574844571975,0.3780289408339755,0.8744305803129333,0.5278574844571976
deepcrack_0091,deeplabv3p,deepcrack,0.357051282051282,0.5262163438828531,0.9860900354071828,0.3588587206626783,0.5262163438828531
deepcrack_0092,deeplabv3p,deepcrack,0.4934196332254584,0.6607916787055764,0.9800728519391472,0.4984199629508554,0.6607916787055764
deepcrack_0093,deeplabv3p,deepcrack,0.4634716540035067,0.6333865814696485,0.987136929460581,0.4662877303018424,0.6333865814696485
deepcrack_0094,deeplabv3p,deepcrack,0.5051722039673847,0.671248382923674,0.9342786405581814,0.5237854889589906,0.6712483829236742
deepcrack_0095,deeplabv3p,deepcrack,0.5737488445794269,0.7291491861050512,0.950557864799825,0.5913978494623656,0.7291491861050513
deepcrack_0096,deeplabv3p,deepcrack,0.3726490010866839,0.5429632787284575,0.8574725908828621,0.3972553911958653,0.5429632787284575
deepcrack_0097,deeplabv3p,deepcrack,0.584745055495285,0.7379673512374935,0.8811619718309859,0.6348070302591049,0.7379673512374934
deepcrack_0098,deeplabv3p,deepcrack,0.5962011362672772,0.7470250743731407,0.8842912841152056,0.6466476593396486,0.7470250743731407
deepcrack_0099,deeplabv3p,deepcrack,0.4898232682804255,0.6575588913251251,0.8707564026206075,0.5282268991057718,0.657558891325125
deepcrack_0100,deeplabv3p,deepcrack,0.5609595793624712,0.7187368421052631,0.8732574498017649,0.6106788301583043,0.718736842105263
deepcrack_0101,deeplabv3p,deepcrack,0.7245635159542444,0.8402862628731017,0.8333044832958283,0.8473860235873966,0.8402862628731017
deepcrack_0102,deeplabv3p,deepcrack,0.7585179890397903,0.8626786803062123,0.8315267075878281,0.8962556306306306,0.8626786803062123
deepcrack_0103,deeplabv3p,deepcrack,0.8950892857142857,0.944640753828033,0.9435294117647058,0.945754716981132,0.944640753828033
deepcrack_0104,deeplabv3p,deepcrack,0.9172838218420778,0.9568576247211796,0.9624603261464376,0.9513197749891822,0.9568576247211794
deepcrack_0105,deeplabv3p,deepcrack,0.9275604482012976,0.9624190505328644,0.9671039147366264,0.957779356541155,0.962419050532864
deepcrack_0106,deeplabv3p,deepcrack,0.8981455332768521,0.9463400119024004,0.9570669074129804,0.9358509073075036,0.9463400119024004
deepcrack_0107,deeplabv3p,deepcrack,0.729723991507431,0.8437461642322327,0.7941312384473198,0.8999738151348521,0.8437461642322327
deepcrack_0108,deeplabv3p,deepcrack,0.7285452042221202,0.8429576529934952,0.7719426209579382,0.9283625730994152,0.8429576529934952
deepcrack_0109,deeplabv3p,deepcrack,0.881962931337586,0.9372798121063308,0.9894624140651416,0.8903255247946456,0.9372798121063306
deepcrack_0110,deeplabv3p,deepcrack,0.8619602134885977,0.9258631921824104,0.984847084911762,0.8735453204392722,0.9258631921824104
deepcrack_0111,deeplabv3p,deepcrack,0.7893888206388207,0.8822999356361296,0.9635426429240862,0.8136921250494658,0.8822999356361296
deepcrack_0112,deeplabv3p,deepcrack,0.8386901152213463,0.912269129287599,0.9589183567342694,0.8699481050479635,0.9122691292875988
deepcrack_0113,deeplabv3p,deepcrack,0.8436136538626059,0.9151740139211136,0.935845117206036,0.8953963497684555,0.9151740139211136
deepcrack_0114,deeplabv3p,deepcrack,0.8374307479224377,0.911523603128239,0.9331532748143146,0.8908739294594346,0.911523603128239
deepcrack_0115,deeplabv3p,deepcrack,0.7517477528891425,0.8582831079980453,0.942744677044194,0.7877111675885783,0.8582831079980453
deepcrack_0116,deeplabv3p,deepcrack,0.7842687533729088,0.8790926275992439,0.9078556926440732,0.8520961594840223,0.8790926275992439
deepcrack_0117,deeplabv3p,deepcrack,0.8194006309148265,0.9007368877329864,0.8980983480599308,0.9033909767172252,0.9007368877329864
deepcrack_0118,deeplabv3p,deepcrack,0.578391551584078,0.7328872876994339,0.7984300532660499,0.6772889417360285,0.7328872876994339
deepcrack_0119,deeplabv3p,deepcrack,0.6472142699845849,0.7858288770053476,0.7992929018221376,0.7728109387325796,0.7858288770053476
deepcrack_0120,deeplabv3p,deepcrack,0.8258164852255054,0.9045996592844976,0.9,0.9092465753424658,0.9045996592844974
deepcrack_0121,deeplabv3p,deepcrack,0.8032078963602715,0.8908655490933972,0.8920863309352518,0.8896481038606081,0.8908655490933971
deepcrack_0122,deeplabv3p,deepcrack,0.8057247259439708,0.8924114671163575,0.9131695196024296,0.8725761772853186,0.8924114671163574
deepcrack_0123,deeplabv3p,deepcrack,0.6313349488989569,0.7740102047406834,0.9873125720876584,0.6364988315275122,0.7740102047406834
deepcrack_0124,deeplabv3p,deepcrack,0.7322848879248012,0.8454554941041428,0.8496224832214765,0.8413291796469367,0.8454554941041428
deepcrack_0125,deeplabv3p,deepcrack,0.7406672678088367,0.8510153336096146,0.839877300613497,0.8624527509449811,0.8510153336096146
deepcrack_0126,deeplabv3p,deepcrack,0.6919901829540384,0.8179600448341795,0.979782024956563,0.7020144861928475,0.8179600448341795
deepcrack_0127,deeplabv3p,deepcrack,0.7410571276027763,0.8512726157620362,0.9832349468713104,0.7505407354001442,0.8512726157620362
deepcrack_0128,deeplabv3p,deepcrack,0.7380526450293892,0.8492868695780033,0.984993178717599,0.7464461101059705,0.8492868695780033
deepcrack_0129,deeplabv3p,deepcrack,0.7328736321391096,0.8458477508650519,0.9391087207068768,0.7694365753855839,0.8458477508650519
deepcrack_0130,deeplabv3p,deepcrack,0.8369253538063084,0.9112241301173272,0.9434827945776852,0.8810984516505989,0.9112241301173272
deepcrack_0131,deeplabv3p,deepcrack,0.841817416912074,0.9141160347190498,0.9579662964381463,0.8741044906517561,0.91411603471905
deepcrack_0132,deeplabv3p,deepcrack,0.7391077030324155,0.8499849684337107,0.9052294557097118,0.8010955799017756,0.8499849684337109
deepcrack_0133,deeplabv3p,deepcrack,0.7515138859887242,0.8581306628516929,0.8663938372652865,0.8500236183278224,0.8581306628516929
deepcrack_0134,deeplabv3p,deepcrack,0.4404420794105608,0.6115373685706167,0.5347912524850894,0.7140013271400133,0.6115373685706166
deepcrack_0135,deeplabv3p,deepcrack,0.6121698428619191,0.7594359187059312,0.6373129133310129,0.93945613134941,0.7594359187059311
deepcrack_0136,deeplabv3p,deepcrack,0.689413414349147,0.8161571448333103,0.9525347110106556,0.7139399806389157,0.8161571448333101
deepcrack_0137,deeplabv3p,deepcrack,0.6098257640674093,0.7576295244854506,0.8024807367036272,0.7175264661401445,0.7576295244854506
deepcrack_0138,deeplabv3p,deepcrack,0.6624966004895295,0.7969900212661541,0.8111888111888111,0.7832797427652733,0.7969900212661541
deepcrack_0139,deeplabv3p,deepcrack,0.7021761421898143,0.8250334672021419,0.8982655589564204,0.7628419358831539,0.825033467202142
deepcrack_0140,deeplabv3p,deepcrack,0.7765437583296313,0.8742185546386597,0.86911124922312,0.8793862407244372,0.8742185546386597
deepcrack_0141,deeplabv3p,deepcrack,0.7889453621346887,0.8820228709425385,0.8344308560677328,0.9353721000301296,0.8820228709425385
deepcrack_0142,deeplabv3p,deepcrack,0.7537899296155929,0.8596125646368759,0.8326854066985646,0.8883394480778434,0.8596125646368759
deepcrack_0143,deeplabv3p,deepcrack,0.658703071672355,0.7942386831275721,0.7868986137537374,0.801716975906951,0.7942386831275721
deepcrack_0144,deeplabv3p,deepcrack,0.5064724919093851,0.6723952738990333,0.6625740897544454,0.6825119930222416,0.6723952738990333
deepcrack_0145,deeplabv3p,deepcrack,0.6610927474236826,0.7959733114830856,0.845771144278607,0.7517134645147027,0.7959733114830857
deepcrack_0146,deeplabv3p,deepcrack,0.7253912165572943,0.8408425980105325,0.7769667477696675,0.9161619381574752,0.8408425980105324
deepcrack_0147,deeplabv3p,deepcrack,0.6972551130247578,0.8216267639131124,0.9893088965253912,0.7025488069414316,0.8216267639131123
deepcrack_0148,deeplabv3p,deepcrack,0.7619190404797601,0.8648740639891083,0.877114256127028,0.8529707955689829,0.8648740639891083
deepcrack_0149,deeplabv3p,deepcrack,0.7739434858714679,0.8725683676346208,0.8802616609783845,0.8650083845723868,0.8725683676346209
deepcrack_0150,deeplabv3p,deepcrack,0.7025607353906763,0.8252988816043193,0.93466107617051,0.7388482253832344,0.8252988816043193
deepcrack_0151,deeplabv3p,deepcrack,0.7119770156221943,0.8317600167820433,0.9492458702418004,0.7401530707485533,0.8317600167820431
deepcrack_0152,deeplabv3p,deepcrack,0.6381950868537363,0.7791441837118835,0.9517167381974247,0.659549606968345,0.7791441837118834
deepcrack_0153,deeplabv3p,deepcrack,0.7150005559879906,0.8338196200479803,0.9460055907017804,0.745420820774403,0.8338196200479803
deepcrack_0154,deeplabv3p,deepcrack,0.8071911196911197,0.8933101882761383,0.892,0.8946242310778283,0.8933101882761384
deepcrack_0155,deeplabv3p,deepcrack,0.6726606726606726,0.8043002189926339,0.9765530577713318,0.6837028261973261,0.8043002189926338
deepcrack_0156,deeplabv3p,deepcrack,0.7669216061185469,0.8680878692782167,0.8512308998302207,0.8856259659969088,0.8680878692782167
deepcrack_0157,deeplabv3p,deepcrack,0.7482984118510609,0.8560305343511451,0.913638585628157,0.8052563550193882,0.856030534351145
deepcrack_0158,deeplabv3p,deepcrack,0.7810102301790282,0.8770418237300305,0.8947625442558906,0.8600093874677306,0.8770418237300306
deepcrack_0159,deeplabv3p,deepcrack,0.6963006004261089,0.8209636903402603,0.7689839572192514,0.8804800391868723,0.8209636903402603
deepcrack_0160,deeplabv3p,deepcrack,0.906373721992604,0.9508877630197636,0.9465673133718024,0.9552478334632492,0.9508877630197636
deepcrack_0161,deeplabv3p,deepcrack,0.8456402060024862,0.9163651758910014,0.9702909772597604,0.8681178443812441,0.9163651758910014
deepcrack_0162,deeplabv3p,deepcrack,0.8069121165977812,0.89313930565379,0.9817706610203136,0.8191856452726018,0.89313930565379
deepcrack_0163,deeplabv3p,deepcrack,0.919927855375194,0.9582941908985646,0.961171005346656,0.9554345458505772,0.9582941908985648
deepcrack_0164,deeplabv3p,deepcrack,0.7714656454726715,0.870991370839512,0.979152440249046,0.7843490572108888,0.870991370839512
deepcrack_0165,deeplabv3p,deepcrack,0.8326012689116642,0.9086551264980026,0.9798966111430212,0.8470705064548163,0.9086551264980028
deepcrack_0166,deeplabv3p,deepcrack,0.9306321787103192,0.964069892724973,0.980373475609756,0.948299695880564,0.964069892724973
deepcrack_0167,deeplabv3p,deepcrack,0.9261229314420804,0.961644676281068,0.9727342183172571,0.9508051341890316,0.9616446762810678
deepcrack_0168,deeplabv3p,deepcrack,0.6830566198382291,0.8116858479828001,0.7328157113496232,0.9095804988662132,0.8116858479828
deepcrack_0169,deeplabv3p,deepcrack,0.3945381526104418,0.5658334293284184,0.959937463357436,0.4011433238056349,0.5658334293284184
deepcrack_0170,deeplabv3p,deepcrack,0.3723788864786695,0.5426765015806112,0.9507692307692308,0.3797001720324404,0.5426765015806111
deepcrack_0171,deeplabv3p,deepcrack,0.2958424507658643,0.4566024991556906,0.3239875389408099,0.773013150371641,0.4566024991556907
deepcrack_0172,deeplabv3p,deepcrack,0.2609651418402596,0.4139133322264652,0.2877091748413156,0.7373558118899733,0.4139133322264652
deepcrack_0173,deeplabv3p,deepcrack,0.5897038567493113,0.7419040398570346,0.7669055082848186,0.7184812250891546,0.7419040398570346
deepcrack_0174,deeplabv3p,deepcrack,0.586851950828434,0.7396429774334793,0.7204724409448819,0.7598615916955017,0.7396429774334792
deepcrack_0175,deeplabv3p,deepcrack,0.2650602409638554,0.419047619047619,0.660300136425648,0.3069118579581484,0.419047619047619
deepcrack_0176,deeplabv3p,deepcrack,0.2556390977443609,0.4071856287425149,0.681704260651629,0.2902881536819637,0.4071856287425149
deepcrack_0177,deeplabv3p,deepcrack,0.239766081871345,0.3867924528301887,0.7387387387387387,0.2619808306709265,0.3867924528301886
deepcrack_0178,deeplabv3p,deepcrack,0.5101365923795831,0.6756164905265162,0.5497791895870457,0.8761575503148537,0.6756164905265162
deepcrack_0179,deeplabv3p,deepcrack,0.4016343825665859,0.5730943640682358,0.4171644137063816,0.9151724137931034,0.5730943640682358
deepcrack_0180,deeplabv3p,deepcrack,0.8116346463453902,0.8960246460098347,0.9170506912442395,0.8759411560291903,0.8960246460098348
deepcrack_0181,deeplabv3p,deepcrack,0.6559839759639459,0.7922588448745086,0.6867027782631487,0.9361600762267748,0.7922588448745087
deepcrack_0182,deeplabv3p,deepcrack,0.8176785032455135,0.8996954101459931,0.8394747157977264,0.969223806291016,0.8996954101459931
deepcrack_0183,deeplabv3p,deepcrack,0.4801901743264659,0.6488222698072805,0.9160997732426304,0.5022793203481144,0.6488222698072805
deepcrack_0184,deeplabv3p,deepcrack,0.5420624928465149,0.703035701031693,0.9546462406772828,0.556390977443609,0.703035701031693
deepcrack_0185,deeplabv3p,deepcrack,0.3882553414602176,0.5593428382588991,0.974662717999342,0.3922139830508475,0.5593428382588991
deepcrack_0186,deeplabv3p,deepcrack,0.5331064356435643,0.6954591321897073,0.890285911126421,0.570592780660117,0.6954591321897073
deepcrack_0187,deeplabv3p,deepcrack,0.7069445992642961,0.8283158100959969,0.9803679084866286,0.7170963364993216,0.8283158100959969
deepcrack_0188,deeplabv3p,deepcrack,0.800110588885817,0.8889571494394102,0.9585955614441868,0.8287514318442154,0.8889571494394103
deepcrack_0189,deeplabv3p,deepcrack,0.7563895179553543,0.8613004236507644,0.9109682446912136,0.8167685589519651,0.8613004236507644
deepcrack_0190,deeplabv3p,deepcrack,0.7803117121246849,0.8766012230447376,0.8146685810002393,0.9487250940504388,0.8766012230447376
deepcrack_0191,deeplabv3p,deepcrack,0.5521916790490342,0.7114993418690918,0.5842012183140106,0.9097307221542228,0.7114993418690918
deepcrack_0192,deeplabv3p,deepcrack,0.3995717344753747,0.5709914320685434,0.4054171494785631,0.9651724137931036,0.5709914320685435
deepcrack_0193,deeplabv3p,deepcrack,0.7961028525512254,0.8864780225925512,0.8378435517970402,0.9411066255046308,0.8864780225925513
deepcrack_0194,deeplabv3p,deepcrack,0.6912132282253413,0.8174170077307867,0.8198403648802737,0.8150079347086828,0.8174170077307867
deepcrack_0195,deeplabv3p,deepcrack,0.6495273230343556,0.787531450936539,0.6563373718546133,0.9842767295597484,0.7875314509365391
deepcrack_0196,deeplabv3p,deepcrack,0.6833399760860901,0.811885876642595,0.7295744680851064,0.9151321056845476,0.8118858766425949
deepcrack_0197,deeplabv3p,deepcrack,0.7271448663853727,0.8420195439739414,0.7752784918594687,0.9213340122199593,0.8420195439739413
deepcrack_0198,deeplabv3p,deepcrack,0.5765941624837331,0.7314427215376452,0.6795574057843996,0.7919060385548321,0.7314427215376451
deepcrack_0199,deeplabv3p,deepcrack,0.6391732663704849,0.77987273155786,0.7959110042092604,0.7644680605290516,0.77987273155786
deepcrack_0200,deeplabv3p,deepcrack,0.6397226349678058,0.7802815199661692,0.7701848539057842,0.7906464250734574,0.7802815199661693
deepcrack_0201,deeplabv3p,deepcrack,0.6202888925784493,0.7656522184650066,0.7165324127349444,0.822002200220022,0.7656522184650068
deepcrack_0202,deeplabv3p,deepcrack,0.4879993286337697,0.6559133720602335,0.5464711963161357,0.8201692524682651,0.6559133720602335
deepcrack_0203,deeplabv3p,deepcrack,0.4899344569288389,0.6576590730557738,0.8681045209456657,0.5293373798684876,0.6576590730557738
deepcrack_0204,deeplabv3p,deepcrack,0.5902977353718818,0.7423738615006505,0.8832129342965256,0.6402743142144638,0.7423738615006505
deepcrack_0205,deeplabv3p,deepcrack,0.5092344924213476,0.6748248797366866,0.733039970663733,0.6251759186864738,0.6748248797366867
deepcrack_0206,deeplabv3p,deepcrack,0.6183599146050484,0.7641809575541243,0.7853269537480064,0.7441438718452471,0.7641809575541243
deepcrack_0207,deeplabv3p,deepcrack,0.6137514608492404,0.7606517803258902,0.7408887843874912,0.7814980158730159,0.7606517803258901
deepcrack_0208,deeplabv3p,deepcrack,0.6429522541373407,0.782679171008452,0.774873911049977,0.7906432748538011,0.7826791710084521
deepcrack_0209,deeplabv3p,deepcrack,0.5749783299624386,0.7301412584846817,0.6624500665778962,0.8132407029015121,0.7301412584846816
deepcrack_0210,deeplabv3p,deepcrack,0.5096443107414617,0.6751846207947486,0.7515657620041754,0.612896360927857,0.6751846207947486
deepcrack_0211,deeplabv3p,deepcrack,0.1294908245024554,0.2292906178489702,0.8377926421404682,0.1328207847295864,0.2292906178489702
deepcrack_0212,deeplabv3p,deepcrack,0.3862947240751971,0.5573053368328958,0.4402211472011057,0.7592371871275327,0.5573053368328958
deepcrack_0213,deeplabv3p,deepcrack,0.6401285930408472,0.7805834198086014,0.8362154150197628,0.7318918918918919,0.7805834198086014
deepcrack_0214,deeplabv3p,deepcrack,0.5227846222354163,0.6866166293011015,0.5769986893840104,0.8476534296028881,0.6866166293011015
deepcrack_0215,deeplabv3p,deepcrack,0.4970562260818369,0.6640448333497198,0.7659333182127467,0.5860812217979868,0.6640448333497199
deepcrack_0216,deeplabv3p,deepcrack,0.5939802476877254,0.745279307631786,0.7021868050407709,0.7940067057837384,0.7452793076317861
deepcrack_0217,deeplabv3p,deepcrack,0.6840295685061027,0.8123723968966925,0.7147476199029998,0.9408843698273824,0.8123723968966925
deepcrack_0218,deeplabv3p,deepcrack,0.6911099949773983,0.8173448173448173,0.7408803338268946,0.9114091737042556,0.8173448173448173
deepcrack_0219,deeplabv3p,deepcrack,0.4541484716157205,0.6246246246246246,0.6867519603796945,0.5728055077452667,0.6246246246246246
deepcrack_0220,deeplabv3p,deepcrack,0.6486628902647873,0.7868957251298442,0.6871336868545911,0.9205458964292392,0.7868957251298441
deepcrack_0221,deeplabv3p,deepcrack,0.736686875307226,0.8483819228229078,0.8092152627789777,0.8915328177672021,0.8483819228229078
deepcrack_0222,deeplabv3p,deepcrack,0.7200464653169598,0.8372407139411481,0.7550026100574213,0.9395842355998268,0.8372407139411482
deepcrack_0223,deeplabv3p,deepcrack,0.7004410683655967,0.8238345702139923,0.7410239792611795,0.9274821544451656,0.8238345702139923
deepcrack_0224,deeplabv3p,deepcrack,0.6691851052347545,0.8018105399288716,0.7556368068251066,0.8539944903581267,0.8018105399288715
deepcrack_0225,deeplabv3p,deepcrack,0.1511085180863477,0.2625443487075519,0.5351239669421488,0.1739422431161853,0.262544348707552
deepcrack_0226,deeplabv3p,deepcrack,0.453081876724931,0.6236150680595125,0.5880597014925373,0.6637466307277629,0.6236150680595125
deepcrack_0227,deeplabv3p,deepcrack,0.8321328825518154,0.9083761232349166,0.8730721776681061,0.9466555183946488,0.9083761232349165
deepcrack_0228,deeplabv3p,deepcrack,0.8190976163450624,0.9005537789563997,0.8689042745334136,0.93459608224057,0.9005537789563997
deepcrack_0229,deeplabv3p,deepcrack,0.7919662782048104,0.8839075688390757,0.8212908202622782,0.956860395446375,0.8839075688390757
deepcrack_0230,deeplabv3p,deepcrack,0.817100371747212,0.8993453355155483,0.9397752259956024,0.8622506164537099,0.8993453355155484
deepcrack_0231,deeplabv3p,deepcrack,0.7891832229580574,0.8821714990746453,0.906210392902408,0.859375,0.8821714990746453
deepcrack_0232,deeplabv3p,deepcrack,0.7643564356435644,0.8664421997755332,0.8357562635323229,0.8994673768308922,0.8664421997755332
deepcrack_0233,deeplabv3p,deepcrack,0.7939996352361846,0.8851725715447568,0.9082090330656096,0.86327582788023,0.8851725715447568
deepcrack_0234,deeplabv3p,deepcrack,0.8112508849316561,0.8957907396271798,0.9771087498360226,0.8269679138447874,0.8957907396271798
deepcrack_0235,deeplabv3p,deepcrack,0.8410891878955485,0.9136865214628228,0.973590248707215,0.8607271144007838,0.9136865214628228
deepcrack_0236,deeplabv3p,deepcrack,0.3897043743224634,0.5608449991566875,0.9802490972068686,0.3927885893157724,0.5608449991566875
deepcrack_0000,unet,deepcrack,0.4712021136063408,0.6405674777767801,0.4849762066621346,0.9431517715494449,0.6405674777767801
deepcrack_0001,unet,deepcrack,0.7096258695243467,0.8301534062792104,0.8431810566290628,0.8175222005631362,0.8301534062792104
deepcrack_0002,unet,deepcrack,0.7555494151238832,0.8607555089192025,0.8571577847439916,0.8643835616438356,0.8607555089192025
deepcrack_0003,unet,deepcrack,0.5422813036020583,0.7032197075015292,0.693311403508772,0.713415322125691,0.7032197075015292
deepcrack_0004,unet,deepcrack,0.6329715888306304,0.7752389486260454,0.7623733294169481,0.788546255506608,0.7752389486260454
deepcrack_0005,unet,deepcrack,0.6742616033755274,0.8054435483870968,0.7580645161290323,0.8591397849462366,0.8054435483870968
deepcrack_0006,unet,deepcrack,0.6680076963442365,0.8009647651006712,0.7401162790697674,0.8727148080438757,0.8009647651006712
deepcrack_0007,unet,deepcrack,0.7303748798462032,0.8441810943431164,0.8224788020927296,0.8670597185241536,0.8441810943431165
deepcrack_0008,unet,deepcrack,0.7719787887245325,0.87131831784533,0.8598072738576313,0.8831417624521073,0.87131831784533
deepcrack_0009,unet,deepcrack,0.567511135857461,0.7240919989343753,0.7339333933393339,0.7145110410094637,0.7240919989343753
deepcrack_0010,unet,deepcrack,0.5207170143990597,0.6848309178743961,0.6116672419744563,0.7778753292361721,0.6848309178743961
deepcrack_0011,unet,deepcrack,0.6853758011264324,0.8133210417146808,0.7139389034998989,0.9448460508701472,0.8133210417146808
deepcrack_0012,unet,deepcrack,0.7229068023409699,0.8391711047384951,0.932228458737864,0.7630059597715421,0.8391711047384952
deepcrack_0013,unet,deepcrack,0.7792448173741362,0.8759275955336708,0.8336083426836512,0.9227734346460144,0.8759275955336708
deepcrack_0014,unet,deepcrack,0.7968086987270155,0.8869154510344149,0.8723445439148318,0.9019813869708796,0.886915451034415
deepcrack_0015,unet,deepcrack,0.7985800057180977,0.8880116571731355,0.9299705898673768,0.849675522206449,0.8880116571731356
deepcrack_0016,unet,deepcrack,0.8162730785744955,0.8988439989598355,0.8975496907605873,0.9001420454545455,0.8988439989598355
deepcrack_0017,unet,deepcrack,0.7672149428491776,0.868275753273387,0.871506610719658,0.8650687622789784,0.8682757532733869
deepcrack_0018,unet,deepcrack,0.7687876271538302,0.8692820046360142,0.8433247936236835,0.8968878663114556,0.8692820046360141
deepcrack_0019,unet,deepcrack,0.7882911750292155,0.8816138960327163,0.8817997807202497,0.881428089698196,0.8816138960327164
deepcrack_0020,unet,deepcrack,0.8219494281817228,0.9022746904693348,0.9067654378146884,0.8978282046874104,0.9022746904693348
deepcrack_0021,unet,deepcrack,0.7741592920353982,0.872705506783719,0.8942956450623595,0.8521332554061952,0.872705506783719
deepcrack_0022,unet,deepcrack,0.793887838689351,0.88510309459412,0.9393126071721464,0.8368092454835282,0.88510309459412
deepcrack_0023,unet,deepcrack,0.7846915999782241,0.8793582039471678,0.841840906436164,0.9203754549517912,0.8793582039471677
deepcrack_0024,unet,deepcrack,0.7926064407188518,0.8843061396131203,0.8609327918249705,0.9089840237914102,0.8843061396131202
deepcrack_0025,unet,deepcrack,0.7464453028684146,0.8548166972563415,0.8047851129818343,0.9114813327980732,0.8548166972563416
deepcrack_0026,unet,deepcrack,0.7646390581431375,0.8666237490489846,0.8222098833981122,0.9161098737936154,0.8666237490489845
deepcrack_0027,unet,deepcrack,0.6290715710170618,0.7723068552774756,0.7200101445599797,0.8327955412144323,0.7723068552774754
deepcrack_0028,unet,deepcrack,0.648032599006749,0.7864317725235667,0.7813003761418592,0.7916310181224235,0.7864317725235667
deepcrack_0029,unet,deepcrack,0.7266249457835058,0.8416708533696978,0.9771685692858928,0.7391742830129215,0.8416708533696979
deepcrack_0030,unet,deepcrack,0.6270560251024849,0.7707860275591776,0.97882761889714,0.6356780052331845,0.7707860275591775
deepcrack_0031,unet,deepcrack,0.709809143364403,0.8302788017236904,0.93816731197935,0.7446451853231514,0.8302788017236904
deepcrack_0032,unet,deepcrack,0.4555075272022656,0.6259088581669227,0.475864216754905,0.9141489679928207,0.6259088581669227
deepcrack_0033,unet,deepcrack,0.7530463038180342,0.8591288229842446,0.7952985586822238,0.93409915356711,0.8591288229842446
deepcrack_0034,unet,deepcrack,0.7399935959013769,0.8505704821494295,0.7740746943560542,0.9438431692873188,0.8505704821494294
deepcrack_0035,unet,deepcrack,0.6437267500845452,0.7832527517745088,0.7094670145359672,0.8741676234213548,0.7832527517745088
deepcrack_0036,unet,deepcrack,0.9228126150447908,0.9598570425681282,0.9649685615295778,0.9547993905535804,0.959857042568128
deepcrack_0037,unet,deepcrack,0.8188360055548541,0.9003956410078434,0.970987155304051,0.8393726058598199,0.9003956410078434
deepcrack_0038,unet,deepcrack,0.865724037055095,0.928030105054095,0.9778340721975934,0.8830535869700361,0.928030105054095
deepcrack_0039,unet,deepcrack,0.7778578887176172,0.8750506929197723,0.977291185106516,0.7921762248385872,0.8750506929197724
deepcrack_0040,unet,deepcrack,0.6509803921568628,0.7885985748218527,0.6828153564899452,0.9331667707682698,0.7885985748218527
deepcrack_0041,unet,deepcrack,0.752830538885108,0.8589883872789524,0.9576577994648198,0.778752,0.8589883872789524
deepcrack_0042,unet,deepcrack,0.8750963102474103,0.9333881203488108,0.9403863845446182,0.9264932475301368,0.9333881203488108
deepcrack_0043,unet,deepcrack,0.8394216133942162,0.9127016963177492,0.92245115182848,0.9031561709096324,0.9127016963177492
deepcrack_0044,unet,deepcrack,0.8463583863060368,0.9167866786678668,0.9541451990632318,0.8822433954092681,0.9167866786678668
deepcrack_0045,unet,deepcrack,0.775965379494008,0.8738519212746017,0.7984243877376263,0.96501759470089,0.8738519212746017
deepcrack_0046,unet,deepcrack,0.6443542934415145,0.7837171052631579,0.7072881104349117,0.8786649456020653,0.7837171052631579
deepcrack_0047,unet,deepcrack,0.6408805992967436,0.7811422714991149,0.7001837314180724,0.8832701222081754,0.7811422714991147
deepcrack_0048,unet,deepcrack,0.6943413729128015,0.8196003284971256,0.7787411132304491,0.8649845916795069,0.8196003284971256
deepcrack_0049,unet,deepcrack,0.7599565532223027,0.8636083110471097,0.8339292808899483,0.8954778156996587,0.8636083110471096
deepcrack_0050,unet,deepcrack,0.694910514541387,0.819996700214486,0.7315278186635267,0.9328078078078078,0.819996700214486
deepcrack_0051,unet,deepcrack,0.6391787277011107,0.7798767967145791,0.7033333333333334,0.8751152073732719,0.7798767967145791
deepcrack_0052,unet,deepcrack,0.7454545454545455,0.8541666666666666,0.7999290528556225,0.9162941893539212,0.8541666666666666
deepcrack_0053,unet,deepcrack,0.7976969379743523,0.8874654243703596,0.8756104567652974,0.8996458087367178,0.8874654243703597
deepcrack_0054,unet,deepcrack,0.7590602349412647,0.863029269678886,0.8890515222482436,0.8384870237437879,0.8630292696788859
deepcrack_0055,unet,deepcrack,0.8255634039690548,0.9044478018940928,0.919664268585132,0.8897266729500471,0.9044478018940928
deepcrack_0056,unet,deepcrack,0.6029391376680993,0.7522919910050164,0.8236742424242425,0.692295447309774,0.7522919910050165
deepcrack_0057,unet,deepcrack,0.5375791139240507,0.6992539233341909,0.8504380475594493,0.5937090432503277,0.6992539233341909
deepcrack_0058,unet,deepcrack,0.4777241009125067,0.6465673810388667,0.7102952913008779,0.5933333333333334,0.6465673810388667
deepcrack_0059,unet,deepcrack,0.7919545903257651,0.8839002892163614,0.8875265050244308,0.8803035844915874,0.8839002892163613
deepcrack_0060,unet,deepcrack,0.7851239669421488,0.8796296296296297,0.8704188481675392,0.8890374331550802,0.8796296296296295
deepcrack_0061,unet,deepcrack,0.8111203913614127,0.8957111799196258,0.8994442974331834,0.8920089227135547,0.8957111799196259
deepcrack_0062,unet,deepcrack,0.7903682719546742,0.8829113924050633,0.904753080700454,0.8620994084929814,0.8829113924050633
deepcrack_0063,unet,deepcrack,0.7697346600331675,0.8698870824157804,0.8786559394226219,0.8612915197624791,0.8698870824157804
deepcrack_0064,unet,deepcrack,0.7101416685405891,0.8305062458908613,0.8185588387765682,0.8428075793968508,0.8305062458908613
deepcrack_0065,unet,deepcrack,0.7137327010548727,0.8329568556584594,0.8349371674402808,0.8309859154929577,0.8329568556584594
deepcrack_0066,unet,deepcrack,0.6523197963670022,0.7895805615853232,0.8030195128899017,0.7765840220385675,0.7895805615853232
deepcrack_0067,unet,deepcrack,0.6060683980457702,0.7547230227345502,0.967834656446756,0.6185269419174247,0.75472302273455
deepcrack_0068,unet,deepcrack,0.6812396236856668,0.8104015799868335,0.8188470066518847,0.802128583840139,0.8104015799868334
deepcrack_0069,unet,deepcrack,0.6565533980582524,0.7926739926739926,0.7293562521065049,0.8680304853590052,0.7926739926739925
deepcrack_0070,unet,deepcrack,0.5810656098634962,0.735030357043391,0.9485336400230018,0.5999818132217878,0.735030357043391
deepcrack_0071,unet,deepcrack,0.5644555694618273,0.7216,0.9582152974504248,0.5786997433704021,0.7216
deepcrack_0072,unet,deepcrack,0.3356709231735398,0.5026251861139409,0.9521971496437056,0.3414244650271478,0.5026251861139409
deepcrack_0073,unet,deepcrack,0.3918689320388349,0.5630830935565437,0.8285860918655376,0.4264395139989435,0.5630830935565437
deepcrack_0074,unet,deepcrack,0.5176314839330846,0.6821570182394925,0.8923236514522822,0.5521181001283697,0.6821570182394926
deepcrack_0075,unet,deepcrack,0.3903125,0.5614744886491346,0.8760813654430676,0.4131201764057332,0.5614744886491346
deepcrack_0076,unet,deepcrack,0.434695244474213,0.6059757236227824,0.9074807737124212,0.4548534049760542,0.6059757236227824
deepcrack_0077,unet,deepcrack,0.5949826989619377,0.7460679032433019,0.8343037360504609,0.6747106140867177,0.746067903243302
deepcrack_0078,unet,deepcrack,0.5260770975056689,0.6894502228826151,0.6505888951205833,0.7332490518331226,0.6894502228826151
deepcrack_0079,unet,deepcrack,0.6190646197786505,0.7647188533627343,0.8855975485188968,0.6728754365541327,0.7647188533627344
deepcrack_0080,unet,deepcrack,0.5140382317801673,0.6790293943578615,0.9445664105378704,0.53002771789344,0.6790293943578614
deepcrack_0081,unet,deepcrack,0.8042990054539622,0.8915362731152204,0.9083333333333332,0.8753491620111732,0.8915362731152205
deepcrack_0082,unet,deepcrack,0.8092147362647408,0.8945480268809055,0.8894694533762058,0.8996849273300133,0.8945480268809055
deepcrack_0083,unet,deepcrack,0.8001188589540412,0.8889622537691207,0.869724375538329,0.909070447895566,0.8889622537691206
deepcrack_0084,unet,deepcrack,0.8173413779680809,0.8994912985274431,0.8747136013330556,0.9257136559021272,0.899491298527443
deepcrack_0085,unet,deepcrack,0.8397858639149662,0.912916965377641,0.8859060402684564,0.9416267942583731,0.9129169653776412
deepcrack_0086,unet,deepcrack,0.8052164261931187,0.8920996003688902,0.8711226736041625,0.9141117177656448,0.8920996003688902
deepcrack_0087,unet,deepcrack,0.6801948051948052,0.8096618357487922,0.9108695652173912,0.7286956521739131,0.8096618357487924
deepcrack_0088,unet,deepcrack,0.75,0.8571428571428571,0.940060698027314,0.7876668785759695,0.8571428571428571
deepcrack_0089,unet,deepcrack,0.2820637035242824,0.4400151143019082,0.2852418860992039,0.9619991738950848,0.4400151143019081
deepcrack_0090,unet,deepcrack,0.3193727540019601,0.4841281632248799,0.3227680929741152,0.9681124975242622,0.4841281632248799
deepcrack_0091,unet,deepcrack,0.3708567288534686,0.5410583338838607,0.9585674157303372,0.3768982972848596,0.5410583338838607
deepcrack_0092,unet,deepcrack,0.4361357250918521,0.6073739653875094,0.9812788718696815,0.4397951400239729,0.6073739653875094
deepcrack_0093,unet,deepcrack,0.3933450429352069,0.564605364521325,0.98920245398773,0.3950411603292826,0.564605364521325
deepcrack_0094,unet,deepcrack,0.4838521627608721,0.6521568319321128,0.8642232403165347,0.5236593059936908,0.6521568319321128
deepcrack_0095,unet,deepcrack,0.5269366411285419,0.6901879579483912,0.8318295258206949,0.5897645297400299,0.6901879579483912
deepcrack_0096,unet,deepcrack,0.4056323691576893,0.5771528574014845,0.8939988782950085,0.4261272500445553,0.5771528574014845
deepcrack_0097,unet,deepcrack,0.5988049149974751,0.7490656419434648,0.8939565272019098,0.6445914114875884,0.7490656419434648
deepcrack_0098,unet,deepcrack,0.6217468205171397,0.7667618800311607,0.8806967310904319,0.67892945829118,0.7667618800311607
deepcrack_0099,unet,deepcrack,0.5720622698359558,0.727785763722515,0.8862811203319502,0.6173787372414417,0.7277857637225151
deepcrack_0100,unet,deepcrack,0.5308754993342211,0.6935580320739332,0.8842528416967008,0.5705214202665235,0.6935580320739331
deepcrack_0101,unet,deepcrack,0.6747592567475925,0.8057985098801426,0.7462126893655318,0.8757261045590565,0.8057985098801425
deepcrack_0102,unet,deepcrack,0.781578332944198,0.8773999082628924,0.8207674390094397,0.9424268018018018,0.8773999082628924
deepcrack_0103,unet,deepcrack,0.8758305195512471,0.9338055974915804,0.9198123999084876,0.9482311320754716,0.9338055974915804
deepcrack_0104,unet,deepcrack,0.8976753629073191,0.9460789558147,0.9357671957671958,0.9566205106014712,0.9460789558147
deepcrack_0105,unet,deepcrack,0.9049795759579848,0.9501199775361208,0.9559276761865626,0.944382421597483,0.9501199775361208
deepcrack_0106,unet,deepcrack,0.9086176443246258,0.952121182601919,0.94562693498452,0.9587052476704266,0.952121182601919
deepcrack_0107,unet,deepcrack,0.7097123080250919,0.8302125506072875,0.8031823745410037,0.8591254255040587,0.8302125506072875
deepcrack_0108,unet,deepcrack,0.6947687996263429,0.8198980294887694,0.7753453218660412,0.8698830409356725,0.8198980294887694
deepcrack_0109,unet,deepcrack,0.9052805943178396,0.9502858497773796,0.9890320811625994,0.914461008011358,0.9502858497773796
deepcrack_0110,unet,deepcrack,0.8656075220880279,0.927963156065346,0.9875161827260958,0.8751843960006557,0.927963156065346
deepcrack_0111,unet,deepcrack,0.7258392319013246,0.8411435068626655,0.8637311316820949,0.8197071626434508,0.8411435068626655
deepcrack_0112,unet,deepcrack,0.8223478194455053,0.902514668901928,0.9663435648896068,0.8465953766315458,0.902514668901928
deepcrack_0113,unet,deepcrack,0.8358196304458383,0.9105683549563692,0.9262633853090364,0.8953963497684555,0.9105683549563692
deepcrack_0114,unet,deepcrack,0.8643482877621449,0.927239071621814,0.956709108716944,0.8995303434938761,0.927239071621814
deepcrack_0115,unet,deepcrack,0.7858657243816255,0.8800949742777998,0.9350824083417424,0.8312154283151443,0.8800949742777997
deepcrack_0116,unet,deepcrack,0.7804333552199606,0.8766779761026701,0.8822743467933492,0.8711521547933158,0.8766779761026701
deepcrack_0117,unet,deepcrack,0.8446976493809438,0.9158114877681046,0.9221351616062684,0.909573954207323,0.9158114877681048
deepcrack_0118,unet,deepcrack,0.6313354786806115,0.774010602884971,0.8036354326676908,0.7464922711058264,0.774010602884971
deepcrack_0119,unet,deepcrack,0.6471418489767113,0.7857754927163667,0.8599562363238512,0.7233762818827242,0.7857754927163668
deepcrack_0120,unet,deepcrack,0.8268188302425107,0.9052006871778854,0.9081792541523034,0.902241594022416,0.9052006871778852
deepcrack_0121,unet,deepcrack,0.8177132146204311,0.8997164217581851,0.905239495071762,0.8942603348138025,0.899716421758185
deepcrack_0122,unet,deepcrack,0.8194427545930162,0.9007623378360304,0.9134680591346804,0.888405223585279,0.9007623378360304
deepcrack_0123,unet,deepcrack,0.5967008565084064,0.7474172185430463,0.9924375659514596,0.5994263862332696,0.7474172185430463
deepcrack_0124,unet,deepcrack,0.7271232876712329,0.8420050761421319,0.8577892695539754,0.8267912772585669,0.8420050761421319
deepcrack_0125,unet,deepcrack,0.7093970668115155,0.8299968223705116,0.8373584099166489,0.8227635447291054,0.8299968223705116
deepcrack_0126,unet,deepcrack,0.6576970512389281,0.7935069327020629,0.9860480753067744,0.6638750565866908,0.793506932702063
deepcrack_0127,unet,deepcrack,0.7286252016490411,0.8430111986727499,0.992431640625,0.7326964671953857,0.8430111986727499
deepcrack_0128,unet,deepcrack,0.7348610933299193,0.8471699505571545,0.9874419404782384,0.7417937451537865,0.8471699505571544
deepcrack_0129,unet,deepcrack,0.7442385901491189,0.8533678756476684,0.9454649827784156,0.7776203966005666,0.8533678756476685
deepcrack_0130,unet,deepcrack,0.8447989671707857,0.9158710322419396,0.9409408381265408,0.8921024442496835,0.9158710322419396
deepcrack_0131,unet,deepcrack,0.8444895199459094,0.9156891495601172,0.96280593563307,0.8729687226978857,0.9156891495601172
deepcrack_0132,unet,deepcrack,0.765150184437028,0.8669519355159717,0.9160883280757098,0.8228182848507745,0.8669519355159717
deepcrack_0133,unet,deepcrack,0.7499481650425046,0.8571090047393365,0.859961959106039,0.8542749173358526,0.8571090047393365
deepcrack_0134,unet,deepcrack,0.4601904761904762,0.6303156796243151,0.5193465176268272,0.8015925680159257,0.6303156796243151
deepcrack_0135,unet,deepcrack,0.6117411607738492,0.7591059602649006,0.6361429066944155,0.9409953822473064,0.7591059602649006
deepcrack_0136,unet,deepcrack,0.7237582005623243,0.8397444610574962,0.9578294573643412,0.7475798644724104,0.8397444610574963
deepcrack_0137,unet,deepcrack,0.6802143814202769,0.8096757044125465,0.8564198687910028,0.7677701226684591,0.8096757044125465
deepcrack_0138,unet,deepcrack,0.6724367509986684,0.804140127388535,0.7965299684542587,0.8118971061093248,0.804140127388535
deepcrack_0139,unet,deepcrack,0.6955607476635514,0.820449221441367,0.9252525252525252,0.7369723975739572,0.8204492214413669
deepcrack_0140,unet,deepcrack,0.7964951950254381,0.8867212083071114,0.8873913591132384,0.8860520689221482,0.8867212083071113
deepcrack_0141,unet,deepcrack,0.7731082080354942,0.8720372558559811,0.8095238095238095,0.945013558300693,0.8720372558559811
deepcrack_0142,unet,deepcrack,0.7412392077196547,0.8513927373486948,0.7841504365345869,0.9312490030307864,0.8513927373486947
deepcrack_0143,unet,deepcrack,0.6474025974025974,0.785967678360268,0.74775,0.8283024093049017,0.785967678360268
deepcrack_0144,unet,deepcrack,0.5147058823529411,0.6796116504854369,0.6030405405405406,0.7784561709550807,0.6796116504854368
deepcrack_0145,unet,deepcrack,0.6557283763277694,0.7920724023370375,0.8219210651450309,0.7643157196550961,0.7920724023370375
deepcrack_0146,unet,deepcrack,0.7410126582278481,0.8512432746837284,0.782620320855615,0.933057060886197,0.8512432746837284
deepcrack_0147,unet,deepcrack,0.7065349749695575,0.8280345675097122,0.9971357647508116,0.7079718004338394,0.8280345675097123
deepcrack_0148,unet,deepcrack,0.7434173669467787,0.852827763496144,0.8178736517719568,0.8909029875797247,0.8528277634961439
deepcrack_0149,unet,deepcrack,0.7759942501197892,0.8738702279778767,0.8445893089960886,0.9052543320290664,0.8738702279778768
deepcrack_0150,unet,deepcrack,0.6393006461421513,0.7799675399953628,0.8855738855738856,0.6968650738848226,0.7799675399953628
deepcrack_0151,unet,deepcrack,0.6852589641434262,0.8132387706855791,0.9048490393412626,0.7384730259473586,0.8132387706855793
deepcrack_0152,unet,deepcrack,0.7069195284469503,0.8282986006846436,0.9528810280502972,0.7325260250690461,0.8282986006846434
deepcrack_0153,unet,deepcrack,0.7347762700459796,0.8471135820027151,0.9574747917580008,0.7595641085091583,0.8471135820027151
deepcrack_0154,unet,deepcrack,0.8102316363185929,0.8951690160120432,0.9166199551569508,0.8746991174110724,0.8951690160120432
deepcrack_0155,unet,deepcrack,0.6762928139691068,0.8068910256410257,0.9884662576687115,0.6816720257234726,0.8068910256410255
deepcrack_0156,unet,deepcrack,0.783934548159167,0.8788826349801959,0.8323790720631786,0.9308898211525723,0.8788826349801959
deepcrack_0157,unet,deepcrack,0.733875128998968,0.846514396250279,0.8782031491200988,0.8170328881229355,0.846514396250279
deepcrack_0158,unet,deepcrack,0.8163878163878164,0.89891355692017,0.9046826717375802,0.8932175545646562,0.8989135569201702
deepcrack_0159,unet,deepcrack,0.7056292577984941,0.8274122346016397,0.724728410974038,0.9639970609845702,0.8274122346016397
deepcrack_0160,unet,deepcrack,0.9138437267189624,0.954982597545338,0.9538032292000184,0.9561648860562152,0.954982597545338
deepcrack_0161,unet,deepcrack,0.9410214402735236,0.9696146788990826,0.9759178547684124,0.9633924013709618,0.9696146788990826
deepcrack_0162,unet,deepcrack,0.8227386524436704,0.902749992535308,0.9829957408069708,0.8346169772256729,0.902749992535308
deepcrack_0163,unet,deepcrack,0.9290827928914344,0.9632378623821166,0.965387476480112,0.9610978000435636,0.9632378623821166
deepcrack_0164,unet,deepcrack,0.772216773703692,0.8714698846799243,0.9787089013632718,0.7854109016024197,0.8714698846799243
deepcrack_0165,unet,deepcrack,0.8234891229901178,0.903201573958147,0.9824513618677044,0.8357828533598146,0.9032015739581472
deepcrack_0166,unet,deepcrack,0.9149944134078212,0.9556105302464526,0.9681736498628584,0.943369274721224,0.9556105302464526
deepcrack_0167,unet,deepcrack,0.9441813877253687,0.971289400964826,0.974667481317855,0.9679346557759628,0.971289400964826
deepcrack_0168,unet,deepcrack,0.6911610329624186,0.8173805090006208,0.7271924011486636,0.9331065759637188,0.8173805090006208
deepcrack_0169,unet,deepcrack,0.4350855461794534,0.6063548578518638,0.8931977113795295,0.4589628419763168,0.6063548578518637
deepcrack_0170,unet,deepcrack,0.43216805644644,0.6035158436905161,0.9531388152077808,0.4415499303678217,0.6035158436905163
deepcrack_0171,unet,deepcrack,0.3382638215324927,0.5055263634716434,0.3700265251989389,0.7975986277873071,0.5055263634716435
deepcrack_0172,unet,deepcrack,0.3084525055226136,0.471476808245957,0.3369744697065922,0.7846790890269151,0.4714768082459569
deepcrack_0173,unet,deepcrack,0.592809364548495,0.7443569553805774,0.7450609499789828,0.7436542899097965,0.7443569553805774
deepcrack_0174,unet,deepcrack,0.6720044174489233,0.8038309114927344,0.7687934301958307,0.8422145328719723,0.8038309114927344
deepcrack_0175,unet,deepcrack,0.1388235294117647,0.2438016528925619,0.6573816155988857,0.1496512365250475,0.243801652892562
deepcrack_0176,unet,deepcrack,0.1712398373983739,0.2924078091106291,0.7819025522041764,0.17982924226254,0.2924078091106291
deepcrack_0177,unet,deepcrack,0.1495570609692548,0.2601994560290118,0.875,0.1528221512247071,0.2601994560290117
deepcrack_0178,unet,deepcrack,0.6401561144839549,0.7806038813389032,0.6826674065852756,0.9113470798864056,0.7806038813389033
deepcrack_0179,unet,deepcrack,0.6159174876847291,0.7623130418214727,0.6508866113551326,0.9197701149425288,0.762313041821473
deepcrack_0180,unet,deepcrack,0.8086309835550435,0.8941912318295013,0.8941394486912208,0.8942430209660605,0.8941912318295013
deepcrack_0181,unet,deepcrack,0.6557673348669076,0.7921008236578346,0.6788569484606225,0.9506908051453072,0.7921008236578345
deepcrack_0182,unet,deepcrack,0.7553522099447514,0.8606275204091669,0.761134307585247,0.9900429961529758,0.8606275204091669
deepcrack_0183,unet,deepcrack,0.6116774791473587,0.7590569292696953,0.9363599513579246,0.6382096974720265,0.7590569292696954
deepcrack_0184,unet,deepcrack,0.6943396226415094,0.8195991091314031,0.96304520222046,0.7133458646616542,0.8195991091314031
deepcrack_0185,unet,deepcrack,0.6685363944690843,0.8013446954890158,0.9782401221607177,0.6786281779661016,0.8013446954890158
deepcrack_0186,unet,deepcrack,0.7010754849733641,0.8242732214606476,0.8868404322949778,0.7699525333922066,0.8242732214606476
deepcrack_0187,unet,deepcrack,0.8082964601769912,0.8939866642197345,0.9738771158203384,0.8262098597919494,0.8939866642197346
deepcrack_0188,unet,deepcrack,0.8327228327228328,0.9087275149900068,0.9406896551724138,0.8788659793814433,0.9087275149900066
deepcrack_0189,unet,deepcrack,0.8210578348986654,0.9017372421281216,0.9354233151867845,0.8703930131004367,0.9017372421281216
deepcrack_0190,unet,deepcrack,0.7558813501534265,0.8609708737864078,0.8039405294330956,0.9267103246481816,0.8609708737864078
deepcrack_0191,unet,deepcrack,0.472779805352798,0.6420237480640165,0.484494311983793,0.951346389228886,0.6420237480640165
deepcrack_0192,unet,deepcrack,0.3455949731640267,0.5136686448098065,0.3577720558341238,0.9103448275862068,0.5136686448098065
deepcrack_0193,unet,deepcrack,0.7359540477472626,0.847895770861338,0.7509157509157509,0.9736404654476372,0.8478957708613379
deepcrack_0194,unet,deepcrack,0.6576560865015696,0.7934771173066807,0.7402826855123675,0.8549081840852415,0.7934771173066807
deepcrack_0195,unet,deepcrack,0.415234488785319,0.5868066275599465,0.4159008023340627,0.9961565338923828,0.5868066275599465
deepcrack_0196,unet,deepcrack,0.707876370887338,0.8289550496205488,0.7368202573682026,0.947424606351748,0.8289550496205487
deepcrack_0197,unet,deepcrack,0.7286603735689897,0.8430347391657953,0.7753793545629408,0.9236252545824848,0.8430347391657953
deepcrack_0198,unet,deepcrack,0.5405502607444704,0.7017625773316213,0.6463821094505967,0.7675220222137112,0.7017625773316214
deepcrack_0199,unet,deepcrack,0.6068347149382507,0.7553169088229101,0.6938775510204082,0.8286935427977359,0.75531690882291
deepcrack_0200,unet,deepcrack,0.3251465534667475,0.4907329723133247,0.6508193404814889,0.3938540646425073,0.4907329723133246
deepcrack_0201,unet,deepcrack,0.4339988590986879,0.6052987508950592,0.4740777666999003,0.836963696369637,0.6052987508950594
deepcrack_0202,unet,deepcrack,0.3270029985796202,0.4928444003964321,0.3427626137303556,0.8767277856135401,0.4928444003964322
deepcrack_0203,unet,deepcrack,0.3300123138923094,0.4962545240299638,0.7420085577649131,0.3727870510875063,0.4962545240299637
deepcrack_0204,unet,deepcrack,0.3229551451187335,0.4882329477463103,0.6777408637873754,0.3815461346633416,0.4882329477463104
deepcrack_0205,unet,deepcrack,0.4625761012295571,0.6325497877897486,0.6616015024756702,0.6059421422986708,0.6325497877897487
deepcrack_0206,unet,deepcrack,0.5340056573607183,0.6962238435019642,0.7414617486338798,0.656188605108055,0.6962238435019642
deepcrack_0207,unet,deepcrack,0.6213271064409418,0.7664426308209313,0.7425581395348837,0.7919146825396826,0.7664426308209313
deepcrack_0208,unet,deepcrack,0.6272974812797821,0.7709684166492365,0.6971817665973141,0.8622222222222222,0.7709684166492364
deepcrack_0209,unet,deepcrack,0.5419571391686031,0.702947086403215,0.5954609929078014,0.8577850429096854,0.7029470864032151
deepcrack_0210,unet,deepcrack,0.5742200328407225,0.7295295712944613,0.7154255319148937,0.744200893807193,0.7295295712944613
deepcrack_0211,unet,deepcrack,0.0295541401273885,0.0574115317990596,0.4312267657992565,0.0307529162248144,0.0574115317990596
deepcrack_0212,unet,deepcrack,0.2601291837933059,0.412861136999068,0.2792016806722689,0.7920143027413588,0.412861136999068
deepcrack_0213,unet,deepcrack,0.5481874447391689,0.7081667618503712,0.5686582809224319,0.9383783783783785,0.7081667618503713
deepcrack_0214,unet,deepcrack,0.3339968483038898,0.5007460830639144,0.3375806857238662,0.9691937424789412,0.5007460830639144
deepcrack_0215,unet,deepcrack,0.4911060948081264,0.6587138185781761,0.505859375,0.943943075321069,0.6587138185781761
deepcrack_0216,unet,deepcrack,0.4477554179566563,0.6185511895215183,0.4540816326530612,0.9698239731768652,0.6185511895215183
deepcrack_0217,unet,deepcrack,0.5887524420876361,0.7411506368028107,0.5895751816657351,0.9976353747930952,0.7411506368028108
deepcrack_0218,unet,deepcrack,0.6008150789607744,0.7506364562118126,0.6096350666804508,0.9764861732074848,0.7506364562118126
deepcrack_0219,unet,deepcrack,0.5020117044623262,0.668452453427493,0.5171439336850038,0.9449225473321858,0.6684524534274929
deepcrack_0220,unet,deepcrack,0.5869838728125357,0.7397477477477478,0.6019235280319024,0.9594316694709292,0.7397477477477478
deepcrack_0221,unet,deepcrack,0.6190416457601605,0.7647013248624778,0.6275432349949135,0.9785841760856632,0.7647013248624777
deepcrack_0222,unet,deepcrack,0.6197450501762951,0.7652377762893503,0.6238056238056238,0.9896058899956692,0.7652377762893503
deepcrack_0223,unet,deepcrack,0.6808938547486033,0.8101568731720287,0.6862612612612613,0.9886437378325762,0.8101568731720287
deepcrack_0224,unet,deepcrack,0.6069878713697563,0.755435535244426,0.6318044938614779,0.9392217630853994,0.755435535244426
deepcrack_0225,unet,deepcrack,0.2837338262476894,0.4420446364290856,0.4763382467028704,0.412357286769644,0.4420446364290856
deepcrack_0226,unet,deepcrack,0.4559106661532537,0.6262893414440625,0.5154549412276883,0.7978436657681941,0.6262893414440623
deepcrack_0227,unet,deepcrack,0.8525449101796407,0.9204040404040404,0.890539483971853,0.9523411371237458,0.9204040404040404
deepcrack_0228,unet,deepcrack,0.8540556542332741,0.9212837298419287,0.9088045361474248,0.9341104095839404,0.9212837298419287
deepcrack_0229,unet,deepcrack,0.7893042832384254,0.8822471288224712,0.8197480071997942,0.9550629119233074,0.8822471288224714
deepcrack_0230,unet,deepcrack,0.8276380829572318,0.9056914393226716,0.9525105119960424,0.8632593588881416,0.9056914393226716
deepcrack_0231,unet,deepcrack,0.8017222820236813,0.8899510096785757,0.8847707293894037,0.8951923076923077,0.8899510096785758
deepcrack_0232,unet,deepcrack,0.7684268426842684,0.8690513219284604,0.8155283129013426,0.930093209054594,0.8690513219284604
deepcrack_0233,unet,deepcrack,0.8496178285293305,0.9186955439382624,0.9226922692269228,0.9147332936744,0.9186955439382624
deepcrack_0234,unet,deepcrack,0.8593090003249215,0.924331566377352,0.9723039215686274,0.8808704341068058,0.9243315663773518
deepcrack_0235,unet,deepcrack,0.8794076914882284,0.93583493934928,0.9763453577764636,0.8985523021661043,0.93583493934928
deepcrack_0236,unet,deepcrack,0.4988022902547324,0.6656011850234861,0.9788465948177024,0.504237663526563,0.6656011850234861
deepcrack_0000,yolov8seg,deepcrack,0.2448509485094851,0.3933819527593338,0.3343200740055504,0.4777895293495505,0.3933819527593338
deepcrack_0001,yolov8seg,deepcrack,0.3409909549347634,0.5085656300364114,0.5665647027530256,0.4613385315139701,0.5085656300364113
deepcrack_0002,yolov8seg,deepcrack,0.2839423148770829,0.4422976197404411,0.4939555440010399,0.4004214963119072,0.4422976197404411
deepcrack_0003,yolov8seg,deepcrack,0.1571338780641106,0.271591526344378,0.3410059676044331,0.2256572266726842,0.271591526344378
deepcrack_0004,yolov8seg,deepcrack,0.4155711550733886,0.5871427283382923,0.7222715173025732,0.4946073218897159,0.5871427283382923
deepcrack_0005,yolov8seg,deepcrack,0.2051809210526315,0.3404981235073354,0.3613323678493845,0.3219354838709677,0.3404981235073354
deepcrack_0006,yolov8seg,deepcrack,0.4273919378338999,0.5988431439265056,0.5944607070479622,0.603290676416819,0.5988431439265057
deepcrack_0007,yolov8seg,deepcrack,0.3868603230623049,0.5578937065674856,0.5747126436781609,0.5420311905667554,0.5578937065674856
deepcrack_0008,yolov8seg,deepcrack,0.3836682541526309,0.5545668233713902,0.5848087818696884,0.5272988505747126,0.5545668233713902
deepcrack_0009,yolov8seg,deepcrack,0.2047265002655337,0.3398721622217324,0.2925996204933586,0.4053627760252365,0.3398721622217324
deepcrack_0010,yolov8seg,deepcrack,0.2552671181339352,0.4067136220590439,0.3087599544937429,0.5956979806848113,0.4067136220590439
deepcrack_0011,yolov8seg,deepcrack,0.5091333074232414,0.6747360288436776,0.6499627883899777,0.7014725568942436,0.6747360288436776
deepcrack_0012,yolov8seg,deepcrack,0.522926751422948,0.6867392025707749,0.7850896458092081,0.6102868140054631,0.6867392025707748
deepcrack_0013,yolov8seg,deepcrack,0.5314367816091954,0.6940368521784817,0.7135030864197531,0.6756045882954629,0.6940368521784817
deepcrack_0014,yolov8seg,deepcrack,0.3657103782674913,0.5355606636473292,0.4912119567486327,0.5887120984689282,0.5355606636473293
deepcrack_0015,yolov8seg,deepcrack,0.3463332647321122,0.514483707421467,0.5170789163722026,0.5119144189819509,0.514483707421467
deepcrack_0016,yolov8seg,deepcrack,0.4235461781778998,0.5950578698051472,0.6143490975093274,0.5769412878787878,0.5950578698051473
deepcrack_0017,yolov8seg,deepcrack,0.4731710308456491,0.6423843816342671,0.6829527349973447,0.6063654223968565,0.6423843816342671
deepcrack_0018,yolov8seg,deepcrack,0.4304761085544707,0.601864101022249,0.5977663640707119,0.6060184063938,0.601864101022249
deepcrack_0019,yolov8seg,deepcrack,0.4364019919767603,0.6076321174912724,0.7084947504351243,0.5319086157477659,0.6076321174912723
deepcrack_0020,yolov8seg,deepcrack,0.4169297643559826,0.588497432750993,0.6741639538324948,0.5221477279239012,0.588497432750993
deepcrack_0021,yolov8seg,deepcrack,0.4292594347070898,0.6006739214494835,0.693760367487559,0.5296123124878239,0.6006739214494834
deepcrack_0022,yolov8seg,deepcrack,0.4435926676803514,0.6145676375499217,0.5492221205386325,0.6975624335812965,0.6145676375499218
deepcrack_0023,yolov8seg,deepcrack,0.4361285848729506,0.6073670414568532,0.6603915097877447,0.562224634442245,0.6073670414568532
deepcrack_0024,yolov8seg,deepcrack,0.5193163193631468,0.6836184311912468,0.7716795685831086,0.6135970675703714,0.6836184311912468
deepcrack_0025,yolov8seg,deepcrack,0.3403678882076144,0.5078723404255319,0.5402897238569488,0.4791248494580489,0.5078723404255319
deepcrack_0026,yolov8seg,deepcrack,0.4837611824192921,0.6520741857264565,0.6931865682039849,0.6155654540955209,0.6520741857264565
deepcrack_0027,yolov8seg,deepcrack,0.1452320058458165,0.2536289679374701,0.2779720279720279,0.2332062188325022,0.2536289679374701
deepcrack_0028,yolov8seg,deepcrack,0.1772748459267699,0.301161358437445,0.346632911392405,0.2662362915143501,0.3011613584374449
deepcrack_0029,yolov8seg,deepcrack,0.532075027929676,0.6945809026711698,0.8879403395152585,0.5703750393948944,0.6945809026711699
deepcrack_0030,yolov8seg,deepcrack,0.5231544274365433,0.6869355043887546,0.9035388605371036,0.5541018931814684,0.6869355043887547
deepcrack_0031,yolov8seg,deepcrack,0.6812186196919411,0.810386717959101,0.8876691062319805,0.745483330229093,0.8103867179591011
deepcrack_0032,yolov8seg,deepcrack,0.4899041403222516,0.6576317590691307,0.6062594649167087,0.7185163027221059,0.6576317590691307
deepcrack_0033,yolov8seg,deepcrack,0.4104100106496273,0.5819726285983955,0.5473104917450736,0.6213220475614671,0.5819726285983954
deepcrack_0034,yolov8seg,deepcrack,0.3379899633798996,0.5052204764318297,0.501610305958132,0.5088829895854605,0.5052204764318297
deepcrack_0035,yolov8seg,deepcrack,0.3900831183720263,0.5612371134020618,0.5092609915809168,0.6250287026406429,0.5612371134020618
deepcrack_0036,yolov8seg,deepcrack,0.622614383783201,0.7674212554822133,0.8050469374477182,0.7331555781276452,0.7674212554822132
deepcrack_0037,yolov8seg,deepcrack,0.5918401332223148,0.7435924259859817,0.8797963008805744,0.6439072367739932,0.7435924259859817
deepcrack_0038,yolov8seg,deepcrack,0.4383721472908013,0.609539260220636,0.8768261376896149,0.4671391271913465,0.609539260220636
deepcrack_0039,yolov8seg,deepcrack,0.4079082792790636,0.5794529164754084,0.8818172410224568,0.4314976579313837,0.5794529164754085
deepcrack_0040,yolov8seg,deepcrack,0.3167307692307692,0.4810866072732583,0.4518518518518518,0.514366021236727,0.4810866072732583
deepcrack_0041,yolov8seg,deepcrack,0.6786037416455069,0.8085335744340508,0.8852802314955833,0.744032,0.8085335744340508
deepcrack_0042,yolov8seg,deepcrack,0.8065225977543306,0.8929006465315301,0.9241312429287216,0.8637118946191727,0.8929006465315301
deepcrack_0043,yolov8seg,deepcrack,0.4887060252940851,0.6565514171242024,0.6544150273628162,0.6587018013994342,0.6565514171242025
deepcrack_0044,yolov8seg,deepcrack,0.7397549978053549,0.8504128440366973,0.9039005363237446,0.8029016890428757,0.8504128440366973
deepcrack_0045,yolov8seg,deepcrack,0.6634082763115021,0.7976493633692459,0.7570180330916527,0.8428896708755951,0.7976493633692457
deepcrack_0046,yolov8seg,deepcrack,0.3525378745991374,0.5212983402828878,0.4682726204465335,0.5878664945602066,0.5212983402828878
deepcrack_0047,yolov8seg,deepcrack,0.3065702378033831,0.4692747912562154,0.4229663453407745,0.5269700800674252,0.4692747912562154
deepcrack_0048,yolov8seg,deepcrack,0.3943387018057589,0.5656282814140707,0.5182809493264914,0.6224961479198767,0.5656282814140706
deepcrack_0049,yolov8seg,deepcrack,0.4293090356871678,0.6007224819379515,0.5984335309060118,0.6030290102389079,0.6007224819379514
deepcrack_0050,yolov8seg,deepcrack,0.4590583418628454,0.6292528937215013,0.5905200789993417,0.6734234234234234,0.6292528937215013
deepcrack_0051,yolov8seg,deepcrack,0.0835423983943803,0.1542023616577911,0.1549557933922754,0.1534562211981567,0.1542023616577911
deepcrack_0052,yolov8seg,deepcrack,0.5411383868357162,0.7022580080518117,0.6168511685116851,0.81511580658269,0.7022580080518117
deepcrack_0053,yolov8seg,deepcrack,0.5963322091062394,0.7471279545754654,0.6759856630824372,0.8350059031877214,0.7471279545754655
deepcrack_0054,yolov8seg,deepcrack,0.5429726996966633,0.7038007863695938,0.6699101796407185,0.7413031474323578,0.7038007863695938
deepcrack_0055,yolov8seg,deepcrack,0.4284610232366428,0.5998917944093778,0.5968992248062015,0.6029145218589139,0.5998917944093779
deepcrack_0056,yolov8seg,deepcrack,0.1214351425942962,0.2165709598031173,0.2533589251439539,0.1891117478510028,0.2165709598031173
deepcrack_0057,yolov8seg,deepcrack,0.0062810782517665,0.012483745123537,0.0154241645244215,0.0104849279161205,0.012483745123537
deepcrack_0058,yolov8seg,deepcrack,0.0330940988835725,0.0640679274411424,0.076076993583868,0.0553333333333333,0.0640679274411424
deepcrack_0059,yolov8seg,deepcrack,0.4266399599399099,0.5981045981045982,0.5748987854251012,0.6232626188734455,0.598104598104598
deepcrack_0060,yolov8seg,deepcrack,0.468689094144564,0.6382414031848603,0.6619195787458114,0.616198752228164,0.6382414031848603
deepcrack_0061,yolov8seg,deepcrack,0.5579856115107914,0.7162910971555227,0.6747477090824731,0.7632856580501246,0.7162910971555227
deepcrack_0062,yolov8seg,deepcrack,0.2598485261265188,0.4125075685494334,0.4043238660449343,0.4210293987816721,0.4125075685494334
deepcrack_0063,yolov8seg,deepcrack,0.4057052297939778,0.5772266065388951,0.5615512854259893,0.5938021896455743,0.5772266065388951
deepcrack_0064,yolov8seg,deepcrack,0.55602793805041,0.7146760343481655,0.6972581873571972,0.732986389111289,0.7146760343481654
deepcrack_0065,yolov8seg,deepcrack,0.4431469485168769,0.6141397436654658,0.6453574975173784,0.5858028169014085,0.6141397436654658
deepcrack_0066,yolov8seg,deepcrack,0.2593654611044306,0.4118986412045538,0.4412273800157356,0.3862258953168044,0.4118986412045537
deepcrack_0067,yolov8seg,deepcrack,0.5326655373057376,0.6950838579460811,0.7712488002559454,0.6326102169349195,0.695083857946081
deepcrack_0068,yolov8seg,deepcrack,0.3980176552578597,0.5694029024038995,0.5810535835405833,0.5582102519548219,0.5694029024038993
deepcrack_0069,yolov8seg,deepcrack,0.084372003835091,0.1556145004420866,0.173313638601674,0.1411953469715202,0.1556145004420866
deepcrack_0070,yolov8seg,deepcrack,0.4068609092951838,0.5783953575041261,0.6976624711019779,0.4939528962444303,0.5783953575041261
deepcrack_0071,yolov8seg,deepcrack,0.439524358860591,0.6106522007150783,0.7209606986899564,0.5296193327630453,0.6106522007150782
deepcrack_0072,yolov8seg,deepcrack,0.3905822069087375,0.5617534942820839,0.6965495509689618,0.4706696476099223,0.5617534942820839
deepcrack_0073,yolov8seg,deepcrack,0.1439412484700122,0.2516584635138027,0.6629086809470124,0.1553090332805071,0.2516584635138026
deepcrack_0074,yolov8seg,deepcrack,0.3685035842293906,0.5385496807988214,0.7429990966576332,0.4223363286264441,0.5385496807988214
deepcrack_0075,yolov8seg,deepcrack,0.1595820229278685,0.2752405949256343,0.6665254237288135,0.1734288864388092,0.2752405949256343
deepcrack_0076,yolov8seg,deepcrack,0.3374352331606217,0.5046004842615012,0.816401149125098,0.3651442588482654,0.5046004842615012
deepcrack_0077,yolov8seg,deepcrack,0.2361720807726075,0.3821022727272727,0.6922285126093669,0.2638807141455758,0.3821022727272727
deepcrack_0078,yolov8seg,deepcrack,0.4047294224647567,0.5762382648106184,0.5905773059057731,0.5625790139064475,0.5762382648106184
deepcrack_0079,yolov8seg,deepcrack,0.5481309956996361,0.7081196581196582,0.7879220161673799,0.6429957314707023,0.708119658119658
deepcrack_0080,yolov8seg,deepcrack,0.5504966887417219,0.7100907634810465,0.8410623946037099,0.6144133045888512,0.7100907634810465
deepcrack_0081,yolov8seg,deepcrack,0.3974380726162199,0.5688095671705214,0.5944677071437635,0.5452746741154563,0.5688095671705214
deepcrack_0082,yolov8seg,deepcrack,0.4174035817789998,0.5889692775505925,0.6082295614510016,0.5708913507470271,0.5889692775505924
deepcrack_0083,yolov8seg,deepcrack,0.5173748570423155,0.6819341372912802,0.7033006457785219,0.6618275939680396,0.6819341372912802
deepcrack_0084,yolov8seg,deepcrack,0.4957609334340636,0.6628879286155227,0.6752801280585411,0.6509423564421911,0.6628879286155228
deepcrack_0085,yolov8seg,deepcrack,0.6984501612776336,0.8224558803094169,0.8795323954824649,0.7723357981731187,0.8224558803094169
deepcrack_0086,yolov8seg,deepcrack,0.5108204888681301,0.6762159934047816,0.6639012545528127,0.6889962200755985,0.6762159934047816
deepcrack_0087,yolov8seg,deepcrack,0.3093000420816383,0.4724662524105421,0.5301755229622506,0.4260869565217391,0.4724662524105421
deepcrack_0088,yolov8seg,deepcrack,0.3535700649102711,0.522425952045134,0.6396500115127792,0.4415130324221233,0.522425952045134
deepcrack_0089,yolov8seg,deepcrack,0.2601398601398601,0.4128745837957824,0.3108418633799875,0.6146220570012392,0.4128745837957824
deepcrack_0090,yolov8seg,deepcrack,0.3265056844874565,0.4922793596826746,0.3831734480097034,0.6882551000198059,0.4922793596826746
deepcrack_0091,yolov8seg,deepcrack,0.1617784920316057,0.2785014409221902,0.3725520431765613,0.2223653934652554,0.2785014409221902
deepcrack_0092,yolov8seg,deepcrack,0.220442536327609,0.361250169124611,0.4763603925066904,0.2909447531873161,0.361250169124611
deepcrack_0093,yolov8seg,deepcrack,0.3542205187628131,0.5231356545777661,0.7965524153136901,0.3894551156409251,0.5231356545777661
deepcrack_0094,yolov8seg,deepcrack,0.5245002855511136,0.6880947029294973,0.8469199557358909,0.5794321766561514,0.6880947029294973
deepcrack_0095,yolov8seg,deepcrack,0.6101589667163437,0.7578866178172001,0.8745105019579922,0.6687083163195863,0.7578866178172002
deepcrack_0096,yolov8seg,deepcrack,0.2207854080174232,0.3617104309527791,0.4830975428145942,0.2890750311887364,0.3617104309527792
deepcrack_0097,yolov8seg,deepcrack,0.4350287188878715,0.6062996693543709,0.8427672955974843,0.4734553361116144,0.606299669354371
deepcrack_0098,yolov8seg,deepcrack,0.4614878750513769,0.6315315822037235,0.8129163046626122,0.5163248413501333,0.6315315822037234
deepcrack_0099,yolov8seg,deepcrack,0.4162632375189107,0.5878331463974791,0.7191583899634083,0.4970644024929997,0.5878331463974791
deepcrack_0100,yolov8seg,deepcrack,0.3098512881379599,0.4731091093225308,0.5854881266490766,0.3969233521151954,0.4731091093225308
deepcrack_0101,yolov8seg,deepcrack,0.3545657539076272,0.5235120596911331,0.5161676646706587,0.5310684738602359,0.5235120596911331
deepcrack_0102,yolov8seg,deepcrack,0.3408471870010331,0.5084057158868031,0.5059955382041271,0.510838963963964,0.508405715886803
deepcrack_0103,yolov8seg,deepcrack,0.6489108910891089,0.7870781794163564,0.8018106190359677,0.772877358490566,0.7870781794163564
deepcrack_0104,yolov8seg,deepcrack,0.8648376033891466,0.9275205538727824,0.9275205538727824,0.9275205538727824,0.9275205538727824
deepcrack_0105,yolov8seg,deepcrack,0.7967540341386065,0.8868815864610912,0.9077577045696068,0.8669440779458033,0.8868815864610913
deepcrack_0106,yolov8seg,deepcrack,0.6313703284258211,0.7740367927802846,0.7826915363016446,0.7655713585090731,0.7740367927802846
deepcrack_0107,yolov8seg,deepcrack,0.4108956602031394,0.5824607329842932,0.5823082962575242,0.5826132495417649,0.5824607329842932
deepcrack_0108,yolov8seg,deepcrack,0.3919235271166602,0.5631394533987386,0.5407806191117093,0.5874269005847953,0.5631394533987385
deepcrack_0109,yolov8seg,deepcrack,0.8261015970752357,0.9047706857037486,0.9415538132573058,0.8707534732785721,0.9047706857037486
deepcrack_0110,yolov8seg,deepcrack,0.7980651105651105,0.88769322743189,0.9267118402282454,0.8518275692509425,0.88769322743189
deepcrack_0111,yolov8seg,deepcrack,0.7354391481455014,0.8475539449843519,0.8834234698257362,0.8144835773644638,0.8475539449843518
deepcrack_0112,yolov8seg,deepcrack,0.7424305846239709,0.8521780909673287,0.8681677271985642,0.8367667872306966,0.8521780909673287
deepcrack_0113,yolov8seg,deepcrack,0.6695295878969348,0.8020577685482349,0.8350859950859951,0.7715427222373559,0.8020577685482349
deepcrack_0114,yolov8seg,deepcrack,0.686077807682897,0.8138151211725438,0.8571428571428571,0.7746569665715075,0.8138151211725438
deepcrack_0115,yolov8seg,deepcrack,0.2974578037091061,0.4585240504296153,0.4953157529493407,0.4268201524891613,0.4585240504296153
deepcrack_0116,yolov8seg,deepcrack,0.3915343915343915,0.5627376425855514,0.5847029077117573,0.5423629434183523,0.5627376425855514
deepcrack_0117,yolov8seg,deepcrack,0.5700468258232901,0.7261526426441108,0.7351019600079193,0.7174186068978843,0.7261526426441111
deepcrack_0118,yolov8seg,deepcrack,0.3773131014063656,0.5478973532177885,0.6297096973440395,0.4848989298454221,0.5478973532177885
deepcrack_0119,yolov8seg,deepcrack,0.462204894953433,0.6322026366464227,0.7238805970149254,0.5611359453063371,0.6322026366464227
deepcrack_0120,yolov8seg,deepcrack,0.4857176033441709,0.6538491598280578,0.6565688274996075,0.6511519302615193,0.6538491598280577
deepcrack_0121,yolov8seg,deepcrack,0.2986370630907892,0.459923825645366,0.4557960073813119,0.4641270925862658,0.4599238256453661
deepcrack_0122,yolov8seg,deepcrack,0.4062736205593348,0.5778016662187584,0.588799123647816,0.5672074924152486,0.5778016662187583
deepcrack_0123,yolov8seg,deepcrack,0.4913501316284317,0.6589332997099987,0.8104838709677419,0.5551306564690885,0.6589332997099986
deepcrack_0124,yolov8seg,deepcrack,0.3236219395431541,0.4889945230960008,0.4866310160427807,0.4913811007268951,0.4889945230960008
deepcrack_0125,yolov8seg,deepcrack,0.4681384061374667,0.6377306174682734,0.647887323943662,0.627887442251155,0.6377306174682734
deepcrack_0126,yolov8seg,deepcrack,0.3908204562178072,0.5619998677336155,0.6760540970564837,0.4808736985061113,0.5619998677336155
deepcrack_0127,yolov8seg,deepcrack,0.5069159446724426,0.6727859592495461,0.7638570774163994,0.6011175198269647,0.6727859592495461
deepcrack_0128,yolov8seg,deepcrack,0.4091387660560118,0.5806933652121936,0.6882748848742473,0.5021969501163092,0.5806933652121937
deepcrack_0129,yolov8seg,deepcrack,0.352610153256705,0.5213773568203948,0.595792029132106,0.4634875668870003,0.5213773568203948
deepcrack_0130,yolov8seg,deepcrack,0.5666292495189224,0.7233737652899329,0.7623516720604099,0.6881877495374428,0.7233737652899329
deepcrack_0131,yolov8seg,deepcrack,0.5760813499373665,0.7310299686754874,0.7862818062958865,0.6830333741044906,0.7310299686754873
deepcrack_0132,yolov8seg,deepcrack,0.4121295658166781,0.5836993655441679,0.603918400323167,0.5647903286739705,0.5836993655441679
deepcrack_0133,yolov8seg,deepcrack,0.42429368973101,0.5957952250861147,0.5992831541218638,0.5923476617855455,0.5957952250861147
deepcrack_0134,yolov8seg,deepcrack,0.0319920844327176,0.0620006391818472,0.0598027127003699,0.0643662906436629,0.0620006391818472
deepcrack_0135,yolov8seg,deepcrack,0.2077047413793103,0.3439660941333928,0.3042620363062352,0.3955874807593638,0.3439660941333928
deepcrack_0136,yolov8seg,deepcrack,0.328165857302951,0.4941639713120517,0.589795233299765,0.425217812197483,0.4941639713120517
deepcrack_0137,yolov8seg,deepcrack,0.1229560416224251,0.2189863842662632,0.2503783783783784,0.1945891446815661,0.2189863842662632
deepcrack_0138,yolov8seg,deepcrack,0.2382528833831695,0.3848210435532557,0.4150697674418604,0.3586816720257235,0.3848210435532557
deepcrack_0139,yolov8seg,deepcrack,0.4292554230994723,0.6006699938469953,0.670891875381796,0.5437554152741676,0.6006699938469953
deepcrack_0140,yolov8seg,deepcrack,0.3016619103575625,0.4635027082795976,0.4755855498213577,0.4520186140108162,0.4635027082795976
deepcrack_0141,yolov8seg,deepcrack,0.4954672635702294,0.6626253554857058,0.6583878643664486,0.6669177463091293,0.6626253554857058
deepcrack_0142,yolov8seg,deepcrack,0.4107042253521126,0.5822683706070287,0.5831067029275316,0.5814324453660871,0.5822683706070287
deepcrack_0143,yolov8seg,deepcrack,0.1528056112224448,0.2651021295089091,0.2779465370595382,0.2533924120742176,0.2651021295089091
deepcrack_0144,yolov8seg,deepcrack,0.3367515712868011,0.5038356842365751,0.5823798627002288,0.4439598778892281,0.503835684236575
deepcrack_0145,yolov8seg,deepcrack,0.1461614871576557,0.2550451900458091,0.2898142937535171,0.2277249613088658,0.255045190045809
deepcrack_0146,yolov8seg,deepcrack,0.5421004979628792,0.7030676647585499,0.6515233949945594,0.763468281797896,0.7030676647585498
deepcrack_0147,yolov8seg,deepcrack,0.3228475130221632,0.4881099444101297,0.5668938307030129,0.4285520607375271,0.4881099444101297
deepcrack_0148,yolov8seg,deepcrack,0.5524387161991408,0.7117043789679309,0.690897597977244,0.7338032896945283,0.711704378967931
deepcrack_0149,yolov8seg,deepcrack,0.5571049136786188,0.7155650319829424,0.7280879375180792,0.703465623253214,0.7155650319829424
deepcrack_0150,yolov8seg,deepcrack,0.2306623931623931,0.3748589287264519,0.5046750818139317,0.2981632371219445,0.3748589287264519
deepcrack_0151,yolov8seg,deepcrack,0.2238762405137186,0.3658478416408299,0.5064377682403434,0.2863543027814075,0.3658478416408299
deepcrack_0152,yolov8seg,deepcrack,0.6304793517524163,0.7733668642596252,0.886235762316454,0.6859995751009136,0.7733668642596252
deepcrack_0153,yolov8seg,deepcrack,0.5959534028203556,0.7468305800998848,0.834096109839817,0.6760955251565036,0.7468305800998847
deepcrack_0154,yolov8seg,deepcrack,0.4686245717082721,0.6381815757898947,0.6362307283359915,0.6401444236426852,0.6381815757898948
deepcrack_0155,yolov8seg,deepcrack,0.4806265457543281,0.6492204899777283,0.7187178960345182,0.5919783381282789,0.6492204899777283
deepcrack_0156,yolov8seg,deepcrack,0.4377315933623328,0.6089197669206634,0.618202502844141,0.5999116802826231,0.6089197669206633
deepcrack_0157,yolov8seg,deepcrack,0.2956817479130166,0.4564110722239898,0.5114993760028526,0.4120350423667959,0.4564110722239898
deepcrack_0158,yolov8seg,deepcrack,0.2794553464156988,0.4368348566420433,0.4681964573268921,0.4094109363999061,0.4368348566420432
deepcrack_0159,yolov8seg,deepcrack,0.2878378378378378,0.44700944386149,0.4265687583444593,0.4695077149155033,0.44700944386149
deepcrack_0160,yolov8seg,deepcrack,0.6782302270947533,0.8082683962484252,0.8227806013394766,0.7942592507680315,0.8082683962484251
deepcrack_0161,yolov8seg,deepcrack,0.9296030812025248,0.963517409625194,0.9769507533168428,0.9504484795449574,0.963517409625194
deepcrack_0162,yolov8seg,deepcrack,0.7586033991343819,0.8627339165928838,0.9451861107457582,0.7935127674258109,0.8627339165928838
deepcrack_0163,yolov8seg,deepcrack,0.8354631319946028,0.9103567567567568,0.9037132431852328,0.9170986713134394,0.9103567567567566
deepcrack_0164,yolov8seg,deepcrack,0.7404481243877002,0.8508706625751276,0.9764534277974578,0.7539095179870005,0.8508706625751276
deepcrack_0165,yolov8seg,deepcrack,0.7551786057846469,0.8605148254380035,0.9602071186855302,0.7795762992386627,0.8605148254380036
deepcrack_0166,yolov8seg,deepcrack,0.853163566834695,0.92076445069762,0.9374492670582056,0.9046631646852824,0.9207644506976198
deepcrack_0167,yolov8seg,deepcrack,0.8296679225444669,0.9069054688248251,0.9311175574020356,0.8839206534422404,0.9069054688248251
deepcrack_0168,yolov8seg,deepcrack,0.4927617973303252,0.6602015113350126,0.594061650045331,0.7429138321995464,0.6602015113350126
deepcrack_0169,yolov8seg,deepcrack,0.2917752442996743,0.4517430498644644,0.9903261470425648,0.2926092282564312,0.4517430498644645
deepcrack_0170,yolov8seg,deepcrack,0.3226419577096697,0.4878749775462547,0.9065420560747663,0.333742934381912,0.4878749775462546
deepcrack_0171,yolov8seg,deepcrack,0.1173069750093248,0.2099816391253547,0.2523064580826313,0.1798170383076043,0.2099816391253547
deepcrack_0172,yolov8seg,deepcrack,0.0528150601359595,0.1003311258278145,0.1139526137645731,0.0896184560780834,0.1003311258278145
deepcrack_0173,yolov8seg,deepcrack,0.1856472166331321,0.3131575970132368,0.3398821218074656,0.29032934759807,0.3131575970132368
deepcrack_0174,yolov8seg,deepcrack,0.0,0.0,0.0,0.0,0.0
deepcrack_0175,yolov8seg,deepcrack,0.0,0.0,0.0,0.0,0.0
deepcrack_0176,yolov8seg,deepcrack,0.0016570008285004,0.0033085194375516,0.0073529411764705,0.0021344717182497,0.0033085194375516
deepcrack_0177,yolov8seg,deepcrack,0.0,0.0,0.0,0.0,0.0
deepcrack_0178,yolov8seg,deepcrack,0.4547754034016572,0.6252173391690149,0.6076923076923076,0.6437831831090258,0.6252173391690149
deepcrack_0179,yolov8seg,deepcrack,0.3409898824172819,0.5085644371941273,0.4569439355075119,0.5733333333333334,0.5085644371941273
deepcrack_0180,yolov8seg,deepcrack,0.6835151636472826,0.8120095124851368,0.8341272749480885,0.7910344028726978,0.8120095124851366
deepcrack_0181,yolov8seg,deepcrack,0.630189334722946,0.773148641449121,0.6994409099672257,0.8642210576464984,0.7731486414491211
deepcrack_0182,yolov8seg,deepcrack,0.5938147892190739,0.7451490514905149,0.7151477320016646,0.7777777777777778,0.7451490514905149
deepcrack_0183,yolov8seg,deepcrack,0.4107864100736517,0.5823509599191647,0.745740780677162,0.4776902887139108,0.5823509599191646
deepcrack_0184,yolov8seg,deepcrack,0.3907407407407407,0.5619174434087882,0.6484326982175783,0.4957706766917293,0.5619174434087882
deepcrack_0185,yolov8seg,deepcrack,0.3931192660550459,0.5643727362528811,0.7458659704090513,0.4539194915254237,0.5643727362528812
deepcrack_0186,yolov8seg,deepcrack,0.4988471825140643,0.6656411518582328,0.7519810927290421,0.597085771056408,0.6656411518582329
deepcrack_0187,yolov8seg,deepcrack,0.4573002754820937,0.6275992438563327,0.7087959009393681,0.5630936227951153,0.6275992438563327
deepcrack_0188,yolov8seg,deepcrack,0.4537493158182813,0.6242469879518072,0.6583545108005082,0.5934994272623139,0.6242469879518071
deepcrack_0189,yolov8seg,deepcrack,0.6275610866595842,0.7711674748228273,0.8271654330866173,0.7222707423580786,0.7711674748228273
deepcrack_0190,yolov8seg,deepcrack,0.6530632911392406,0.7901249693702523,0.7050399037935935,0.8985648599693465,0.7901249693702523
deepcrack_0191,yolov8seg,deepcrack,0.0,0.0,0.0,0.0,0.0
deepcrack_0192,yolov8seg,deepcrack,0.3302039020096817,0.4964711071901191,0.3649481193255512,0.7762068965517241,0.4964711071901191
deepcrack_0193,yolov8seg,deepcrack,0.5513956209259568,0.7108381814264167,0.6505620193255768,0.7834243647589646,0.7108381814264166
deepcrack_0194,yolov8seg,deepcrack,0.6390622364648338,0.7797900802634287,0.7139626907857547,0.8589888914078441,0.7797900802634287
deepcrack_0195,yolov8seg,deepcrack,0.4877901109989909,0.6557243624525231,0.535920177383592,0.8445143256464012,0.6557243624525231
deepcrack_0196,yolov8seg,deepcrack,0.3864767461815686,0.5574947394479515,0.5198522622345337,0.6010141446490526,0.5574947394479515
deepcrack_0197,yolov8seg,deepcrack,0.5411340544083907,0.7022543598468737,0.6029948867786705,0.8406313645621182,0.7022543598468737
deepcrack_0198,yolov8seg,deepcrack,0.4940428109854604,0.6613502737041292,0.7026134405514073,0.6246648793565683,0.6613502737041292
deepcrack_0199,yolov8seg,deepcrack,0.3906200063918185,0.5617925883366849,0.5588705989940558,0.5647452928266143,0.5617925883366849
deepcrack_0200,yolov8seg,deepcrack,0.3797193580897744,0.550429847727145,0.5086717208432859,0.5996571988246817,0.550429847727145
deepcrack_0201,yolov8seg,deepcrack,0.648389822551873,0.7866947656205502,0.8156371796385969,0.7597359735973598,0.7866947656205503
deepcrack_0202,yolov8seg,deepcrack,0.426804777507663,0.5982665382620935,0.6300514900920581,0.5695345557122709,0.5982665382620935
deepcrack_0203,yolov8seg,deepcrack,0.1876016039882952,0.3159335645190728,0.5675409836065574,0.2188922610015174,0.3159335645190728
deepcrack_0204,yolov8seg,deepcrack,0.4395717052056043,0.610697895236588,0.8356431355565179,0.4811720698254364,0.610697895236588
deepcrack_0205,yolov8seg,deepcrack,0.2852737085582112,0.4439112177564487,0.6154699196007762,0.3471462079749804,0.4439112177564487
deepcrack_0206,yolov8seg,deepcrack,0.5250718203186211,0.6885863515711962,0.7943500592651126,0.6076771951035213,0.6885863515711962
deepcrack_0207,yolov8seg,deepcrack,0.5835193829916785,0.7369905152524994,0.7625994694960212,0.7130456349206349,0.7369905152524993
deepcrack_0208,yolov8seg,deepcrack,0.4687206462521134,0.6382706574571502,0.7042054755856618,0.583625730994152,0.6382706574571501
deepcrack_0209,yolov8seg,deepcrack,0.2435519528371407,0.3917037037037037,0.7122844827586207,0.2701266857376379,0.3917037037037036
deepcrack_0210,yolov8seg,deepcrack,0.1024440216595931,0.1858489313686446,0.247000705716302,0.1489678655032985,0.1858489313686446
deepcrack_0211,yolov8seg,deepcrack,0.3142356767575682,0.4782029316581001,0.8480756245779878,0.3329798515376458,0.4782029316581001
deepcrack_0212,yolov8seg,deepcrack,0.3471711976487877,0.5154076902099809,0.4751131221719457,0.5631704410011918,0.5154076902099809
deepcrack_0213,yolov8seg,deepcrack,0.3384546539379475,0.5057394405438538,0.5218491260349586,0.4905945945945946,0.5057394405438538
deepcrack_0214,yolov8seg,deepcrack,0.4002410053365467,0.5716744529136956,0.5843176677557175,0.5595667870036101,0.5716744529136957
deepcrack_0215,yolov8seg,deepcrack,0.2558441558441558,0.4074457083764219,0.4445128205128205,0.3760846928149948,0.4074457083764218
deepcrack_0216,yolov8seg,deepcrack,0.0,0.0,0.0,0.0,0.0
deepcrack_0217,yolov8seg,deepcrack,0.5465465465465466,0.7067961165048544,0.6498710573298948,0.7746512177819815,0.7067961165048543
deepcrack_0218,yolov8seg,deepcrack,0.5477902180318208,0.7078352242442701,0.6552015787989851,0.7696638516310648,0.7078352242442701
deepcrack_0219,yolov8seg,deepcrack,0.070409982174688,0.1315570358034971,0.1664033701948394,0.1087779690189328,0.1315570358034971
deepcrack_0220,yolov8seg,deepcrack,0.3763091368725171,0.5468381002361585,0.5138067061143984,0.5844083006169377,0.5468381002361584
deepcrack_0221,yolov8seg,deepcrack,0.4690183643810279,0.6385466318913572,0.5842659644502962,0.7039460638508824,0.6385466318913571
deepcrack_0222,yolov8seg,deepcrack,0.3474887709269089,0.5157575757575757,0.4833396440742143,0.5528367258553486,0.5157575757575756
deepcrack_0223,yolov8seg,deepcrack,0.4405218726016884,0.6116142781033564,0.5760573476702509,0.6518494484101233,0.6116142781033564
deepcrack_0224,yolov8seg,deepcrack,0.5189330793045963,0.6832862966447162,0.627230857800806,0.7503443526170799,0.6832862966447162
deepcrack_0225,yolov8seg,deepcrack,0.0366795366795366,0.0707635009310986,0.4672131147540984,0.038280725319006,0.0707635009310987
deepcrack_0226,yolov8seg,deepcrack,0.2976415094339623,0.4587422755361686,0.4980268350434096,0.4252021563342318,0.4587422755361686
deepcrack_0227,yolov8seg,deepcrack,0.3610641891891892,0.5305615885820664,0.4947916666666667,0.5719063545150501,0.5305615885820664
deepcrack_0228,yolov8seg,deepcrack,0.3578670306102554,0.5271017302031732,0.4735552115583075,0.5943014408288814,0.5271017302031733
deepcrack_0229,yolov8seg,deepcrack,0.4389995933306222,0.6101455418962838,0.577427119550682,0.6467944877171959,0.6101455418962838
deepcrack_0230,yolov8seg,deepcrack,0.6612994885394962,0.7961231470923603,0.8101647714086795,0.7825599641336023,0.7961231470923602
deepcrack_0231,yolov8seg,deepcrack,0.4464492633669922,0.6173037308308538,0.5891218872870249,0.6483173076923077,0.6173037308308538
deepcrack_0232,yolov8seg,deepcrack,0.2248928637972796,0.3672041375114085,0.3380952380952381,0.401797603195739,0.3672041375114086
deepcrack_0233,yolov8seg,deepcrack,0.6774779449922159,0.8077339520494973,0.8414437640992588,0.7766210588935157,0.8077339520494973
deepcrack_0234,yolov8seg,deepcrack,0.6954080111320943,0.8203429576432655,0.869076454878579,0.7767847229932275,0.8203429576432654
deepcrack_0235,yolov8seg,deepcrack,0.7360045031214819,0.8479292557111275,0.9248922898848948,0.782790900185044,0.8479292557111275
deepcrack_0236,yolov8seg,deepcrack,0.2827400368742022,0.4408376268712823,0.8774647887323944,0.2943625786256386,0.4408376268712822
